time,open,high,low,close,bb1 Upper,bb1 Lower,SMA 200,SMA 60,SMA 20,IT_High,IT_Low,LT_High,LT_Low,Market_Struct,BOS_Count,Volume,Volume MA,  rsi,rsi2 ,ADX,ATR,SqueezeState,MACD,Signal
2025-06-27T11:00:00+09:00,107066.5,107238.5,107000,107196,107792.5323,106655.6877,104453.0355,106950.685,107224.11,NaN,NaN,NaN,NaN,-1,1,1043.469596,2055.700361,50.65303517,55.0944562,19.53478162,0.421042607,1,-42.95404861,14.33704606
2025-06-27T12:00:00+09:00,107196,107457.7,107111.3,107407.6,107728.7611,106684.8089,104471.1975,106987.7617,107206.785,NaN,NaN,NaN,NaN,-1,1,1394.129408,2049.565893,54.2250347,55.88695521,19.32766458,0.387645339,1,-17.07224146,6.473024593
2025-06-27T13:00:00+09:00,107407.6,107525.8,107295.2,107442.6,107682.0298,106707.4102,104484.6135,107009.3033,107194.72,NaN,NaN,NaN,NaN,-1,1,1109.515842,2034.792196,54.80774411,56.01801842,19.11278018,0.329888117,1,6.19210592,-0.174168192
2025-06-27T14:00:00+09:00,107442.6,107499.9,107214.3,107214.3,107678.2664,106705.7736,104495.4705,107029.8583,107192.02,NaN,NaN,NaN,NaN,-1,1,1635.206322,1947.219836,50.30899094,54.93127716,18.95027441,0.309187842,1,6.136627591,-9.85531162
2025-06-27T15:00:00+09:00,107214.3,107345.7,107142.4,107243.6,107669.9388,106704.9612,104507.844,107059.39,107187.45,NaN,106373.1,NaN,NaN,-1,1,866.4437129,1939.425329,50.86640152,55.04553547,18.84065311,0.269258386,1,8.360550523,-14.94807476
2025-06-27T16:00:00+09:00,107243.6,107691.8,106819.3,106837,107668.7871,106661.6229,104517.901,107080.2533,107165.205,NaN,NaN,NaN,NaN,-1,1,4169.571115,2072.692047,43.5633683,53.13715298,18.55034032,0.452410299,1,-22.42766428,-19.75784307
2025-06-27T17:00:00+09:00,106837,107051.6,106640,106958.2,107669.7399,106649.4901,104528.2225,107095.8233,107159.615,NaN,NaN,NaN,NaN,-1,1,3001.046017,2116.592091,46.04984769,53.62637328,17.91375123,0.429539509,1,-36.62552301,-22.8808865
2025-06-27T18:00:00+09:00,106958.2,107094.7,106754,107036.8,107666.5239,106665.4861,104540.6755,107114.2033,107166.005,NaN,NaN,NaN,NaN,-1,1,1237.792578,1965.989169,47.66034227,53.94466877,17.00983004,0.392249972,1,-41.06173115,-21.4745619
2025-06-27T19:00:00+09:00,107036.8,107122.8,106914,106950,107642.8823,106645.8077,104552.1025,107130.58,107144.345,NaN,NaN,NaN,NaN,-1,1,1434.603903,1836.018398,46.02633186,53.53046651,16.06123504,0.326789352,1,-50.99366937,-21.16062154
2025-06-27T20:00:00+09:00,106950,107099.9,106877,106943.1,107631.8469,106625.5431,104561.608,107145.8983,107128.695,NaN,NaN,NaN,NaN,-1,1,1160.967873,1702.037716,45.89163878,53.49713318,15.13283064,0.287349823,1,-58.74440536,-22.91510562
2025-06-27T21:00:00+09:00,106943.1,107157.6,106559,106636.2,107650.413,106556.597,104569.673,107150.8733,107103.505,107691.8,NaN,NaN,NaN,-1,1,2924.716741,1773.833904,40.24963537,52.02616894,14.42482294,0.379233824,1,-88.62951868,-30.8659142
2025-06-27T22:00:00+09:00,106636.2,106942.7,106317.5,106781.7,107650.4381,106521.7719,104579.332,107158.54,107086.105,NaN,NaN,NaN,NaN,-1,1,2983.756086,1867.956513,43.77863759,52.65619099,14.01362833,0.447642582,1,-99.42692065,-42.6013616
2025-06-27T23:00:00+09:00,106781.7,107042,106350,106517.5,107648.7363,106441.8137,104588.633,107159.995,107045.275,NaN,NaN,NaN,NaN,-1,1,3164.860953,1964.103539,39.24590383,51.40483752,13.86413625,0.515721429,1,-127.8291368,-57.48644653
2025-06-28T00:00:00+09:00,106517.5,107359.4,106439.3,107251.8,107610.2434,106456.5766,104601.9515,107177.8583,107033.41,NaN,NaN,NaN,NaN,-1,1,3533.910741,2084.033389,53.61933208,54.47443522,13.70899998,0.627422926,1,-90.04820481,-68.42075267
2025-06-28T01:00:00+09:00,107251.8,107672.1,107042.8,107413.8,107534.5524,106501.7276,104615.594,107198.97,107018.14,NaN,NaN,NaN,NaN,-1,1,5992.556264,2273.416038,56.08763146,55.11300054,13.75370244,0.612939481,1,-46.49849226,-71.09528912
2025-06-28T02:00:00+09:00,107413.8,107436.8,106420,106820.2,107533.7566,106487.0334,104625.0005,107209.9383,107010.395,NaN,NaN,NaN,NaN,-1,1,3590.93122,2329.20582,46.35331993,52.36555306,13.98652555,0.728190353,1,-59.2011563,-73.60369282
2025-06-28T03:00:00+09:00,106820.2,106937,106393.4,106662,107540.67,106451.45,104634.0155,107215.1483,106996.06,NaN,106317.5,NaN,NaN,-1,1,1474.911895,2334.573759,44.15391773,51.66484374,14.39961129,0.656062698,1,-81.09867193,-78.05224179
2025-06-28T04:00:00+09:00,106662,106967.9,106550,106753.6,107541.9657,106434.4343,104644.1845,107218.5367,106988.2,NaN,NaN,NaN,NaN,-1,1,1089.983827,2341.255332,45.75874113,52.04413927,14.69070699,0.567487245,1,-90.02352125,-82.388892
2025-06-28T05:00:00+09:00,106753.6,107073.1,106738.4,107048.9,107538.4131,106479.7269,104655.878,107226.22,107009.07,NaN,NaN,NaN,NaN,-1,1,1032.460862,2314.512721,50.67932054,53.25141341,14.63564017,0.481501484,1,-72.43332033,-83.90988255
2025-06-28T06:00:00+09:00,107048.9,107226.8,106974,106994.7,107534.1899,106476.7701,104669.6015,107233.02,107005.48,107672.1,NaN,NaN,NaN,-1,1,1167.080167,2200.395756,49.78659202,53.00141208,14.2718176,0.399921393,1,-62.15001967,-80.967716
2025-06-28T07:00:00+09:00,106994.7,107145.2,106992.1,107052.4,107520.3237,106476.2763,104684.315,107232.785,106998.3,NaN,NaN,NaN,NaN,-1,1,320.2034166,2164.232447,50.78059165,53.23998284,13.92364226,0.314141918,1,-48.78219129,-75.34052385
2025-06-28T08:00:00+09:00,107052.4,107114,106901.7,106987.3,107464.3795,106490.1905,104698.9685,107230.3967,106977.285,NaN,NaN,NaN,NaN,-1,1,428.2895318,2115.940453,49.58788949,52.93052702,13.47963847,0.275700302,1,-42.94606146,-65.90907103
2025-06-28T09:00:00+09:00,106987.3,107131.4,106809.6,107006.5,107393.9163,106517.0437,104714.2005,107227.6717,106955.48,NaN,NaN,NaN,NaN,-1,1,960.0009379,2108.464708,49.96117939,53.01275428,13.01196181,0.284010354,1,-36.35255733,-59.94288798
2025-06-28T10:00:00+09:00,107006.5,107074.2,106764.4,107008.1,107368.2036,106522.1364,104726.887,107213.4,106945.17,NaN,NaN,NaN,NaN,-1,1,703.6666888,2061.887726,49.99440962,53.01973605,12.54660013,0.285841003,1,-30.64479703,-58.18136629
2025-06-28T11:00:00+09:00,107008.1,107145.1,106955.5,107056,107339.8321,106531.7479,104740.417,107204.9917,106935.79,NaN,NaN,NaN,NaN,-1,1,586.3737092,2047.884226,51.04261106,53.23211119,12.02824487,0.24950993,1,-22.00259398,-54.0481927
2025-06-28T12:00:00+09:00,107056,107300,107026.1,107246.1,107379.1906,106533.2994,104755.5975,107209.3917,106956.245,NaN,NaN,NaN,NaN,-1,1,651.8644543,1871.998893,55.06804577,54.07322664,11.50540266,0.251176407,1,0.183776998,-45.01680948
2025-06-28T13:00:00+09:00,107246.1,107262,107125.2,107137.3,107395.453,106534.947,104770.228,107210.1617,106965.2,NaN,NaN,NaN,NaN,-1,1,1066.996328,1775.296409,52.41187672,53.51094733,11.08151468,0.210183195,1,8.88496478,-34.0269777
2025-06-28T14:00:00+09:00,107137.3,107250,107128.6,107230.2,107419.5758,106530.1642,104785.016,107208.1983,106974.87,NaN,NaN,NaN,NaN,-1,1,901.724718,1758.493016,54.43293397,53.92853103,10.74758508,0.177738859,1,23.01170775,-23.42197458
2025-06-28T15:00:00+09:00,107230.2,107383.4,107230.2,107353.7,107469.0932,106521.0168,104799.042,107208.1767,106995.055,NaN,NaN,NaN,NaN,-1,1,1409.92058,1757.25885,57.04469123,54.48337261,10.58482923,0.165924872,1,43.66927893,-11.66427474
2025-06-28T16:00:00+09:00,107353.7,107443.8,107330.1,107422.2,107527.3087,106510.7113,104813.1265,107203.5367,107019.01,NaN,NaN,NaN,NaN,-1,1,537.7257516,1726.096744,58.46664999,54.79164463,10.56372301,0.145827392,1,64.82071756,0.95827069
2025-06-28T17:00:00+09:00,107422.2,107435.6,107295.1,107319,107545.4868,106560.8132,104826.508,107196.9517,107053.15,NaN,NaN,NaN,NaN,-1,1,933.7328314,1626.547548,55.48654444,54.22680904,10.57832269,0.140951116,1,72.42118124,13.77685321
2025-06-28T18:00:00+09:00,107319,107319.1,107220,107241,107558.4079,106593.8221,104839.1035,107192.4933,107076.115,NaN,NaN,NaN,106317.5,-1,1,601.2666159,1507.423075,53.27621804,53.7989006,10.58724622,0.124838652,1,71.32842565,25.74140688
2025-06-28T19:00:00+09:00,107241,107321.5,107203.9,107224.9,107523.334,106699.636,104852.289,107192.485,107111.485,NaN,NaN,NaN,NaN,-1,1,2477.604224,1473.060238,52.80860204,53.70959579,10.60751759,0.119796937,1,68.37508808,36.74361633
2025-06-28T20:00:00+09:00,107224.9,107330.6,107222.7,107325.5,107533.2466,106697.0934,104866.1205,107193.2383,107115.17,NaN,NaN,NaN,NaN,-1,1,385.1357174,1315.621487,55.44040858,54.19459948,10.65194756,0.113301527,1,73.30708754,47.33358095
2025-06-28T21:00:00+09:00,107325.5,107328.1,107243,107283.7,107511.7324,106705.5976,104881.4035,107193.5333,107108.665,107443.8,NaN,NaN,NaN,-1,1,346.7065594,1033.329002,54.09058872,53.95481701,10.71833989,0.10200458,-1,73.00130835,55.42441776
2025-06-28T22:00:00+09:00,107283.7,107310.8,107054.9,107065.8,107502.5013,106739.3887,104893.9615,107185.1833,107120.945,NaN,NaN,NaN,NaN,-1,1,660.3056319,886.7977223,47.58633758,52.71367769,10.79403584,0.147812085,-1,54.54747784,60.49803033
2025-06-28T23:00:00+09:00,107065.8,107200,107065.8,107159.3,107464.0556,106827.5644,104906.414,107173.2933,107145.81,NaN,NaN,NaN,NaN,-1,1,499.2196788,838.0131115,50.34547595,53.18539401,10.81615545,0.140200114,-1,46.9264143,63.15521994
2025-06-29T00:00:00+09:00,107159.3,107500,107147.7,107406.7,107461.0633,106895.8667,104914.7355,107166.66,107178.465,NaN,NaN,NaN,NaN,-1,1,1322.088841,849.6183622,56.82228894,54.41374426,10.86292116,0.202586655,1,60.15633415,64.98711497
2025-06-29T01:00:00+09:00,107406.7,107475.4,107195.2,107250,107466.2311,106910.8089,104921.462,107157.6633,107188.52,NaN,NaN,NaN,NaN,-1,1,870.5308632,841.5218622,52.17972097,53.50599186,11.04971027,0.222341346,1,57.3358288,64.15546066
2025-06-29T02:00:00+09:00,107250,107494.7,107244.5,107421.4,107490.2763,106929.4337,104929.077,107154.9283,107209.855,NaN,NaN,NaN,NaN,-1,1,758.5972427,821.097716,56.37800286,54.35622305,11.41421784,0.225629216,1,68.14556588,63.68039229
2025-06-29T03:00:00+09:00,107421.4,107423.7,107210.2,107282.2,107493.7351,106948.9549,104935.9755,107147.9183,107221.345,NaN,107054.9,NaN,NaN,-1,1,299.5934796,820.0672192,52.35774831,53.54444422,11.85645675,0.216950599,1,64.73387196,62.9476641
2025-06-29T04:00:00+09:00,107282.2,107293.8,107183.4,107183.4,107482.4354,106979.8646,104942.2255,107138.4067,107231.15,NaN,NaN,NaN,NaN,-1,1,303.8896499,813.8472251,49.65143507,52.97125075,12.31348496,0.179100728,1,53.44170297,61.28839909
2025-06-29T05:00:00+09:00,107183.4,107190.1,107095.8,107118.3,107472.2668,107001.2132,104948.1015,107128.98,107236.74,107500,NaN,NaN,NaN,-1,1,392.7667971,785.4855181,47.89475066,52.5925554,12.53643169,0.148817553,1,38.79237737,57.45343129
2025-06-29T06:00:00+09:00,107118.3,107310.1,107118.3,107277.6,107461.4618,107038.9682,104956.405,107129.135,107250.215,NaN,NaN,NaN,NaN,-1,1,228.5863002,761.7314986,52.33849592,53.42431652,12.68884521,0.158660543,1,39.58059945,53.74001919
2025-06-29T07:00:00+09:00,107277.6,107337.1,107223.6,107319.7,107456.6656,107070.1344,104973.614,107128.88,107263.4,NaN,NaN,NaN,NaN,-1,1,303.9178582,747.6087061,53.46795581,53.64373925,12.80092081,0.140985127,1,43.10549596,52.46868787
2025-06-29T08:00:00+09:00,107319.7,107319.7,107230,107250.6,107456.82,107070.43,104989.001,107128.3583,107263.625,NaN,NaN,NaN,NaN,-1,1,116.4749014,720.8392284,51.31836159,53.22361519,12.87632558,0.121929273,1,39.86368558,51.68394024
2025-06-29T09:00:00+09:00,107250.6,107449.1,107211.3,107424.5,107474.1584,107081.8116,105007.94,107134.2667,107277.985,NaN,NaN,NaN,NaN,-1,1,1250.142436,729.9965338,56.10155815,54.14620817,13.08814552,0.154942852,1,50.74188331,50.63789014
2025-06-29T10:00:00+09:00,107424.5,107424.6,107271.9,107272,107475.0545,107085.0955,105028.1775,107140.3167,107280.075,NaN,107095.8,NaN,NaN,-1,1,363.1705029,703.0688231,51.33784481,53.20675451,13.4939678,0.150891556,1,46.52119055,49.43626367
2025-06-29T11:00:00+09:00,107272,107300,107125,107255.1,107467.3959,107082.8941,105048.814,107138.1817,107275.145,NaN,NaN,NaN,NaN,-1,1,522.7883082,658.7122095,50.82281665,53.10252416,13.78814664,0.154997689,1,41.33607582,46.45743144
2025-06-29T12:00:00+09:00,107255.1,107255.1,107150,107168.3,107447.5821,107077.3179,105068.278,107136.7183,107262.45,NaN,NaN,NaN,NaN,-1,1,255.8191309,644.6168785,48.15094345,52.56265001,14.09045749,0.1361055,1,29.87838108,42.58459912
2025-06-29T13:00:00+09:00,107168.3,107227.3,107168.3,107224.8,107441.6669,107073.8131,105086.123,107138.1317,107257.74,NaN,NaN,NaN,NaN,-1,1,170.8151981,606.4709968,49.99381163,52.88096517,14.25789291,0.109030716,1,25.06818285,39.43198577
2025-06-29T14:00:00+09:00,107224.8,107274.5,107170.1,107265.7,107442.7673,107075.1827,105105.0755,107140.3983,107258.975,107449.1,NaN,NaN,NaN,-1,1,302.9577954,591.5555558,51.34205025,53.11346079,14.36146179,0.105102232,1,24.27650979,37.8191116
2025-06-29T15:00:00+09:00,107265.7,107341,107265.7,107328.6,107449.6577,107078.6623,105126.3985,107140.3067,107264.16,NaN,NaN,NaN,NaN,-1,1,484.8116576,491.9159275,53.42192218,53.47387134,14.53504599,0.093413216,1,28.39726156,36.5765185
2025-06-29T16:00:00+09:00,107328.6,107349.1,107262.1,107349.1,107452.6746,107078.0054,105146.908,107137.9733,107265.34,NaN,NaN,NaN,NaN,-1,1,1971.197118,571.2189975,54.1103922,53.59255611,14.5926148,0.08927825,1,32.93748289,35.44673927
2025-06-29T17:00:00+09:00,107349.1,107674.2,107349,107641.5,107532.3202,107034.1398,105169.073,107136.6783,107283.23,NaN,NaN,NaN,NaN,1,1,2696.231335,688.6952363,62.60152374,55.25453491,14.94235851,0.160061809,1,59.44463655,37.62240049
2025-06-29T18:00:00+09:00,107641.5,107941.4,107574,107844.4,107653.0843,106991.2357,105190.959,107151.1667,107322.16,NaN,NaN,NaN,NaN,1,1,3008.485765,806.104243,67.14457534,56.36158264,16.06041623,0.220065781,-1,95.72067277,42.62004376
2025-06-29T19:00:00+09:00,107844.4,108254,107806,108110,107837.9965,106901.3935,105214.251,107170.5217,107369.695,NaN,NaN,NaN,NaN,1,1,6099.407324,1086.113625,71.94835239,57.75814759,17.98886686,0.284481005,-1,144.2386992,53.47754472
2025-06-29T20:00:00+09:00,108110,108450.1,108045.7,108440,108082.7721,106759.9479,105239.2725,107196.0083,107421.36,NaN,NaN,NaN,NaN,1,1,2843.549549,1162.186661,76.53828285,59.40591393,20.70302856,0.313385229,-1,206.9324384,71.87714056
2025-06-29T21:00:00+09:00,108440,108480,107993.5,108153.5,108194.9825,106738.0875,105263.375,107221.375,107466.535,NaN,NaN,NaN,NaN,1,1,2975.275672,1267.423901,66.38283872,57.42079115,23.93047011,0.359418137,-1,230.8385596,94.20604928
2025-06-29T22:00:00+09:00,108153.5,108187.9,107985.3,108030,108265.0945,106728.8355,105286.6955,107237.4333,107496.965,NaN,NaN,NaN,NaN,1,1,4292.617346,1444.124906,62.53121303,56.58867417,27.479785,0.302399516,-1,237.0859359,117.7635774
2025-06-29T23:00:00+09:00,108030,108185.5,107727.4,107908.7,108309.813,106746.767,105308.648,107249.3117,107528.29,NaN,NaN,NaN,NaN,1,1,2078.258228,1533.058144,58.91548122,55.77821984,30.84837225,0.343334811,-1,229.6024166,140.577567
2025-06-30T00:00:00+09:00,107908.7,107983.1,107601,107700.8,108322.446,106785.874,105330.103,107254.1983,107554.16,NaN,NaN,NaN,NaN,1,1,1497.441435,1592.735733,53.2339379,54.41469283,33.47733838,0.347591433,-1,204.5380934,160.1487706
2025-06-30T01:00:00+09:00,107700.8,107741.5,107260,107510.1,108316.1257,106831.3743,105348.8015,107255.3233,107573.75,NaN,NaN,NaN,NaN,1,1,2673.308478,1706.762817,48.60385763,53.19700129,35.09405685,0.381426957,-1,167.357349,175.0843113
2025-06-30T02:00:00+09:00,107510.1,107547.2,107271.1,107486,108315.3926,106852.9474,105367.243,107259.8517,107584.17,108480,NaN,NaN,NaN,1,1,1447.970655,1767.732035,48.03525216,53.04386523,35.67862456,0.339965206,-1,134.3974228,183.4123986
2025-06-30T03:00:00+09:00,107486,107660,107401.6,107581.7,108318.3888,106876.1512,105386.2385,107265.4867,107597.27,NaN,NaN,NaN,NaN,1,1,990.456066,1802.058945,50.51112021,53.58548421,35.21108797,0.306505042,-1,114.6767123,185.5186252
2025-06-30T04:00:00+09:00,107581.7,107581.8,107316.4,107356.9,108314.9184,106890.2516,105403.897,107274.1517,107602.585,NaN,NaN,NaN,NaN,1,1,797.8702991,1836.128715,45.07796595,52.14324015,33.92167772,0.287168833,-1,79.9863925,178.37948
2025-06-30T05:00:00+09:00,107356.9,107437.6,107316,107316,108316.4545,106877.8655,105421.745,107280.115,107597.16,NaN,NaN,NaN,NaN,1,1,409.6983482,1794.106511,44.14753703,51.88387843,31.90221721,0.229288926,-1,48.63316313,160.7906717
2025-06-30T06:00:00+09:00,107316,107695.6,107203.8,107505.4,108314.0803,106903.5797,105441.675,107287.925,107608.83,NaN,NaN,NaN,NaN,1,1,1257.538344,1838.824903,49.36011919,52.98927054,29.82806552,0.305078445,-1,38.62327501,139.4334178
2025-06-30T07:00:00+09:00,107505.4,108224.9,107505.4,108025.5,108355.2628,106939.4372,105464.2405,107305.85,107647.35,NaN,NaN,NaN,NaN,1,1,2913.811694,1958.376072,60.31343595,55.83359737,28.22489226,0.42442189,-1,71.83007748,121.0716558
2025-06-30T08:00:00+09:00,108025.5,108388,107958.3,108297.6,108429.8003,106977.8297,105488.136,107328.425,107703.815,NaN,NaN,NaN,NaN,1,1,1799.870432,2035.578637,64.62447748,57.21607978,27.30341202,0.414496024,-1,118.7342096,108.7529661
2025-06-30T09:00:00+09:00,108297.6,108738.4,108187.6,108654.7,108576.2806,106974.3394,105514.1915,107362.0667,107775.31,NaN,NaN,NaN,NaN,1,2,5648.682082,2309.471981,69.33273064,58.93804114,27.12826673,0.444398169,-1,182.6159745,106.3171751
2025-06-30T10:00:00+09:00,108654.7,108707.2,108354.1,108449.3,108650.8581,107018.1219,105540.718,107389.86,107834.49,NaN,NaN,NaN,NaN,1,2,2520.80231,2420.364207,64.05210228,57.57734886,27.69640295,0.405356541,-1,214.1995114,111.5218599
2025-06-30T11:00:00+09:00,108449.3,108600,108389.9,108426.4,108709.9235,107068.8365,105569.7865,107421.675,107889.38,NaN,107203.8,NaN,NaN,1,2,976.6176516,2444.954507,63.4716761,57.42645689,28.90623484,0.334885435,-1,234.6766471,122.6639959
2025-06-30T12:00:00+09:00,108426.4,108526.6,108389.9,108452.5,108760.7345,107128.3655,105601.003,107441.6867,107944.55,NaN,NaN,NaN,NaN,1,2,801.7644948,2386.482875,63.87349399,57.55587406,30.69898771,0.265218549,-1,250.1276605,137.7141012
2025-06-30T13:00:00+09:00,108452.5,108487.8,108248.5,108256.2,108789.8007,107160.7693,105628.5925,107455.7267,107975.285,NaN,NaN,NaN,NaN,1,2,769.7906551,2290.160841,58.64811206,56.24320033,32.65692832,0.25081621,-1,243.7234384,155.9071063
2025-06-30T14:00:00+09:00,108256.2,108323.8,108107,108234.8,108814.5337,107175.0763,105662.793,107479.3033,107994.805,108738.4,NaN,NaN,NaN,1,2,1049.11899,2192.192503,58.09018391,56.10080867,34.23102817,0.234012288,-1,234.2212879,176.5280091
2025-06-30T15:00:00+09:00,108234.8,108249.9,107473.4,107525.4,108808.1614,107122.9886,105691.7415,107493.6933,107965.575,NaN,NaN,NaN,NaN,1,2,3174.184838,2045.931378,43.36335584,51.67373583,35.24422621,0.397755775,-1,167.5170812,190.8495431
2025-06-30T16:00:00+09:00,107525.4,107704.8,107448.7,107568.4,108751.9882,107092.0018,105719.245,107507.2733,107921.995,NaN,NaN,NaN,NaN,1,2,2114.213424,2009.464572,44.28537017,51.9085625,35.63670892,0.344424873,-1,116.7771235,195.8436593
2025-06-30T17:00:00+09:00,107568.4,107695.8,107407.1,107460.7,108733.4807,107041.2293,105742.495,107514.1367,107887.355,NaN,NaN,NaN,NaN,1,2,1242.412342,1922.821406,42.42255852,51.27155756,35.4932878,0.319398829,-1,67.10134897,190.1066748
2025-06-30T18:00:00+09:00,107460.7,107663.7,107421.1,107441.2,108722.9024,106992.9276,105767.9015,107521.5783,107857.915,NaN,NaN,NaN,NaN,1,2,1213.369589,1768.859018,42.07744528,51.15552761,34.86268137,0.288237173,-1,25.86133929,172.6894931
2025-06-30T19:00:00+09:00,107441.2,107598.5,107338.3,107598.3,108714.2917,106970.4983,105794.3025,107530.6767,107842.395,NaN,NaN,NaN,NaN,1,2,1626.371561,1746.264684,45.89617557,52.04800394,33.85292823,0.272486014,-1,5.788268016,149.5326883
2025-06-30T20:00:00+09:00,107598.3,107915.8,107576.8,107606.1,108713.6003,106961.7197,105820.618,107540.99,107837.66,NaN,NaN,NaN,NaN,1,2,2443.647788,1793.575002,46.08622829,52.09237086,32.40837303,0.286656809,-1,-9.382238176,122.4150344
2025-06-30T21:00:00+09:00,107606.1,107777.7,107500,107521.5,108713.3314,106963.1286,105845.6705,107549.5733,107838.23,NaN,NaN,NaN,NaN,1,2,997.8993921,1709.804548,44.26981657,51.56413139,30.79874815,0.277346213,-1,-27.90976025,91.52198765
2025-06-30T22:00:00+09:00,107521.5,107825.2,107441.1,107476.2,108713.6404,106961.8396,105869.0125,107557.375,107837.74,NaN,NaN,NaN,NaN,1,2,1962.469727,1735.529501,43.28602443,51.27989054,29.23192272,0.304102557,-1,-45.7212404,59.36146779
2025-06-30T23:00:00+09:00,107476.2,107608.9,106702.8,106769.6,108784.9,106809.37,105889.364,107552.6017,107797.135,NaN,NaN,NaN,NaN,-1,1,9954.505912,2183.731994,31.5197592,47.14201695,28.13370077,0.486960004,-1,-115.5220156,20.50110074
2025-07-01T00:00:00+09:00,106769.6,107744.7,106691.7,107525.6,108780.9571,106830.1829,105915.004,107557.26,107805.57,NaN,NaN,NaN,NaN,-1,1,6807.635185,2484.220238,47.85244852,51.42318405,27.30160713,0.648791387,-1,-108.58505,-10.17691385
2025-07-01T01:00:00+09:00,107525.6,107763.3,107217.7,107547.3,108774.3444,106859.9256,105939.376,107564.0933,107817.135,NaN,NaN,NaN,NaN,-1,1,2430.182956,2585.244468,48.2340929,51.53819626,26.69305697,0.601544209,-1,-100.1816149,-34.28344034
2025-07-01T02:00:00+09:00,107547.3,107739.8,107371.2,107414.7,108776.5101,106848.6899,105965.6855,107567.1683,107812.6,NaN,NaN,NaN,NaN,-1,1,1109.422034,2577.838653,46.01783835,50.78810255,26.22397912,0.515909868,-1,-103.033834,-53.18734956
2025-07-01T03:00:00+09:00,107414.7,107564,107056.8,107196.6,108765.6789,106776.6311,105989.485,107564.55,107771.155,NaN,NaN,NaN,NaN,-1,1,1381.801753,2501.238156,42.55440474,49.57658448,26.34911849,0.50235613,-1,-121.4925944,-69.56000886
2025-07-01T04:00:00+09:00,107196.6,107745,107166,107688.6,108705.7455,106775.6645,106014.528,107568.99,107740.705,NaN,NaN,NaN,NaN,-1,1,1012.177027,2461.853486,51.43424095,52.20225138,26.78035101,0.512594457,-1,-95.32219196,-80.79450442
2025-07-01T05:00:00+09:00,107688.6,107718.5,107434.4,107531.6,108556.5347,106812.5653,106038.649,107572.5333,107684.55,NaN,106691.7,108738.4,NaN,-1,1,762.5094216,2217.544853,48.83981395,51.33152653,27.43646118,0.430295711,-1,-86.25623913,-89.33606008
2025-07-01T06:00:00+09:00,107531.6,107545.1,106877,107077.1,108451.6185,106780.2615,106069.926,107569.8017,107615.94,NaN,NaN,NaN,NaN,-1,1,1282.588681,2155.634171,42.20310935,48.92013129,28.11508028,0.496062409,-1,-114.4267178,-98.94905536
2025-07-01T07:00:00+09:00,107077.1,107261.2,106966,107056.9,108328.9631,106765.9669,106107.2235,107567.0017,107547.465,NaN,NaN,NaN,NaN,-1,1,964.0124984,2155.003913,41.93039399,48.8160867,28.94565409,0.422684412,-1,-136.8049935,-109.0694724
2025-07-01T08:00:00+09:00,107056.9,107184.6,107017.1,107105.9,108164.0826,106796.1874,106148.4655,107563.3417,107480.135,NaN,NaN,NaN,NaN,-1,1,683.7175973,2149.101569,42.89438581,49.08424032,29.93275988,0.333789784,-1,-148.8699674,-112.7748004
2025-07-01T09:00:00+09:00,107105.9,107406.8,106980,107326.6,108019.6601,106847.6499,106187.0375,107564.0567,107433.655,NaN,NaN,NaN,NaN,-1,1,1321.128304,2176.668451,47.1499832,50.28187947,30.80195972,0.354623832,1,-139.0203604,-116.1565015
2025-07-01T10:00:00+09:00,107326.6,107479.9,107124.3,107172,107846.8116,106914.2184,106225.777,107565.8267,107380.515,NaN,NaN,NaN,NaN,-1,1,995.7852868,2174.001766,44.64039975,49.45010992,31.32216097,0.347357955,1,-142.0519178,-120.8087574
2025-07-01T11:00:00+09:00,107172,107363.5,107052.6,107062,107838.3618,106876.3282,106264.165,107564.205,107357.345,NaN,106877,NaN,NaN,-1,1,819.1149172,2056.24827,42.8911351,48.86301301,31.76869446,0.328607391,1,-151.5831731,-126.2031284
2025-07-01T12:00:00+09:00,107062,107179,107035,107160,107815.0352,106858.8148,106305.7915,107560.0933,107336.925,NaN,NaN,NaN,NaN,-1,1,1105.717604,2005.823479,44.96042156,49.40927586,32.16073159,0.263664082,1,-149.5055734,-129.3156816
2025-07-01T13:00:00+09:00,107160,107170.3,106834.2,106842.5,107826.2023,106785.8277,106342.525,107553.3017,107306.015,NaN,NaN,NaN,NaN,-1,2,1632.362497,2025.320987,39.91440074,47.72323198,32.37351094,0.281156799,1,-171.5016925,-137.7800706
2025-07-01T14:00:00+09:00,106842.5,106919.3,106703,106902.2,107823.719,106734.411,106381.3805,107544.6483,107279.065,NaN,NaN,NaN,NaN,-1,2,2154.750461,2072.39003,41.24959607,48.06342013,32.49888318,0.254778014,1,-182.0182907,-148.4202985
2025-07-01T15:00:00+09:00,106902.2,106902.2,106720.1,106844.9,107796.6332,106686.1568,106411.105,107537.36,107241.395,NaN,NaN,NaN,NaN,-1,2,1118.603249,2047.001615,40.32341336,47.75891123,32.54479442,0.226754421,1,-192.7544484,-157.1233797
2025-07-01T16:00:00+09:00,106844.9,107142.9,106558.3,107136.5,107748.6531,106687.1769,106442.281,107536.5783,107217.915,NaN,NaN,NaN,NaN,-1,2,3173.139834,2083.476217,46.8622128,49.4235552,32.45228031,0.332644514,1,-175.7077976,-161.4459135
2025-07-01T17:00:00+09:00,107136.5,107136.6,106638.6,106670,107737.5159,106613.1641,106471.3955,107529.1067,107175.34,NaN,NaN,NaN,NaN,-1,2,1620.240343,2114.593264,39.4206142,46.9788286,32.31238373,0.378352983,1,-197.5634667,-166.8563023
2025-07-01T18:00:00+09:00,106670,106755.6,106462.9,106525,107738.9093,106516.6507,106498.791,107516.5633,107127.78,NaN,NaN,NaN,NaN,-1,2,3119.611914,2172.450374,37.43096935,46.25287931,32.22477167,0.344169054,1,-224.0023702,-176.2987478
2025-07-01T19:00:00+09:00,106525,106594.1,106230.3,106449.7,107774.1713,106449.3987,106524.811,107502.0633,107111.785,NaN,NaN,NaN,NaN,-1,2,3271.111102,1838.280633,36.40341234,45.87705793,32.32472767,0.343527559,-1,-248.1707148,-188.0897253
2025-07-01T20:00:00+09:00,106449.7,106583.9,106267.5,106555.6,107739.2779,106387.2921,106552.1445,107490.48,107063.285,NaN,NaN,NaN,NaN,-1,2,1764.349424,1586.116345,38.94206134,46.50114193,32.46133666,0.327768824,-1,-255.8300081,-199.6727069
2025-07-01T21:00:00+09:00,106555.6,106662.2,106311.4,106375.3,107705.4282,106303.9418,106578.483,107472.9933,107004.685,NaN,NaN,NaN,NaN,-1,2,1764.121877,1552.813291,36.28626048,45.58752885,32.43663402,0.328808184,-1,-273.2983431,-213.4274591
2025-07-01T22:00:00+09:00,106375.3,106831.1,106236,106760.2,107653.9347,106289.9853,106603.754,107464.4633,106971.96,NaN,NaN,NaN,NaN,-1,2,4307.374208,1712.7109,44.92186362,47.8215974,32.03429836,0.404220981,-1,-253.1655761,-222.501224
2025-07-01T23:00:00+09:00,106760.2,107131.3,105650.8,105873.1,107729.7868,106081.7832,106623.716,107441.43,106905.785,NaN,NaN,NaN,NaN,-1,2,11395.61819,2213.401722,33.61383312,43.60896702,31.99428302,0.737862673,-1,-305.2727748,-236.1961666
2025-07-02T00:00:00+09:00,105873.1,106161.2,105578.3,105910,107667.2094,105966.5006,106643.9585,107420.4583,106816.855,NaN,NaN,NaN,NaN,-1,2,5151.364016,2420.361071,34.35407803,43.81911561,32.31649777,0.675194716,-1,-339.6750214,-252.5206747
2025-07-02T01:00:00+09:00,105910,106236,105800.1,106036,107590.9031,105893.2469,106665.062,107400.645,106742.075,NaN,NaN,NaN,NaN,-1,2,1725.840598,2468.52763,36.93980123,44.53955721,32.73110629,0.586623866,-1,-352.7061261,-272.1871557
2025-07-02T02:00:00+09:00,106036,106235.5,105862.3,106194.5,107564.1082,105831.7818,106688.455,107382.7917,106697.945,NaN,NaN,NaN,NaN,-1,2,1309.165511,2469.856472,40.1342513,45.43804809,33.07719815,0.507642412,-1,-346.2523633,-288.7081442
2025-07-02T03:00:00+09:00,106194.5,106217.2,105640.2,105691.8,107582.7375,105676.6425,106709.8445,107355.5117,106629.69,NaN,NaN,NaN,NaN,-1,2,1918.272995,2517.569497,34.2143628,43.17349746,33.48144673,0.522013579,-1,-377.3515251,-305.7469392
2025-07-02T04:00:00+09:00,105691.8,105762.2,105338.9,105352.2,107618.3812,105465.6288,106730.352,107322.23,106542.005,107131.3,NaN,NaN,NaN,-1,2,3846.630849,2675.715159,30.89861939,41.73894169,34.18288791,0.483062558,-1,-424.5072613,-325.3398888
2025-07-02T05:00:00+09:00,105352.2,105937.8,105200,105859.9,107520.8151,105416.5249,106751.378,107292.5367,106468.67,NaN,NaN,NaN,NaN,-1,2,2784.725508,2748.895019,40.22505711,44.55077771,35.1645528,0.55281684,-1,-416.1146641,-343.149295
2025-07-02T06:00:00+09:00,105859.9,106048,105688.8,105737.9,107443.0593,105350.8707,106768.543,107257.4283,106396.965,NaN,NaN,NaN,NaN,-1,2,1158.987523,2757.055131,38.86751534,44.02950744,35.89388201,0.482205752,-1,-414.5294138,-358.8416362
2025-07-02T07:00:00+09:00,105737.9,105864.9,105557.1,105578.3,107380.0821,105265.4779,106788.5315,107215.2333,106322.78,NaN,NaN,NaN,NaN,-1,2,902.112341,2761.205002,37.10339612,43.35210653,36.43698013,0.419135521,-1,-421.2950505,-377.5226889
2025-07-02T08:00:00+09:00,105578.3,105656.3,105308.1,105642.6,107270.24,105223.58,106809.875,107168.61,106246.91,NaN,NaN,NaN,NaN,-1,2,1240.788259,2767.958535,38.31807599,43.70829453,37.02762155,0.389120902,-1,-416.6653351,-389.8996401
2025-07-02T09:00:00+09:00,105642.6,105737.9,105331.4,105348.9,107228.2767,105116.1833,106833.3945,107121.8667,106172.23,NaN,NaN,NaN,NaN,-1,2,1323.499322,2752.515376,34.99375576,42.46332888,37.5621277,0.388757382,-1,-431.7188022,-400.1267268
2025-07-02T10:00:00+09:00,105348.9,105746.8,105050,105672.7,107132.2504,105089.2596,106849.6065,107082.5783,106110.755,NaN,NaN,NaN,NaN,-1,2,2850.278058,2787.291756,41.06439577,44.2504844,38.05767922,0.478175616,-1,-412.7627572,-406.7996858
2025-07-02T11:00:00+09:00,105672.7,105879.4,105497.6,105860.6,107030.2949,105092.7851,106864.5355,107048.4433,106061.54,NaN,NaN,NaN,NaN,-1,2,1117.095979,2787.216393,44.3142091,45.25775236,38.23716185,0.438438905,-1,-378.2181322,-410.3514379
2025-07-02T12:00:00+09:00,105860.6,106160,105823.6,106124.8,106846.385,105175.525,106879.629,107022.1767,106010.955,NaN,NaN,NaN,NaN,-1,2,1665.674268,2711.843114,48.60550074,46.64153577,38.06755523,0.397226697,-1,-325.7672934,-404.6198566
2025-07-02T13:00:00+09:00,106124.8,106329,106066.5,106329,106787.7204,105200.0896,106892.8715,107002.4917,105993.905,NaN,NaN,NaN,NaN,-1,2,1854.036363,2723.532916,51.70340345,47.68493386,37.56460973,0.346600982,-1,-264.6714249,-386.8603193
2025-07-02T14:00:00+09:00,106329,106612,106240.1,106578.5,106797.8616,105195.2984,106907.576,106987.3667,105996.58,NaN,NaN,NaN,NaN,-1,2,2639.632419,2699.533941,55.25251206,48.93053132,36.77857931,0.346841285,-1,-193.884959,-362.1681298
2025-07-02T15:00:00+09:00,106578.5,106949,106574.5,106948.9,106904.6477,105138.4323,106914.843,106976.82,106021.54,NaN,105050,NaN,NaN,-1,2,3364.35939,2704.196355,59.95702057,50.70910914,35.80306149,0.347149114,-1,-106.6683836,-327.9613487
2025-07-02T16:00:00+09:00,106948.9,107122.8,106766.4,107010.7,107001.6098,105086.9802,106923.5035,106971.05,106044.295,NaN,NaN,NaN,NaN,-1,2,3149.686945,2773.463231,60.69943528,50.99976696,34.838209,0.342316023,-1,-32.19080025,-284.7275431
2025-07-02T17:00:00+09:00,107010.7,107695,107010.7,107677.7,107297.3454,104921.4846,106936.4905,106977.0783,106109.415,NaN,NaN,NaN,NaN,1,1,6918.337951,3031.174035,67.66709528,53.98906108,33.96193464,0.438632928,-1,79.73540667,-229.5719051
2025-07-02T18:00:00+09:00,107677.7,107737.7,107449.7,107569.2,107471.2749,104828.4551,106947.431,106978.1417,106149.865,NaN,NaN,NaN,NaN,1,1,5701.292126,3100.869931,65.62878128,53.44761208,33.33461749,0.381961781,-1,157.8629431,-164.0628223
2025-07-02T19:00:00+09:00,107569.2,107780.7,107557,107780.6,107737.3117,104753.1683,106962.751,106974.06,106245.24,NaN,NaN,NaN,NaN,1,1,2672.714789,2664.724761,67.67207726,54.3580412,33.23029087,0.323325492,-1,234.1387856,-92.18487312
2025-07-02T20:00:00+09:00,107780.6,107780.7,107282,107440,107892.0528,104751.4272,106975.5505,106959.7667,106321.74,NaN,NaN,NaN,NaN,1,1,3509.696979,2582.641409,61.34451496,52.66404325,33.4844719,0.370955668,-1,264.0604425,-20.82058704
2025-07-02T21:00:00+09:00,107440,107472.2,107138.1,107341.5,108011.9739,104762.0561,106988.337,106937.88,106387.015,NaN,NaN,NaN,NaN,1,1,3881.135922,2690.406175,59.60866343,52.18394248,33.84655194,0.351280583,-1,276.6365504,46.11317338
2025-07-02T22:00:00+09:00,107341.5,107966.1,107236.6,107721.1,108185.4747,104741.2153,107000.2125,106925.7433,106463.345,NaN,NaN,NaN,NaN,1,1,6249.942413,2937.44502,63.85364672,53.83946043,34.33323697,0.459099066,-1,313.6185546,110.3676155
2025-07-02T23:00:00+09:00,107721.1,108111.9,107586.6,108083.4,108403.4723,104762.3777,107012.5175,106920.0267,106582.925,NaN,NaN,NaN,NaN,1,1,7565.89599,3219.82617,67.3776025,55.34578835,34.90217885,0.467044624,-1,367.9204832,172.7904425
2025-07-03T00:00:00+09:00,108083.4,108710,108060.5,108693.5,108696.9667,104803.0133,107031.4835,106924.0433,106749.99,NaN,NaN,NaN,NaN,1,1,8805.211332,3467.755194,72.27873438,57.71768076,35.50663548,0.508799336,-1,454.940849,235.1914683
2025-07-03T01:00:00+09:00,108693.5,109600,108600.1,109349.9,109129.5686,104719.4114,107053.483,106942.2717,106924.49,NaN,NaN,NaN,NaN,1,1,14649.31454,4060.984646,76.38881652,60.04839577,36.2888539,0.641964804,-1,570.2970804,302.1345662
2025-07-03T02:00:00+09:00,109349.9,109666,108788,109080.7,109415.1785,104768.0815,107073.0985,106956.37,107091.63,NaN,NaN,NaN,NaN,1,1,8011.404549,4403.605497,71.69407304,58.69387862,37.22794282,0.697335625,-1,632.7021383,363.5753141
2025-07-03T03:00:00+09:00,109080.7,109486,108941.4,109485.7,109723.0789,104850.9211,107094.365,106989.0417,107287,NaN,NaN,NaN,NaN,1,1,2618.242826,4489.412021,74.25737391,60.07694084,38.57042188,0.628976253,-1,706.6924015,424.5563651
2025-07-03T04:00:00+09:00,109485.7,109634.6,109230,109609,109998.2234,104972.4166,107116.747,107023.0517,107485.32,NaN,NaN,NaN,NaN,1,1,1963.589375,4525.552077,74.99964263,60.48810763,40.42533171,0.541889233,-1,766.4444036,483.7014337
2025-07-03T05:00:00+09:00,109609,109617.2,109088.1,109090,110075.8864,105268.8636,107136.4385,107050.2067,107672.375,NaN,NaN,NaN,NaN,1,1,3534.721033,4636.113162,66.32989275,57.92470305,42.39882296,0.524648987,-1,763.1225318,539.152777
2025-07-03T06:00:00+09:00,109090,109494.1,109089.2,109394.1,110189.0042,105527.8858,107158.347,107082.755,107858.445,NaN,NaN,NaN,105050,1,1,1569.274096,4572.062964,68.61891039,58.96487894,44.42756575,0.472170242,-1,776.082062,594.6467227
2025-07-03T07:00:00+09:00,109394.1,109459.8,109059.1,109102.1,110219.9498,105821.0902,107176.584,107107.8183,108020.52,109666,NaN,NaN,NaN,1,1,2236.44806,4628.030568,64.11184335,57.56981002,46.30308753,0.438046189,-1,754.0978528,643.588867
2025-07-03T08:00:00+09:00,109102.1,109132.3,108677,108806.7,110196.7782,106112.4518,107194.7025,107127.8283,108154.615,NaN,NaN,NaN,NaN,1,1,2804.392691,4684.966489,59.83045311,56.19673021,47.52183639,0.432306461,-1,704.7153772,681.0105219
2025-07-03T09:00:00+09:00,108806.7,109069.7,108669.5,108895.5,110166.4923,106399.3877,107208.4295,107150.7283,108282.94,NaN,NaN,NaN,NaN,1,1,4070.100951,4795.769719,60.68049773,56.51500172,48.12783887,0.410472054,-1,665.0782196,704.3591186
2025-07-03T10:00:00+09:00,108895.5,109083.1,108775.7,108950.5,110133.4781,106669.6019,107223.277,107175.3,108401.54,NaN,NaN,NaN,NaN,1,1,1560.646385,4741.820417,61.22776569,56.71386044,48.18359244,0.367558721,-1,630.831692,711.0851865
2025-07-03T11:00:00+09:00,108950.5,108950.5,108492,108680.1,110089.0765,106887.1235,107239.319,107207.1417,108488.1,NaN,NaN,NaN,NaN,1,1,2349.83046,4691.093971,57.02544333,55.44141738,47.46170278,0.386275601,-1,575.2410313,704.7006191
2025-07-03T12:00:00+09:00,108680.1,108782.9,108590,108600.8,110018.0669,107117.1431,107254.397,107225.0617,108567.605,NaN,NaN,NaN,NaN,1,1,1037.178157,4585.468531,55.81554929,55.07150621,46.16174378,0.316912772,-1,518.8057157,683.8243207
2025-07-03T13:00:00+09:00,108600.8,108950.6,108525,108744.6,110013.9095,107227.9905,107268,107245.0167,108620.95,NaN,NaN,NaN,NaN,1,1,1629.377913,4321.020529,57.57342056,55.61964986,44.44998824,0.341454384,-1,480.1489218,652.0137116
2025-07-03T14:00:00+09:00,108744.6,109321.9,108744.5,109296.4,110041.6693,107372.9507,107284.812,107276.3783,108707.31,NaN,NaN,NaN,NaN,1,1,4097.880037,4240.849925,63.56384558,57.64390875,42.59823013,0.40258307,-1,488.4087109,621.4899537
2025-07-03T15:00:00+09:00,109296.4,109500,109201.1,109420,110086.7644,107491.7956,107302.075,107313.435,108789.28,NaN,NaN,NaN,NaN,1,1,3328.725131,4273.650442,64.76397474,58.08110534,41.05710019,0.359141414,-1,499.1739735,590.7223883
2025-07-03T16:00:00+09:00,109420,109420.1,109092,109227.6,110030.1044,107727.2156,107318.093,107339.085,108878.66,NaN,108492,NaN,NaN,1,1,1827.970875,4189.564137,61.37507463,57.14382047,39.69413781,0.33997667,-1,486.5715556,560.9972442
2025-07-03T17:00:00+09:00,109227.6,109530.1,109227.6,109318.4,109901.001,108054.009,107332.9965,107368.865,108977.505,NaN,NaN,NaN,NaN,1,1,1605.651798,4075.789931,62.3756723,57.47443539,38.54133764,0.318701065,-1,478.3961962,535.8506685
2025-07-03T18:00:00+09:00,109318.4,110250,109315.9,109896.2,109897.8163,108274.7037,107350.869,107415.85,109086.26,NaN,NaN,NaN,NaN,1,2,9593.142453,4242.949933,68.04805478,59.50384323,38.08999597,0.494678254,-1,512.6314993,518.912144
2025-07-03T19:00:00+09:00,109896.2,109965,109576.3,109799.8,109899.9849,108444.1751,107367.717,107461.565,109172.08,NaN,NaN,NaN,NaN,1,2,2552.500446,3992.280155,66.25336705,59.02410646,38.27634385,0.448077685,1,525.9220473,507.2555168
2025-07-03T20:00:00+09:00,109799.8,109800,109540.2,109563,109927.6233,108503.4867,107384.632,107502.5167,109215.555,NaN,NaN,NaN,NaN,1,2,1471.899051,3625.614541,61.93240483,57.85446072,38.88970936,0.378405363,-1,511.4514277,500.1677831
2025-07-03T21:00:00+09:00,109563,109892.3,108720.3,109120.1,109914.5055,108493.6245,107399.497,107532.4083,109204.065,NaN,NaN,NaN,NaN,1,2,9677.047142,3377.001171,54.74129023,55.74528908,39.03737743,0.611309476,1,458.9544872,493.5176466
2025-07-03T22:00:00+09:00,109120.1,110466,109081.4,110213.6,110092.9837,108428.4363,107419.7545,107583.1017,109260.71,NaN,NaN,NaN,NaN,1,2,8027.044816,3377.783185,65.41778822,59.46942708,38.93484545,0.822258785,-1,499.8249243,495.7038691
2025-07-03T23:00:00+09:00,110213.6,110429,109510,109666.1,110115.3648,108424.0952,107436.338,107626.5033,109269.73,NaN,NaN,NaN,NaN,1,2,7447.546881,3619.248387,58.03581054,57.01702872,38.71551728,0.830241985,-1,482.4746978,495.0445343
2025-07-04T00:00:00+09:00,109666.1,109782.9,109050,109086.8,110077.912,108409.328,107449.0205,107658.6167,109243.62,NaN,NaN,NaN,NaN,1,2,5031.445294,3772.641183,51.42364367,54.58566401,38.06829812,0.780384064,-1,417.1709626,485.9330887
2025-07-04T01:00:00+09:00,109086.8,109626.7,108968.8,109234.8,110082.2018,108419.5182,107462.255,107698.4883,109250.86,NaN,NaN,NaN,NaN,1,2,5148.07309,3853.308786,52.90006704,55.08517867,36.7462841,0.720311356,-1,373.0592502,473.3206103
2025-07-04T02:00:00+09:00,109234.8,109614,109216.3,109489.5,110091.2881,108419.9719,107476.769,107741.61,109255.63,NaN,108720.3,NaN,NaN,1,2,1300.175503,3839.853857,55.41171439,55.9366208,34.81082019,0.600167547,-1,354.565353,459.5616277
2025-07-04T03:00:00+09:00,109489.5,109680,109292.3,109631,110130.0097,108434.1403,107489.5915,107788.045,109282.075,110466,NaN,NaN,NaN,1,2,1373.58965,3796.710936,56.79029404,56.4053062,32.38375819,0.51747556,-1,347.3229509,441.1940112
2025-07-04T04:00:00+09:00,109631,109875,109584.6,109738,110169.2929,108487.9871,107502.6285,107831.4033,109328.64,NaN,NaN,NaN,NaN,1,2,2498.370764,3781.40984,57.85151323,56.76033868,30.27670873,0.432857431,-1,346.2262205,421.2278082
2025-07-04T05:00:00+09:00,109738,109888,109707.5,109888,110227.9128,108528.6172,107516.2185,107885.0367,109378.265,NaN,NaN,NaN,NaN,1,2,697.4695589,3612.77827,59.3584205,57.25847341,28.21625624,0.34293043,-1,353.3871728,403.6651133
2025-07-04T06:00:00+09:00,109888,109956,109629,109739.2,110257.4257,108577.9743,107525.5925,107938.6067,109417.7,NaN,NaN,NaN,NaN,1,2,962.3310798,3582.862505,57.17466251,56.59818518,26.13506901,0.328256686,-1,343.1003158,390.7924275
2025-07-04T07:00:00+09:00,109739.2,109827.8,109592,109646.4,110238.9651,108693.0649,107536.022,107991.885,109466.015,NaN,NaN,NaN,NaN,1,2,657.1981091,3498.230887,55.7960093,56.18568952,24.27084922,0.290707986,1,323.7279883,371.2261013
2025-07-04T08:00:00+09:00,109646.4,109770.5,109483.6,109539.2,110176.2582,108849.6118,107548.8075,108041.6117,109512.935,NaN,NaN,NaN,NaN,1,2,796.9583297,3486.219896,54.17102209,55.7069187,22.59787616,0.281300113,1,296.3094641,350.5410754
2025-07-04T09:00:00+09:00,109539.2,109657.8,109321.9,109418.2,110111.5819,108981.6481,107560.443,108092.3267,109546.615,NaN,NaN,NaN,NaN,1,2,988.7503812,3454.188519,52.31885439,55.16527565,21.22636044,0.290069899,1,261.7985466,333.2774736
2025-07-04T10:00:00+09:00,109418.2,109722,109395.4,109460.9,110109.6957,108999.9843,107571.0075,108137.3383,109554.84,NaN,NaN,NaN,NaN,1,2,1123.852676,3305.487151,52.93047245,55.32176952,20.04007642,0.292761624,1,235.1828871,317.9578777
2025-07-04T11:00:00+09:00,109460.9,109460.9,109057.2,109150,110121.2353,108961.4447,107579.9825,108191.9533,109541.34,109956,NaN,NaN,NaN,1,2,3014.763316,3289.789061,48.09325792,53.92281658,19.14573518,0.319016343,1,186.848876,299.3227136
2025-07-04T12:00:00+09:00,109150,109345.7,109074.8,109209.2,110122.3582,108958.4818,107587.5255,108246.94,109540.42,NaN,NaN,NaN,NaN,1,2,1083.721934,3252.576614,49.0481088,54.1481986,18.50904006,0.295247616,1,151.5735239,277.5727772
2025-07-04T13:00:00+09:00,109209.2,109289.2,108914.8,108945.5,110152.7971,108890.7529,107593.6825,108295.4317,109521.775,NaN,NaN,NaN,NaN,1,2,1380.311319,3241.30959,45.07087703,52.97003162,18.27010696,0.31186086,1,101.1729088,250.3446315
2025-07-04T14:00:00+09:00,108945.5,109172.1,108874.1,108967.8,110125.6691,108825.0409,107600.979,108341.6533,109475.355,NaN,NaN,NaN,NaN,1,2,2367.307994,2880.017867,45.47354337,53.05820391,18.44839305,0.29902312,1,62.31119717,218.0028564
2025-07-04T15:00:00+09:00,108967.8,108991.4,108758.6,108986.9,110100.2663,108769.1537,107609.7865,108396.5717,109434.71,NaN,NaN,NaN,NaN,1,2,1939.997791,2849.392734,45.83975864,53.13502654,19.11054656,0.270515028,1,32.67753478,183.5114363
2025-07-04T16:00:00+09:00,108986.9,109110,108669,108674.5,110130.1248,108650.4452,107616.7575,108451.9433,109390.285,NaN,NaN,NaN,NaN,-1,1,2281.20789,2889.858176,40.99050626,51.72172463,19.9275047,0.316128097,-1,-15.83291335,145.7824472
2025-07-04T17:00:00+09:00,108674.5,108846.9,108474.1,108721.3,110158.178,108582.512,107624.034,108499.6333,109370.345,NaN,NaN,NaN,NaN,-1,1,3531.074362,2582.559537,41.98070961,51.91730825,21.07307177,0.324959708,-1,-49.92590931,107.3118502
2025-07-04T18:00:00+09:00,108721.3,109021.6,108721.3,108943.3,110013.089,108600.571,107630.9165,108553.0567,109306.83,NaN,NaN,110466,NaN,-1,1,2242.670575,2293.340825,46.56157912,52.84242003,22.06356069,0.308081004,-1,-58.35858809,71.73883523
2025-07-04T19:00:00+09:00,108943.3,109023.7,108813,108846,109979.081,108552.569,107635.783,108607.5183,109265.825,NaN,NaN,NaN,NaN,-1,1,1084.156455,1975.171304,44.88872776,52.39141615,22.91055394,0.270096352,-1,-72.06215593,37.60049711
2025-07-04T20:00:00+09:00,108846,109068.4,108809.1,108848.1,109986.4561,108521.3239,107641,108660.9433,109253.89,NaN,NaN,NaN,NaN,-1,1,869.766279,1767.087353,44.93471091,52.40036696,23.46940737,0.259468057,-1,-81.80982697,7.749530119
2025-07-04T21:00:00+09:00,108848.1,108933.7,108557.4,108674.1,110000.8825,108450.8275,107645.4215,108716.3633,109225.855,NaN,NaN,NaN,NaN,-1,1,1422.328262,1580.800111,41.82107313,51.58012048,23.94047032,0.288677216,-1,-102.3949273,-20.46918669
2025-07-04T22:00:00+09:00,108674.1,108802.7,107919.2,107932,110095.2498,108200.7102,107647.154,108754.0183,109147.98,NaN,NaN,NaN,NaN,-1,1,6840.531181,1857.817895,31.72441547,48.28912414,24.56256851,0.466631686,-1,-176.5548216,-51.3278234
2025-07-04T23:00:00+09:00,107932,108064.1,107450.2,107774.5,110147.621,107962.689,107647.5125,108785.9167,109055.155,NaN,NaN,NaN,NaN,-1,1,9200.186287,2249.147727,30.06539342,47.63070115,25.60542786,0.501414163,-1,-245.2093847,-85.49677694
2025-07-05T00:00:00+09:00,107774.5,107903.8,107542.7,107542.8,110174.0044,107716.7856,107646.456,108809.55,108945.395,NaN,NaN,NaN,NaN,-1,1,3595.4113,2303.999754,27.76507703,46.67496075,26.9046358,0.446920734,-1,-314.6873542,-124.0928757
2025-07-05T01:00:00+09:00,107542.8,107711.7,107300,107601.5,110111.9721,107550.1679,107646.044,108830.7583,108831.07,NaN,NaN,NaN,NaN,-1,1,5634.897782,2550.871165,29.24211705,46.95025881,28.70626777,0.425323111,-1,-360.8528591,-162.4284252
2025-07-05T02:00:00+09:00,107601.5,107874,107600,107830.5,110016.0907,107455.1793,107648.855,108851.625,108735.635,NaN,NaN,NaN,NaN,-1,1,1978.658953,2601.687559,34.83981455,48.018991,30.78343255,0.367647402,-1,-374.6423246,-198.5080269
2025-07-05T03:00:00+09:00,107830.5,107835.7,107460.8,107460.8,109949.5861,107303.1239,107649.484,108860.1567,108626.355,NaN,NaN,NaN,NaN,-1,1,1372.912754,2637.473291,30.62729535,46.47593197,33.21097613,0.362231953,-1,-410.6683466,-237.6535557
2025-07-05T04:00:00+09:00,107460.8,107609.4,107220.7,107435.4,109871.6088,107170.7212,107650.2515,108867.235,108521.165,NaN,NaN,NaN,NaN,-1,1,3224.471442,2758.848947,30.35572918,46.37142169,35.82453329,0.362144665,-1,-436.2400921,-278.1177708
2025-07-05T05:00:00+09:00,107435.4,107750.9,107397.4,107650.5,109768.1181,107097.4419,107653.154,108866.7817,108432.78,NaN,NaN,NaN,NaN,-1,1,1181.862384,2768.504547,35.56614654,47.39407198,38.1475225,0.350406528,-1,-434.144564,-317.2660749
2025-07-05T06:00:00+09:00,107650.5,107898,107643.1,107865.2,109622.1241,107083.8659,107657.935,108871.715,108352.995,NaN,NaN,NaN,NaN,-1,1,898.2631484,2757.22507,40.36221056,48.39673392,39.92361931,0.311910533,-1,-410.4281865,-351.4919926
2025-07-05T07:00:00+09:00,107865.2,108200,107838.9,108187.1,109521.3522,107088.3478,107661.9545,108878.49,108304.85,NaN,NaN,NaN,NaN,-1,1,2095.526034,2711.263206,46.7606916,49.85942602,40.92403754,0.318579522,-1,-361.4911024,-372.0404682
2025-07-05T08:00:00+09:00,108187.1,108193.4,107889.6,107931.8,109393.2923,107088.6677,107665.333,108886.6867,108240.98,NaN,NaN,NaN,NaN,-1,1,916.1153431,2702.882877,42.8353936,48.74088021,41.16410373,0.306713404,-1,-339.3963372,-382.5056852
2025-07-05T09:00:00+09:00,107931.8,108168.6,107888,108140,109307.0978,107094.3122,107670.333,108899.995,108200.705,NaN,107220.7,NaN,NaN,-1,1,621.1317162,2664.923897,46.76040602,49.68066019,40.89774242,0.290574747,-1,-301.6093123,-381.0525694
2025-07-05T10:00:00+09:00,108140,108140,107827.5,107934.8,109202.5674,107095.5426,107674.3585,108903.5567,108149.055,NaN,NaN,NaN,NaN,-1,1,778.3142507,2585.474209,43.58409402,48.78083988,40.17142525,0.290593662,-1,-284.9361809,-372.617383
2025-07-05T11:00:00+09:00,107934.8,108039.1,107692.4,108013.2,109082.0532,107118.6868,107677.754,108902.3867,108100.37,NaN,NaN,NaN,NaN,-1,1,847.5109526,2530.849868,45.11799815,49.14012339,39.05381282,0.300581588,-1,-262.3719193,-360.1428935
2025-07-05T12:00:00+09:00,108013.2,108200,108013.2,108090.1,109016.8681,107125.4319,107680.759,108892.33,108071.15,NaN,NaN,NaN,NaN,-1,1,1005.391565,2467.059051,46.65022889,49.49485961,37.55982826,0.257851423,-1,-235.5689003,-340.6873994
2025-07-05T13:00:00+09:00,108090.1,108360,107974,108075.2,108936.4376,107141.2524,107682.539,108871.085,108038.845,NaN,NaN,NaN,NaN,-1,1,1827.661265,2381.888396,46.38003847,49.42667186,35.7218492,0.290977555,-1,-213.0734422,-315.891105
2025-07-05T14:00:00+09:00,108075.2,108115.9,107953.3,108085.7,108792.9274,107199.0026,107688.092,108854.5017,107995.965,NaN,NaN,NaN,NaN,-1,1,963.3706493,2317.9234,46.61469121,49.47674392,33.86873107,0.244111586,-1,-192.1830013,-289.0064869
2025-07-05T15:00:00+09:00,108085.7,108235,108011.8,108224.5,108670.0284,107259.7516,107694.471,108833.4817,107964.89,NaN,NaN,NaN,NaN,-1,1,689.2602577,2298.17859,49.7455163,50.14286969,32.01698361,0.231278325,-1,-162.5533624,-261.4648398
2025-07-05T16:00:00+09:00,108224.5,108224.5,107940.3,107995.7,108500.3116,107344.2284,107699.8955,108806.5933,107922.27,NaN,NaN,NaN,NaN,-1,1,910.3521608,2300.207884,45.05489604,49.05452767,30.1072187,0.24223175,-1,-155.7386498,-238.6034562
2025-07-05T17:00:00+09:00,107995.7,108060,107869.4,107963.3,108351.8824,107421.5776,107706.5545,108787.815,107886.73,NaN,NaN,NaN,NaN,-1,1,927.6264326,2275.472793,44.41620408,48.90109472,28.1758053,0.220383454,1,-151.2093034,-217.6937858
2025-07-05T18:00:00+09:00,107963.3,108079.8,107820.1,108029,108360.5267,107422.6333,107711.367,108765.0633,107891.58,108360,NaN,NaN,NaN,-1,1,834.5346758,1975.172968,46.08522692,49.22981273,26.18323156,0.226965753,1,-140.6964616,-199.8145801
2025-07-05T19:00:00+09:00,108029,108164.9,108010.1,108032.1,108373.9864,107434.9336,107715.5475,108747.23,107904.46,NaN,NaN,NaN,NaN,-1,1,674.3478659,1548.881047,46.16736427,49.24553942,24.20699969,0.199069741,-1,-130.6092327,-182.6671414
2025-07-05T20:00:00+09:00,108032.1,108166,108032,108054.5,108372.9665,107487.1235,107718.782,108734.6933,107930.045,NaN,NaN,NaN,NaN,-1,1,686.7347992,1403.447222,46.79807656,49.36124457,22.40278953,0.174022814,-1,-119.4308143,-166.7847964
2025-07-05T21:00:00+09:00,108054.5,108093,107910.1,108089.1,108375.4633,107533.3867,107722.0145,108721.2533,107954.425,NaN,NaN,NaN,NaN,-1,1,1192.071525,1181.305909,47.81512825,49.54262319,20.88563697,0.172382156,-1,-106.5516452,-152.4495459
2025-07-05T22:00:00+09:00,108089.1,108184.6,108050,108075.9,108386.8745,107546.5155,107726.3225,108706.6767,107966.695,NaN,NaN,NaN,NaN,-1,1,507.9263284,1107.769278,47.44250851,49.47361044,19.48258907,0.156449508,-1,-96.29985586,-139.4747029
2025-07-05T23:00:00+09:00,108075.9,108170.1,108043.6,108140.5,108356.751,107644.609,107730.807,108697.6833,108000.68,NaN,107820.1,NaN,NaN,-1,1,485.3551495,1063.391397,49.51597845,49.82280714,18.25012019,0.14322985,1,-82.01711656,-127.2340491
2025-07-06T00:00:00+09:00,108140.5,108140.5,107987.5,108016.1,108273.7513,107785.6787,107736.7025,108687.9383,108029.715,NaN,NaN,NaN,107220.7,-1,1,733.1496473,938.8253075,45.77118542,49.15498299,17.17698556,0.14281172,1,-79.81591491,-118.0409994
2025-07-06T01:00:00+09:00,108016.1,108061.8,107823.1,108044.9,108220.5592,107878.3108,107742.136,108676.2767,108049.435,NaN,NaN,NaN,NaN,-1,1,1483.318493,953.898113,46.77477638,49.31554237,16.39563282,0.168824659,1,-74.88430776,-109.0571836
2025-07-06T02:00:00+09:00,108044.9,108109.9,107880.2,108027.5,108206.9749,107908.1251,107747.0895,108655.1283,108057.55,NaN,NaN,NaN,NaN,-1,1,629.4612513,940.4580181,46.2182553,49.21968231,15.90241365,0.183444915,1,-71.55516475,-100.2067237
2025-07-06T03:00:00+09:00,108027.5,108044.9,107906.4,107943.7,108190.194,107900.566,107752.058,108630.5233,108045.38,108184.6,NaN,NaN,NaN,-1,1,286.2568303,849.9945579,43.53193772,48.75376201,15.67256814,0.165160762,1,-74.81631863,-92.88670785
2025-07-06T04:00:00+09:00,107943.7,108110,107910.6,108084.1,108188.8586,107917.1314,107757.763,108611.465,108052.995,NaN,NaN,NaN,NaN,-1,1,371.8199706,822.7797893,48.89167192,49.57022737,15.40829915,0.17145947,1,-65.3187461,-85.63220934
2025-07-06T05:00:00+09:00,108084.1,108100,107930,108032.5,108177.6715,107917.5685,107764.7445,108590.0333,108047.62,NaN,NaN,NaN,NaN,-1,1,363.5369956,809.9000533,47.12145559,49.27568628,15.24445945,0.166814261,1,-61.24949416,-79.16761822
2025-07-06T06:00:00+09:00,108032.5,108089,108004,108031.3,108172.144,107932.746,107770.9925,108558.9517,108052.445,NaN,107823.1,NaN,NaN,-1,1,347.2480125,788.3467414,47.07876495,49.26873631,15.16326535,0.13743771,1,-57.45906038,-73.71288657
2025-07-06T07:00:00+09:00,108031.3,108143.5,108000,108131.2,108181.3127,107935.3773,107779.061,108531.1417,108058.345,NaN,NaN,NaN,NaN,-1,1,289.6269511,760.4525413,51.05431632,49.86961969,14.9597445,0.135776874,1,-45.86531242,-68.10904841
2025-07-06T08:00:00+09:00,108131.2,108169,108116,108145.7,108189.2446,107933.0054,107783.5305,108507.52,108061.125,NaN,NaN,NaN,NaN,-1,1,488.0095474,734.5834404,51.62238268,49.95744332,14.50105502,0.106841766,1,-35.10251488,-62.89631489
2025-07-06T09:00:00+09:00,108145.7,108190.3,108065.2,108155.6,108199.6645,107930.6255,107787.2395,108491.445,108065.145,NaN,NaN,NaN,NaN,-1,1,419.9745125,664.1991028,52.03172874,50.01847311,13.90078355,0.109776886,1,-25.48035139,-56.85903005
2025-07-06T10:00:00+09:00,108155.6,108155.6,108034.3,108148.4,108207.4129,107929.1471,107793.8805,108457.025,108068.28,NaN,NaN,NaN,NaN,-1,1,273.5625096,629.7086958,51.68917577,49.97322589,13.23929402,0.110576362,1,-18.22560391,-50.56361851
2025-07-06T11:00:00+09:00,108148.4,108198.9,108000.2,108000.3,108179.1299,107935.0101,107800.572,108429.2617,108057.07,NaN,NaN,NaN,NaN,-1,1,585.70341,624.5308534,45.11042226,49.04167997,12.53467157,0.135145653,1,-24.14823077,-45.2961814
2025-07-06T12:00:00+09:00,108000.3,108047.1,107969.2,107991.3,108179.3665,107934.3335,107806.7605,108411.0033,108056.85,NaN,NaN,NaN,NaN,-1,1,460.7000422,602.0482475,44.73778131,48.98503353,11.86596168,0.114149758,1,-29.2312207,-40.23117052
2025-07-06T13:00:00+09:00,107991.3,108046.3,107902.2,107937.1,108182.509,107928.571,107811.2015,108389.375,108055.54,NaN,NaN,NaN,NaN,-1,1,489.9839771,580.1661247,42.46286987,48.63964394,11.37879302,0.120639278,1,-37.20414761,-37.10732625
2025-07-06T14:00:00+09:00,107937.1,107977.8,107917.3,107950.3,108186.2653,107916.9447,107815.9795,108363.7217,108051.605,NaN,NaN,NaN,NaN,-1,1,323.3150355,554.6051427,43.22012773,48.72951973,11.17568321,0.099097787,1,-41.97377243,-34.96557939
2025-07-06T15:00:00+09:00,107950.3,108172.4,107930.1,108069.8,108188.0609,107918.9191,107821.0665,108337.7017,108053.49,NaN,NaN,NaN,NaN,-1,1,681.2926289,554.9523808,49.67724485,49.54546996,11.16750721,0.140727788,1,-35.69956085,-32.54785722
2025-07-06T16:00:00+09:00,108069.8,108141.5,107995.1,107995.2,108187.4684,107913.5816,107826.106,108308.655,108050.525,108198.9,NaN,NaN,NaN,-1,1,404.9183555,540.8615586,46.14897407,49.04802666,11.3313887,0.139070526,1,-36.32803256,-31.48815945
2025-07-06T17:00:00+09:00,107995.2,108018.4,107923.2,107968.2,108184.7127,107904.2473,107830.9145,108276.6583,108044.48,NaN,NaN,NaN,NaN,-1,1,2000.573512,581.286658,44.90584311,48.86675375,11.39642154,0.12212824,1,-38.56027641,-31.87235518
2025-07-06T18:00:00+09:00,107968.2,108028.8,107765.8,107802.7,108205.2129,107856.4271,107834.8875,108244.3833,108030.82,NaN,NaN,NaN,NaN,-1,2,1340.373491,622.9090161,38.12632673,47.76220518,11.70405673,0.162865223,1,-53.07203126,-34.93809739
2025-07-06T19:00:00+09:00,107802.7,108080.7,107747.2,107938.6,108191.8981,107849.5519,107839.3005,108215.92,108020.725,NaN,NaN,NaN,NaN,-1,2,742.5498793,635.7687526,45.41391678,48.73356634,12.03568146,0.211430763,1,-52.99580465,-38.80145303
2025-07-06T20:00:00+09:00,107938.6,108033.9,107901.2,108018.6,108192.013,107849.687,107843.163,108190.5767,108020.85,NaN,NaN,NaN,NaN,-1,2,468.3463375,622.5285871,49.20655094,49.30010343,12.24022143,0.181799187,1,-45.95037577,-41.22391358
2025-07-06T21:00:00+09:00,108018.6,108189.6,107989.5,108189.5,108214.2535,107841.9065,107848.424,108170.0983,108028.08,NaN,NaN,NaN,NaN,-1,2,1424.268005,619.5760628,56.20664668,50.49317697,12.36477027,0.182659092,1,-26.27375342,-40.89530611
2025-07-06T22:00:00+09:00,108189.5,109079.6,108137.1,108707.8,108412.004,107712.186,107855.812,108157.5467,108062.095,NaN,NaN,NaN,NaN,1,1,7570.527926,966.6293965,69.80000955,53.85502837,13.08210944,0.410193171,-1,30.78768863,-33.34065763
2025-07-06T23:00:00+09:00,108707.8,108981.4,108549.1,108865.6,108598.3511,107618.0289,107863.3715,108152.8067,108108.19,NaN,NaN,NaN,NaN,1,1,2801.301279,1092.381619,72.58962395,54.80880766,14.33834891,0.405430777,-1,87.73112399,-18.92900248
2025-07-07T00:00:00+09:00,108865.6,108919.6,108603.2,108839.9,108730.368,107561.592,107870.46,108146.6517,108145.98,NaN,107747.2,NaN,NaN,1,1,1407.749285,1144.178085,71.43233181,54.62110735,16.27226946,0.367251745,-1,129.2949993,-0.596273574
2025-07-07T01:00:00+09:00,108839.9,108884.9,108642.4,108788.3,108828.5463,107538.9937,107877.8065,108144.0317,108183.77,NaN,NaN,NaN,NaN,1,1,1386.102087,1195.306339,69.05195505,54.24038463,18.60137941,0.319253959,-1,156.2696024,20.80346365
2025-07-07T02:00:00+09:00,108788.3,108907.1,108660.2,108851.4,108927.2758,107522.2742,107885.8585,108142.0917,108224.775,NaN,NaN,NaN,NaN,1,1,761.6295238,1216.025415,70.35301052,54.63511687,21.42128555,0.288320257,-1,180.6563188,45.16086312
2025-07-07T03:00:00+09:00,108851.4,108869.7,108224,108419.4,108945.2313,107533.1387,107891.831,108132.6333,108239.185,109079.6,NaN,NaN,NaN,1,1,2465.173457,1324.80274,53.70634473,51.52857242,23.99552252,0.391498592,-1,163.2424206,69.19580222
2025-07-07T04:00:00+09:00,108419.4,108589.1,108250,108498.6,108970.2494,107543.4106,107897.6965,108129.7017,108256.83,NaN,NaN,NaN,NaN,1,1,1290.891928,1364.946859,55.77250058,52.03894892,26.3108834,0.364988073,-1,154.0566894,92.20163489
2025-07-07T05:00:00+09:00,108498.6,108789.6,108498,108606.3,109006.9035,107551.8265,107904.3095,108127.785,108279.365,NaN,NaN,NaN,NaN,1,1,1604.291194,1424.162693,58.48589243,52.72988344,27.91114405,0.332581658,-1,153.6957125,114.3845336
2025-07-07T06:00:00+09:00,108606.3,109669,108605.8,109160.9,109149.1671,107510.8129,107914.785,108131.4117,108329.99,NaN,NaN,NaN,NaN,1,2,7116.384559,1766.303796,69.02457366,56.05763311,29.27728662,0.545253006,-1,195.9029733,139.0708366
2025-07-07T07:00:00+09:00,109160.9,109469,109151.3,109172.3,109270.3346,107506.8454,107924.85,108136.85,108388.59,NaN,NaN,NaN,NaN,1,2,3169.455146,1895.491382,69.19766838,56.1224497,30.43059456,0.460466674,-1,227.6482292,160.9442299
2025-07-07T08:00:00+09:00,109172.3,109226.5,108924.8,109139.9,109365.5884,107526.4516,107933.516,108141.7133,108446.02,NaN,NaN,NaN,NaN,1,2,2920.376809,2018.475221,68.03403123,55.88329455,31.14438357,0.399213645,-1,247.3409712,178.6786574
2025-07-07T09:00:00+09:00,109139.9,109225.7,108750.2,108777.7,109387.3511,107588.7489,107941.1545,108143.44,108488.05,NaN,NaN,NaN,NaN,1,2,2597.280218,2123.840033,56.57958728,53.29173465,31.28043605,0.412738624,-1,231.0576099,189.9856141
2025-07-07T10:00:00+09:00,108777.7,109046.3,108630,108978.4,109427.3887,107651.5213,107948.9395,108160.88,108539.455,NaN,NaN,NaN,NaN,1,2,1823.561351,2198.852349,60.54371475,54.48567097,31.47433418,0.401986438,-1,231.6771118,198.3642263
2025-07-07T11:00:00+09:00,108978.4,109462,108978.3,109297.4,109519.6043,107682.0657,107959.0155,108186.2617,108600.835,109669,NaN,NaN,NaN,1,2,3300.306163,2329.803025,65.87629964,56.29819973,31.93995799,0.414726784,-1,254.9695751,206.6212548
2025-07-07T12:00:00+09:00,109297.4,109648.6,109297.3,109346.6,109597.7858,107739.0242,107969.8315,108216.325,108668.405,NaN,NaN,NaN,NaN,1,2,2098.545513,2414.484383,66.62549574,56.57050173,32.55444313,0.383450784,-1,274.2378061,218.9540754
2025-07-07T13:00:00+09:00,109346.6,109402.6,109075.7,109075.8,109610.6996,107836.8704,107979.619,108240.8967,108723.785,NaN,NaN,NaN,NaN,1,2,1414.754827,2385.193449,58.95336133,54.65697089,32.69052504,0.356168459,-1,264.6065021,231.2373879
2025-07-07T14:00:00+09:00,109075.8,109165.8,108980.5,109033.9,109573.3893,107997.3007,107988.4005,108260.9533,108785.345,NaN,NaN,NaN,NaN,1,2,1473.476989,2391.848624,57.84347082,54.36650372,32.31169583,0.294185934,-1,250.7026999,242.0159421
2025-07-07T15:00:00+09:00,109033.9,109131,108722.9,108735.2,109512.0342,108138.3158,107995.478,108282.1933,108825.175,NaN,NaN,NaN,107747.2,1,2,2635.507641,2486.496512,50.53877463,52.34218282,31.51164127,0.321767865,-1,213.1244764,243.9294424
2025-07-07T16:00:00+09:00,108735.2,109023.1,108615.8,109022.3,109457.9065,108292.8135,108004.3365,108308.6417,108875.36,NaN,NaN,NaN,NaN,1,2,2167.255861,2571.441988,56.25674107,54.0219583,30.48154748,0.338478111,1,204.1566435,241.3192662
2025-07-07T17:00:00+09:00,109022.3,109046,108805.7,108967.3,109405.0865,108423.4135,108012.0505,108330.5883,108914.25,109648.6,NaN,NaN,NaN,1,2,1294.947527,2564.975964,54.94626502,53.65213993,29.33358539,0.29927426,1,190.4165278,234.9943281
2025-07-07T18:00:00+09:00,108967.3,108967.3,108714.3,108813.4,109403.5949,108435.4651,108019.7575,108346.3917,108919.53,NaN,NaN,NaN,NaN,1,2,1671.344951,2270.016815,51.34222336,52.62311597,27.93039906,0.277301068,1,165.2045678,227.6773234
2025-07-07T19:00:00+09:00,108813.4,108864.2,108635.4,108635.6,109407.3609,108408.6991,108026.66,108353.8667,108908.03,NaN,NaN,NaN,NaN,1,2,1338.421495,2196.872826,47.46844761,51.45912708,26.2773736,0.255374064,1,129.3854589,216.3115842
2025-07-07T20:00:00+09:00,108635.6,108771.1,108533,108606.1,109412.1779,108380.5021,108033.849,108365.105,108896.34,NaN,NaN,NaN,NaN,1,2,1417.977058,2197.384215,46.83701938,51.26705874,24.67306348,0.24337316,1,97.49429986,198.8143314
2025-07-07T21:00:00+09:00,108606.1,108606.1,108273.4,108300.5,109448.4739,108295.4261,108039.2275,108367.78,108871.95,NaN,NaN,NaN,NaN,1,2,2791.083798,2267.6333,40.78457356,49.32032969,23.3652694,0.26510687,-1,47.01895535,173.5677924
2025-07-07T22:00:00+09:00,108300.5,108534.2,107967.6,108491.9,109453.8838,108254.0662,108045.3585,108377.065,108853.975,NaN,NaN,NaN,NaN,1,2,4629.786767,2461.041163,45.53198102,50.52156068,22.68272174,0.350509771,-1,22.20529278,146.6343247
2025-07-07T23:00:00+09:00,108491.9,108619.5,107922,108174.6,109485.0314,108198.4386,108049.5885,108379.755,108841.735,NaN,NaN,NaN,NaN,1,2,3880.590857,2531.812033,39.83093014,48.57318668,22.48946132,0.449288903,-1,-22.80034362,116.2450976
2025-07-08T00:00:00+09:00,108174.6,108569,108169.8,108247.1,109507.6639,108150.6561,108054.0785,108382.3717,108829.16,NaN,NaN,NaN,NaN,1,2,1839.521767,2559.243525,41.62932762,49.03166499,22.75853603,0.422253944,-1,-52.01786111,86.78483792
2025-07-08T01:00:00+09:00,108247.1,108450,107864.9,107937.9,109573.4517,108018.0283,108055.5605,108380.0833,108795.74,NaN,NaN,NaN,NaN,1,2,4122.368501,2685.14739,36.60437933,47.19966928,23.53129659,0.462999341,-1,-98.98180943,53.10278759
2025-07-08T02:00:00+09:00,107937.9,108300,107770,107905.7,109582.0066,107883.9534,108055.867,108377.0833,108732.98,NaN,NaN,109669,NaN,1,2,2854.671359,2472.06173,36.11547199,47.01292971,24.74180071,0.472481538,-1,-137.2175888,16.69899686
2025-07-08T03:00:00+09:00,107905.7,108063.6,107465.7,107980,109557.3479,107789.3821,108055.217,108373.0083,108673.365,NaN,NaN,NaN,NaN,1,2,3119.737739,2469.57586,38.16770426,47.50217482,26.38544238,0.499342169,-1,-159.6835972,-19.39968815
2025-07-08T04:00:00+09:00,107980,108265,107959.6,108001.2,109519.3638,107713.4962,108053.023,108373.1,108616.43,NaN,NaN,NaN,NaN,1,2,1974.009822,2422.25751,38.77208695,47.64298478,28.01470237,0.427087646,-1,-173.7742466,-53.08409987
2025-07-08T05:00:00+09:00,108001.2,108090,107812,107822.5,109531.4934,107605.8466,108051.368,108370.7533,108568.67,NaN,NaN,NaN,NaN,1,2,1353.214345,2360.054217,35.61221822,46.56819147,29.53976425,0.371140707,-1,-197.0888666,-85.81556281
2025-07-08T06:00:00+09:00,107822.5,108154.9,107731.7,108110,109488.5711,107561.9289,108051.768,108372.1033,108525.25,NaN,NaN,NaN,NaN,1,2,1347.342709,2336.243284,43.57909163,48.47713947,31.09880227,0.377253531,-1,-190.1748068,-112.1704253
2025-07-08T07:00:00+09:00,108110,108135.8,107912,107969.7,109382.3604,107535.3696,108052.073,108371.0633,108458.865,NaN,NaN,NaN,NaN,1,2,647.100768,2203.583015,40.91832488,47.6294353,32.68872769,0.320922624,-1,-193.7825969,-136.1690797
2025-07-08T08:00:00+09:00,107969.7,108255,107969.7,108213.3,109235.5341,107568.8659,108054.6355,108373.71,108402.2,NaN,107465.7,NaN,NaN,1,2,843.7880749,2140.845143,46.97223852,49.20382698,33.99355188,0.301348784,-1,-174.9683858,-153.0766399
2025-07-08T09:00:00+09:00,108213.3,108477.2,108140,108244.4,109136.366,107584.894,108058.307,108376.2983,108360.63,NaN,NaN,NaN,NaN,1,2,4239.00813,2282.057808,47.70891844,49.40206923,34.74041648,0.304680558,-1,-155.7530536,-164.6027724
2025-07-08T10:00:00+09:00,108244.4,108244.5,107637.3,107650,109061.4707,107521.3993,108059.127,108369.2,108291.435,NaN,NaN,NaN,NaN,1,2,2467.196455,2331.743781,37.10035267,45.90653913,35.15756473,0.392258642,-1,-186.3398668,-174.3092232
2025-07-08T11:00:00+09:00,107650,107900,107400,107741.8,109019.0171,107464.5129,108059.9275,108362.555,108241.765,NaN,NaN,NaN,NaN,1,2,4843.145437,2442.125671,39.34362559,46.50331805,35.60877316,0.415973762,-1,-200.857286,-181.3803007
2025-07-08T12:00:00+09:00,107741.8,107967.2,107651.6,107860.1,108889.2756,107478.0344,108062.4435,108359.955,108183.655,NaN,NaN,NaN,NaN,1,2,893.4865415,2378.437205,42.2042231,47.26862336,35.95458095,0.374545434,-1,-200.5053235,-185.916048
2025-07-08T13:00:00+09:00,107860.1,107988.5,107705,107988.4,108745.5479,107523.8721,108065.8055,108359.0133,108134.71,NaN,NaN,NaN,NaN,1,2,1166.807874,2372.030222,45.22151232,48.09076987,36.14642296,0.336909692,-1,-187.7098506,-187.4644485
2025-07-08T14:00:00+09:00,107988.4,108183.4,107943.9,108161.6,108628.3282,107575.9118,108069.0865,108361.2483,108102.12,108477.2,NaN,NaN,NaN,1,2,1738.561363,2375.391043,49.08576877,49.18263335,35.98778123,0.29805611,1,-161.7292396,-183.535601
2025-07-08T15:00:00+09:00,108161.6,108326.7,108080,108236.5,108553.3271,107611.0029,108070.1415,108366.1283,108082.165,NaN,NaN,NaN,NaN,1,2,1922.91287,2404.615612,50.70524735,49.65016453,35.53052366,0.274542172,1,-133.556063,-177.2446295
2025-07-08T16:00:00+09:00,108236.5,108429,108156.7,108421.3,108508.5316,107637.3184,108070.76,108371.7483,108072.925,NaN,107400,NaN,NaN,1,2,1427.249166,2405.079217,54.54678796,50.79047366,34.96557926,0.266432788,1,-95.2191747,-166.2931382
2025-07-08T17:00:00+09:00,108421.3,108457.8,108203.2,108203.2,108495.488,107640.632,108068.5025,108374.5933,108068.06,NaN,NaN,NaN,NaN,1,2,2141.126628,2372.581359,49.63096907,49.44143573,33.98498584,0.25641256,1,-81.49632287,-155.9073534
2025-07-08T18:00:00+09:00,108203.2,108439,108166.3,108410.7,108476.5301,107651.4699,108068.3095,108380.9167,108064,NaN,NaN,NaN,NaN,1,2,1221.531397,2202.16859,53.88872661,50.71286655,32.56318547,0.254462333,1,-53.2633612,-144.5196098
2025-07-08T19:00:00+09:00,108410.7,108849.4,108355.6,108765.4,108606.0208,107581.0592,108070.0045,108391.4867,108093.54,NaN,NaN,NaN,NaN,1,3,3613.214707,2188.799783,60.09798744,52.78480898,31.01402674,0.320423221,1,-2.241372872,-124.0642216
2025-07-08T20:00:00+09:00,108765.4,108954.2,108694.5,108696.5,108689.2578,107542.7622,108071.2245,108400.6667,108116.01,NaN,NaN,NaN,NaN,1,3,2360.935628,2214.870476,58.45145301,52.34843315,29.44138512,0.293391598,-1,32.26236582,-98.16203806
2025-07-08T21:00:00+09:00,108696.5,108899,108630.8,108898.9,108824.0725,107504.0475,108074.438,108413.055,108164.06,NaN,NaN,NaN,NaN,1,3,1439.56602,2080.730352,61.76538491,53.50119516,27.9868876,0.277325359,-1,75.07341619,-67.5421781
2025-07-08T22:00:00+09:00,108898.9,109164.7,108587.5,108971.7,108953.1313,107481.5887,108078.1225,108426.7767,108217.36,NaN,NaN,NaN,NaN,1,3,3106.425303,2093.318049,62.91125512,53.91058716,26.94993778,0.361319661,-1,113.5667073,-34.067005
2025-07-08T23:00:00+09:00,108971.7,109015.2,108199.7,108337.7,108964.4283,107506.0617,108082.184,108432.4,108235.245,NaN,NaN,NaN,NaN,1,3,5008.221554,2187.74224,49.10819844,49.99717364,26.01527145,0.493202383,-1,91.85556267,-5.890915854
2025-07-09T00:00:00+09:00,108337.7,108490,108161.2,108220.2,108967.5261,107524.8639,108085.443,108436.215,108246.195,NaN,NaN,NaN,NaN,1,3,1645.346118,2171.309054,47.04794398,49.31983362,25.16906143,0.430433578,-1,64.4254002,16.10702451
2025-07-09T01:00:00+09:00,108220.2,108502.5,108052.5,108391.1,108971.3183,107577.9317,108090.095,108443.7817,108274.625,NaN,NaN,NaN,NaN,1,3,2477.272901,2227.511982,50.31305558,50.31916428,24.37706739,0.424891022,-1,55.83338801,32.89064258
2025-07-09T02:00:00+09:00,108391.1,109046.7,108390.9,108939.1,109065.3414,107566.8186,108097.5845,108460.2617,108316.08,NaN,NaN,NaN,NaN,1,3,4124.007889,2366.345241,59.03562965,53.33140219,23.69999832,0.482498358,-1,92.18057631,52.18807583
2025-07-09T03:00:00+09:00,108939.1,109098.5,108850,109095.4,109176.2261,107568.5039,108105.07,108477.355,108372.365,109164.7,NaN,NaN,NaN,1,3,1651.94709,2416.587557,61.13149471,54.14097966,23.0863009,0.397132154,-1,132.0756033,72.78129411
2025-07-09T04:00:00+09:00,109095.4,109095.5,108674.8,108730,109213.0884,107583.3116,108110.6895,108489.6017,108398.2,NaN,NaN,NaN,NaN,1,3,1469.347664,2447.865537,54.15567488,51.98866038,22.44486579,0.39461842,-1,132.6785378,87.77239529
2025-07-09T05:00:00+09:00,108730,108896.1,108580,108580,109230.3304,107599.6296,108115.982,108499.7983,108414.98,NaN,NaN,NaN,NaN,1,3,1333.469278,2302.588594,51.55487248,51.13675511,21.52632973,0.360482967,-1,119.6731043,97.48469957
2025-07-09T06:00:00+09:00,108580,108925.4,108570,108847.4,109230.3744,107719.3256,108122.838,108517.21,108474.85,NaN,108052.5,NaN,NaN,1,3,1167.495357,2237.603539,55.64434426,52.55166457,20.74889423,0.348568978,-1,129.4509202,103.5266445
2025-07-09T07:00:00+09:00,108847.4,108921.6,108761.7,108860,109223.9476,107837.5724,108133.29,108532.5667,108530.76,NaN,NaN,NaN,107400,1,3,597.0802488,2025.30028,55.83353661,52.61766196,20.13122091,0.281314392,-1,136.6415062,106.090511
2025-07-09T08:00:00+09:00,108860,108925.9,108764.4,108865.1,109215.6819,107946.3381,108139.9875,108546.675,108581.01,NaN,NaN,NaN,NaN,1,3,552.5843853,2008.255172,55.91550092,52.64487815,19.65428924,0.236983721,-1,141.1248256,111.5648735
2025-07-09T09:00:00+09:00,108865.1,108899.9,108722.1,108880,109210.8255,108040.3545,108146.651,108558.1833,108625.59,NaN,NaN,NaN,NaN,1,3,1044.166072,2002.123082,56.17141277,52.72586329,18.9871067,0.212400542,-1,144.2177417,120.4306893
2025-07-09T10:00:00+09:00,108880,109111.6,108672.3,108727.7,109200.0853,108107.7047,108153.216,108558.515,108653.895,NaN,NaN,NaN,NaN,1,3,2522.586065,2041.324317,52.79762908,51.80148643,18.31624301,0.276477665,-1,132.8481717,128.9878875
2025-07-09T11:00:00+09:00,108727.7,108794.5,108559.2,108571.7,109184.1798,108157.1302,108160.0915,108553.6167,108670.655,NaN,NaN,NaN,NaN,1,3,883.4837087,1989.352859,49.51694006,50.86896714,17.65988409,0.256824327,1,109.9820053,130.965824
2025-07-09T12:00:00+09:00,108571.7,108629.1,108294.9,108326.5,109190.1963,108141.6337,108163.281,108545.06,108665.915,NaN,NaN,NaN,NaN,1,3,2830.151947,2059.497998,44.80443135,49.44088705,17.08004752,0.274441026,1,71.2534475,124.2078067
2025-07-09T13:00:00+09:00,108326.5,108527.9,108295.5,108502.6,109167.1851,108194.5849,108168.136,108540.2983,108680.885,NaN,NaN,NaN,NaN,1,3,1239.4846,2014.415897,48.58868836,50.46052221,16.54806252,0.254059877,1,54.14641848,115.4820157
2025-07-09T14:00:00+09:00,108502.6,108895,108441.1,108731.4,109167.4194,108226.4206,108176.4075,108538.2983,108696.92,NaN,NaN,NaN,NaN,1,3,3494.017465,2128.0402,53.08890413,51.75110027,16.15301429,0.308167081,1,58.37827416,108.671479
2025-07-09T15:00:00+09:00,108731.4,108809.6,108630.1,108788.8,109169.3804,108226.7996,108185.067,108544.455,108698.09,109111.6,NaN,NaN,NaN,1,3,929.8096662,1993.869948,54.17268047,52.07087422,15.87860429,0.260335857,1,65.60746851,101.5777621
2025-07-09T16:00:00+09:00,108788.8,108830,108620.9,108654.8,109167.6739,108224.3361,108192.8115,108547.0583,108696.005,NaN,NaN,NaN,NaN,1,3,1245.131858,1938.07976,51.1989427,51.26123327,15.78123749,0.237919389,1,59.83424507,93.04362201
2025-07-09T17:00:00+09:00,108654.8,108785,108594.4,108612.1,109145.1558,108218.1742,108199.239,108547.155,108681.665,NaN,108294.9,NaN,NaN,1,3,970.3356694,1914.618242,50.2523001,51.00326075,15.61285043,0.217170914,1,51.22292476,83.05452191
2025-07-09T18:00:00+09:00,108612.1,108727.4,108505.3,108700.1,109112.3034,108223.8666,108206.8795,108539.475,108668.085,NaN,NaN,109164.7,NaN,1,3,1265.171843,1822.555569,52.21327399,51.51657969,15.3999279,0.21277128,1,50.91236983,72.68725837
2025-07-09T19:00:00+09:00,108700.1,108829,108650,108829,109114.8634,108270.4366,108215.7145,108533.7533,108692.65,NaN,NaN,NaN,NaN,1,3,688.7321847,1606.581101,55.01072646,52.26438361,15.27434242,0.196505585,1,60.37148069,64.6342927
2025-07-09T20:00:00+09:00,108829,109058.1,108829,108995.4,109113.4368,108349.3832,108224.8915,108531.345,108731.41,NaN,NaN,NaN,NaN,1,3,2766.820956,1662.654842,58.39659004,53.21532415,15.43344471,0.200867842,1,80.36854498,61.34390822
2025-07-09T21:00:00+09:00,108995.4,109455.7,108925.1,109280.6,109194.4446,108357.3254,108237.082,108539.7267,108775.885,NaN,NaN,NaN,NaN,1,4,5855.225676,1831.552481,63.47093424,54.79106972,15.99529355,0.295408766,1,117.8708769,66.5236226
2025-07-09T22:00:00+09:00,109280.6,109725,109088.1,109150,109230.7406,108342.1194,108248.321,108542.5867,108786.43,NaN,NaN,NaN,NaN,1,4,7778.924312,2014.298302,59.86981698,53.94177928,17.03304089,0.391677796,-1,135.4915543,75.56197102
2025-07-09T23:00:00+09:00,109150,109430,108468.4,108850.2,109196.6999,108351.6401,108258.3475,108535.1333,108774.17,NaN,NaN,NaN,NaN,1,4,10164.87542,2439.944719,52.5053835,52.05109244,17.8778651,0.55630969,1,123.8371955,82.8351845
2025-07-10T00:00:00+09:00,108850.2,109172.6,108747.7,109010.7,109222.42,108353.99,108267.7185,108529.535,108788.205,NaN,NaN,NaN,NaN,1,4,2962.500395,2514.602356,55.65057774,52.95231253,18.58255278,0.500253162,1,126.0984563,89.55640537
2025-07-10T01:00:00+09:00,109010.7,109418.3,108973.4,109346.1,109312.5687,108340.4513,108281.099,108534.04,108826.51,NaN,NaN,NaN,NaN,1,4,4296.0306,2662.730422,61.40275311,54.76599018,19.42589799,0.468103556,1,153.1886355,99.92911542
2025-07-10T02:00:00+09:00,109346.1,109399,108980.1,109102.4,109339.9981,108338.5219,108293.986,108535.1817,108839.26,NaN,NaN,NaN,NaN,1,4,3509.893106,2779.850309,55.74519829,53.24356397,20.28460268,0.440749841,1,153.2269397,111.2628949
2025-07-10T03:00:00+09:00,109102.4,109523.2,109078.4,109486,109445.3542,108295.7658,108309.1675,108547.695,108870.56,109725,NaN,NaN,NaN,1,4,3980.601354,2949.026364,61.72353655,55.24280908,21.02646005,0.428224403,-1,182.1113438,125.8405586
2025-07-10T04:00:00+09:00,109486,112000,109451,111708.9,110376.8413,107648.6587,108334.934,108592.4717,109012.75,NaN,108468.4,NaN,NaN,1,5,27612.44021,4302.019155,79.23184112,64.27831953,22.00652029,1.040409952,-1,379.9915882,161.3539039
2025-07-10T05:00:00+09:00,111708.9,111910,110530,110684.1,110646.7669,107559.1431,108356.478,108621.085,109102.955,NaN,NaN,NaN,NaN,1,5,9451.716995,4722.396702,64.56839208,58.70118907,23.09336332,1.115625769,-1,448.9451519,202.3068602
2025-07-10T06:00:00+09:00,110684.1,111243.3,110635.5,110788.1,110903.2322,107508.7178,108376.6175,108653.9967,109205.975,NaN,NaN,NaN,NaN,1,5,3633.826687,4777.958733,65.27083277,59.06910332,24.88524806,0.925923959,-1,506.1487115,245.4488419
2025-07-10T07:00:00+09:00,110788.1,111382.7,110788.1,111335.6,111249.6595,107438.6805,108403.93,108698.9967,109344.17,NaN,NaN,NaN,NaN,1,5,2025.163204,4835.042707,68.77987726,60.93916617,27.33439093,0.79226744,-1,588.8734523,295.8246083
2025-07-10T08:00:00+09:00,111335.6,111477,111176.3,111192.8,111493.7476,107481.2224,108430.344,108742.1083,109487.485,NaN,NaN,NaN,NaN,1,5,1697.282358,4778.399228,66.88172631,60.20676478,30.24479034,0.619000336,-1,635.5840219,352.6853668
2025-07-10T09:00:00+09:00,111192.8,111282.4,110862.1,110864.7,111643.8832,107567.2968,108454.4875,108784.845,109605.59,112000,NaN,NaN,NaN,1,5,1562.452802,4794.547638,62.60657029,58.55610452,33.32649591,0.540258414,-1,638.7642798,409.6482361
2025-07-10T10:00:00+09:00,110864.7,111311.9,110834.7,111138.8,111826.9093,107625.0107,108479.209,108828.96,109725.96,NaN,NaN,NaN,NaN,1,5,1666.641817,4703.178856,64.64006674,59.50298053,36.49597185,0.502408322,-1,655.842097,465.4986207
2025-07-10T11:00:00+09:00,111138.8,111529.6,111100,111171.4,111989.7172,107700.4628,108506.607,108878.9067,109845.09,NaN,NaN,NaN,NaN,1,5,2227.504952,4768.06362,64.88465651,59.61500579,39.2118008,0.463650771,-1,664.3487389,522.2899317
2025-07-10T12:00:00+09:00,111171.4,111172.8,110945,111034.1,112095.3002,107832.8098,108535.0165,108925.3567,109964.055,NaN,NaN,NaN,NaN,1,5,1062.788332,4758.946444,62.91091412,58.91432279,41.38499164,0.377870134,-1,652.4898546,574.5542107
2025-07-10T13:00:00+09:00,111034.1,111151.3,110909.9,111113.1,112181.5104,107996.6996,108561.2825,108978.2767,110089.105,NaN,NaN,NaN,NaN,1,5,944.8354017,4757.67143,63.59707504,59.1960183,43.03464172,0.324153019,-1,642.0649183,603.6734696
2025-07-10T14:00:00+09:00,111113.1,111131.2,110911,111059.1,112238.021,108176.089,108587.8885,109030.8333,110207.055,NaN,NaN,NaN,NaN,1,5,997.9973936,4744.312708,62.74261101,58.91416009,44.19203454,0.282298025,-1,622.2725618,622.9320707
2025-07-10T15:00:00+09:00,111059.1,111274.9,111055.1,111200.2,112296.9235,108354.3065,108615.998,109084.5033,110325.615,NaN,NaN,NaN,NaN,1,5,1147.602854,4767.256241,64.09989371,59.42943307,44.9403998,0.253847053,-1,610.930145,634.5744522
2025-07-10T16:00:00+09:00,111200.2,111395.9,111093.4,111186.5,112341.0499,108529.2901,108643.7175,109137.5917,110435.17,111529.6,NaN,NaN,NaN,1,5,1616.823714,4709.756379,63.85664964,59.35565018,45.60537322,0.259940688,-1,593.9885917,635.142801
2025-07-10T17:00:00+09:00,111186.5,111354.8,111075.8,111200,112387.46,108674.82,108672.973,109193.8833,110531.14,NaN,NaN,NaN,NaN,1,5,1041.280714,4469.059131,64.00161554,59.40634695,46.16755565,0.256905847,-1,575.0231173,628.4138116
2025-07-10T18:00:00+09:00,111200,111219.6,110980.8,111001.8,112377.1344,108870.3256,108699.6185,109242.08,110623.73,NaN,NaN,NaN,NaN,1,5,1076.571985,4133.941515,60.18498463,58.3161779,46.47346423,0.243286927,-1,537.8003312,617.1955951
2025-07-10T19:00:00+09:00,111001.8,111065.1,110831.1,111049.8,112293.6042,109173.8158,108725.5645,109293.415,110733.71,NaN,NaN,NaN,NaN,1,5,1873.380683,3719.366778,60.79474028,58.50443662,46.50510788,0.232359937,-1,506.3374608,600.5839689
2025-07-10T20:00:00+09:00,111049.8,111139.3,110924.4,110983.8,112178.8771,109485.8529,108749.8595,109339.59,110832.365,NaN,NaN,NaN,NaN,1,5,945.8840645,3618.535961,59.44663563,58.13589253,46.36092169,0.219542699,-1,470.651879,579.0620955
2025-07-10T21:00:00+09:00,110983.8,110983.8,110702.8,110822.1,112067.8592,109744.4708,108772.325,109382.5517,110906.165,NaN,NaN,NaN,NaN,1,5,2773.882439,3542.428553,56.1608299,57.23416175,45.81723361,0.2310952,-1,424.4303904,553.7221551
2025-07-10T22:00:00+09:00,110822.1,110994.1,110450,110761.1,111810.9977,110167.2023,108793.238,109434.4033,110989.1,NaN,NaN,NaN,NaN,1,5,5515.277098,3642.697753,54.92741758,56.89432047,44.67808118,0.31789413,-1,378.514063,524.4387267
2025-07-10T23:00:00+09:00,110761.1,111265,110600,111195.1,111525.0335,110624.0765,108814.469,109491.9583,111074.555,NaN,NaN,NaN,NaN,1,5,5390.711608,3713.203265,61.41954056,58.67642598,43.11483978,0.410451561,1,372.8472644,496.7248048
2025-07-11T00:00:00+09:00,111195.1,111356.1,110906.7,111340.9,111423.9672,110688.3428,108836.12,109549.9717,111056.155,NaN,NaN,112000,NaN,1,5,4265.301518,2545.846331,63.33041759,59.25412968,41.24611734,0.407817806,1,375.7892625,470.5980401
2025-07-11T01:00:00+09:00,111340.9,112668.2,111274.3,112580,111883.1229,110418.7771,108860.6315,109626.4983,111150.95,NaN,NaN,NaN,NaN,1,6,14725.686,2809.544781,74.76829538,63.66148557,39.701988,0.681600057,-1,472.6573321,457.116789
2025-07-11T02:00:00+09:00,112580,113752,112520,113673.1,112598.5653,109991.8347,108891.151,109718.3567,111295.2,NaN,NaN,NaN,NaN,1,6,11170.90447,3186.39867,80.5360696,66.88701652,38.79458317,0.811300325,-1,630.3635709,463.2657283
2025-07-11T03:00:00+09:00,113673.1,113700,112951.5,113387.7,112989.0418,109806.5682,108919.1865,109804.21,111397.805,NaN,110450,NaN,NaN,1,6,5903.151938,3380.298107,75.67225414,65.34115785,38.42275029,0.762269764,-1,723.9720079,483.9514701
2025-07-11T04:00:00+09:00,113387.7,113636.5,113055.5,113239.7,113277.8583,109722.4417,108948.185,109884.5167,111500.15,NaN,NaN,NaN,NaN,1,6,3875.848491,3489.226413,73.20331802,64.55139592,38.77745759,0.679867663,-1,777.2552903,514.0534512
2025-07-11T05:00:00+09:00,113239.7,113527.7,113206.5,113429.8,113567.0643,109689.7457,108978.6265,109971.6267,111628.405,NaN,NaN,NaN,NaN,1,6,1827.908676,3502.499207,74.36046471,65.10443378,39.97514544,0.546875749,-1,825.308514,553.459744
2025-07-11T06:00:00+09:00,113429.8,117500,113323.9,116465.3,114741.8078,109047.6522,109022.3475,110105.87,111894.73,NaN,NaN,NaN,NaN,1,6,29526.82789,4895.508511,85.28640751,72.17941046,42.03298574,1.550315884,-1,1095.699974,628.0452533
2025-07-11T07:00:00+09:00,116465.3,116473.2,115768.8,115984.1,115469.1585,108801.5715,109061.851,110226.1817,112135.365,NaN,NaN,NaN,NaN,1,6,7092.771522,5138.771839,79.50264545,69.88644284,44.81319117,1.240273477,-1,1256.672201,725.6183797
2025-07-11T08:00:00+09:00,115984.1,116077.7,115626,115973.2,116066.5391,108698.1009,109098.2495,110347.46,112382.32,NaN,NaN,NaN,NaN,1,6,2895.81838,5230.423342,79.37134087,69.83514319,47.69637499,0.956755544,-1,1367.599476,836.1464032
2025-07-11T09:00:00+09:00,115973.2,116045.3,115189.6,115555.2,116486.0996,108722.7504,109129.276,110458.3983,112604.425,NaN,NaN,NaN,NaN,1,6,4154.024287,5390.882786,74.30329172,67.88441783,50.30363021,0.886981587,-1,1405.578401,950.5674186
2025-07-11T10:00:00+09:00,115555.2,116038.5,115466.9,115921.8,116916.2611,108778.8589,109163.4815,110574.2333,112847.56,NaN,NaN,NaN,NaN,1,6,4179.954839,5549.980658,75.76487393,68.66799418,52.66004126,0.753814696,-1,1448.560426,1059.001096
2025-07-11T11:00:00+09:00,115921.8,116757.3,115675.3,116608.7,117424.7571,108811.2129,109199.0965,110712.0833,113117.985,117500,NaN,NaN,NaN,1,6,4524.140434,5718.807537,78.25999246,70.06500759,54.84912699,0.808879363,-1,1520.523433,1157.907747
2025-07-11T12:00:00+09:00,116608.7,116924,116315.3,116826.9,117898.3634,108901.6466,109235.186,110855.5283,113400.005,NaN,NaN,NaN,NaN,1,6,3161.728675,5796.052785,78.99962969,70.49165906,56.89898276,0.711921489,-1,1576.983071,1252.686754
2025-07-11T13:00:00+09:00,116826.9,116867.9,116432.7,116844.9,118299.8289,109064.6711,109273.9605,110996.425,113682.25,NaN,NaN,NaN,NaN,1,6,3262.262908,5907.101895,79.06291134,70.52703358,58.57078368,0.598694398,-1,1604.68241,1344.623101
2025-07-11T14:00:00+09:00,116844.9,118393.1,116844.9,117817.4,118802.1975,109243.8625,109316.077,111144.3967,114023.03,NaN,NaN,NaN,NaN,1,7,15070.90164,6606.818378,82.1861822,72.35486607,59.99848918,0.833857518,-1,1685.675541,1440.219437
2025-07-11T15:00:00+09:00,117817.4,118350,117574.9,117616,119170.3813,109532.2987,109358.6465,111286.4067,114351.34,NaN,NaN,NaN,NaN,1,7,5546.251923,6790.46194,79.53991898,71.41849511,61.27016699,0.776526576,-1,1713.855623,1508.903398
2025-07-11T16:00:00+09:00,117616,118090.1,117433.4,117519.5,119425.2702,109930.9798,109402.2105,111432.8983,114678.125,NaN,NaN,NaN,NaN,1,7,5415.94078,7013.964775,78.24000199,70.96926054,62.5237652,0.704376436,-1,1708.70491,1559.129255
2025-07-11T17:00:00+09:00,117519.5,118095,117519.5,117943,119637.0399,110431.3001,109447.448,111588.9483,115034.17,NaN,NaN,NaN,NaN,1,7,3705.10056,7060.525681,79.80022871,71.76492928,63.76132212,0.630547335,-1,1718.980507,1598.171591
2025-07-11T18:00:00+09:00,117943,118862.9,117861.1,118463.8,119811.7693,111026.8407,109495.0145,111749.2217,115419.305,NaN,NaN,NaN,NaN,1,7,8048.113969,7187.167525,81.55201101,72.70409889,64.98007192,0.700403242,-1,1748.986966,1636.328099
2025-07-11T19:00:00+09:00,118463.8,118463.8,117930,117965.8,119827.6637,111688.0163,109541.443,111900.985,115757.84,NaN,NaN,NaN,NaN,1,7,2705.015249,7052.882707,74.86608091,70.41770918,66.1688404,0.619741369,-1,1712.838329,1665.69231
2025-07-11T20:00:00+09:00,117965.8,118096.6,117583.1,117792.6,119696.1404,112464.7096,109587.402,112049.7767,116080.425,NaN,NaN,NaN,NaN,1,7,2300.138238,6954.624543,72.63569266,69.64016595,67.12054162,0.559080318,-1,1651.180698,1680.209784
2025-07-11T21:00:00+09:00,117792.6,118228.8,117701.4,117837.1,119654.4148,113032.1452,109632.8645,112199.0617,116343.28,NaN,NaN,NaN,NaN,1,7,1910.483474,6313.864417,72.85941604,69.72783637,67.77445323,0.521768465,-1,1587.60642,1681.390156
2025-07-11T22:00:00+09:00,117837.1,118166.7,117249.3,117969.3,119701.632,113414.548,109676.229,112353.0883,116558.09,NaN,NaN,NaN,NaN,1,7,4993.794765,6005.008932,73.55122874,69.99064321,67.8957353,0.606675821,-1,1530.251002,1673.119999
2025-07-11T23:00:00+09:00,117969.3,118157.1,117379.6,117850.8,119610.8402,113951.6498,109718.383,112507.74,116781.245,118862.9,NaN,NaN,NaN,1,7,3118.877397,5865.795205,71.78489013,69.43902505,67.60847084,0.624768051,-1,1458.422671,1647.869681
2025-07-12T00:00:00+09:00,117850.8,117959.7,116740.1,116917.1,119281.6985,114648.5315,109756.8305,112650.9167,116965.115,NaN,NaN,NaN,NaN,1,7,5029.169221,5923.461241,59.63298731,65.29948424,66.61857636,0.767549056,-1,1311.043521,1603.11278
2025-07-12T01:00:00+09:00,116917.1,117457.6,116618.6,117408.5,118821.725,115506.375,109797.281,112799.3483,117164.05,NaN,NaN,NaN,NaN,1,7,4767.588596,6070.445237,63.1669459,66.37638478,64.87794585,0.747757387,-1,1219.834859,1548.793886
2025-07-12T02:00:00+09:00,117408.5,117746.8,117250.5,117633.7,118859.7539,115585.1861,109835.9685,112947.72,117222.47,NaN,NaN,NaN,NaN,1,7,2526.774048,4720.442545,64.69247345,66.8575698,62.55028274,0.63818488,-1,1152.438501,1485.844774
2025-07-12T03:00:00+09:00,117633.7,117738,117291.9,117699.5,118854.2258,115762.2542,109875.467,113096.2317,117308.24,NaN,NaN,NaN,NaN,1,7,1747.069883,4453.157463,65.14669577,66.99843851,59.89876514,0.55155742,-1,1091.750888,1412.818543
2025-07-12T04:00:00+09:00,117699.5,118123.7,117405.1,118076.7,118865.126,115961.704,109918.0355,113253.2633,117413.415,NaN,NaN,NaN,NaN,1,7,2527.367652,4434.734927,67.71109135,67.79936965,57.06118655,0.56939279,-1,1061.852035,1340.486733
2025-07-12T05:00:00+09:00,118076.7,118076.7,117617.9,117617.9,118692.4274,116340.6726,109960.5245,113403.36,117516.55,NaN,NaN,NaN,NaN,1,7,1376.745387,4295.870982,61.75889827,65.8160218,54.31637332,0.511101466,-1,989.7267001,1266.991844
2025-07-12T06:00:00+09:00,117617.9,117856.9,117439.3,117590.6,118520.4736,116679.5064,109997.4095,113551.535,117599.99,NaN,116618.6,NaN,NaN,1,7,1369.744063,4155.360443,61.41295799,65.69927959,51.54176763,0.459190225,1,919.7615322,1192.786856
2025-07-12T07:00:00+09:00,117590.6,117630.2,117133,117589,118449.7378,116848.2722,110037.024,113697.535,117649.005,NaN,NaN,NaN,NaN,1,7,2935.242074,4075.915525,61.39125347,65.69230814,48.89074832,0.447073871,1,854.3362693,1117.685219
2025-07-12T08:00:00+09:00,117589,117649.8,117413.9,117499.9,118393.9348,116971.3752,110079.0895,113839.2767,117682.655,NaN,NaN,NaN,NaN,1,7,619.5432607,3948.806254,60.11707477,65.29841575,46.41690868,0.3651973,1,786.2334419,1042.997527
2025-07-12T09:00:00+09:00,117499.9,117627.4,117103.4,117365.9,118327.4978,117089.9122,110119.745,113974.0317,117708.705,NaN,NaN,NaN,NaN,1,7,1770.041315,3874.195175,58.16194956,64.7027974,43.92090897,0.392565167,1,713.227142,976.5734853
2025-07-12T10:00:00+09:00,117365.9,117647.3,117365.9,117608.8,118316.4196,117080.1304,110160.3415,114115.0117,117698.275,NaN,NaN,NaN,NaN,1,7,1054.633999,3173.381793,60.65955268,65.28868466,41.39314654,0.340925533,1,667.2771675,915.1781863
2025-07-12T11:00:00+09:00,117608.8,117766.5,117536.6,117563.5,118315.6131,117075.6869,110200.004,114260.2333,117695.65,NaN,NaN,NaN,NaN,1,7,660.7942694,2929.10891,59.94088109,65.08301654,38.71900628,0.292555897,1,620.0585018,856.0248531
2025-07-12T12:00:00+09:00,117563.5,117800,117563.4,117733.7,118321.1601,117091.5599,110239.9825,114405.6167,117706.36,NaN,NaN,NaN,NaN,1,7,549.5691244,2685.790327,61.77337794,65.49985347,35.93283654,0.261742646,1,589.5748349,800.2275139
2025-07-12T13:00:00+09:00,117733.7,117840,117531.8,117611.6,118295.9889,117083.5911,110278.6005,114543.375,117689.79,NaN,NaN,NaN,NaN,1,7,614.1615536,2531.243377,59.66474763,64.93217766,33.1857994,0.262025912,1,549.2326476,743.2698041
2025-07-12T14:00:00+09:00,117611.6,117673.3,117453.1,117644.3,118140.0958,117157.5342,110318.126,114685.74,117648.815,NaN,117103.4,118862.9,NaN,1,7,1778.658544,2217.770606,60.05797698,65.01507259,30.59167662,0.23702685,1,513.9750063,690.4085048
2025-07-12T15:00:00+09:00,117644.3,117936.3,117617,117800,118115.4539,117165.5961,110358.894,114824.3067,117640.525,NaN,NaN,NaN,NaN,1,7,1503.559751,2157.697831,61.9596306,65.41247849,28.31054746,0.24815992,1,492.914746,642.9810841
2025-07-12T16:00:00+09:00,117800,118015.9,117590,117696.2,118106.2994,117165.1106,110399.679,114924.095,117635.705,NaN,NaN,NaN,NaN,1,7,1616.171274,2123.499483,59.91174018,64.91067573,26.45207141,0.286207136,1,462.5169381,599.4456029
2025-07-12T17:00:00+09:00,117696.2,117886.7,117683,117874.7,118111.6701,117163.4999,110441.9615,115043.9383,117637.585,NaN,NaN,NaN,NaN,1,7,717.302255,2063.840422,62.22401396,65.37694155,24.98944266,0.248119358,1,447.6694597,561.8273826
2025-07-12T18:00:00+09:00,117874.7,118167.1,117820.8,118109.1,118141.5856,117147.5644,110485.2025,115165.955,117644.575,NaN,NaN,NaN,NaN,1,7,1715.651759,1899.933271,65.07298231,65.98288253,24.05238466,0.262819122,1,449.6337491,532.5392279
2025-07-12T19:00:00+09:00,118109.1,118109.1,117838.4,118018.3,118168.8641,117137.0359,110529.544,115277.3333,117652.95,NaN,NaN,NaN,NaN,1,7,5912.215248,2039.600164,63.0881114,65.52937552,23.57207699,0.251804621,1,438.8053861,507.1534744
2025-07-12T20:00:00+09:00,118018.3,118050,117580.1,117770,118087.179,117304.011,110572.348,115386.9533,117695.595,NaN,NaN,NaN,NaN,1,7,2172.155398,1896.749473,57.88818669,64.29575737,23.20341983,0.301223024,1,405.5135874,483.3151506
2025-07-12T21:00:00+09:00,117770,117814,117260.8,117500.7,118080.1591,117320.2509,110615.124,115497.5533,117700.205,NaN,NaN,NaN,NaN,1,7,3172.050704,1816.972578,52.80464943,62.9830057,22.94854613,0.358210834,1,353.3264108,457.0653257
2025-07-12T22:00:00+09:00,117500.7,117543,117200,117470.4,118084.1828,117299.8972,110657.637,115603.08,117692.04,NaN,NaN,NaN,NaN,1,7,5462.382178,1963.752985,52.24869085,62.83564981,22.65755892,0.336198303,1,305.9954158,430.0389666
2025-07-12T23:00:00+09:00,117470.4,117688.9,117290.1,117353.1,118093.6961,117255.7439,110699.468,115706.1083,117674.72,118167.1,NaN,NaN,NaN,1,7,4457.552541,2099.277117,50.05169552,62.25999332,22.15438313,0.337632604,1,256.0683353,401.3826698
2025-07-13T00:00:00+09:00,117353.1,117429.8,116888,117076.7,118077.212,117172.228,110741.479,115806.8183,117624.72,NaN,NaN,NaN,NaN,-1,1,3326.555903,2139.23653,45.22593281,60.91755413,21.73231064,0.379877651,1,191.9845162,367.9459776
2025-07-13T01:00:00+09:00,117076.7,117355,117016.5,117154.2,118098.3924,117104.6776,110783.6435,115907.5033,117601.535,NaN,NaN,NaN,NaN,-1,1,1284.093448,2134.603933,46.77548854,61.15727934,21.21009243,0.349396049,1,145.7708743,332.7519705
2025-07-13T02:00:00+09:00,117154.2,117510,117146.5,117442.5,118095.8097,117092.4503,110826.1395,116013.8933,117594.13,NaN,NaN,NaN,NaN,-1,1,797.2439353,2105.978927,52.19357691,62.04145649,20.44936504,0.335529952,1,130.9006891,297.5554405
2025-07-13T03:00:00+09:00,117442.5,117468,117333.2,117456.2,118092.7679,117082.2121,110869.1905,116118.16,117587.49,NaN,NaN,NaN,NaN,-1,1,451.4744069,1981.790543,52.4413332,62.0833253,19.74853516,0.261915939,1,118.8513908,260.8018451
2025-07-13T04:00:00+09:00,117456.2,117597.1,117402.2,117518.1,118093.1089,117083.6911,110912.5405,116223.6867,117588.4,NaN,NaN,NaN,NaN,-1,1,788.1588983,1990.221325,53.61112096,62.27525068,19.02705237,0.229800918,-1,112.9945173,224.6006374
2025-07-13T05:00:00+09:00,117518.1,117521.5,116972.7,116972.7,118133.6303,117003.8497,110954.0335,116319.8983,117568.74,NaN,116888,NaN,NaN,-1,1,620.3771009,1932.738115,43.46639743,59.56342869,18.55363101,0.310304697,-1,63.61041966,186.6113966
2025-07-13T06:00:00+09:00,116972.7,117514.9,116957.1,117438.5,118127.572,116992.878,111001.566,116427.1767,117560.225,NaN,NaN,NaN,NaN,-1,1,713.7920549,1915.696017,51.84704052,61.04245687,18.44413739,0.364373286,-1,61.35210475,154.169807
2025-07-13T07:00:00+09:00,117438.5,117514.9,117271.8,117338.8,118124.4736,116973.5064,111049.3875,116531.9933,117548.99,NaN,NaN,NaN,NaN,-1,1,311.5875143,1898.23568,50.13393988,60.55847668,18.39148515,0.312181206,-1,50.93032407,125.8292413
2025-07-13T08:00:00+09:00,117338.8,117422,117168.7,117372.6,118104.7612,116957.1088,111098.5365,116638.4733,117530.935,NaN,NaN,NaN,NaN,-1,1,464.0933706,1893.961892,50.7283176,60.66640505,18.4608404,0.279997024,-1,44.88100503,102.3639824
2025-07-13T09:00:00+09:00,117372.6,117414.6,117210.4,117272.8,118097.2223,116930.7677,111146.893,116745.985,117513.995,NaN,NaN,NaN,NaN,-1,1,586.6680884,1892.587219,48.87585126,60.17011967,18.78857918,0.244864843,-1,31.66879205,84.55112412
2025-07-13T10:00:00+09:00,117272.8,117614.8,117177.1,117506.1,118087.2398,116926.9302,111195.271,116858.4017,117507.085,NaN,NaN,NaN,NaN,-1,1,960.5141713,1851.68,53.18011696,60.93278622,19.09510645,0.287082888,-1,39.56727143,72.7507238
2025-07-13T11:00:00+09:00,117506.1,117761,117358.3,117571,118061.0662,116930.2038,111245.822,116964.6667,117495.635,NaN,116957.1,NaN,NaN,-1,1,605.5019908,1806.777112,54.33197732,61.1440708,19.3544909,0.30545509,-1,50.48183765,63.81529586
2025-07-13T12:00:00+09:00,117571,117766,117555.1,117700.1,118061.5403,116930.1197,111297.1455,117070.6533,117495.83,NaN,NaN,NaN,NaN,-1,1,575.5605981,1754.746578,56.61832389,61.56616123,19.26573246,0.263141438,-1,68.75641987,58.24918798
2025-07-13T13:00:00+09:00,117700.1,117846.7,117642.2,117840.2,118055.3767,116932.8333,111348.094,117158.3233,117494.105,NaN,NaN,NaN,NaN,-1,1,512.9795971,1744.530445,59.01626215,62.02317949,18.93953046,0.23306576,-1,93.46663193,56.07942294
2025-07-13T14:00:00+09:00,117840.2,117868.4,117655,117720.8,117972.8391,116976.5409,111397.372,117225.785,117474.69,NaN,NaN,118167.1,NaN,-1,1,911.6489559,1704.330305,56.16680416,61.38810445,18.42159232,0.215960225,1,102.2365516,60.37121537
2025-07-13T15:00:00+09:00,117720.8,117944.8,117700,117838.7,117929.637,117001.783,111445.63,117299.9683,117465.71,NaN,NaN,NaN,NaN,-1,1,805.7093974,1449.005013,58.3074423,61.78255898,17.7447589,0.213076635,1,117.3476105,66.59293823
2025-07-13T16:00:00+09:00,117838.7,118026.8,117803.6,117939.9,117965.5219,116982.8881,111495.6705,117378.305,117474.205,NaN,NaN,NaN,NaN,-1,1,826.4735318,1381.720919,60.10827882,62.12162843,17.01072323,0.205012178,1,135.922399,76.03650211
2025-07-13T17:00:00+09:00,117939.9,117957.1,117706.1,117848,118009.2478,116973.8922,111544.2105,117451.9417,117491.57,NaN,NaN,NaN,NaN,-1,1,638.9591421,1255.066341,57.67214287,61.61486831,16.32896168,0.207776773,-1,141.5952687,86.78253141
2025-07-13T18:00:00+09:00,117848,117854.3,117650,117695,118027.8457,116977.7543,111593.0115,117472.4367,117502.8,NaN,NaN,NaN,NaN,-1,1,607.6853086,1012.331498,53.76526679,60.77231739,15.76546349,0.196559339,-1,132.2210751,97.9550073
2025-07-13T19:00:00+09:00,117695,117799.3,117690.5,117704.2,118047.679,116993.031,111641.4665,117501.105,117520.355,NaN,NaN,NaN,NaN,-1,1,351.3310945,807.0204254,53.96720198,60.80521695,15.30416115,0.161841019,-1,124.1037318,107.3479473
2025-07-13T20:00:00+09:00,117704.2,118047.6,117704.1,118029.2,118098.4673,117037.4927,111691.162,117535.3717,117567.98,NaN,NaN,NaN,116888,-1,1,878.2056286,684.6029117,60.52613911,61.95584718,15.14379595,0.204606813,-1,142.2556282,117.5450352
2025-07-13T21:00:00+09:00,118029.2,118643,117935,118359.9,118226.6498,117029.8802,111742.5855,117582.1167,117628.265,NaN,NaN,NaN,NaN,1,1,4281.833631,834.4899208,65.85706308,63.08163275,15.60012991,0.33541528,-1,181.2366795,130.0428418
2025-07-13T22:00:00+09:00,118359.9,118719.4,118100,118560,118399.8917,116968.3883,111794.957,117626.0867,117684.14,NaN,NaN,NaN,NaN,1,1,3640.570396,976.6562439,68.61866966,63.7443244,16.56166281,0.397378087,-1,225.6744072,144.7325946
2025-07-13T23:00:00+09:00,118560,119385.4,118319.4,118722.8,118585.1032,116909.8368,111847.4485,117661.3217,117747.47,NaN,NaN,NaN,NaN,1,1,11396.01496,1523.883271,70.69543849,64.27689884,18.0795243,0.563852077,-1,270.9053971,163.4735775
2025-07-14T00:00:00+09:00,118722.8,119080.2,118486,118626,118715.6606,116890.0694,111900.6,117691.3067,117802.865,NaN,NaN,NaN,NaN,1,1,2857.610073,1627.35583,67.82142148,63.70885751,20.25496852,0.543175455,-1,295.533604,183.2720212
2025-07-14T01:00:00+09:00,118626,118945.5,118463.5,118472.7,118751.1329,117004.5971,111953.147,117718.4367,117877.865,NaN,NaN,NaN,NaN,1,1,1422.0886,1667.441405,63.42395306,62.8114586,23.07996183,0.498200466,-1,299.2322436,201.4175595
2025-07-14T02:00:00+09:00,118472.7,118787.7,118330.1,118630,118844.5967,117030.2833,112006.152,117731.98,117937.44,NaN,NaN,NaN,NaN,1,1,1080.702474,1685.786926,65.86936202,63.35218211,26.31085479,0.4602723,-1,311.2681323,220.2700999
2025-07-14T03:00:00+09:00,118630,119000,118527.8,118933.3,118978.509,117055.821,112060.658,117753.935,118017.165,NaN,NaN,NaN,NaN,1,1,1878.322313,1764.123666,70.03008343,64.3718481,29.68878122,0.438408771,-1,341.3456162,243.50616
2025-07-14T04:00:00+09:00,118933.3,119450,118858.1,118916,119083.7033,117104.9667,112114.9655,117777.21,118094.335,NaN,NaN,NaN,NaN,1,1,3363.559292,1909.096962,69.50957563,64.26772878,32.95036888,0.45823047,-1,359.6405609,269.6769188
2025-07-14T05:00:00+09:00,118916,119338.5,118774.6,119033.1,119176.9027,117187.7973,112169.6855,117795.3783,118182.35,NaN,NaN,NaN,NaN,1,1,1267.345148,1943.130815,71.07663994,64.66267201,35.97452223,0.463097713,-1,379.2170497,296.0059656
2025-07-14T06:00:00+09:00,119033.1,119033.2,118439.5,118593.7,119195.7322,117277.7278,112222.2745,117797.5433,118236.73,NaN,NaN,NaN,NaN,1,1,2192.885072,2004.74936,58.8534836,62.03617416,38.2404337,0.476747958,-1,355.1813409,315.3331502
2025-07-14T07:00:00+09:00,118593.7,118726.8,118193.1,118457,119193.6634,117368.3966,112273.857,117805.73,118281.03,NaN,NaN,NaN,NaN,1,1,2219.028565,2085.425689,55.64726278,61.24610487,39.603701,0.46837983,-1,321.3974512,325.969044
2025-07-14T08:00:00+09:00,118457,119150,118327.8,119027.9,119274.4239,117420.4161,112328.916,117826.3183,118347.42,NaN,NaN,NaN,NaN,1,1,1741.030412,2143.699179,64.37581807,63.24191587,40.37702336,0.541009682,-1,336.8078231,333.2915358
2025-07-14T09:00:00+09:00,119027.9,119431,118872.3,119017.6,119346.4216,117466.1584,112383.7795,117845.9933,118406.29,119450,NaN,NaN,NaN,1,1,1920.893055,2214.094852,64.1306019,63.18198793,40.90354499,0.517179792,-1,344.2215581,338.7013084
2025-07-14T10:00:00+09:00,119017.6,119198.5,118870,119052.5,119397.8892,117547.8608,112438.9045,117864.0467,118472.875,NaN,NaN,NaN,NaN,1,1,1308.273066,2233.926058,64.62233384,63.30227157,41.12914696,0.436661683,-1,348.8913327,344.218985
2025-07-14T11:00:00+09:00,119052.5,120010,118924.2,119628.4,119567.4635,117557.2565,112497.328,117893.6733,118562.36,NaN,NaN,NaN,NaN,1,2,7493.491483,2568.315162,71.55264281,65.2165094,41.19315703,0.592254376,-1,394.5147591,353.4686102
2025-07-14T12:00:00+09:00,119628.4,121625,119568,120742.4,120045.8824,117359.0876,112560.6195,117957.4283,118702.485,NaN,118193.1,NaN,NaN,1,2,24440.26291,3749.004631,79.79707115,68.46473477,41.423109,0.959069023,-1,514.6298111,372.7224096
2025-07-14T13:00:00+09:00,120742.4,121399.4,120540.6,121375.4,120600.2373,117157.4727,112627.334,118023.5433,118878.855,NaN,NaN,NaN,NaN,1,2,4477.738267,3940.943587,82.84028156,70.08517431,42.1620049,0.871897137,-1,653.3680448,405.3587968
2025-07-14T14:00:00+09:00,121375.4,122717.7,121114.3,122444.7,121352.4769,116880.2031,112699.401,118103.7267,119116.34,NaN,NaN,NaN,NaN,1,2,12492.80084,4535.199363,86.53115092,72.52018487,43.66776777,1.012684985,-1,839.9205864,456.5480786
2025-07-14T15:00:00+09:00,122444.7,122451.4,122025.3,122111,121826.8364,116846.5236,112769.3,118177.2517,119336.68,NaN,NaN,NaN,NaN,1,2,3749.960934,4705.130855,80.69775702,70.6871681,45.67105526,0.79328321,-1,949.8882975,522.6266293
2025-07-14T16:00:00+09:00,122111,123240,122084.2,122724.1,122388.0684,116754.7816,112842.192,118254.7083,119571.425,NaN,NaN,NaN,NaN,1,2,9119.792577,5117.210203,82.96939302,72.01389037,48.06112417,0.840142542,-1,1074.12866,606.2634304
2025-07-14T17:00:00+09:00,122724.1,122770.6,122285.1,122565.8,122824.1339,116739.3061,112914.243,118337.1733,119781.72,NaN,NaN,NaN,NaN,1,2,2802.341316,5043.235587,80.34034254,71.16491978,50.80485742,0.69285634,-1,1146.599273,696.2402582
2025-07-14T18:00:00+09:00,122565.8,122575.8,121872.8,121981.4,123084.6298,116820.9502,112983.408,118410.3533,119952.79,NaN,NaN,NaN,NaN,1,2,3918.243092,5057.119222,71.35160435,68.13767313,53.39562994,0.656222952,-1,1143.692782,785.0703941
2025-07-14T19:00:00+09:00,121981.4,122148.9,121643.3,121911.9,123301.5654,116922.9246,113052.966,118482.4017,120112.245,NaN,NaN,NaN,NaN,1,2,2905.982456,4632.617597,70.34363085,67.78759778,55.50766224,0.575973275,-1,1122.837921,871.0644594
2025-07-14T20:00:00+09:00,121911.9,121912,121365.5,121490,123422.083,117088.807,113120.4595,118548.9033,120255.445,NaN,NaN,NaN,NaN,1,2,3226.597129,4651.06695,64.39638035,65.6959321,57.03420537,0.535259397,-1,1060.046928,945.0124782
2025-07-14T21:00:00+09:00,121490,121915.9,121423,121901.5,123559.9814,117293.7886,113190.2815,118624.4967,120426.885,123240,NaN,NaN,NaN,1,2,1940.717183,4676.998379,67.30027311,66.71842672,57.93844262,0.490415973,-1,1031.597609,1002.453345
2025-07-14T22:00:00+09:00,121901.5,122110,121164.6,121690.1,123645.1852,117514.5948,113258.9805,118692.5183,120579.89,NaN,NaN,NaN,NaN,1,2,4266.1985,4836.27318,64.39454274,65.69155793,58.12967004,0.586475771,-1,980.6883413,1038.822266
2025-07-14T23:00:00+09:00,121690.1,121960.3,120633.3,121178,123671.2093,117713.0407,113324.5215,118752.76,120692.125,NaN,NaN,NaN,NaN,1,2,6019.998481,5043.356989,57.87571736,63.28297992,57.36997167,0.757663906,-1,888.7749452,1044.250529
2025-07-15T00:00:00+09:00,121178,121178,119593,119876.7,123632.8704,117847.4496,113383.929,118788.4767,120740.16,NaN,NaN,NaN,NaN,1,2,7612.201089,5255.789078,45.32054349,57.78684212,55.75197067,0.951323022,-1,702.8271284,1016.799287
2025-07-15T01:00:00+09:00,119876.7,120305.7,119236.4,120276.1,123597.4097,118007.2103,113445.4685,118832.885,120802.31,NaN,NaN,NaN,NaN,1,2,7757.173077,5580.280475,48.97894284,58.90510533,53.69480826,0.928455249,-1,580.9930596,962.006443
2025-07-15T02:00:00+09:00,120276.1,120515,119752.5,119880,123510.5948,118222.6552,113505.855,118870.1467,120866.625,NaN,NaN,NaN,NaN,1,2,3482.56129,5644.764286,45.71244176,57.36657266,51.28254117,0.833032902,-1,447.3202928,884.3087785
2025-07-15T03:00:00+09:00,119880,120167.9,119588,119623,123399.8074,118450.0426,113564.277,118900.53,120924.925,NaN,NaN,NaN,NaN,1,2,1853.725568,5626.499136,43.67708738,56.39102851,48.74658808,0.7181394,-1,316.9918255,792.4531167
2025-07-15T04:00:00+09:00,119623,120074.6,119567.2,119920.6,123335.7947,118603.3253,113623.787,118937.6033,120969.56,NaN,NaN,NaN,NaN,1,2,2044.152017,5641.655216,46.63991649,57.25038794,46.10389876,0.618609255,-1,235.0103559,693.8056095
2025-07-15T05:00:00+09:00,119920.6,120420,119500,120143.8,123253.1395,118798.6005,113683.5585,118975.4217,121025.87,NaN,NaN,NaN,NaN,1,2,2239.670871,5657.594107,48.81468397,57.88578301,43.3522009,0.666889694,-1,185.9068073,596.6789295
2025-07-15T06:00:00+09:00,120143.8,120220.8,119810.2,120018.1,123165.9645,118982.3355,113740.11,119007.2383,121074.15,NaN,119236.4,NaN,NaN,1,2,1097.450073,5647.052957,47.63716475,57.39534484,40.76473977,0.559097125,-1,135.2894195,497.0891306
2025-07-15T07:00:00+09:00,120018.1,120278.1,119900,120030.1,123137.2827,119051.1873,113795.9325,119040.7683,121094.235,NaN,NaN,NaN,NaN,1,2,753.0489467,5310.03083,47.76670228,57.43049375,38.29174259,0.477695593,-1,95.04742722,398.6845846
2025-07-15T08:00:00+09:00,120030.1,120038.7,119739,119827.7,123160.7835,118936.2165,113850.8715,119075.0633,121048.5,NaN,NaN,NaN,NaN,1,2,993.5979901,4137.697585,45.71259876,56.62612413,35.90143224,0.402371348,-1,46.28977025,305.0751207
2025-07-15T09:00:00+09:00,119827.7,119914.9,119046.9,119440.4,123169.8852,118733.6148,113904.132,119107.3917,120951.75,NaN,NaN,NaN,NaN,1,2,2698.299362,4048.725639,41.99142971,55.11813079,33.92979085,0.511358151,-1,-23.33391849,224.39056
2025-07-15T10:00:00+09:00,119440.4,119494.6,118385.1,118485.9,123106.1931,118401.4269,113952.3045,119124.3167,120753.81,NaN,NaN,NaN,NaN,-1,1,4831.728557,3665.672025,34.53097287,51.65717154,32.4627192,0.655784484,-1,-153.7589291,142.7514501
2025-07-15T11:00:00+09:00,118485.9,118874.6,117842.8,118270.1,123062.0752,118061.4548,114001.558,119139.6,120561.765,NaN,NaN,NaN,NaN,-1,1,7023.491177,3829.348538,33.09917371,50.91924303,31.55602206,0.728790651,-1,-271.4063428,62.89293503
2025-07-15T12:00:00+09:00,118270.1,118270.1,116880,117202.6,122981.6761,117589.7039,114045.078,119141.6983,120285.69,NaN,NaN,123240,NaN,-1,1,9051.799832,3825.9489,27.11071129,47.49324726,31.45842225,0.885641008,-1,-445.6439878,-21.84437756
2025-07-15T13:00:00+09:00,117202.6,117530.1,116297.5,117499.9,122775.3956,117289.3944,114089.546,119147.46,120032.395,NaN,NaN,NaN,NaN,-1,1,7426.515493,4057.157609,30.8623786,48.47878408,32.15966536,0.938607487,-1,-553.36016,-109.4411015
2025-07-15T14:00:00+09:00,117499.9,117764.7,116978,117339.5,122628.5844,116972.0156,114130.439,119145.7433,119800.3,NaN,NaN,NaN,NaN,-1,1,3296.881799,4026.089545,29.96621633,47.98275496,33.49370398,0.850076265,-1,-644.2425152,-201.6799152
2025-07-15T15:00:00+09:00,117339.5,117339.6,116751.6,117048.2,122452.9183,116661.3117,114169.8185,119138.9433,119557.115,NaN,NaN,NaN,NaN,-1,1,3837.295598,4072.655202,28.35586385,47.08950998,35.35891416,0.735580293,-1,-731.3424515,-297.9723453
2025-07-15T16:00:00+09:00,117048.2,117265,116390.6,116777,122315.1504,116327.7796,114208.004,119126.5917,119321.465,NaN,NaN,NaN,NaN,-1,1,3414.07593,4082.029142,26.90617473,46.27086228,37.49373131,0.741118253,-1,-812.8829435,-398.8534976
2025-07-15T17:00:00+09:00,116777,116870.4,116315,116766.8,122009.6319,116119.8281,114247.9495,119123.16,119064.73,NaN,NaN,NaN,NaN,-1,1,2930.219024,4131.504234,26.85057397,46.23999801,39.71037584,0.652671628,-1,-868.3179962,-500.4765827
2025-07-15T18:00:00+09:00,116766.8,117217.4,116701.7,116771.4,121665.5247,115972.0653,114286.9145,119112.0417,118818.795,NaN,116297.5,NaN,NaN,-1,1,2172.652925,4026.826955,26.9239149,46.25650192,41.68768091,0.582307982,-1,-901.4877042,-598.0492256
2025-07-15T19:00:00+09:00,116771.4,117225.5,116746.1,117062.6,121340.3276,115885.7224,114325.7405,119107.4383,118613.025,NaN,NaN,NaN,NaN,-1,1,1295.54897,3790.604479,31.59926831,47.30196896,43.30218304,0.523747797,-1,-893.9723735,-680.2951639
2025-07-15T20:00:00+09:00,117062.6,117170,116340.6,117115.9,121211.9287,115738.0413,114364.587,119103.16,118474.985,NaN,NaN,NaN,NaN,-1,1,2937.049023,3556.846876,32.45114684,47.49281967,44.60362832,0.585068745,-1,-873.6447226,-747.2105394
2025-07-15T21:00:00+09:00,117115.9,117462.3,116400.1,117180.2,120981.2998,115659.0802,114405.109,119101.6167,118320.19,NaN,NaN,NaN,NaN,-1,1,8043.48719,3571.162582,33.52670179,47.72596357,45.56428233,0.691987512,-1,-842.6330904,-791.3204397
2025-07-15T22:00:00+09:00,117180.2,118450.9,117138.8,118066.4,120793.6657,115665.3543,114450.2715,119110.955,118229.51,NaN,NaN,NaN,NaN,-1,1,8344.190938,3814.244064,46.2333985,50.79958069,45.72632311,0.828303593,-1,-738.0395542,-811.8403724
2025-07-15T23:00:00+09:00,118066.4,118438.6,115687,115975.4,120706.0178,115388.2422,114486.4725,119084.3617,118047.13,NaN,NaN,NaN,NaN,-1,2,12655.37504,4354.326538,31.11836352,44.49759516,45.46843497,1.353015803,-1,-814.4857631,-830.7562888
2025-07-16T00:00:00+09:00,115975.4,116747,115754.7,116391.9,120476.6778,115264.7122,114523.3205,119062.5583,117870.695,NaN,NaN,NaN,NaN,-1,2,7330.53686,4618.64578,35.6324121,45.86320192,44.81923592,1.182966334,-1,-831.8725563,-841.9263004
2025-07-16T01:00:00+09:00,116391.9,117721.7,116367,117190.2,120123.6654,115322.3646,114564.435,119051.725,117723.015,NaN,NaN,NaN,NaN,-1,2,8000.631579,4906.693815,43.30191118,48.3497248,43.68491965,1.168599987,-1,-772.3326073,-837.4207075
2025-07-16T02:00:00+09:00,117190.2,117578.4,117127.3,117420.6,119751.9499,115434.3301,114607.471,119046.7217,117593.14,NaN,NaN,NaN,NaN,-1,2,1747.110771,4939.17685,45.32668358,49.03933891,42.11439621,0.905596157,-1,-698.5035007,-818.5524303
2025-07-16T03:00:00+09:00,117420.6,117436,116045.2,116735,119302.2605,115554.5095,114647.968,119028.3267,117428.385,118450.9,NaN,NaN,NaN,-1,2,6531.729155,5228.110861,40.67213296,47.12792394,40.31876958,1.00441538,-1,-687.3917676,-794.7639929
2025-07-16T04:00:00+09:00,116735,117229.2,116300,116430.6,118821.7891,115695.2709,114687.0905,119003.1717,117258.53,NaN,115687,NaN,NaN,-1,2,3361.778392,5346.519881,38.76859141,46.30981322,38.49678999,0.937384899,-1,-695.1350905,-772.6709614
2025-07-16T05:00:00+09:00,116430.6,116705.7,116188,116412.4,118349.3727,115864.8873,114727.65,118979.245,117107.13,NaN,NaN,NaN,NaN,-1,2,2456.247222,5334.417274,38.65211176,46.26079827,37.13401968,0.773258326,1,-694.7318809,-752.7917568
2025-07-16T06:00:00+09:00,116412.4,117582.9,116344.1,117536.7,118150.9361,115968.4039,114772.874,118976.6067,117059.67,NaN,NaN,NaN,NaN,-1,2,2183.466978,5202.004195,48.87157251,49.62321521,35.52702994,0.861897362,1,-596.8110542,-725.4781972
2025-07-16T07:00:00+09:00,117536.7,117842.8,117230,117803,118039.3901,116033.2399,114821.016,118978.2533,117036.315,NaN,NaN,NaN,NaN,-1,2,2256.409772,4963.650125,50.95554469,50.37399652,33.64615444,0.74669616,1,-492.0478874,-698.1457898
2025-07-16T08:00:00+09:00,117803,117956.5,117485.4,117734.4,118109.4546,116016.3554,114868.4525,118973.34,117062.905,NaN,NaN,NaN,NaN,-1,2,2150.047767,4618.562521,50.3858065,50.17734448,31.88609274,0.631466803,1,-409.8334646,-653.1844233
2025-07-16T09:00:00+09:00,117734.4,118181.5,117406.1,118109.2,118221.336,115965.404,114919.309,118969.1617,117093.37,NaN,NaN,NaN,NaN,-1,2,2008.191506,4347.646322,53.44832911,51.23902716,30.30628699,0.638478996,1,-310.8514129,-595.2931851
2025-07-16T10:00:00+09:00,118109.2,118200,117575.1,117730.4,118270.423,115955.407,114968.4325,118955.335,117112.915,NaN,NaN,NaN,NaN,-1,2,1446.322537,4255.118359,50.08349929,50.13675382,28.64487811,0.603951873,1,-259.9765699,-538.3647365
2025-07-16T11:00:00+09:00,117730.4,117767,117019.7,117330.9,118287.9511,115966.1489,115015.187,118932.1367,117127.05,NaN,NaN,NaN,NaN,-1,2,2469.148185,4186.710988,46.74137964,49.00184104,26.86773777,0.616311052,1,-249.0236124,-488.4225267
2025-07-16T12:00:00+09:00,117330.9,117533.9,117227.7,117489.5,118322.1498,116003.2002,115062.6285,118913.195,117162.675,NaN,NaN,NaN,NaN,-1,2,922.9722993,4062.155807,48.21868901,49.46543318,24.9606445,0.497192404,1,-224.9525077,-437.0403867
2025-07-16T13:00:00+09:00,117489.5,117704,117271.3,117614.5,118365.5261,116044.5939,115111.5885,118898.8917,117205.06,NaN,NaN,NaN,NaN,-1,2,1111.917362,3971.240724,49.40976576,49.83234947,23.17265523,0.453741599,1,-193.5583087,-381.3096332
2025-07-16T14:00:00+09:00,117614.5,117999.7,117614.5,117859.3,118435.3972,116083.5128,115160.335,118886.0467,117259.455,NaN,NaN,NaN,NaN,-1,2,1932.388238,3959.227489,51.75046657,50.55014332,21.64327445,0.410809563,1,-147.2277163,-320.4758371
2025-07-16T15:00:00+09:00,117859.3,118284.9,117744.4,118263.4,118569.3957,116069.5943,115211.8035,118874.8817,117319.495,NaN,NaN,NaN,NaN,-1,2,1581.544911,3973.527286,55.41742889,51.71434017,20.42051792,0.425280786,1,-77.01511289,-262.7207325
2025-07-16T16:00:00+09:00,118263.4,118280,117861.9,118151,118667.9872,116074.5128,115261.492,118862.1317,117371.25,NaN,NaN,NaN,NaN,-1,2,2086.963424,3931.023006,54.18390997,51.3709316,19.4060855,0.401746644,1,-30.09395511,-211.3925178
2025-07-16T17:00:00+09:00,118151,118761.6,118114.8,118673.4,118856.9556,116034.8644,115313.637,118856.1367,117445.91,NaN,NaN,NaN,NaN,1,1,2816.369466,3669.66712,58.77657769,52.85623808,18.74524208,0.448327189,-1,48.68352128,-160.4461861
2025-07-16T18:00:00+09:00,118673.4,119182.3,118673.3,119174.2,119082.1774,115920.4226,115371.258,118865.8117,117501.3,NaN,NaN,NaN,NaN,1,1,4574.831172,3481.199132,62.64264134,54.22449992,18.5682201,0.439997426,-1,149.7988259,-109.2628262
2025-07-16T19:00:00+09:00,119174.2,119285.9,118708.2,118710,119138.3332,116137.7268,115426.099,118870.0283,117638.03,NaN,NaN,NaN,115687,1,1,2258.784912,2961.369625,57.28028551,52.77516018,18.8587179,0.456694697,-1,190.2829098,-59.23399512
2025-07-16T20:00:00+09:00,118710,118891.9,118614.9,118741.1,119214.4304,116296.5496,115480.504,118865.2483,117755.49,NaN,NaN,NaN,NaN,1,1,1588.979503,2674.291758,57.54251394,52.86133137,19.58448979,0.382143602,-1,222.3136547,-6.863187664
2025-07-16T21:00:00+09:00,118741.1,119061.1,118555,118583.5,119302.4173,116347.8927,115533.4795,118858.0133,117825.155,NaN,NaN,NaN,NaN,1,1,2584.123727,2403.466365,55.67737704,52.36702058,20.66017708,0.397363611,-1,232.3033989,43.94302418
2025-07-16T22:00:00+09:00,118583.5,118914.7,118144.1,118660.7,119395.0789,116379.2411,115585.975,118851.4833,117887.16,NaN,NaN,NaN,NaN,1,1,5480.301648,2590.125909,56.42250341,52.58871748,21.67984863,0.481208284,-1,243.641194,92.5207467
2025-07-16T23:00:00+09:00,118660.7,119230,118175.4,119013.2,119487.6823,116514.4577,115639.8585,118841.23,118001.07,NaN,NaN,NaN,NaN,1,1,5445.32253,2535.805578,59.74985313,53.59543868,22.76441089,0.615228741,-1,277.8672021,139.7535154
2025-07-17T00:00:00+09:00,119013.2,119755.1,118311.6,119059.4,119500.5917,116764.4283,115693.049,118813.18,118132.51,NaN,NaN,NaN,NaN,1,1,12368.46428,2986.139872,60.1790097,53.72689874,23.89568065,0.814133344,-1,305.201343,182.2220105
2025-07-17T01:00:00+09:00,119059.4,119288.9,118444,119253.8,119478.9946,117070.1654,115748.302,118777.82,118274.58,NaN,NaN,NaN,NaN,1,1,3767.875112,3051.721266,62.0143106,54.28321019,24.94858169,0.778033782,-1,338.6465947,223.1931827
2025-07-17T02:00:00+09:00,119253.8,119672.8,118944,119046.3,119549.2442,117150.8758,115801.48,118721.18,118350.06,NaN,NaN,NaN,NaN,1,1,3063.995985,3095.747717,58.89417078,53.58130355,26.00501008,0.723659534,-1,344.4382125,256.0548151
2025-07-17T03:00:00+09:00,119046.3,119887,118850.1,119478.1,119700.5521,117167.0779,115855.0435,118677.2983,118433.815,NaN,NaN,NaN,NaN,1,1,3136.525959,3139.753526,63.05936893,54.82226325,27.17742625,0.769982058,-1,379.496167,281.5767419
2025-07-17T04:00:00+09:00,119478.1,119607,118800,119193.7,119772.0769,117241.4831,115907.5295,118618.4583,118506.78,NaN,NaN,NaN,NaN,1,1,2432.988951,3153.900585,58.83102499,53.85423858,28.36398304,0.740229242,-1,379.9513033,302.6510078
2025-07-17T05:00:00+09:00,119193.7,119909.6,118902.4,119875,119978.0331,117212.1069,115962.41,118573.6117,118595.07,NaN,NaN,NaN,NaN,1,1,2105.559853,3158.769003,64.90245396,55.76437874,29.90656879,0.770750989,-1,430.3266801,325.7635662
2025-07-17T06:00:00+09:00,119875,120043.1,119176.5,119264.4,120024.2215,117319.3185,116013.8735,118528.3283,118671.77,NaN,NaN,NaN,NaN,1,1,2648.497089,3218.87773,56.81540512,53.72958606,31.68796544,0.758671628,-1,416.1817283,346.1944917
2025-07-17T07:00:00+09:00,119264.4,119469,118552.5,118631.6,119942.1859,117531.4241,116065.343,118473.6567,118736.805,NaN,NaN,NaN,NaN,1,1,2268.821531,3208.861397,49.87890759,51.73252436,33.08170223,0.765998922,-1,349.8769173,357.9984609
2025-07-17T08:00:00+09:00,118631.6,118809,118380.5,118602.4,119856.8825,117728.0175,116117.254,118425.53,118792.45,NaN,NaN,NaN,NaN,1,1,1785.146571,3251.970111,49.57811633,51.64210672,34.02268454,0.631222065,1,291.6121574,359.5256782
2025-07-17T09:00:00+09:00,118602.4,119149.2,118591.4,118864.5,119771.9651,117937.9349,116169.621,118374.9133,118854.95,NaN,NaN,NaN,NaN,1,1,1500.073251,3271.377905,52.35546392,52.40435374,34.58176477,0.576311412,1,263.5481757,354.8975485
2025-07-17T10:00:00+09:00,118864.5,119049.1,117668.9,118115.5,119734.5666,118000.9534,116215.503,118315.3367,118867.76,NaN,NaN,NaN,NaN,1,1,4757.039233,3412.610455,44.76677935,50.10057529,34.50486744,0.776149717,1,178.8080399,337.1377091
2025-07-17T11:00:00+09:00,118115.5,118489.7,117974.8,118296.7,119731.6978,118007.1522,116261.5095,118267.315,118869.425,120043.1,NaN,NaN,NaN,1,1,1778.985896,3422.482505,46.77664842,50.63650821,33.88843573,0.66172774,1,124.833198,312.7371519
2025-07-17T12:00:00+09:00,118296.7,118320,117720.9,118091.5,119738.9668,117993.9332,116308.317,118237.5617,118866.45,NaN,NaN,NaN,NaN,1,1,1856.952395,3410.981953,44.78898666,50.0155054,32.80578128,0.611024547,1,64.7533851,277.7657317
2025-07-17T13:00:00+09:00,118091.5,118469.1,117928.6,118469,119742.2364,117970.2236,116357.762,118207.4433,118856.23,NaN,NaN,NaN,NaN,1,1,1255.476919,3332.937326,49.07604862,51.14081107,31.19124325,0.558130849,1,47.05833643,240.7776242
2025-07-17T14:00:00+09:00,118469,118618.4,118188.8,118557,119707.9145,117942.8255,116406.31,118185.3933,118825.37,NaN,NaN,NaN,NaN,1,1,1152.886902,3161.840112,50.04974191,51.40117543,29.46303275,0.49259683,1,39.67836,197.3722553
2025-07-17T15:00:00+09:00,118557,118747.9,118310.4,118443.3,119709.0896,117914.9804,116454.2265,118165.7317,118812.035,NaN,117668.9,NaN,NaN,1,1,1654.333239,3131.617529,48.75267899,51.04241944,27.70835689,0.45183815,1,24.37406667,153.8380707
2025-07-17T16:00:00+09:00,118443.3,118539.7,117818.4,118287.9,119714.8965,117863.8535,116501.3405,118138.52,118789.375,NaN,NaN,NaN,NaN,1,1,3134.233339,3208.88022,46.96135137,50.55016002,25.9828855,0.504882306,1,-0.290824877,114.9305438
2025-07-17T17:00:00+09:00,118287.9,118414.6,118068.3,118307.4,119720.9857,117830.1543,116548.4775,118107.9133,118775.57,NaN,NaN,NaN,NaN,1,1,1258.43751,3142.59591,47.2234026,50.61117408,24.52192681,0.434103405,1,-18.05630031,80.5229374
2025-07-17T18:00:00+09:00,118307.4,119198.9,118225.9,118753.9,119724.2527,117836.2073,116598.6085,118086.8433,118780.23,NaN,NaN,NaN,NaN,1,1,2832.054427,3010.183548,52.95503628,51.99565594,23.27009952,0.56142799,1,3.848883336,51.66746047
2025-07-17T19:00:00+09:00,118753.9,118862.6,118224.3,118328.5,119703.3078,117788.6822,116647.3925,118058.4833,118745.995,NaN,NaN,NaN,NaN,1,1,1959.252597,2835.880052,47.64590653,50.61567074,22.10781345,0.555441073,1,-12.9678404,30.35902932
2025-07-17T20:00:00+09:00,118328.5,118392,117958.3,117985.9,119692.734,117691.906,116695.6895,118027.7867,118692.32,NaN,NaN,NaN,NaN,1,1,2153.506969,2325.132186,43.83432714,49.53482743,20.96235845,0.49389805,1,-53.32546908,10.56362187
2025-07-17T21:00:00+09:00,117985.9,118171.8,117422,117846.5,119652.0295,117591.8805,116742.409,118001.2217,118621.955,NaN,NaN,NaN,NaN,1,1,4549.17605,2364.197233,42.3497911,49.09933202,20.07880173,0.541738651,1,-95.4572241,-7.237556925
2025-07-17T22:00:00+09:00,117846.5,118429,117504.7,118260.2,119604.9188,117560.3812,116790.053,117997.46,118582.65,NaN,NaN,NaN,NaN,1,1,3627.334636,2392.364166,47.9803471,50.41989157,19.32725352,0.620422898,1,-94.37689285,-22.9525824
2025-07-17T23:00:00+09:00,118260.2,118820.9,118125.2,118747.6,119486.7486,117605.5014,116839.847,118005.4183,118546.125,119198.9,NaN,NaN,NaN,1,1,3626.532794,2416.864507,53.71580151,51.92010438,18.53859465,0.607205737,1,-53.57404765,-33.31396103
2025-07-18T00:00:00+09:00,118747.6,119079.2,118323.7,118869.7,119435.901,117623.949,116890.9215,118033.2033,118529.925,NaN,NaN,NaN,NaN,1,1,2806.841336,2435.557127,55.05276093,52.28929126,17.8183939,0.616244644,1,-11.25530515,-37.27278012
2025-07-18T01:00:00+09:00,118869.7,118940,118320,118544.2,119127.6723,117799.0977,116940.582,118050.6083,118463.385,NaN,NaN,NaN,NaN,1,1,2747.986798,2467.678474,50.83691548,51.21899512,17.18972384,0.586295047,1,-3.937141587,-37.67792642
2025-07-18T02:00:00+09:00,118544.2,119339.7,118487.8,119250.6,119123.6732,117801.7168,116993.3345,118082.46,118462.695,NaN,117422,120043.1,NaN,1,2,4423.075285,2556.407384,58.30011155,53.33509484,16.79874761,0.626674009,1,58.1923272,-29.2058567
2025-07-18T03:00:00+09:00,119250.6,119774.8,119190,119575.4,119328.36,117691.41,117047.0665,118124.58,118509.885,NaN,NaN,NaN,NaN,1,2,3615.289709,2623.730793,61.21548446,54.2662927,16.90215987,0.579669127,1,132.1160725,-14.95394679
2025-07-18T04:00:00+09:00,119575.4,119870,118796.4,118945.6,119366.6766,117687.4134,117096.8175,118160.7233,118527.045,NaN,NaN,NaN,NaN,1,2,2581.714505,2663.559189,53.4170028,52.20424422,17.05776639,0.689358091,1,138.2874847,1.852200447
2025-07-18T05:00:00+09:00,118945.6,119424.2,118360.6,119413.6,119469.0419,117639.9581,117147.4825,118204.8367,118554.5,NaN,NaN,NaN,NaN,1,2,3098.442735,2743.477664,57.72666432,53.54334929,17.17900494,0.754666201,1,178.8800443,27.65281304
2025-07-18T06:00:00+09:00,119413.6,120945,119405.8,120259.6,119816.4103,117506.9997,117203.0305,118262.9733,118661.705,NaN,NaN,NaN,NaN,1,2,8728.912716,2942.071338,64.17831618,55.82715945,17.66915615,0.926204133,-1,276.1319922,68.94050374
2025-07-18T07:00:00+09:00,120259.6,120699.8,119464.4,119759.9,119970.3792,117499.3508,117257.579,118307.9283,118734.865,NaN,NaN,NaN,NaN,1,2,3219.573998,3014.100743,58.49923279,54.21997671,18.39248744,0.963900485,-1,309.3176266,113.7954503
2025-07-18T08:00:00+09:00,119759.9,119879.3,119147.8,119169.2,120001.1141,117576.3859,117308.3715,118342.15,118788.75,NaN,NaN,NaN,NaN,1,2,2503.502438,3046.428245,52.57647837,52.39960447,19.185248,0.850396611,-1,284.6714129,151.3782793
2025-07-18T09:00:00+09:00,119169.2,119781.7,119002.9,119740.3,120122.8685,117581.7615,117360.3425,118384.8183,118852.315,NaN,NaN,NaN,NaN,1,2,2263.092321,3096.809015,57.09890759,53.92630533,19.82261388,0.781029633,-1,307.6754173,186.8150262
2025-07-18T10:00:00+09:00,119740.3,120782.2,119650,120342.3,120358.9727,117524.1873,117416.542,118422.75,118941.58,NaN,NaN,NaN,NaN,1,2,3522.895555,3215.309448,61.28950305,55.46339659,20.4215916,0.831687182,-1,370.2150172,228.3874883
2025-07-18T11:00:00+09:00,120342.3,120389.9,119876.1,120074.1,120502.7384,117543.5016,117469.4825,118491.0617,119023.12,120945,NaN,NaN,NaN,1,2,1564.341143,3210.809843,58.5457216,54.63444292,21.21326617,0.698330716,-1,393.5994329,265.6549445
2025-07-18T12:00:00+09:00,120074.1,120475.9,119935.9,120211.9,120644.6996,117593.9404,117511.9975,118554.7283,119119.32,NaN,NaN,NaN,NaN,1,2,1648.836641,3136.540008,59.54775269,54.98730428,22.4104986,0.614755734,-1,418.4276852,297.4673459
2025-07-18T13:00:00+09:00,120211.9,120470,119716.3,120389.9,120796.4824,117650.4076,117560.5265,118608.0567,119223.445,NaN,NaN,NaN,NaN,1,2,1608.083571,3154.022311,60.86372512,55.4442944,23.43062007,0.617914265,-1,447.3110432,331.8032969
2025-07-18T14:00:00+09:00,120389.9,120628.2,120200,120577.4,120977.0698,117652.1702,117609.473,118660.67,119314.62,NaN,NaN,NaN,NaN,1,2,3806.758096,3202.757495,62.25659693,55.92546122,24.33297905,0.529677129,-1,479.800158,365.238865
2025-07-18T15:00:00+09:00,120577.4,120826.1,120075,120252.8,121056.5142,117765.1558,117654.059,118719.3,119410.835,NaN,NaN,NaN,NaN,1,2,1891.239957,3199.356863,58.38270249,54.87810707,25.32641332,0.562271543,-1,473.8927674,387.2122845
2025-07-18T16:00:00+09:00,120252.8,120382.8,119293,119366.9,120991.0059,117968.7641,117694.9295,118768.2383,119479.885,NaN,NaN,NaN,NaN,1,2,3479.60859,3265.661944,49.35610367,52.15674997,26.07284099,0.68195749,-1,393.1938972,396.5318701
2025-07-18T17:00:00+09:00,119366.9,119481.4,118408.1,118653.2,120891.3768,118149.0632,117733.872,118805.585,119520.22,NaN,NaN,NaN,117422,1,2,6354.081714,3355.907227,43.51856,50.11302312,26.42892426,0.758895962,-1,268.5541111,394.7410588
2025-07-18T18:00:00+09:00,118653.2,118989,118459.5,118895.1,120831.2871,118272.6429,117772.6535,118828.225,119551.965,NaN,NaN,NaN,NaN,1,2,3291.758459,3339.128418,45.85602061,50.78033066,26.43014899,0.65335148,-1,187.1382774,381.3480433
2025-07-18T19:00:00+09:00,118895.1,119263.3,118519.6,119255.8,120811.1596,118343.5904,117813.0755,118852.4383,119577.375,NaN,NaN,NaN,NaN,1,2,1948.742538,3255.238905,49.22998715,51.76250529,25.97651002,0.642122729,1,149.9921026,356.8788305
2025-07-18T20:00:00+09:00,119255.8,119289.9,118780,119173.9,120798.2785,118386.8915,117853.7745,118876.43,119592.585,120826.1,NaN,NaN,NaN,1,2,1305.58743,3180.17621,48.49110509,51.52418897,25.21552827,0.570996724,1,112.6463291,325.661819
2025-07-18T21:00:00+09:00,119173.9,119507.2,119123.8,119424.5,120746.4539,118526.7461,117895.3315,118898.3517,119636.6,NaN,NaN,NaN,NaN,1,2,1529.104858,3119.232113,50.91852471,52.21143852,24.09633367,0.486878915,1,102.0939843,290.51363
2025-07-18T22:00:00+09:00,119424.5,119424.6,118500,118775.4,120773.8962,118451.7838,117933.913,118915.7683,119612.84,NaN,118408.1,NaN,NaN,1,2,4790.078766,3137.582287,45.00268646,50.32493346,22.77860357,0.585841125,1,40.88295651,245.3549537
2025-07-18T23:00:00+09:00,118775.4,119255.4,117300.8,118124.5,120870.615,118209.975,117968.5345,118928.995,119540.295,NaN,NaN,NaN,NaN,-1,1,11703.09151,3541.972377,39.98580675,48.52995314,21.97732726,0.944277797,1,-59.4639508,185.4367194
2025-07-19T00:00:00+09:00,118124.5,118247.3,117443.1,117828.7,120991.9166,117976.9834,118001.7455,118934.6483,119484.45,NaN,NaN,NaN,NaN,-1,1,4619.955731,3643.884438,37.91709995,47.74000661,21.5718169,0.8586043,-1,-161.002252,114.8928284
2025-07-19T01:00:00+09:00,117828.7,118049.4,117460.6,117545.4,121119.7774,117662.3026,118033.4725,118933.4967,119391.04,NaN,NaN,NaN,NaN,-1,1,2471.253744,3612.524989,35.99629204,46.9921533,21.52609375,0.740753379,-1,-261.3196987,42.1690955
2025-07-19T02:00:00+09:00,117545.4,117981.1,117329.1,117581.3,121106.7067,117407.5433,118066.37,118928.8633,119257.125,NaN,NaN,120945,NaN,-1,1,2761.434221,3314.151064,36.43572686,47.09935401,21.95222711,0.678521456,-1,-334.074169,-24.78960229
2025-07-19T03:00:00+09:00,117581.3,117713.4,117217,117299.9,121153.042,117115.208,118097.6205,118912.805,119134.125,NaN,NaN,NaN,NaN,-1,1,1607.404947,3233.542611,34.43971462,46.34931257,22.84612195,0.594495732,-1,-409.7162848,-91.10677587
2025-07-19T04:00:00+09:00,117299.9,117876.6,117104.8,117366.6,121204.5771,116883.4129,118129.5345,118899.7317,119043.995,NaN,NaN,NaN,NaN,-1,1,4048.498959,3310.792437,35.34384705,46.55524842,24.09637212,0.615304467,-1,-458.9901216,-158.7714674
2025-07-19T05:00:00+09:00,117366.6,117534.3,116781.7,117380,121177.4712,116674.4888,118162.324,118878.175,118925.98,NaN,NaN,NaN,NaN,-1,1,4414.323157,3418.353979,35.53618759,46.59728755,25.58097042,0.623877965,-1,-491.2953769,-225.8761014
2025-07-19T06:00:00+09:00,117380,117860,117350,117654.5,121009.4966,116573.6834,118196.791,118852.8467,118791.59,NaN,NaN,NaN,NaN,-1,1,1469.977977,3315.7081,39.50621906,47.46149661,26.77365969,0.559439123,-1,-489.1095186,-291.5653795
2025-07-19T07:00:00+09:00,117654.5,117935.4,117383,117659.9,120859.0309,116482.7291,118229.115,118835.345,118670.88,NaN,NaN,NaN,NaN,-1,1,1892.207939,3332.10144,39.58504307,47.47856523,27.65580121,0.52943855,-1,-481.3922846,-349.5959619
2025-07-19T08:00:00+09:00,117659.9,118000,117439.6,117909.9,120647.6409,116463.9191,118261.96,118821.4917,118555.78,NaN,NaN,NaN,NaN,-1,1,2123.870807,3355.853148,43.27047089,48.27278523,28.21485598,0.51063672,-1,-449.9170467,-392.9796392
2025-07-19T09:00:00+09:00,117909.9,118014.3,117682.1,117708.5,120364.5842,116478.8358,118287.6025,118806.9083,118421.71,NaN,NaN,NaN,NaN,-1,1,1403.871712,3345.642555,41.09555517,47.67984169,28.4389526,0.435081152,-1,-436.1957972,-423.5566998
2025-07-19T10:00:00+09:00,117708.5,118076.2,117584.7,118007.8,119970.6078,116615.8522,118309.276,118796.0267,118293.23,NaN,116781.7,NaN,NaN,-1,1,1350.364214,3222.822861,45.48115864,48.63695605,28.37746902,0.428151076,-1,-396.5988547,-438.5877171
2025-07-19T11:00:00+09:00,118007.8,118269,117908.7,118176.6,119605.4806,116773.3594,118333.2205,118782.0833,118189.42,NaN,NaN,NaN,NaN,-1,1,1213.733761,3188.947551,47.83984698,49.17227916,28.01692241,0.386653909,-1,-347.590437,-440.0895247
2025-07-19T12:00:00+09:00,118176.6,118347.6,118094.8,118295.3,119446.83,116824.85,118358.4985,118769.3483,118135.84,NaN,NaN,NaN,NaN,-1,1,1444.262884,3087.180266,49.49456877,49.54973125,27.23644046,0.328744784,-1,-295.7634381,-427.4280973
2025-07-19T13:00:00+09:00,118295.3,118324.5,118062.2,118104.5,119397.7258,116819.0842,118381.872,118750.1933,118108.405,NaN,NaN,NaN,NaN,-1,1,2585.4224,2898.747301,46.91802128,48.95321142,26.29798276,0.293547736,-1,-267.0082289,-406.0967759
2025-07-19T14:00:00+09:00,118104.5,118253.3,118014,118177.1,119311.1974,116833.8126,118390.431,118735.7067,118072.505,NaN,NaN,NaN,NaN,-1,1,851.739057,2776.74633,48.02669531,49.19080734,25.29416464,0.263075833,-1,-235.644937,-377.6911714
2025-07-19T15:00:00+09:00,118177.1,118243.4,118041.7,118138.2,119131.387,116901.863,118401.2015,118713.375,118016.625,NaN,NaN,NaN,NaN,-1,1,335.3032974,2696.074368,47.45477651,49.06589134,24.27169858,0.232352386,-1,-211.4902788,-346.8445892
2025-07-19T16:00:00+09:00,118138.2,118293,118124.5,118141.8,118948.5437,116981.4963,118412.0445,118695.8433,117965.02,NaN,NaN,NaN,NaN,-1,1,942.3280744,2677.911401,47.51706494,49.07810783,23.1915513,0.20243861,-1,-189.8683639,-314.4530425
2025-07-19T17:00:00+09:00,118141.8,118235.9,117908.4,118060.1,118621.02,117172.58,118424.569,118665.595,117896.8,118347.6,NaN,NaN,NaN,-1,1,2905.988172,2746.755566,46.17916262,48.80690554,22.1831297,0.227519497,1,-177.2817541,-284.1602322
2025-07-19T18:00:00+09:00,118060.1,118272.9,118028.1,118193.6,118487.6617,117247.7583,118435.928,118647.7483,117867.71,NaN,NaN,NaN,NaN,-1,1,818.3141479,2548.167335,48.71994336,49.274475,21.34187526,0.220547613,1,-154.7505726,-252.8885406
2025-07-19T19:00:00+09:00,118193.6,118437.4,118135.3,118400,118534.9828,117227.9872,118444.8845,118643.8883,117881.485,NaN,NaN,NaN,NaN,1,1,924.6457463,2009.245047,52.45689432,49.99529838,20.53138097,0.231826106,1,-118.869441,-222.0297168
2025-07-19T20:00:00+09:00,118400,118445.6,118130,118289.8,118581.0903,117227.9897,118452.199,118638.6783,117904.54,NaN,NaN,NaN,NaN,1,1,934.1956919,1824.957045,50.3472873,49.61105402,19.71908773,0.243628844,-1,-98.19368892,-194.318967
2025-07-19T21:00:00+09:00,118289.8,118289.9,118064.2,118210,118605.7282,117269.8118,118459.0245,118627.77,117937.77,NaN,NaN,NaN,NaN,1,1,918.4398425,1747.31635,48.81630601,49.33078665,18.9393003,0.226172672,-1,-87.24153345,-171.1498665
2025-07-19T22:00:00+09:00,118210,118281.8,118051.2,118166.8,118621.1221,117312.9679,118460.7715,118628.625,117967.045,NaN,117908.4,NaN,NaN,1,1,464.5782345,1632.473551,47.96596615,49.17725636,18.20286172,0.215886197,-1,-81.11273321,-150.4948114
2025-07-19T23:00:00+09:00,118166.8,118196.8,117608.5,117655.1,118582.3003,117387.3097,118460.967,118617.9317,117984.805,NaN,NaN,NaN,NaN,-1,1,2978.509147,1701.028761,39.24559616,47.39371458,17.91406611,0.311223687,-1,-116.2059782,-137.223816
2025-07-20T00:00:00+09:00,117655.1,118216.2,117635.8,118024,118543.5558,117491.7942,118463.4895,118616.8067,118017.675,NaN,NaN,NaN,NaN,-1,1,1701.888689,1583.698248,46.76035105,48.76133286,17.83520809,0.370755406,1,-112.948481,-126.2747274
2025-07-20T01:00:00+09:00,118024,118138.6,117833,117951.1,118485.3765,117607.0835,118463.53,118608.175,118046.23,118445.6,NaN,NaN,116781.7,-1,1,1288.795882,1427.421884,45.56103353,48.50694004,17.9891303,0.333686508,1,-114.9245332,-117.9476351
2025-07-20T02:00:00+09:00,117951.1,117969.7,117718.7,117792,118471.3115,117634.8985,118460.171,118595.425,118053.105,NaN,NaN,NaN,NaN,-1,1,962.6288766,1402.054429,42.97069722,47.94961075,18.61364978,0.293787301,1,-127.8547789,-112.4557489
2025-07-20T03:00:00+09:00,117792,118025,117736.1,117831.2,118453.4985,117669.8415,118459.498,118585.2233,118061.67,NaN,NaN,NaN,NaN,-1,1,641.0952191,1339.498793,43.81823398,48.09959631,19.58365243,0.277520124,1,-133.4012132,-110.0835979
2025-07-20T04:00:00+09:00,117831.2,118125.8,117562.2,117985.2,118452.7793,117678.0907,118460.461,118580.1783,118065.435,NaN,NaN,NaN,NaN,-1,1,1251.594414,1295.884973,47.14171272,48.69251575,20.9249857,0.344000938,1,-123.9415681,-110.6471676
2025-07-20T05:00:00+09:00,117985.2,118127.9,117681.2,117695.8,118454.5172,117675.0828,118459.7545,118569.985,118064.8,NaN,NaN,NaN,NaN,-1,1,474.2714753,1249.404961,42.10140972,47.64826524,22.58639683,0.356410449,1,-138.2037657,-115.0927317
2025-07-20T06:00:00+09:00,117695.8,117815.8,117262.2,117677.8,118472.6754,117623.9246,118458.297,118552.05,118048.3,NaN,NaN,NaN,NaN,-1,1,2701.029575,1316.938229,41.8020403,47.58347234,24.40144294,0.394455669,1,-149.2387778,-121.9813144
2025-07-20T07:00:00+09:00,117677.8,117823.6,117500.5,117772,118464.457,117591.683,118457.903,118542.775,118028.07,NaN,NaN,NaN,NaN,-1,1,756.6208178,1294.082582,44.04446032,47.96151276,26.36937809,0.354207991,1,-148.6691859,-129.4875869
2025-07-20T08:00:00+09:00,117772,117924,117710.2,117818.2,118431.6306,117576.7994,118462.4085,118539.98,118004.215,NaN,NaN,NaN,NaN,-1,1,575.9381753,1250.666347,45.160497,48.14874266,28.30565466,0.296534738,1,-142.8432185,-132.4472802
2025-07-20T09:00:00+09:00,117818.2,117970.2,117627.6,117909.8,118421.1842,117567.7758,118464.915,118541.035,117994.48,NaN,NaN,NaN,NaN,-1,1,480.5511892,1145.422786,47.40053253,48.52360088,30.18042351,0.294389943,1,-129.3437488,-134.2689767
2025-07-20T10:00:00+09:00,117909.8,118113.4,117869.2,117909.3,118400.7808,117561.3992,118466.293,118535.1867,117981.09,NaN,NaN,NaN,NaN,-1,1,812.6384007,1143.467753,47.38915365,48.52164622,31.85840259,0.26529691,1,-117.3331243,-134.5365979
2025-07-20T11:00:00+09:00,117909.3,117990,117745.9,117964.5,118385.8745,117558.9355,118467.618,118522.135,117972.405,NaN,117262.2,NaN,NaN,-1,1,616.4335808,1157.524268,48.84905582,48.75429512,33.32179957,0.245757398,1,-102.1825425,-131.6841272
2025-07-20T12:00:00+09:00,117964.5,118149.5,117718.2,117946.8,118368.8187,117556.4913,118466.9685,118506.7533,117962.655,NaN,NaN,NaN,NaN,-1,1,973.0864862,1159.062188,48.38541485,48.68227791,34.36225213,0.285753965,1,-90.55992094,-126.9239836
2025-07-20T13:00:00+09:00,117946.8,118100,117861.3,117920.3,118359.6863,117551.6437,118468.4805,118496.355,117955.665,NaN,NaN,NaN,NaN,-1,1,653.5845171,1046.442005,47.65612255,48.5726194,34.7977614,0.258020407,1,-82.53581662,-122.3233446
2025-07-20T14:00:00+09:00,117920.3,117950,117771.3,117827.2,118329.6061,117545.0839,118469.6635,118472.6317,117937.345,NaN,NaN,NaN,NaN,-1,1,591.1363246,1035.083114,45.08508431,48.18337057,34.77928427,0.222703778,1,-82.73532672,-116.1601847
2025-07-20T15:00:00+09:00,117827.2,117865.6,117748.1,117798.9,118240.8751,117573.7049,118470.713,118443.0233,117907.29,NaN,NaN,NaN,NaN,-1,1,315.200089,1004.610831,44.30266224,48.06384909,34.54004299,0.181753607,1,-84.20633519,-108.9343577
2025-07-20T16:00:00+09:00,117798.9,118191.9,117798.9,117999.2,118180.6163,117604.9037,118473.2095,118427.25,117892.76,NaN,NaN,118445.6,NaN,-1,1,1479.923152,1031.897204,50.80948233,48.97828479,33.72004151,0.231981093,1,-68.42087076,-100.0178783
2025-07-20T17:00:00+09:00,117999.2,118215.9,117999.2,118139.6,118162.8628,117615.6172,118477.078,118406.0167,117889.24,NaN,NaN,NaN,NaN,-1,1,2566.319973,1114.291211,54.79590195,49.61309238,32.63011939,0.215612622,1,-44.07361663,-89.04347805
2025-07-20T18:00:00+09:00,118139.6,118255.4,117873.9,117908.2,118118.9304,117633.6896,118478.575,118366.8267,117876.31,NaN,NaN,NaN,NaN,-1,1,1731.02006,1177.613302,47.90517584,48.59582043,31.19213729,0.251876114,1,-42.95512845,-79.44474246
2025-07-20T19:00:00+09:00,117908.2,117998,117870.6,117893.9,118108.6349,117667.8651,118480.227,118335.7267,117888.25,NaN,NaN,NaN,NaN,-1,1,1581.699257,1107.772808,47.50758423,48.53304267,29.67321097,0.203958866,1,-42.73004365,-71.15551128
2025-07-20T20:00:00+09:00,117893.9,118070,117810,117873.7,118092.1596,117669.3104,118480.927,118314.135,117880.735,NaN,NaN,NaN,NaN,-1,1,1681.400172,1106.748382,46.9152473,48.44280117,28.03445083,0.209520903,1,-43.67813911,-64.65502201
2025-07-20T21:00:00+09:00,117873.7,118147.9,117718.2,118053.5,118108.509,117663.201,118483.1365,118286.0217,117885.855,NaN,NaN,NaN,NaN,-1,1,2873.558877,1185.986532,52.58244098,49.29939531,26.27392562,0.260797035,1,-29.58017243,-57.8794944
2025-07-20T22:00:00+09:00,118053.5,118374.7,118053.5,118373.6,118218.2657,117611.6043,118486.783,118253.21,117914.935,NaN,NaN,NaN,NaN,-1,1,1106.486992,1193.179437,60.63893005,50.78543453,24.47061193,0.263842629,1,7.337381779,-47.89358346
2025-07-20T23:00:00+09:00,118373.6,118769,118246,118434.3,118320.4803,117569.6997,118489.9545,118225.88,117945.09,NaN,NaN,NaN,NaN,-1,1,3447.000636,1333.474708,61.9588511,51.06309337,23.27246689,0.323003284,1,41.01993984,-34.14299829
2025-07-21T00:00:00+09:00,118434.3,118752.1,118323.2,118660,118466.9507,117490.7093,118494.7735,118200.015,117978.83,NaN,NaN,NaN,NaN,1,1,1568.663948,1349.328185,66.46226934,52.08909936,22.59830867,0.335410236,-1,84.94650311,-15.34823848
2025-07-21T01:00:00+09:00,118660,118842,118443.1,118549.9,118550.8458,117492.2242,118498.1495,118169.3483,118021.535,NaN,NaN,NaN,NaN,1,1,2444.144452,1447.821834,62.57090801,51.55087908,22.47298532,0.33597542,-1,109.6109444,4.433074315
2025-07-21T02:00:00+09:00,118549.9,118549.9,117934.7,118008.9,118543.5352,117532.6448,118497.6485,118126.54,118038.09,NaN,117718.2,NaN,117262.2,1,1,2355.538636,1430.547287,47.77031473,49.01067458,22.31491778,0.398782648,-1,84.52911411,18.72226662
2025-07-21T03:00:00+09:00,118008.9,118418.7,118008.9,118334.2,118571.8576,117560.5424,118499.228,118094.5633,118066.2,NaN,NaN,NaN,NaN,1,1,1292.958728,1457.364182,54.70779295,50.50764215,22.17333094,0.380560039,-1,89.86467028,33.48002204
2025-07-21T04:00:00+09:00,118334.2,118543.9,118136.5,118136.6,118575.4417,117588.7983,118501.061,118074.0583,118082.12,NaN,NaN,NaN,NaN,1,1,774.2029295,1467.27742,50.33423156,49.60459024,22.03659808,0.369082727,1,77.25788757,46.81201439
2025-07-21T05:00:00+09:00,118136.6,118245,117830,118064,118576.9186,117602.7414,118503.8775,118064.2383,118089.83,NaN,NaN,NaN,NaN,1,1,1220.20113,1504.259917,48.79090004,49.27416032,21.90545021,0.363374545,1,60.70889385,58.41057361
2025-07-21T06:00:00+09:00,118064,118137.9,117813.4,117984,118576.1842,117610.9458,118506.4455,118049.0533,118093.565,118842,NaN,NaN,NaN,1,1,881.5077529,1507.703385,47.07792458,48.9076866,21.48014935,0.334093054,1,40.66955239,66.21609859
2025-07-21T07:00:00+09:00,117984,118027.6,116415.2,117441.2,118625.9404,117508.8596,118506.886,118018.81,118067.4,NaN,NaN,NaN,NaN,-1,1,8156.77807,1884.720609,37.46646109,46.51166786,21.35966338,0.681405588,1,-18.79454193,63.31255151
2025-07-21T08:00:00+09:00,117441.2,117527.8,116917.8,117224.8,118699.0129,117363.5871,118507.6265,117986.325,118031.3,NaN,NaN,NaN,NaN,-1,1,1871.98478,1929.665524,34.44702377,45.60243858,21.45768433,0.628564888,-1,-82.43171507,49.59570097
2025-07-21T09:00:00+09:00,117224.8,117328.5,116473.7,117322.6,118736.4354,117266.3946,118508.4685,117951.2933,118001.415,NaN,NaN,NaN,NaN,-1,1,3316.155728,2062.794084,36.92121326,46.08865332,22.37231719,0.66155707,-1,-123.548797,26.42955651
2025-07-21T10:00:00+09:00,117322.6,117406.1,116740.3,117259,118773.7499,117172.2601,118507.551,117926.02,117973.005,NaN,NaN,NaN,NaN,-1,1,1826.393514,2124.556944,35.97041381,45.81679259,23.96116435,0.630544894,-1,-159.4285757,-3.463723503
2025-07-21T11:00:00+09:00,117259,118149.6,117258.9,118148.5,118790.5271,117190.4429,118511.0125,117926.42,117990.485,NaN,NaN,NaN,NaN,-1,1,3463.78453,2281.986166,53.86486173,50.02546303,25.57753279,0.668492412,-1,-114.7653987,-25.60755826
2025-07-21T12:00:00+09:00,118148.5,118574.7,118084.9,118356.5,118824.1741,117192.5259,118515.2045,117935.2167,118008.35,NaN,116415.2,NaN,NaN,-1,1,2808.299487,2348.404983,56.89829291,50.93521363,26.91335458,0.582823226,-1,-61.87242065,-42.46723503
2025-07-21T13:00:00+09:00,118356.5,118605.3,118236.7,118298.6,118840.1445,117192.4555,118521.834,117947.77,118016.3,NaN,NaN,NaN,NaN,-1,1,1037.65572,2271.97177,55.79846563,50.67308108,27.96666609,0.49260046,-1,-24.34575786,-53.75652896
2025-07-21T14:00:00+09:00,118298.6,118392.4,118144,118392.3,118878.547,117202.463,118526.603,117961.2867,118040.505,NaN,NaN,NaN,NaN,-1,1,1136.749343,2242.258234,57.23898457,51.08892077,28.23591157,0.398077379,-1,12.80756208,-59.07889916
2025-07-21T15:00:00+09:00,118392.3,119234,118244.9,119156.2,119068.5225,117138.7175,118535.69,117992.225,118103.62,NaN,NaN,NaN,NaN,1,1,4410.668637,2383.706703,66.75217975,54.29557379,28.00430081,0.540379192,-1,102.7082251,-52.1857133
2025-07-21T16:00:00+09:00,119156.2,119672.9,119136.2,119337.2,119273.7862,117079.8038,118545.513,118025.0683,118176.795,NaN,NaN,NaN,NaN,1,1,3905.888939,2494.931141,68.53820908,55.00902945,27.36117936,0.509617739,-1,186.4114999,-29.38504199
2025-07-21T17:00:00+09:00,119337.2,119477,118824,118988.3,119373.891,117073.179,118554.0905,118051.8733,118223.535,NaN,NaN,NaN,NaN,1,1,3974.951171,2550.000756,61.66198547,53.36964694,26.24916628,0.523672518,-1,222.0341625,4.444499963
2025-07-21T18:00:00+09:00,118988.3,119084.1,118520,118670.1,119403.6154,117073.1046,118559.9105,118068.8,118238.36,NaN,NaN,NaN,NaN,1,1,2771.1024,2633.231527,56.13098389,51.92882969,25.09160619,0.508501595,-1,222.0298763,42.84213033
2025-07-21T19:00:00+09:00,118670.1,118800,118320.8,118564.1,119415.8301,117073.8699,118564.876,118083.87,118244.85,NaN,NaN,NaN,NaN,1,1,2497.1234,2585.737665,54.38103985,51.45642445,24.01829448,0.474027327,-1,211.0404227,84.00535238
2025-07-21T20:00:00+09:00,118564.1,118779.7,118058,118058,119372.3696,117057.1304,118566.6655,118086.3383,118214.75,NaN,NaN,NaN,NaN,1,1,2226.8338,2618.646157,46.86803893,49.27173677,23.10132182,0.521142847,-1,159.6527834,114.4962615
2025-07-21T21:00:00+09:00,118058,118562.6,117747,118141.4,119341.9422,117046.7078,118568.1715,118093.5533,118194.325,119672.9,NaN,NaN,NaN,1,1,4155.2786,2704.202865,48.1395399,49.63148072,22.40318042,0.57730303,-1,124.2253988,135.173797
2025-07-21T22:00:00+09:00,118141.4,119058.8,117866,118794.1,119406.5852,117060.5848,118573.538,118106.6583,118233.585,NaN,NaN,NaN,NaN,1,1,6252.1718,2899.034523,56.84387394,52.33215037,21.49948879,0.717450828,-1,147.1204634,154.2255994
2025-07-21T23:00:00+09:00,118794.1,119199,118389.8,118793.2,119454.2126,117058.8574,118578.3105,118116.935,118256.535,NaN,NaN,NaN,NaN,1,1,3748.2816,3021.800667,56.82970987,52.32820097,20.33301534,0.705365433,-1,163.3098107,170.9480714
2025-07-22T00:00:00+09:00,118793.2,119089,118236.2,118316.5,119462.1713,117068.8887,118580.1935,118117.2883,118265.53,NaN,NaN,NaN,NaN,1,1,3062.8754,3136.23429,49.7575674,50.27662844,19.01867828,0.712397775,-1,136.1053414,174.6588621
2025-07-22T01:00:00+09:00,118316.5,118388.3,117471.8,117732.3,119465.3307,117032.5593,118579.615,118111.085,118248.945,NaN,NaN,NaN,NaN,1,1,5604.546,3355.451534,42.73827082,47.92595093,17.99885365,0.7367755,-1,66.63739145,161.3506279
2025-07-22T02:00:00+09:00,117732.3,118087.2,117303,117810.8,119466.5187,117014.0513,118580.194,118104.98,118240.285,NaN,NaN,NaN,NaN,1,1,3151.171,3468.934696,43.88382414,48.25779555,17.38902522,0.712737566,-1,17.71364273,138.6483479
2025-07-22T03:00:00+09:00,117810.8,118202.9,117055,117124.2,119498.8235,116950.0465,118577.294,118088.08,118224.435,NaN,NaN,NaN,116415.2,1,1,4292.7272,3275.732152,36.92561589,45.6598112,17.16202272,0.804634071,-1,-75.59030447,105.5794389
2025-07-22T04:00:00+09:00,117124.2,117488.9,116623.4,116731.1,119566.4191,116833.0809,118570.8035,118064.5683,118199.75,119199,NaN,NaN,NaN,1,1,4905.1606,3427.390943,33.63713113,44.26696587,17.27765838,0.785378372,-1,-179.1886642,62.22065147
2025-07-22T05:00:00+09:00,116731.1,117216.2,116600,116890,119611.6902,116744.5498,118563.454,118045.0667,118178.12,NaN,NaN,NaN,NaN,1,1,2623.8748,3392.776897,36.11386991,44.95979245,17.90337515,0.698594583,-1,-245.6376507,17.18838102
2025-07-22T06:00:00+09:00,116890,117335.3,116826,117170.1,119619.1193,116728.2307,118556.5045,118028.0083,118173.675,NaN,NaN,NaN,NaN,1,1,1472.5276,3375.083601,40.3406301,46.16407417,18.85637042,0.609505445,-1,-272.5553735,-26.89837146
2025-07-22T07:00:00+09:00,117170.1,117597.8,117070,117304.5,119625.8485,116637.1015,118549.413,118009.75,118131.475,NaN,NaN,NaN,NaN,1,1,1166.7322,3260.230985,42.31283075,46.73493663,20.01250212,0.555851446,-1,-279.8173457,-74.33590581
2025-07-22T08:00:00+09:00,117304.5,117469.9,117064.8,117334.3,119609.9641,116550.7659,118542.9545,117993.825,118080.365,NaN,NaN,NaN,NaN,1,1,1183.7806,3179.00504,42.76462288,46.86247254,21.0712109,0.485557795,-1,-279.9409155,-123.5859865
2025-07-22T09:00:00+09:00,117334.3,117475.2,116967.1,117076.6,119605.6837,116432.8463,118535.974,117974.935,118019.265,NaN,NaN,NaN,NaN,1,1,1905.6422,3222.404364,39.85756901,45.89244465,22.03029695,0.469080835,-1,-297.4047845,-171.7537783
2025-07-22T10:00:00+09:00,117076.6,117915.6,116023.6,117706.2,119567.2962,116402.6238,118531.355,117967.2583,117984.96,NaN,NaN,NaN,NaN,1,1,13520.3062,3841.582207,48.98237528,48.54864587,23.12003228,0.846845164,-1,-257.4735733,-207.7661077
2025-07-22T11:00:00+09:00,117706.2,117768.1,116929,116978.8,119420.2687,116331.9113,118521.5825,117955.9867,117876.09,NaN,NaN,NaN,NaN,1,1,3349.1328,3788.505415,41.20420458,45.89159637,24.21223209,0.807177176,-1,-281.2804753,-240.9876764
2025-07-22T12:00:00+09:00,116978.8,117230.5,116647.5,117173.6,119185.4453,116350.3747,118512.8705,117941.8133,117767.91,NaN,NaN,119672.9,NaN,1,1,3294.867,3757.954319,43.77896489,46.68923819,25.36844119,0.703074284,-1,-281.1875298,-263.8318125
2025-07-22T13:00:00+09:00,117173.6,117321.9,116504,116506.1,119046.781,116240.819,118500.2355,117917.73,117643.8,NaN,NaN,NaN,NaN,1,1,2796.2392,3699.01872,37.68854896,44.39973763,26.69378949,0.705409388,-1,-331.1581563,-280.7173116
2025-07-22T14:00:00+09:00,116506.1,117316.3,116503.9,117286.6,118902.8098,116246.4402,118493.7,117909.3067,117574.625,NaN,NaN,NaN,NaN,1,1,3775.3932,3749.23326,46.97715987,47.47422635,28.33923627,0.698030844,-1,-304.2729416,-287.2323439
2025-07-22T15:00:00+09:00,117286.6,117786,117218.5,117779.9,118788.6272,116282.2028,118490.3145,117908.4517,117535.415,117915.6,116023.6,NaN,NaN,1,1,3127.8544,3780.76981,51.86142293,49.28363729,29.90599095,0.624015158,-1,-240.3899621,-283.6584094
2025-07-22T16:00:00+09:00,117779.9,118531.6,117715.2,117952.8,118775.4072,116284.9028,118484.939,117907.9117,117530.155,NaN,NaN,NaN,NaN,1,2,7350.9062,4036.97343,53.47895926,49.9011294,31.02860174,0.646114056,-1,-173.8071154,-271.8794949
2025-07-22T17:00:00+09:00,117952.8,118314.9,117457,118246,118791.6916,116279.0784,118481.081,117917.0817,117535.385,NaN,NaN,NaN,NaN,1,2,4280.8448,4043.25174,56.1686322,50.93526289,31.49286813,0.671515101,-1,-96.2711857,-251.4717471
2025-07-22T18:00:00+09:00,118246,118615.4,117839.3,118361,118695.2062,116332.2538,118477.6235,117928.4683,117513.73,NaN,NaN,NaN,NaN,1,2,3756.3444,3918.46037,57.21353294,51.33745377,31.33970289,0.665810386,1,-25.25276574,-221.2326339
2025-07-22T19:00:00+09:00,118361,118941.2,118265.8,118932.3,118733.4306,116307.9394,118474.143,117947.8067,117520.685,NaN,NaN,NaN,NaN,1,2,3340.232,3898.05789,62.05320745,53.27963688,30.68973577,0.631036778,-1,76.25001645,-184.1522351
2025-07-22T20:00:00+09:00,118932.3,119189,118754.4,119138.8,118925.9793,116197.6207,118466.125,117969.8167,117561.8,NaN,NaN,NaN,NaN,1,2,6461.0406,4067.96615,63.65354749,53.95768909,29.64714475,0.541556881,-1,171.3789767,-133.8567404
2025-07-22T21:00:00+09:00,119138.8,119399.1,119028.1,119278.8,119195.0402,116083.2098,118455.642,117992.6333,117639.125,NaN,NaN,NaN,NaN,1,2,3062.6616,3940.87193,64.73927562,54.41555302,28.32104675,0.464292827,-1,255.1252677,-74.26642956
2025-07-22T22:00:00+09:00,119278.8,119576.2,118018,118139.1,119225.2199,116085.8601,118434.114,117996.4633,117655.54,NaN,NaN,NaN,NaN,1,2,11897.8434,4378.20555,51.30373267,50.26185261,26.85355634,0.75216583,-1,226.9148089,-12.25832231
2025-07-22T23:00:00+09:00,118139.1,119104.4,117526.9,119040.3,119410.9317,116091.7583,118418.7605,118014.3933,117751.345,NaN,NaN,NaN,NaN,1,2,9825.9044,4654.86441,58.61718927,53.14867132,25.74462483,0.93937484,-1,274.1172722,52.007257
2025-07-23T00:00:00+09:00,119040.3,119169,118669,118897.5,119521.5463,116197.7837,118399.6275,118030.2383,117859.665,NaN,NaN,NaN,NaN,1,2,3711.151,4595.16393,57.1524722,52.65433118,24.89057769,0.767178804,-1,296.5839625,111.6710264
2025-07-23T01:00:00+09:00,118897.5,119355.3,118608.2,118669.6,119583.6767,116313.6133,118380.1465,118042.7267,117948.645,NaN,NaN,NaN,NaN,1,2,2690.11,4598.47569,54.79903576,51.86835944,24.20039481,0.722289122,-1,292.6261391,163.4969436
2025-07-23T02:00:00+09:00,118669.6,119200,118381.4,119190,119728.7751,116370.5049,118366.1895,118065.44,118049.64,NaN,NaN,NaN,NaN,1,2,3082.232,4678.96091,58.9552916,53.48680037,23.60906353,0.708357867,-1,327.7038998,210.6052864
2025-07-23T03:00:00+09:00,119190,120291.1,119048.9,119778.1,119974.6461,116371.9939,118355.5205,118098.4267,118173.32,NaN,NaN,NaN,NaN,1,2,7867.7296,5014.01078,63.08616867,55.22373236,22.9824227,0.815614731,-1,398.3659186,257.6740291
2025-07-23T04:00:00+09:00,119778.1,119945.6,119102.2,119298.2,120093.1865,116449.8435,118344.5615,118120.0767,118271.515,NaN,117526.9,NaN,NaN,1,2,2737.5132,5091.69741,57.95994756,53.55770187,22.25023458,0.781586438,-1,410.9054955,294.8579712
2025-07-23T05:00:00+09:00,119298.2,119922.2,119209.1,119709.2,120240.8077,116565.4823,118333.6,118146.2367,118403.145,NaN,NaN,NaN,NaN,1,2,3082.087,5150.51965,60.89095015,54.75116902,21.67335688,0.717833189,-1,448.8335914,325.6862617
2025-07-23T06:00:00+09:00,119709.2,119784.6,119414.3,119414.3,120347.3584,116629.7416,118322.221,118171.3383,118488.55,NaN,NaN,NaN,116023.6,1,2,673.6822,4508.18845,57.77826575,53.73963779,21.08150717,0.583102899,-1,449.909637,347.3289694
2025-07-23T07:00:00+09:00,119414.3,120049.9,119414.3,119853.2,120445.8664,116818.6736,118315.597,118203.9933,118632.27,NaN,NaN,NaN,NaN,1,2,1072.1914,4394.34138,60.97564099,55.00268094,20.60777693,0.564083532,-1,480.6374832,375.5203777
2025-07-23T08:00:00+09:00,119853.2,120268,119836.1,119994,120549.4948,116997.0852,118316.1835,118239.3317,118773.29,120291.1,NaN,NaN,NaN,1,2,1478.0046,4303.49826,61.97058568,55.40145033,20.40650236,0.495592648,-1,510.4665651,401.7814102
2025-07-23T09:00:00+09:00,119994,120128.7,119523.2,119584.9,120398.2247,117456.2353,118312.7275,118264.855,118927.23,NaN,NaN,NaN,NaN,1,2,1647.1064,4246.04162,57.39205196,53.9824916,20.18552518,0.500303657,-1,495.3848878,423.8704019
2025-07-23T10:00:00+09:00,119584.9,119720,119419.9,119523.3,120322.2344,117755.8956,118310.944,118284.0167,119039.065,NaN,NaN,NaN,NaN,1,2,960.3862,4105.29127,56.71260381,53.77080117,19.92213532,0.417401253,-1,473.0093869,443.912985
2025-07-23T11:00:00+09:00,119523.3,119566.9,119005.1,119100,120250.8188,117959.3212,118308.329,118295.1117,119105.07,NaN,NaN,NaN,NaN,1,2,2446.0824,4071.20267,52.14421615,52.33123488,19.56995756,0.436491325,-1,416.3207821,453.7593053
2025-07-23T12:00:00+09:00,119100,119119.1,118538,118627.7,120181.9912,118095.6388,118301.8645,118294.5733,119138.815,NaN,NaN,NaN,NaN,1,2,2220.525,3814.68361,47.54250085,50.7826845,19.32764513,0.455436725,1,329.4858834,446.1059681
2025-07-23T13:00:00+09:00,118627.7,118983.7,118591.2,118983.7,120139.1121,118212.2879,118296.064,118301.8033,119175.7,NaN,NaN,NaN,NaN,1,2,1540.0866,3677.6457,51.04913689,51.87838398,19.18521029,0.412675076,1,286.0968786,432.238344
2025-07-23T14:00:00+09:00,118983.7,119004.6,118608.7,118634.1,120113.1169,118265.5931,118289.144,118312.2233,119189.355,NaN,NaN,NaN,NaN,1,2,1536.0694,3566.63195,47.67850121,50.74585232,19.01764623,0.387165846,1,220.9539617,406.9183851
2025-07-23T15:00:00+09:00,118634.1,118706.9,118350,118411.8,120142.2732,118184.3868,118281.0525,118313.5167,119163.33,NaN,NaN,NaN,NaN,1,2,2137.756,3506.50815,45.61600399,50.03680315,18.85868446,0.359063717,1,149.6647367,373.5578406
2025-07-23T16:00:00+09:00,118411.8,118581.2,118256,118334.9,120166.6895,118079.5805,118273.5885,118316.8217,119123.135,NaN,NaN,NaN,NaN,1,2,2018.2174,3284.36699,44.89254067,49.79112336,18.9307583,0.331135791,-1,85.97130122,329.7060426
2025-07-23T17:00:00+09:00,118334.9,118536.9,118200,118395,120166.3202,117991.5698,118268.3615,118322.3383,119078.945,NaN,NaN,NaN,NaN,1,2,1551.2284,3208.79533,45.61845214,49.98703735,19.29442254,0.315497111,-1,39.88360906,277.4190475
2025-07-23T18:00:00+09:00,118395,118446.7,117882.8,118010.3,120183.3415,117961.6685,118265.9835,118322.7767,119072.505,NaN,NaN,NaN,NaN,1,2,3004.1338,2764.10985,41.82093767,48.74421075,20.09694483,0.370296946,-1,-27.36781482,219.3354139
2025-07-23T19:00:00+09:00,118010.3,118364,117811,118351,120192.645,117883.435,118266.388,118337.94,119038.04,NaN,NaN,NaN,NaN,1,2,4438.1538,2494.72232,46.10030741,49.87101085,21.13358457,0.40190537,-1,-52.56744532,160.9379881
2025-07-23T20:00:00+09:00,118351,118592.1,118122.2,118495,120195.4212,117840.4088,118272.85,118359.11,119017.915,NaN,NaN,NaN,NaN,1,2,1684.3496,2393.38225,47.84642007,50.34202952,22.17923613,0.399796911,-1,-60.22450688,107.9885115
2025-07-23T21:00:00+09:00,118495,118614.4,117757.2,117948.5,120241.14,117722.58,118275.093,118369.5417,118981.86,NaN,NaN,NaN,NaN,1,2,4066.4836,2462.20093,42.25210775,48.57381912,23.39604379,0.510018836,-1,-109.1327516,59.25310763
2025-07-23T22:00:00+09:00,117948.5,118165.4,117288,117356,120329.6635,117450.6565,118275.1755,118371.1583,118890.16,NaN,NaN,NaN,NaN,-1,1,9729.9058,2794.58462,37.17690534,46.75622991,24.80409985,0.590942412,-1,-193.4724562,5.967625984
2025-07-23T23:00:00+09:00,117356,118164,117265.9,118164,120221.5071,117397.4029,118280.7545,118371.4167,118809.455,NaN,NaN,120291.1,NaN,-1,1,4675.0966,2634.95297,46.5974253,49.39247874,26.35412494,0.644616171,-1,-192.8899175,-40.01502726
2025-07-24T00:00:00+09:00,118164,118669,117761.2,118520.9,120169.4208,117371.7592,118289.474,118374.1567,118770.59,NaN,NaN,NaN,NaN,-1,1,4473.5152,2721.75307,50.15303544,50.49765962,27.61860343,0.683763652,-1,-161.7646816,-74.61829595
2025-07-24T01:00:00+09:00,118520.9,118520.9,117503.5,117679.9,120075.2794,117262.9706,118294.0395,118363.845,118669.125,NaN,NaN,NaN,NaN,-1,1,4073.6954,2771.33349,42.90394814,47.97732273,28.60234332,0.747283002,-1,-202.6236599,-106.6844027
2025-07-24T02:00:00+09:00,117679.9,118085,117280,118084.9,119987.1419,117218.1681,118300.607,118358.7217,118602.655,NaN,NaN,NaN,NaN,-1,1,4179.2784,2946.6133,46.88541931,49.22317559,29.38597194,0.723717647,-1,-200.0188861,-133.3402355
2025-07-24T03:00:00+09:00,118084.9,118331.5,117950,118321.6,119789.551,117262.599,118306.902,118344.8117,118526.075,NaN,NaN,NaN,NaN,-1,1,1646.6316,2975.33531,49.11860297,49.93845606,30.01835154,0.588988688,-1,-176.8166402,-149.9456606
2025-07-24T04:00:00+09:00,118321.6,118422.9,118155.9,118331.4,119513.1544,117372.7356,118312.9795,118328.0483,118442.945,NaN,117265.9,NaN,NaN,-1,1,1498.8704,2976.3786,49.21380996,49.96824392,30.30187873,0.467839103,-1,-155.8414715,-161.4205524
2025-07-24T05:00:00+09:00,118331.4,118423.8,117505.1,117858.4,119317.3835,117395.8565,118316.3705,118309.2167,118356.62,118669,NaN,NaN,NaN,-1,1,3226.4126,3055.34391,44.85159161,48.54503159,30.37328104,0.572976023,-1,-175.3641574,-174.2138469
2025-07-24T06:00:00+09:00,117858.4,118136.2,117338.1,118136.2,119088.0862,117486.4438,118316.7195,118300.3183,118287.265,NaN,NaN,NaN,NaN,-1,1,2017.7026,3108.20973,47.77924298,49.40895492,30.29691439,0.606277824,1,-166.5005732,-180.5880493
2025-07-24T07:00:00+09:00,118136.2,118600,117893.4,118524.5,118977.6222,117539.3578,118329.465,118299.6583,118258.49,NaN,NaN,NaN,NaN,-1,1,2091.713,3090.49126,51.64345933,50.59262232,30.17982331,0.601582279,1,-126.6832287,-173.167024
2025-07-24T08:00:00+09:00,118524.5,118700.6,118370,118700.6,118989.4087,117534.8613,118341.0085,118310.3683,118262.135,NaN,NaN,NaN,NaN,1,1,1627.8178,3060.8559,53.33013456,51.12206107,29.86551397,0.493298483,1,-79.99575678,-160.6232284
2025-07-24T09:00:00+09:00,118700.6,119083.1,118522.6,119014.4,118997.1322,117530.2078,118350.1295,118324.9183,118263.67,NaN,NaN,NaN,NaN,1,1,2417.5238,3104.72776,56.25801284,52.05660798,29.13550823,0.484982354,1,-17.47314193,-144.5908351
2025-07-24T10:00:00+09:00,119014.4,119058.6,118750.4,119053.5,119080.5863,117488.6937,118358.294,118329.2417,118284.64,NaN,NaN,NaN,NaN,1,1,886.9796,3072.27327,56.62317247,52.17292432,28.2007486,0.40950712,1,34.83002517,-118.2070923
2025-07-24T11:00:00+09:00,119053.5,119053.5,118768.7,118923.6,119152.448,117468.012,118369.237,118331.415,118310.23,NaN,NaN,NaN,NaN,1,1,811.151,3005.94302,54.98101765,51.74714401,27.14169629,0.35313011,1,65.04897347,-88.7551079
2025-07-24T12:00:00+09:00,118923.6,119240,118437.2,118455.7,119160.8384,117471.7016,118379.3625,118333.735,118316.27,NaN,NaN,NaN,NaN,1,1,2448.5116,3027.45773,49.421186,50.23954842,25.8574845,0.462257221,1,50.65813269,-63.48013313
2025-07-24T13:00:00+09:00,118455.7,118542.1,117800,117913.3,119153.7027,117430.6673,118386.867,118336.7517,118292.185,NaN,NaN,NaN,NaN,1,1,3933.8428,3146.58845,43.88153962,48.56520262,24.57941044,0.519375975,1,-4.462419283,-46.66023844
2025-07-24T14:00:00+09:00,117913.3,117935.9,117453.8,117562.5,119181.2793,117358.3107,118386.996,118332.6133,118269.795,NaN,NaN,NaN,NaN,1,1,3592.2164,3175.99258,40.70373135,47.51959932,23.71126858,0.483977091,1,-75.58122873,-35.57324637
2025-07-24T15:00:00+09:00,117562.5,117818.2,117350,117424.9,119205.1609,117241.8191,118385.1055,118337.625,118223.49,NaN,NaN,NaN,NaN,1,1,3168.5194,3112.51086,39.49553541,47.11343646,23.30362206,0.455937124,-1,-141.4164073,-32.78611683
2025-07-24T16:00:00+09:00,117424.9,118437.9,117052.1,118350,119191.9064,117240.5736,118388.1835,118364.6067,118216.24,NaN,NaN,NaN,NaN,1,1,8115.4536,3434.06606,50.19842726,50.0439302,23.08722581,0.691893374,1,-117.5879415,-31.77552935
2025-07-24T17:00:00+09:00,118350,118757.6,118176.3,118730.1,119247.4336,117263.2064,118391.288,118395.275,118255.32,119240,NaN,NaN,NaN,1,1,3928.839,3427.18383,53.81354323,51.17860055,22.88879444,0.622984853,1,-67.25751445,-30.36016909
2025-07-24T18:00:00+09:00,118730.1,118774,118266.7,118460,119215.3541,117405.6859,118394.936,118416.7733,118310.52,NaN,NaN,NaN,NaN,1,1,3403.3536,3110.85622,50.98147959,50.34902853,22.69879465,0.559018818,1,-48.60481507,-33.81924388
2025-07-24T19:00:00+09:00,118460,118608.6,117920.2,118355.4,119222.5686,117417.6114,118400.0585,118434.2883,118320.09,NaN,NaN,NaN,NaN,1,1,3692.4824,3061.72551,49.88654881,50.02844248,22.53642822,0.566887917,1,-41.78113532,-42.33159505
2025-07-24T20:00:00+09:00,118355.4,118706.8,118278.5,118559.5,119226.3713,117417.6687,118405.4085,118454.7083,118322.02,NaN,NaN,NaN,NaN,1,1,2373.2158,2956.71054,52.05053268,50.65429078,22.08225465,0.497692417,1,-19.67732771,-51.74562851
2025-07-24T21:00:00+09:00,118559.5,118680,118247.8,118477.8,119218.5798,117505.2502,118409.725,118478.0617,118361.915,NaN,117052.1,NaN,NaN,1,1,2854.781,2895.76482,51.09931799,50.39637413,21.27107102,0.453621771,1,-8.652665589,-58.33571721
2025-07-24T22:00:00+09:00,118477.8,118658,118159.6,118167,119218.1105,117513.9295,118411.2635,118485.7417,118366.02,NaN,NaN,NaN,NaN,1,1,1629.6746,2768.28463,47.54008089,49.4191985,20.15109231,0.443801904,1,-24.70966632,-60.58541133
2025-07-24T23:00:00+09:00,118167,119080,117781.1,119017.2,119298.3701,117503.2299,118415.0325,118519.715,118400.8,NaN,NaN,NaN,NaN,1,1,5771.1844,2974.51227,56.47183826,52.01728207,19.0319604,0.657539356,1,30.81387632,-48.76373299
2025-07-25T00:00:00+09:00,119017.2,119430.4,118580,119074.2,119381.2558,117494.6242,118419.6485,118551.3917,118437.94,NaN,NaN,NaN,NaN,1,1,7117.4132,3255.43941,57.00041976,52.18537011,18.23740027,0.676208577,1,78.51108065,-24.32734544
2025-07-25T01:00:00+09:00,119074.2,119175.9,118311.5,118504.5,119375.4428,117565.0472,118418.804,118584.6983,118470.245,NaN,NaN,NaN,NaN,1,1,4359.4194,3312.08975,50.41132453,50.3845291,17.58414609,0.696114186,1,69.53981817,-3.535372145
2025-07-25T02:00:00+09:00,118504.5,119264.7,118451,119081.1,119446.3421,117588.6379,118418.3385,118614.6067,118517.49,NaN,NaN,NaN,NaN,1,1,2027.2552,3312.56738,55.96021352,52.09262496,16.94620334,0.689600973,1,107.7151559,15.90603567
2025-07-25T03:00:00+09:00,119081.1,119357.1,118926.8,119007,119494.6902,117588.5398,118419.8235,118635.0583,118541.615,NaN,NaN,NaN,NaN,1,1,1602.3712,3288.10029,55.10680493,51.85841102,16.42518716,0.580545359,1,130.4859743,35.80501227
2025-07-25T04:00:00+09:00,119007,119307.6,118859,118906.3,119515.9918,117587.8082,118420.6495,118650.95,118551.9,NaN,117781.1,NaN,NaN,1,1,1259.3704,3269.67792,53.90373071,51.53695515,15.94753587,0.513115294,1,138.806291,55.87028186
2025-07-25T05:00:00+09:00,118906.3,118958.7,118683.7,118688.1,119478.6317,117592.5383,118421.1725,118658.3183,118535.585,119430.4,NaN,NaN,NaN,1,1,1460.3108,3221.81727,51.29075003,50.83986862,15.34194676,0.419938989,1,126.3369517,72.09409068
2025-07-25T06:00:00+09:00,118688.1,118756.7,118454.9,118500,119420.5323,117595.2877,118420.369,118660.635,118507.91,NaN,NaN,NaN,NaN,1,1,825.0946,3218.72302,49.08194263,50.24183946,14.85130851,0.365298232,1,100.1226609,84.18023806
2025-07-25T07:00:00+09:00,118500,118595.2,118151,118239.9,119372.6195,117574.8305,118416.5025,118649.095,118473.725,NaN,NaN,NaN,NaN,1,1,1174.1768,3236.87431,46.12404955,49.42122745,14.45950357,0.369293504,1,57.69468184,93.33627675
2025-07-25T08:00:00+09:00,118239.9,118419.4,118125,118281.8,119367.8096,117562.2504,118412.6145,118634.8117,118465.03,NaN,NaN,NaN,NaN,1,1,1155.4296,3172.22021,46.68148823,49.5567165,14.33230169,0.329074166,1,27.13834863,92.92788478
2025-07-25T09:00:00+09:00,118281.8,118414.8,117606.2,117630.1,119395.7242,117506.0158,118404.496,118607.3333,118450.87,NaN,NaN,NaN,NaN,-1,1,4339.2582,3192.49098,39.78619225,47.53492098,14.62263865,0.449734576,-1,-49.09853179,78.74903896
2025-07-25T10:00:00+09:00,117630.1,117764.1,117214.2,117341,119430.1388,117449.4512,118395.9695,118594.0317,118439.795,NaN,NaN,NaN,NaN,-1,1,3921.5994,3208.96013,37.16371125,46.67263322,15.36596411,0.456773126,-1,-131.3308622,56.43007447
2025-07-25T11:00:00+09:00,117341,117366.1,116317.4,116317.4,119674.1583,117094.6817,118380.166,118548.65,118384.42,NaN,NaN,NaN,NaN,-1,1,9679.8674,3534.52753,29.69933437,43.80080432,16.75394191,0.607723438,-1,-275.9159546,13.80439552
2025-07-25T12:00:00+09:00,116317.4,116382.7,115309.6,115397.7,120069.8698,116403.7402,118361.186,118490.32,118236.805,NaN,NaN,NaN,NaN,-1,1,15579.0746,3907.70858,24.86661343,41.46086106,18.97061048,0.718349443,-1,-459.4169136,-51.7403698
2025-07-25T13:00:00+09:00,115397.7,116089.7,115090,116050.1,120151.2118,116054.3982,118342.0615,118446.6617,118102.805,NaN,NaN,NaN,NaN,-1,1,8033.8358,4112.95842,33.17363417,43.64112062,21.83102074,0.763353491,-1,-545.9066459,-127.819585
2025-07-25T14:00:00+09:00,116050.1,116050.1,115219.2,115475.5,120290.6565,115616.5035,118323.117,118384.7533,117953.58,NaN,NaN,NaN,NaN,-1,1,4265.1682,4156.04915,30.0249377,42.22708773,25.11441523,0.751283456,-1,-653.2851354,-214.4442614
2025-07-25T15:00:00+09:00,115475.5,115480.7,115175.3,115276.5,120401.2095,115198.0605,118306.3415,118309.7267,117799.635,NaN,NaN,NaN,NaN,-1,1,2458.582,4094.35413,28.99837941,41.74884282,28.77387825,0.590029669,-1,-745.8433806,-308.4404882
2025-07-25T16:00:00+09:00,115276.5,115936.5,114675.3,115288,120430.2228,114841.8972,118289.7695,118242.89,117636.06,NaN,NaN,NaN,NaN,-1,1,10018.3528,4476.61098,29.14913593,41.78773599,32.60192104,0.757965877,-1,-808.9435057,-404.7336201
2025-07-25T17:00:00+09:00,115288,115939,115021.9,115196.2,120429.7723,114514.1877,118271.428,118167.6733,117471.98,NaN,NaN,NaN,NaN,-1,1,7068.8336,4687.31361,28.62661067,41.56160465,36.45968786,0.771086605,-1,-856.4852732,-502.9140226
2025-07-25T18:00:00+09:00,115196.2,116019.5,115025.9,116016.6,120369.3408,114359.5792,118260.9335,118111.045,117364.46,NaN,NaN,NaN,NaN,-1,1,6135.1726,4912.58851,39.1284139,44.31089112,40.08928281,0.795899016,-1,-818.5275665,-588.4061375
2025-07-25T19:00:00+09:00,116016.6,116460.3,115958.3,116260.1,120167.847,114285.363,118250.7505,118051.16,117226.605,NaN,NaN,NaN,NaN,-1,1,3817.0954,4814.88406,41.8626787,45.09355128,43.04042229,0.673418182,-1,-760.0361716,-658.262283
2025-07-25T20:00:00+09:00,116260.1,116740.3,116260.1,116505.4,119927.692,114268.638,118242.82,117993.0167,117098.165,NaN,NaN,119430.4,NaN,-1,1,4310.3956,4674.53318,44.56414746,45.87580534,45.16629038,0.58539012,-1,-685.9801082,-703.8249667
2025-07-25T21:00:00+09:00,116505.4,116619.9,115917.3,116089.8,119762.3393,114192.5207,118230.924,117934.765,116977.43,NaN,114675.3,NaN,NaN,-1,1,6940.7534,4803.59988,41.08117188,44.77256711,46.64510147,0.593397583,-1,-653.294815,-725.3669558
2025-07-25T22:00:00+09:00,116089.8,116564.9,115532.3,116185.1,119461.7598,114203.5002,118219.0645,117879.1283,116832.63,NaN,NaN,NaN,NaN,-1,1,5235.89,4964.03162,42.19679824,45.08172101,47.63002073,0.691525315,-1,-612.639445,-732.7817112
2025-07-25T23:00:00+09:00,116185.1,116262.3,114902,114938.9,119182.3593,114076.0907,118201.5425,117809.7767,116629.225,NaN,NaN,NaN,NaN,-1,1,8270.2864,5297.42738,33.31365798,41.94719094,48.2443956,0.860514806,-1,-673.2172669,-734.9963925
2025-07-26T00:00:00+09:00,114938.9,115820,114890.3,115689.9,118825.2026,114111.6074,118188.5525,117760.8133,116468.405,NaN,NaN,NaN,NaN,-1,1,4061.716,5437.54466,41.32941123,44.32847973,48.52605366,0.837823787,-1,-653.0976998,-724.6913169
2025-07-26T01:00:00+09:00,115689.9,116160,115411.8,116143.5,118468.4851,114213.8649,118177.733,117713.4767,116341.175,116740.3,NaN,NaN,NaN,-1,1,2481.4232,5488.60028,45.58394787,45.70177034,48.34600397,0.771102129,-1,-593.707182,-700.7761698
2025-07-26T02:00:00+09:00,116143.5,116300,115830,116006.8,118101.5997,114331.4303,118163.9975,117669.6883,116216.515,NaN,NaN,NaN,NaN,-1,1,2174.3,5556.06055,44.53580312,45.35755571,48.00746888,0.649723408,-1,-551.315099,-666.8683727
2025-07-26T03:00:00+09:00,116006.8,116527.1,116006.7,116450.1,117774.3274,114479.7226,118154.6055,117636.9933,116127.025,NaN,NaN,NaN,NaN,-1,1,2564.7418,5625.5888,48.65859117,46.68683077,47.57321376,0.580462266,-1,-476.4561724,-628.86044
2025-07-26T04:00:00+09:00,116450.1,116966,116365.7,116646.9,117391.5041,114699.0559,118147.9105,117608.86,116045.28,NaN,NaN,NaN,NaN,-1,1,3287.021,5732.16837,50.4205354,47.26818345,46.71329788,0.557865312,-1,-396.677171,-588.4872177
2025-07-26T05:00:00+09:00,116646.9,117276.9,116531.6,117005.9,117234.9919,114793.1481,118143.7075,117585.7083,116014.07,NaN,114890.3,NaN,NaN,1,1,3178.4566,5674.12829,53.55198599,48.31765718,45.38293682,0.583094581,-1,-301.0135412,-545.7131547
2025-07-26T06:00:00+09:00,117005.9,117344,116915.4,117175,117192.2681,114819.2719,118138.2815,117571.7867,116005.77,NaN,NaN,NaN,NaN,1,1,2233.9458,5589.74561,54.99393086,48.80755857,43.52738548,0.510094623,1,-209.1435914,-496.3630188
2025-07-26T07:00:00+09:00,117175,117323,117076.2,117239.9,117349.7627,114754.0273,118130.743,117553.2683,116051.895,NaN,NaN,NaN,NaN,1,1,949.9264,5153.24856,55.56409683,48.99697531,41.19227019,0.410044348,-1,-129.6050998,-442.692536
2025-07-26T08:00:00+09:00,117239.9,117606.3,117149.6,117575,117580.4183,114741.1017,118124.2695,117537.935,116160.76,NaN,NaN,NaN,NaN,1,1,2268.2306,4487.70636,58.48834779,49.97264899,38.78454174,0.402061426,-1,-39.0800127,-372.232841
2025-07-26T09:00:00+09:00,117575,117578.4,117293.3,117462.5,117758.4482,114704.3118,118118.861,117529.835,116231.38,NaN,NaN,NaN,NaN,1,1,1606.6346,4166.3463,57.12909341,49.64716022,36.39950885,0.349202921,-1,23.31519817,-297.0758524
2025-07-26T10:00:00+09:00,117462.5,117517.9,117120,117127.2,117847.2242,114780.7058,118108.244,117526.0217,116313.965,NaN,NaN,NaN,NaN,1,1,1686.467,4037.41124,53.16347891,48.68241721,34.05429041,0.346707102,-1,45.18705628,-226.0876037
2025-07-26T11:00:00+09:00,117127.2,117721.9,117127.2,117446,117953.7305,114891.1495,118097.597,117514.055,116422.44,NaN,NaN,NaN,NaN,1,1,1819.6298,4005.46363,56.27152157,49.63238358,32.09011021,0.399297448,-1,87.23951427,-155.1370911
2025-07-26T12:00:00+09:00,117446,117574.9,117426,117454,118031.862,115029.618,118090.139,117496.2733,116530.74,NaN,NaN,NaN,114675.3,1,1,2268.9264,3617.99231,56.34980051,49.65625697,30.45683489,0.308437846,-1,119.8305909,-88.88300629
2025-07-26T13:00:00+09:00,117454,117506.6,117362.1,117455.4,118063.9561,115223.4439,118080.348,117492.5317,116643.7,NaN,NaN,NaN,NaN,1,1,536.6484,3291.38305,56.3645217,49.66051947,29.04164419,0.246631253,-1,144.1110003,-28.7954317
2025-07-26T14:00:00+09:00,117455.4,117515.8,117383.9,117408.3,118140.1805,115286.3895,118066.0915,117481.255,116713.285,NaN,NaN,NaN,NaN,1,1,2001.4844,3084.69864,55.68411949,49.51653464,27.83089778,0.20193446,-1,157.7345575,22.17657927
2025-07-26T15:00:00+09:00,117408.3,117427.7,117282.1,117311.1,118199.4967,115332.1733,118053.8475,117464.4133,116765.835,NaN,NaN,NaN,NaN,1,1,1398.2758,2963.75766,54.22925165,49.2159192,26.57784498,0.176105993,-1,158.8568937,63.06552207
2025-07-26T16:00:00+09:00,117311.1,117344.9,117271.8,117281.2,118249.9354,115359.3146,118044.4075,117446.91,116804.625,117721.9,NaN,NaN,NaN,1,1,1348.9492,2815.68534,53.76390924,49.12227104,25.2764843,0.138210203,-1,155.5406968,94.74838837
2025-07-26T17:00:00+09:00,117281.2,117584.9,117281.2,117515.8,118313.8216,115438.0284,118033.285,117441.2,116875.925,NaN,NaN,NaN,NaN,1,1,2245.6348,2580.92941,56.88971119,49.8860435,24.24096114,0.178100638,-1,169.8845232,117.9666701
2025-07-26T18:00:00+09:00,117515.8,117584.7,117412.9,117541.4,118372.8217,115514.6583,118019.2805,117431.2867,116943.74,NaN,NaN,NaN,NaN,1,1,550.601,2346.66496,57.2295095,49.96970701,23.33771798,0.167428322,-1,181.2287231,135.5126173
2025-07-26T19:00:00+09:00,117541.4,118218.2,117494.3,117951.2,118256.5312,115932.1788,118008.666,117421.7317,117094.355,NaN,NaN,NaN,NaN,1,2,4329.5168,2149.62648,62.34595755,51.29834892,22.90048171,0.315807211,-1,220.7419427,155.0187158
2025-07-26T20:00:00+09:00,117951.2,118045,117751.5,117751.5,118197.4453,116197.4247,117996.364,117405.9133,117197.435,NaN,NaN,NaN,NaN,1,2,1512.1862,2022.14999,58.66313814,50.62948258,22.93994578,0.293979777,-1,233.2535313,171.2424955
2025-07-26T21:00:00+09:00,117751.5,117980,117750,117884.3,118202.0358,116366.9142,117983.836,117387.0783,117284.475,NaN,NaN,NaN,NaN,1,2,1020.323,1949.09498,60.34086054,51.06264552,23.40471186,0.260801253,-1,250.9916304,185.8159443
2025-07-26T22:00:00+09:00,117884.3,118199.7,117821.4,118096.7,118165.9463,116611.9937,117971.4325,117371.1317,117388.97,NaN,NaN,NaN,NaN,1,2,1837.3594,1932.24795,62.93217894,51.75377315,24.44470508,0.280331701,-1,278.9722877,200.8005318
2025-07-26T23:00:00+09:00,118096.7,118185.7,117921.4,118041.3,118166.516,116770.544,117960.375,117356.4267,117468.53,NaN,NaN,NaN,NaN,1,2,3277.6198,1967.89185,61.79797367,51.5598901,26.01747959,0.261610407,-1,293.2959105,215.8629044
2025-07-27T00:00:00+09:00,118041.3,118141.3,117813,118106.7,118183.6347,116899.4053,117954.074,117350.61,117541.52,118218.2,NaN,NaN,NaN,1,2,1160.0378,1861.54269,62.65366965,51.77759565,27.73037741,0.266966692,-1,306.3928125,232.2557842
2025-07-27T01:00:00+09:00,118106.7,118195.1,117991,118065.8,118225.921,116963.109,117951.137,117353.1517,117594.515,NaN,NaN,NaN,NaN,1,2,516.8844,1728.46408,61.7225464,51.62945905,29.60120145,0.235662684,-1,309.8995841,249.4067717
2025-07-27T02:00:00+09:00,118065.8,118084.9,117960.4,118021.1,118263.4867,117010.1533,117946.767,117360.795,117636.82,NaN,NaN,NaN,NaN,1,2,416.9954,1637.61656,60.66148,51.46518345,31.22242956,0.192331164,-1,305.5496235,264.4806718
2025-07-27T03:00:00+09:00,118021.1,118080.2,117914.1,118076.7,118305.4762,117051.8438,117940.8715,117371.6583,117678.66,NaN,NaN,NaN,NaN,1,2,562.0018,1618.22033,61.54696519,51.6604824,32.54220925,0.175050825,-1,303.0948154,278.0213487
2025-07-27T04:00:00+09:00,118076.7,118280,118029.2,118214.9,118377.1124,117044.1976,117936.0765,117369.4067,117710.655,NaN,NaN,NaN,NaN,1,2,598.4086,1534.72923,63.7322205,52.14905059,33.72650126,0.187282786,-1,308.7419622,287.7991286
2025-07-27T05:00:00+09:00,118214.9,118214.9,117865,117934,118397.2554,117071.2046,117928.624,117356.1383,117734.23,NaN,NaN,NaN,NaN,1,2,799.733,1494.38415,56.68138768,51.07789055,34.44745205,0.224049699,-1,287.2399608,293.7976208
2025-07-27T06:00:00+09:00,117934,118059.1,117867.5,118016.4,118390.1823,117167.1977,117924.829,117348.745,117778.69,NaN,NaN,NaN,NaN,1,2,212.3276,1420.67718,58.14422786,51.3769657,34.74718355,0.20337895,-1,273.6934929,296.32005
2025-07-27T07:00:00+09:00,118016.4,118260.5,117949.5,117975.8,118402.4655,117207.8945,117924.0855,117342.4183,117805.18,NaN,NaN,NaN,NaN,1,2,1020.0516,1380.69827,57.12070069,51.21947174,34.9745487,0.223503755,-1,256.7224027,293.8478405
2025-07-27T08:00:00+09:00,117975.8,118017.7,117853,117886.6,118402.6041,117251.0159,117924.375,117331.2033,117826.81,NaN,NaN,NaN,NaN,1,2,824.259,1308.4649,54.83674365,50.86972913,34.96051851,0.195685426,-1,233.3846836,287.1910375
2025-07-27T09:00:00+09:00,117886.6,117934,117801,117924.3,118401.3013,117299.2087,117926.2695,117321.9783,117850.255,118280,NaN,NaN,NaN,1,2,433.2208,1303.29352,55.64399359,51.01404575,34.69823851,0.168009983,-1,215.4478988,277.0860471
2025-07-27T10:00:00+09:00,117924.3,118169.2,117895.2,118056.8,118401.249,117364.111,117928.647,117320.1417,117882.68,NaN,NaN,NaN,NaN,1,2,669.1572,1236.67716,58.45462969,51.52492128,34.47466942,0.189244836,-1,209.5094161,265.931584
2025-07-27T11:00:00+09:00,118056.8,118351,117984,118291,118408.4517,117454.8983,117933.6025,117308.0383,117931.675,NaN,NaN,NaN,NaN,1,3,1550.193,1244.27302,62.92633705,52.42026826,34.2637351,0.229330717,-1,221.1518081,256.554049
2025-07-27T12:00:00+09:00,118291,118291,118053.2,118156.4,118356.3983,117594.4717,117937.5515,117292.7417,117975.435,NaN,NaN,NaN,NaN,1,3,968.1704,1225.23408,58.99611569,51.85830979,34.3100751,0.220147533,1,217.0157698,246.9897106
2025-07-27T13:00:00+09:00,118156.4,118241.3,118110.5,118194.1,118337.7432,117680.9568,117941.622,117287.5683,118009.35,NaN,NaN,NaN,NaN,1,3,336.6596,1129.78532,59.75431752,52.00542185,34.59030086,0.183606683,1,214.3095772,236.4972233
2025-07-27T14:00:00+09:00,118194.1,118278.5,118132.1,118263.1,118313.2334,117777.6366,117944.665,117273.935,118045.435,NaN,117801,NaN,NaN,1,3,480.5912,1126.28483,61.16954022,52.27788591,34.95430341,0.163596966,1,215.2513399,228.4984877
2025-07-27T15:00:00+09:00,118263.1,118418.4,118174.3,118242,118337.1425,117782.8075,117947.5755,117261.185,118059.975,NaN,NaN,NaN,NaN,1,3,777.9906,948.70852,60.46928179,52.18540453,35.6318951,0.177897783,1,211.8529907,221.6273208
2025-07-27T16:00:00+09:00,118242,118242.1,118039.4,118083,118314.8724,117838.2276,117948.441,117247.4633,118076.55,NaN,NaN,NaN,NaN,1,3,717.6952,908.98397,55.32912586,51.48478109,36.41657411,0.175977855,1,194.0924265,214.6684345
2025-07-27T17:00:00+09:00,118083,118118,117923.2,117923.2,118311.0755,117845.9145,117949.5145,117234.715,118078.495,NaN,NaN,NaN,NaN,1,3,858.8876,900.9122,50.66752085,50.78524893,36.91923968,0.172541638,1,165.2179967,207.0943582
2025-07-27T18:00:00+09:00,117923.2,117987,117835.2,117918.4,118312.1405,117827.0195,117949.0675,117225.0217,118069.58,NaN,NaN,NaN,NaN,1,3,984.109,858.24968,50.52980674,50.7640992,36.92103441,0.157943471,1,140.3298481,198.7479081
2025-07-27T19:00:00+09:00,117918.4,118263.8,117918.4,118155.1,118320.237,117830.303,117948.96,117223.6083,118075.27,NaN,NaN,NaN,NaN,1,3,1188.946,753.81599,56.76971988,51.77509754,36.73019034,0.202527251,1,138.1134371,190.8150216
2025-07-27T20:00:00+09:00,118155.1,118231.5,118018.1,118045.3,118317.0535,117827.3465,117947.71,117219.6667,118072.2,118418.4,NaN,NaN,NaN,1,3,679.8078,729.80449,53.40458667,51.27650486,36.36422009,0.195403107,1,126.044016,180.2474891
2025-07-27T21:00:00+09:00,118045.3,118090,117860,118075.3,118317.5138,117827.8362,117947.564,117227.0867,118072.675,NaN,NaN,NaN,NaN,1,3,952.4988,751.58521,54.20335849,51.40702341,35.57967888,0.195165957,1,117.5446803,169.1951458
2025-07-27T22:00:00+09:00,118075.3,118198,118058,118179.9,118328.5289,117832.7011,117947.578,117241.0683,118080.615,NaN,NaN,NaN,NaN,1,3,903.924,775.93164,56.97295321,51.86595863,34.42928971,0.169483299,1,117.8902756,158.4818901
2025-07-27T23:00:00+09:00,118179.9,118488.7,118114.6,118399.9,118381.0324,117812.5176,117948.8865,117275.7767,118096.775,NaN,117835.2,NaN,NaN,1,3,2383.3294,866.99802,62.15673666,52.82261851,33.42661339,0.218099955,1,134.3674198,149.4947879
2025-07-28T00:00:00+09:00,118399.9,118580,118220.7,118572.2,118463.8401,117765.4399,117951.0385,117328.685,118114.64,NaN,NaN,NaN,NaN,1,4,3613.433,1017.74924,65.64743094,53.56053946,32.80488253,0.246196061,1,159.4903399,143.6767155
2025-07-28T01:00:00+09:00,118572.2,119536,118572.2,119078.5,118708.634,117635.096,117956.1305,117379.1583,118171.865,NaN,NaN,NaN,NaN,1,4,12189.8098,1587.25308,73.40921734,55.64180441,32.9972555,0.433226869,-1,217.7445897,146.3047337
2025-07-28T02:00:00+09:00,119078.5,119326.9,118845.7,119187.9,118920.3881,117540.4919,117961.102,117441.0317,118230.44,NaN,NaN,NaN,NaN,1,4,1899.4428,1671.60884,74.73744877,56.07602071,33.66702451,0.423130232,-1,269.6310294,157.9061818
2025-07-28T03:00:00+09:00,119187.9,119369.9,118925.7,119015.6,119041.0758,117523.7842,117964.18,117503.35,118282.43,NaN,NaN,NaN,NaN,1,4,1282.7052,1684.74152,68.90010645,55.20715942,34.78077784,0.406904662,-1,293.4653508,174.9212376
2025-07-28T04:00:00+09:00,119015.6,119073.6,118882.1,118960.2,119126.3982,117545.8218,117967.532,117564.5533,118336.11,NaN,NaN,NaN,NaN,1,4,474.1174,1667.23444,67.0857755,54.92781186,36.47169396,0.325055509,-1,304.3752567,193.3947731
2025-07-28T05:00:00+09:00,118960.2,119175.6,118720.7,118746.4,119163.0566,117591.3734,117970.214,117623.7233,118377.215,NaN,NaN,NaN,NaN,1,4,897.2986,1690.43833,60.46809875,53.85426169,38.36671703,0.344788942,-1,292.3989692,211.8786568
2025-07-28T06:00:00+09:00,118746.4,119269.4,118713.2,119261.4,119297.0146,117577.8754,117975.687,117677.8033,118437.445,119536,NaN,NaN,NaN,1,4,1554.7094,1734.71594,68.52288821,55.97033076,40.2616948,0.384323542,-1,320.7662771,234.4588342
2025-07-28T07:00:00+09:00,119261.4,119772.9,119213.2,119481.9,119465.7859,117528.1941,117984.821,117731.5,118496.99,NaN,NaN,NaN,NaN,1,4,3140.877,1814.25014,71.2261637,56.83546112,42.26624661,0.411889241,-1,356.9256633,261.0183217
2025-07-28T08:00:00+09:00,119481.9,119520,119123.1,119414.1,119593.2023,117526.5477,117991.7715,117779.9783,118559.875,NaN,NaN,NaN,NaN,1,4,1558.4058,1843.76191,69.25663373,56.48707474,43.92606185,0.38553967,-1,375.7795908,287.8418963
2025-07-28T09:00:00+09:00,119414.1,119684.2,119125,119234.3,119670.7319,117553.0381,117998.1875,117832.3867,118611.885,NaN,NaN,NaN,NaN,1,4,1454.1478,1899.63632,64.18766845,55.56501713,45.32487741,0.413744886,-1,371.925778,311.4458339
2025-07-28T10:00:00+09:00,119234.3,119485.5,118952.9,119034,119711.8064,117589.0536,118004.3975,117879.8683,118650.43,NaN,NaN,NaN,NaN,1,4,1805.8122,1965.89737,59.0064339,54.55234582,46.27494031,0.425439129,-1,348.689591,325.9952785
2025-07-28T11:00:00+09:00,119034,119811.3,119015.1,119431.2,119805.7619,117614.0181,118012.3975,117954.74,118709.89,NaN,NaN,NaN,NaN,1,4,2284.2894,2041.21231,65.0339834,56.16941089,46.99784859,0.504902802,-1,358.1964007,335.8358753
2025-07-28T12:00:00+09:00,119431.2,119523.9,119213.9,119272.7,119851.7493,117687.0007,118018.835,118014.4533,118769.375,NaN,NaN,NaN,NaN,1,4,730.5264,2041.85387,61.16888663,55.36691791,47.72780601,0.423685372,-1,348.918871,341.9973775
2025-07-28T13:00:00+09:00,119272.7,119411.5,119125,119205,119858.0895,117808.8405,118026.381,118065.4783,118833.465,NaN,NaN,NaN,NaN,1,4,1314.9912,2064.65905,59.54116028,55.02414309,48.31576836,0.36273142,-1,332.2732979,345.0971599
2025-07-28T14:00:00+09:00,119205,119668.5,119135.4,119509.9,119886.986,117939.094,118035.5415,118123.8633,118913.04,NaN,NaN,NaN,NaN,1,4,1379.6086,2084.43403,64.16602698,56.26886659,48.71191756,0.389894611,-1,339.7678113,350.3603646
2025-07-28T15:00:00+09:00,119509.9,119600,119417.9,119438.3,119911.2181,118043.1819,118043.873,118173.6667,118977.2,NaN,NaN,NaN,NaN,1,4,642.4426,2057.10886,62.36319831,55.8980149,49.04062275,0.31090678,-1,336.0559023,352.0592118
2025-07-28T16:00:00+09:00,119438.3,119438.4,118759.9,118890.1,119851.9559,118186.9241,118049.2325,118211.0533,119019.44,119811.3,NaN,NaN,NaN,1,4,2914.9428,2168.86561,50.63325644,53.15962753,48.62019654,0.398458617,-1,285.5869605,344.1326893
2025-07-28T17:00:00+09:00,118890.1,119087.3,118763.2,119052.5,119779.2655,118357.3345,118054.946,118245.1633,119068.3,NaN,NaN,NaN,NaN,1,4,1550.6526,2198.7733,53.42789123,53.84343496,47.72023411,0.356020998,-1,255.7462002,330.7956459
2025-07-28T18:00:00+09:00,119052.5,119052.6,118688.1,118930.1,119693.8686,118517.7514,118060.05,118274.415,119105.81,NaN,NaN,NaN,NaN,1,4,1164.6906,2211.81163,51.08080839,53.24537381,46.20436958,0.339752453,1,219.6880981,313.8803481
2025-07-28T19:00:00+09:00,118930.1,118963.8,118615,118757.9,119642.437,118604.983,118064.017,118299.715,119123.71,NaN,NaN,NaN,NaN,1,4,1571.4374,2171.21703,47.89316083,52.40933194,44.17773898,0.324732324,1,175.197128,294.6034078
2025-07-28T20:00:00+09:00,118757.9,118860.7,118478,118815.3,119611.9716,118659.7584,118068.3595,118320.3867,119135.865,NaN,NaN,NaN,NaN,1,4,1740.0812,2077.54944,49.03485358,52.66225435,41.89996599,0.323749152,1,142.9218993,270.6840187
2025-07-28T21:00:00+09:00,118815.3,119085,118769.8,118831.9,119617.3874,118629.6826,118072.9175,118343.21,119123.535,NaN,NaN,NaN,NaN,1,4,2718.7406,1603.99598,49.38027966,52.73640983,39.16662668,0.304218831,1,117.3305161,244.9519793
2025-07-28T22:00:00+09:00,118831.9,119070,118214,118422.3,119664.5185,118505.9915,118075.893,118364.795,119085.255,NaN,NaN,NaN,NaN,1,4,5108.7974,1764.46371,41.84407961,50.73449443,36.30629202,0.444459654,1,63.26854334,215.0625621
2025-07-28T23:00:00+09:00,118422.3,118670,117893.2,117980,119787.2448,118279.7052,118076.7985,118373.695,119033.475,NaN,NaN,NaN,NaN,1,4,5511.7928,1975.91809,35.53708636,48.69676235,34.10929685,0.516889498,-1,-15.09190305,175.633705
2025-07-29T00:00:00+09:00,117980,118489.3,117900.5,118151.3,119839.3151,118146.7449,118077.559,118385.3167,118993.03,NaN,NaN,NaN,NaN,1,4,4061.915,2155.30797,39.34989501,49.49870176,32.51533758,0.510208086,-1,-62.64847041,131.3332191
2025-07-29T01:00:00+09:00,118151.3,118369.9,118000,118012.1,119900.2885,118012.3415,118076.9215,118394.595,118956.315,NaN,NaN,NaN,NaN,1,4,1111.4968,2166.01788,37.41334731,48.86507708,31.52801709,0.445020743,-1,-110.2982201,87.34597683
2025-07-29T02:00:00+09:00,118012.1,118103.1,117634.2,117645.9,119966.324,117784.756,118075.61,118398.555,118875.54,NaN,NaN,NaN,NaN,-1,1,3799.183,2278.24156,32.8352156,47.24105543,31.19860856,0.430460291,-1,-175.5862209,39.42015225
2025-07-29T03:00:00+09:00,117645.9,117850.3,117400,117760.1,119945.0756,117633.8244,118074.941,118406.0383,118789.45,NaN,NaN,NaN,NaN,-1,1,2804.7598,2261.4357,35.48643228,47.79341404,31.44144915,0.414157757,-1,-215.6268344,-8.94817358
2025-07-29T04:00:00+09:00,117760.1,118219,117528,118048.1,119882.4826,117559.8174,118075.813,118418.82,118721.15,NaN,NaN,NaN,NaN,-1,1,3803.9052,2373.71067,41.73294638,49.16360469,31.98723481,0.470549767,-1,-221.5660406,-53.03297009
2025-07-29T05:00:00+09:00,118048.1,118147.2,117478.8,118020.3,119834.9835,117485.9165,118075.647,118427.2283,118660.45,NaN,NaN,NaN,NaN,-1,1,1651.544,2383.58048,41.3170805,49.03678554,32.54437046,0.50255482,-1,-225.9119595,-94.01450996
2025-07-29T06:00:00+09:00,118020.3,118319.1,117936.4,118088.4,119799.8156,117426.5244,118074.221,118436.345,118613.17,NaN,NaN,NaN,NaN,-1,1,1643.0118,2375.44046,42.82023493,49.36342049,32.82166436,0.442869752,-1,-221.3099079,-131.6412237
2025-07-29T07:00:00+09:00,118088.4,118242.7,117740,117843.3,119703.2273,117364.3227,118071.266,118434.5467,118533.775,NaN,NaN,119811.3,NaN,-1,1,1345.9204,2328.52201,38.95289367,48.22774606,32.95044332,0.438055058,-1,-234.7343984,-164.7526617
2025-07-29T08:00:00+09:00,117843.3,118152.5,117800.1,118046,119608.6414,117336.2386,118068.196,118439.455,118472.44,NaN,117400,NaN,NaN,-1,1,687.4404,2326.36771,43.49779025,49.21415403,32.9442087,0.391044472,-1,-226.4073251,-188.232153
2025-07-29T09:00:00+09:00,118046,118433.6,117503.9,117945.1,119515.5051,117303.3849,118065.172,118440.4683,118409.445,NaN,NaN,NaN,NaN,-1,1,4525.2868,2486.88249,41.82842069,48.74224608,32.80936448,0.5236687,-1,-225.3521273,-206.3103371
2025-07-29T10:00:00+09:00,117945.1,118213.5,117737.2,117737.2,119340.676,117300.944,118063.8135,118434.4767,118320.81,NaN,NaN,NaN,NaN,-1,1,842.7364,2460.03888,38.545872,47.77859716,32.47816934,0.484577274,-1,-238.5419053,-220.5596355
2025-07-29T11:00:00+09:00,117737.2,118069.3,117428.6,118054.8,119137.8525,117365.4175,118062.4165,118434.7017,118251.635,NaN,NaN,NaN,NaN,-1,1,1765.9356,2516.21353,45.5728127,49.34050359,32.44414624,0.503087106,-1,-220.8217382,-225.5858041
2025-07-29T12:00:00+09:00,118054.8,118754.1,118054.8,118723.8,119108.2855,117378.3545,118065.3525,118444.9867,118243.32,NaN,NaN,NaN,NaN,-1,1,2493.2946,2495.13112,56.78273935,52.40174764,32.09378968,0.529839553,-1,-151.0544079,-218.41109
2025-07-29T13:00:00+09:00,118723.8,118760,118373,118485.6,119006.0104,117423.9396,118067.4605,118451.9833,118214.975,NaN,NaN,NaN,NaN,-1,1,1512.791,2493.23804,52.62657858,51.27554167,31.59884356,0.462810474,1,-113.6736858,-206.4230506
2025-07-29T14:00:00+09:00,118485.6,118822.9,118485.5,118757.6,118969.2701,117443.4299,118071.3285,118464.2583,118206.35,NaN,NaN,NaN,NaN,-1,1,949.6584,2482.48643,56.53851998,52.46638569,30.82305503,0.402536353,1,-61.393363,-188.1432065
2025-07-29T15:00:00+09:00,118757.6,119025.9,118688.4,118714.3,118960.9984,117447.3416,118077.694,118474.885,118204.17,NaN,NaN,NaN,NaN,-1,1,2372.297,2522.52941,55.74929532,52.2588268,29.89360677,0.363220781,1,-23.18748769,-166.1296043
2025-07-29T16:00:00+09:00,118714.3,119242.3,118710,118849.7,118968.4011,117443.3789,118085.8185,118485.465,118205.89,NaN,117428.6,NaN,NaN,-1,1,3123.1566,2591.68318,57.73603908,52.85419938,28.80306624,0.391163521,1,17.81127487,-138.0689739
2025-07-29T17:00:00+09:00,118849.7,119007.8,118714.3,118875,118977.8298,117438.2602,118093.5805,118501.1483,118208.045,NaN,NaN,NaN,NaN,-1,1,1577.9968,2534.64599,58.11445757,52.96608225,27.5660782,0.343019514,1,51.74806861,-107.1628191
2025-07-29T18:00:00+09:00,118875,118953.2,118715.1,118735.3,119022.4487,117424.9413,118100.962,118513.13,118223.695,NaN,NaN,NaN,NaN,-1,1,804.7704,2319.44464,55.176684,52.26691961,26.06078605,0.295792095,-1,66.60284356,-74.72337787
2025-07-29T19:00:00+09:00,118735.3,118785.2,118260.1,118282.6,119029.9686,117447.6814,118101.6325,118518.2433,118238.825,NaN,NaN,NaN,NaN,-1,1,3500.9786,2218.90393,46.90243974,50.08009265,24.75018,0.345928385,-1,41.36937272,-43.62212476
2025-07-29T20:00:00+09:00,118282.6,118564.4,118124.8,118561.5,119061.5303,117457.1397,118102.6575,118529.4917,118259.335,NaN,NaN,NaN,NaN,-1,1,2172.5074,2124.43355,51.70726145,51.35998682,23.7063817,0.353669102,-1,43.37654659,-14.26675979
2025-07-29T21:00:00+09:00,118561.5,119045.5,118408,118857.6,119135.713,117467.507,118105.4525,118545.0467,118301.61,119242.3,NaN,NaN,NaN,-1,1,3051.107,2221.41406,56.23521617,52.67501632,22.87014175,0.413977394,-1,68.07531191,10.08098686
2025-07-29T22:00:00+09:00,118857.6,118987.5,118489.2,118588.4,119134.4215,117563.0485,118106.433,118553.9067,118348.735,NaN,NaN,NaN,NaN,-1,1,2356.4442,2149.27712,51.50689525,51.38565337,22.12093962,0.416675715,-1,65.17576552,29.95314812
2025-07-29T23:00:00+09:00,118588.4,118600,117675.9,117788.5,119131.6725,117568.6375,118099.5945,118545.5317,118350.155,NaN,NaN,NaN,117400,-1,1,4440.7916,2231.07871,40.58675471,47.83406,21.51854408,0.541184164,1,-1.648389238,36.59147854
2025-07-30T00:00:00+09:00,117788.5,117924.5,117224.5,117350.1,119202.764,117427.746,118089.659,118532.0933,118315.255,NaN,NaN,NaN,NaN,-1,2,5834.064,2332.58665,36.0727534,46.05319574,21.20943845,0.560972514,-1,-88.95679095,29.28377818
2025-07-30T01:00:00+09:00,117350.1,117734.6,116930,117703.6,119218.1658,117380.6742,118083.2355,118523.9183,118299.42,NaN,NaN,NaN,NaN,-1,2,6502.249,2575.1219,41.70299645,47.6572671,21.25348996,0.600718984,-1,-128.1476266,13.06612246
2025-07-30T02:00:00+09:00,117703.6,118010,117593.8,117730.3,119229.5051,117333.5249,118078.5365,118515.0383,118281.515,NaN,NaN,NaN,NaN,-1,2,3500.5692,2667.99977,42.11765799,47.77699531,21.55717747,0.518228454,-1,-155.2624109,-9.935041929
2025-07-30T03:00:00+09:00,117730.3,117785,117435.9,117556.2,119249.3366,117284.9834,118073.497,118503.6083,118267.16,NaN,NaN,NaN,NaN,-1,2,1257.1052,2663.55901,40.11403471,47.06045832,22.06532617,0.444985413,-1,-188.6251347,-38.29370618
2025-07-30T04:00:00+09:00,117556.2,117967.3,117367.8,117488.9,119275.1247,117203.4853,118070.6515,118493.7067,118239.305,NaN,NaN,NaN,NaN,-1,2,3881.3432,2823.25415,39.33504365,46.78358291,22.71428895,0.466913863,-1,-217.9831076,-67.11064843
2025-07-30T05:00:00+09:00,117488.9,117870.9,117052.2,117465,119298.4509,117132.1491,118067.2695,118486.07,118215.3,NaN,NaN,NaN,NaN,-1,2,6059.5386,2899.96674,39.0450625,46.68401163,23.60936631,0.543663765,-1,-240.4067832,-98.64212952
2025-07-30T06:00:00+09:00,117465,117656.6,117150,117552.5,119308.3443,117103.7857,118061.0615,118479.9717,118206.065,NaN,116930,NaN,NaN,-1,2,1026.7924,2909.16954,40.76673537,47.10475976,24.53220741,0.505824853,-1,-248.2554545,-133.7899925
2025-07-30T07:00:00+09:00,117552.5,117815,117405.3,117801.1,119308.0993,117078.6607,118056.101,118474.0717,118193.38,NaN,NaN,NaN,NaN,-1,2,944.3084,2868.08818,45.47853702,48.28834912,25.200256,0.452434802,-1,-231.7442374,-166.7811039
2025-07-30T08:00:00+09:00,117801.1,117950.1,117668.4,117899.8,119246.1535,117058.2065,118054.0175,118471.6467,118152.18,NaN,NaN,NaN,NaN,-1,2,792.7058,2783.05874,47.27188389,48.75310287,25.45066889,0.381014598,-1,-208.2936345,-189.7416867
2025-07-30T09:00:00+09:00,117899.8,117958.7,117485.8,117693.3,119212.7382,117012.3918,118053.8225,118465.28,118112.565,NaN,NaN,NaN,NaN,-1,2,1288.3986,2771.83912,44.01022896,47.83490317,25.59946823,0.388391097,-1,-204.0198728,-202.5264736
2025-07-30T10:00:00+09:00,117693.3,117969.7,117366.1,117808.3,119131.2476,116998.9524,118053.81,118459.0867,118065.1,NaN,NaN,NaN,NaN,-1,2,973.1328,2773.01284,46.23505853,48.38751765,25.65911793,0.429460573,-1,-189.172682,-209.3070353
2025-07-30T11:00:00+09:00,117808.3,118076.2,117742.1,117973.2,119052.0448,117004.0452,118058.055,118451.975,118028.045,NaN,NaN,NaN,NaN,-1,2,1403.2522,2724.5606,49.34341934,49.17563674,25.67088007,0.380306827,-1,-162.2300376,-210.081216
2025-07-30T12:00:00+09:00,117973.2,118222.8,117855.8,118108.3,118944.5701,117037.3799,118064.941,118444.2433,117990.975,NaN,NaN,119242.3,NaN,-1,2,1320.7864,2634.44209,51.80197943,49.81653235,25.40028371,0.356825125,-1,-128.4951448,-203.400106
2025-07-30T13:00:00+09:00,118108.3,118220.4,117907.1,117946.2,118807.5633,117081.5067,118070.222,118425.3717,117944.535,NaN,NaN,NaN,NaN,-1,2,616.8048,2586.38249,48.74503402,49.0588018,24.8729978,0.326753547,-1,-113.5313953,-191.7943602
2025-07-30T14:00:00+09:00,117946.2,118032,117620.5,117947,118688.4098,117121.8302,118074.1065,118404.69,117905.12,NaN,NaN,NaN,NaN,-1,2,1242.365,2608.26222,48.76110464,49.06270516,24.41156859,0.334129393,-1,-100.4500371,-176.2436107
2025-07-30T15:00:00+09:00,117947,118275.9,117947,118230.4,118681.0849,117123.9351,118078.736,118391.6033,117902.51,NaN,NaN,NaN,NaN,-1,2,1419.7574,2504.20116,54.23531871,50.43611417,23.89946173,0.314947535,-1,-66.44897263,-156.0428905
2025-07-30T16:00:00+09:00,118230.4,118368.9,118070,118072.4,118601.0389,117155.0711,118082.4265,118376.8067,117878.055,NaN,NaN,NaN,NaN,-1,2,1229.7092,2457.06125,50.96609032,49.67385274,23.17592134,0.294629244,1,-51.65669734,-136.0331638
2025-07-30T17:00:00+09:00,118072.4,118435.2,117912.4,118318.8,118456.7157,117245.5143,118088.6375,118369.68,117851.115,NaN,NaN,NaN,NaN,-1,2,1381.9852,2373.60516,55.47371575,50.85626506,22.3134313,0.343296146,1,-19.82278711,-115.0919585
2025-07-30T18:00:00+09:00,118318.8,118379.5,117943.2,118119.4,118347.5016,117307.8284,118090.7035,118350.6467,117827.665,NaN,NaN,NaN,NaN,-1,2,1317.5532,2321.66061,51.35902499,49.88796416,21.41503043,0.35237445,1,-10.56234134,-93.59667725
2025-07-30T19:00:00+09:00,118119.4,118372,117900,117975.9,118360.4534,117313.6166,118095.689,118325.5467,117837.035,NaN,NaN,NaN,NaN,-1,2,1977.3582,2198.48894,48.56710121,49.1997707,20.63791699,0.368562611,1,-14.63393122,-74.20348272
2025-07-30T20:00:00+09:00,117975.9,118139.5,117314.3,117525,118341.4744,117350.0856,118097.446,118294.0617,117845.78,NaN,NaN,NaN,NaN,-1,2,3859.3602,2099.75375,41.02124328,47.11500534,20.30853195,0.480700593,1,-53.62638562,-62.13641027
2025-07-30T21:00:00+09:00,117525,117866.7,117316.9,117690.1,118341.6082,117348.6018,118103.366,118268.325,117845.105,NaN,NaN,NaN,116930,-1,2,4431.7686,1996.22973,44.4260261,47.93956779,20.20716477,0.475737196,1,-70.3945321,-55.68078664
2025-07-30T22:00:00+09:00,117690.1,117820,117363.6,117627.9,118343.1848,117336.7852,118105.0725,118244.89,117839.985,118435.2,NaN,NaN,NaN,-1,2,5334.4338,2087.92296,43.40929861,47.65381733,20.52311017,0.446660235,1,-87.69157528,-52.80969553
2025-07-30T23:00:00+09:00,117627.9,118679,117560,118667.3,118496.9117,117294.1683,118109.5095,118232.1583,117895.54,NaN,NaN,NaN,NaN,1,1,5333.1292,2291.72416,59.91747717,52.48517437,20.92685803,0.609489474,1,-17.32895583,-43.57401983
2025-07-31T00:00:00+09:00,118667.3,118759.6,117802.4,117950,118490.4724,117346.7176,118109.4955,118210.1133,117918.595,NaN,NaN,NaN,NaN,1,1,3619.6208,2278.63804,49.24189353,49.28085835,21.34272839,0.679307448,1,-19.22457927,-38.32686501
2025-07-31T01:00:00+09:00,117950,117981.4,117600,117693.2,118473.6353,117386.3747,118106.7315,118184.9167,117930.005,NaN,117314.3,NaN,NaN,1,1,2054.3584,2078.37903,46.0767131,48.20527931,21.6246087,0.56188074,1,-40.97614089,-37.14013652
2025-07-31T02:00:00+09:00,117693.2,117907.5,117607,117751.1,118462.4662,117417.4038,118103.682,118155.6033,117939.935,NaN,NaN,NaN,NaN,1,1,863.5268,2070.21575,46.90538466,48.46416721,21.75146883,0.459469408,1,-52.93219469,-40.81895958
2025-07-31T03:00:00+09:00,117751.1,118007.2,116450.5,116475.4,118698.6237,117048.6763,118091.3975,118106.2217,117873.65,NaN,NaN,NaN,NaN,-1,1,9667.7114,2506.3859,34.37205951,43.56635308,21.82344848,0.755169637,-1,-163.4614996,-57.80775494
2025-07-31T04:00:00+09:00,116475.4,117078,115729.8,116863.7,118756.5693,116887.1207,118080.022,118072.4483,117821.845,NaN,NaN,NaN,NaN,-1,1,14714.823,3202.49176,39.65737954,45.28452032,22.02303144,0.886324185,-1,-217.2202256,-80.31734321
2025-07-31T05:00:00+09:00,116863.7,117273.9,116819.8,117123.7,118775.5267,116811.2033,118069.2465,118040.3017,117793.365,118759.6,NaN,NaN,NaN,-1,1,2989.2406,3287.53386,42.96931412,46.39997796,22.21696671,0.718807686,-1,-236.1227007,-100.5947116
2025-07-31T06:00:00+09:00,117123.7,117280,116889.6,117277.2,118774.3127,116759.3073,118064.937,118012.7533,117766.81,NaN,NaN,NaN,NaN,-1,1,1028.7634,3290.31539,44.89235771,47.05054824,22.76691399,0.589540085,-1,-235.996461,-118.9949259
2025-07-31T07:00:00+09:00,117277.2,117435.4,117189,117435,118752.6513,116727.1487,118056.9105,117990.705,117739.9,NaN,NaN,NaN,NaN,-1,1,1460.1794,3293.16175,46.8755212,47.71650695,23.4923498,0.462438004,-1,-220.6201027,-133.7647623
2025-07-31T08:00:00+09:00,117435,117844,117400,117765.1,118721.4745,116724.0055,118051.2485,117973.2017,117722.74,NaN,NaN,NaN,NaN,-1,1,2117.5778,3333.00132,50.85943593,49.08402563,24.27461623,0.433101754,-1,-179.7261455,-151.8088944
2025-07-31T09:00:00+09:00,117765.1,118488.8,117716.9,118358.2,118776.0782,116710.6018,118049.6915,117965.3067,117743.34,NaN,115729.8,NaN,NaN,-1,1,3881.441,3496.23313,57.08641282,51.41484954,25.03338867,0.504678574,-1,-98.32573873,-160.5979122
2025-07-31T10:00:00+09:00,118358.2,118410,117943.6,118009.4,118782.0137,116710.9063,118043.7885,117958.425,117746.46,NaN,NaN,NaN,NaN,-1,1,1805.6678,3524.39827,52.84532808,50.03962736,25.34728891,0.469187751,-1,-61.25447142,-162.85106
2025-07-31T11:00:00+09:00,118009.4,118447,117931.3,118385.5,118806.3394,116702.0906,118036.8255,117965.1833,117754.215,NaN,NaN,NaN,NaN,-1,1,1556.4922,3531.23501,56.59025202,51.46848783,25.09588903,0.457001716,-1,-1.509695356,-157.137449
2025-07-31T12:00:00+09:00,118385.5,118563.9,118316.5,118415.5,118854.4211,116688.3189,118032.412,117969.5867,117771.37,NaN,NaN,NaN,NaN,-1,1,1539.3086,3546.71498,56.8843929,51.58124665,24.50707637,0.374232409,-1,47.70925678,-133.6740316
2025-07-31T13:00:00+09:00,118415.5,118514,118305.1,118473,118879.663,116678.497,118026.231,117977.2683,117779.08,NaN,NaN,NaN,NaN,-1,1,1072.2118,3531.22631,57.47909827,51.80036155,23.60798324,0.308142884,-1,90.31431321,-99.50352727
2025-07-31T14:00:00+09:00,118473,118485,118253.2,118304.7,118903.2582,116673.4318,118020.683,117988.2483,117788.345,NaN,NaN,NaN,NaN,-1,1,1235.2498,3527.11114,55.08415622,51.10928018,22.49502638,0.27103241,-1,109.2394792,-61.12995172
2025-07-31T15:00:00+09:00,118304.7,118692.4,118237.5,118647.1,118996.206,116647.604,118014.6525,118003.0317,117821.905,NaN,NaN,NaN,NaN,-1,1,1163.7878,3486.43262,58.84148408,52.42740848,21.55090199,0.307968802,-1,150.1359542,-18.22635003
2025-07-31T16:00:00+09:00,118647.1,118900,118555.2,118614.4,119090.9095,116661.8405,118007.7545,118012.47,117876.375,NaN,NaN,NaN,NaN,-1,1,2348.109,3410.87006,58.33955619,52.2899668,20.93958612,0.302265747,-1,177.857854,26.04897849
2025-07-31T17:00:00+09:00,118614.4,118714.1,118520,118545,119164.2135,116674.0265,118002.555,118021.215,117919.12,NaN,NaN,NaN,NaN,-1,1,1016.0722,3240.08524,57.223897,51.99465194,20.60027062,0.256206899,-1,192.0142387,67.35346562
2025-07-31T18:00:00+09:00,118545,118582.7,118419.7,118565.7,119234.1245,116697.8955,117997.767,118029.17,117966.01,NaN,NaN,NaN,NaN,-1,1,1052.772,3026.00215,57.48505636,52.07706122,20.40189401,0.216600286,-1,202.5685088,100.7861598
2025-07-31T19:00:00+09:00,118565.7,118679,118393.8,118464.2,119204.4458,116707.2642,117994.588,118039.5183,117955.855,NaN,NaN,NaN,NaN,-1,1,959.7678,2807.33408,55.68966408,51.63338352,20.33574781,0.224773192,-1,200.4321848,129.8624549
2025-07-31T20:00:00+09:00,118464.2,118527.3,118251,118329.3,119233.9569,116715.6831,117993.096,118044.24,117974.82,NaN,NaN,NaN,NaN,-1,1,816.979,2667.20199,53.30670377,51.04337099,20.26344488,0.227853267,-1,185.7130456,150.6649817
2025-07-31T21:00:00+09:00,118329.3,118606.9,118251,118579.9,119297.7972,116740.5128,117991.077,118054.82,118019.155,118900,NaN,NaN,NaN,-1,1,1532.2872,2641.09843,56.98866284,52.08174919,20.27834742,0.251626218,-1,192.0554517,166.7034478
2025-07-31T22:00:00+09:00,118579.9,118656,117775.6,118518.7,119347.7179,116767.3521,117990.5,118067.845,118057.535,NaN,NaN,NaN,NaN,-1,1,5183.9884,2857.12151,55.83080993,51.80780352,20.19335658,0.415449555,-1,189.9538559,177.7745081
2025-07-31T23:00:00+09:00,118518.7,118589,117863,117876.1,119200.3728,117054.7672,117987.8215,118064.8667,118127.57,NaN,NaN,NaN,NaN,-1,1,3422.379,2544.85489,45.40045453,49.04278444,19.91338731,0.483776559,-1,134.8810517,180.6235717
2025-08-01T00:00:00+09:00,117876.1,118300,117836.4,118257,119100.2134,117294.2566,117987.432,118057.0867,118197.235,NaN,NaN,NaN,115729.8,-1,1,2135.5208,1915.88978,51.21799915,50.63693795,19.50588362,0.452154737,-1,120.5809225,177.3396793
2025-08-01T01:00:00+09:00,118257,118835.9,118184.1,118487.1,119029.0085,117501.8015,117987.8925,118057.1117,118265.405,NaN,NaN,NaN,NaN,-1,1,3063.7858,1919.61704,54.38023371,51.57124208,19.12484332,0.484218466,-1,126.3585315,171.6175324
2025-08-01T02:00:00+09:00,118487.1,118505,117649.4,117711.2,118955.929,117618.281,117986.397,118039.6717,118287.105,NaN,NaN,NaN,NaN,-1,1,3941.3802,2065.24788,44.01828562,48.41677492,18.60860264,0.567228051,-1,67.55000835,157.7881734
2025-08-01T03:00:00+09:00,117711.2,117949.4,117360,117606.1,118923.8079,117667.5121,117982.6725,118021.2017,118295.66,NaN,NaN,NaN,NaN,-1,1,2900.092,2137.24351,42.82784373,48.01069805,18.24689198,0.545544801,1,12.32110831,136.6495734
2025-08-01T04:00:00+09:00,117606.1,117718,116701.4,116728.1,119148.7775,117338.8425,117973.838,117985.8417,118243.81,NaN,NaN,NaN,NaN,-1,1,5923.6422,2327.54673,34.44676375,44.80594429,18.21279131,0.656736446,-1,-101.1296949,103.1426979
2025-08-01T05:00:00+09:00,116728.1,116931,116385.7,116466,119337.7565,116960.6435,117966.4255,117945.6917,118149.2,NaN,NaN,NaN,NaN,-1,1,4679.8838,2367.46887,32.40792805,43.91269217,18.627976,0.594878034,-1,-209.7714389,59.19997736
2025-08-01T06:00:00+09:00,116466,116856.7,116181,116477.7,119466.9174,116678.3126,117962.034,117908.065,118072.615,118835.9,NaN,NaN,NaN,-1,1,3643.0814,2459.33955,32.5997062,43.96359973,19.5036027,0.589915867,-1,-291.5657232,5.464291255
2025-08-01T07:00:00+09:00,116477.7,116477.7,115950,115950.1,119614.0353,116287.6547,117950.9645,117869.19,117950.845,NaN,NaN,NaN,NaN,-1,1,3698.6096,2566.44542,28.6518635,42.20037442,20.83382321,0.546769937,-1,-394.4146273,-59.46554021
2025-08-01T08:00:00+09:00,115950.1,116305.5,115429.5,115707,119727.6516,115903.1884,117936.895,117821.615,117815.42,NaN,NaN,NaN,NaN,-1,2,7846.1696,2881.78847,27.02773403,41.41901766,22.6286572,0.617640701,-1,-489.892092,-128.8847784
2025-08-01T09:00:00+09:00,115707,115875.7,114259,115357.4,119823.3059,115495.9741,117925.2825,117763.2783,117659.64,NaN,NaN,NaN,NaN,-1,2,16360.2132,3646.18854,24.84649134,40.32297625,25.09478281,0.880165194,-1,-587.0018766,-207.5050894
2025-08-01T10:00:00+09:00,115357.4,115549.6,114527.1,115269,119884.64,115131.07,117911.203,117707.955,117507.855,NaN,NaN,NaN,NaN,-1,2,5288.0544,3848.82877,24.31219277,40.04941222,28.0275815,0.882911962,-1,-663.447413,-295.2613055
2025-08-01T11:00:00+09:00,115269,115955.5,115161.1,115908.7,119784.6462,114957.2238,117899.1385,117676.625,117370.935,NaN,NaN,NaN,NaN,-1,2,2260.4478,3903.66177,35.1756033,42.91056525,30.87967524,0.81381512,-1,-664.7497858,-376.6279493
2025-08-01T12:00:00+09:00,115908.7,115998.9,115550.4,115589.1,119681.4222,114757.9178,117885.427,117647.275,117219.67,NaN,NaN,118900,NaN,-1,2,1433.0552,3857.90908,32.65391917,41.89091152,33.54345348,0.673380983,-1,-683.6898239,-453.9624973
2025-08-01T13:00:00+09:00,115589.1,115640.4,115203.4,115640.4,119548.9855,114599.8945,117874.337,117612.8883,117074.44,NaN,NaN,NaN,NaN,-1,2,1726.9624,3893.45359,33.47826225,42.11628888,36.05138932,0.574686711,-1,-686.6452404,-519.0197801
2025-08-01T14:00:00+09:00,115640.4,115864.4,115320.1,115515.3,119386.0098,114457.8302,117861.2325,117575.9717,116921.92,NaN,114259,NaN,NaN,-1,2,1194.8312,3900.55655,32.4356033,41.71353658,38.21641813,0.540603719,-1,-691.1152079,-572.5024211
2025-08-01T15:00:00+09:00,115515.3,115603,115016.3,115116.8,119231.5752,114277.5248,117844.194,117535.315,116754.55,NaN,NaN,NaN,NaN,-1,2,3010.9816,4003.11724,29.30468246,40.45550538,40.03434228,0.531535512,-1,-718.5305361,-619.9429559
2025-08-01T16:00:00+09:00,115116.8,115258,114582.8,115020.7,119065.2995,114112.9405,117825.7945,117494.1783,116589.12,NaN,NaN,NaN,NaN,-1,2,4123.23,4168.42979,28.58802117,40.15735906,41.47322407,0.550327997,-1,-739.4874966,-658.2843858
2025-08-01T17:00:00+09:00,115020.7,115020.7,114066.3,114560.4,118837.7166,113938.5734,117803.5245,117445.7683,116388.145,NaN,NaN,NaN,NaN,-1,2,6242.2476,4403.92781,25.38567738,38.76062098,42.65043499,0.646058681,-1,-784.198648,-690.9851143
2025-08-01T18:00:00+09:00,114560.4,115277.8,114500.1,114872.5,118533.7174,113877.9526,117782.6195,117401.1017,116205.835,NaN,NaN,NaN,NaN,-1,2,4864.9894,4387.97786,31.02723434,40.20027021,43.6878836,0.655206082,-1,-785.3951495,-713.0288113
2025-08-01T19:00:00+09:00,114872.5,115150,114639.3,114695.6,118330.6851,113762.9349,117761.4795,117349.3433,116046.81,NaN,NaN,NaN,NaN,-1,2,1911.6402,4312.44092,29.65842304,39.66078919,44.62539682,0.585899608,-1,-791.4938884,-727.2561974
2025-08-01T20:00:00+09:00,114695.6,115284.2,114540.3,115255.9,117964.1541,113829.3559,117745.4805,117305.2783,115896.755,NaN,NaN,NaN,NaN,-1,2,1766.9412,4294.01194,38.85891644,42.1700602,45.31196207,0.60384534,-1,-742.5559329,-735.9013249
2025-08-01T21:00:00+09:00,115255.9,115854.3,115112.6,115670.1,117447.9692,114063.8408,117734.2645,117271.5583,115755.905,NaN,NaN,NaN,NaN,-1,2,8012.3906,4541.44218,44.62507192,43.92970535,45.57530996,0.614862084,-1,-662.7104585,-733.5702843
2025-08-01T22:00:00+09:00,115670.1,115950,114143.9,114312.6,117135.0285,114036.9215,117718.015,117213.2967,115585.975,NaN,114066.3,NaN,NaN,-1,2,7910.5334,4739.89984,33.48057338,39.87077482,45.65789281,0.941431121,-1,-700.8918053,-735.1532359
2025-08-01T23:00:00+09:00,114312.6,115771,113914.9,115560.9,116725.3603,114242.0697,117708.695,117173.0917,115483.715,NaN,NaN,NaN,NaN,-1,2,12383.804,5214.08544,46.66978296,44.66976456,45.54096312,1.156229827,1,-623.2391078,-727.611447
2025-08-02T00:00:00+09:00,115560.9,115586.1,114629.7,115304.1,116516.2173,114308.8127,117693.4655,117126.355,115412.515,NaN,NaN,NaN,NaN,-1,2,5309.5706,5183.38186,44.70598557,43.93340493,45.15974534,1.049022885,1,-575.7831298,-711.7506241
2025-08-02T01:00:00+09:00,115304.1,115644.2,114764.7,114958.7,116344.4547,114329.8453,117674.6085,117076.5633,115337.15,NaN,NaN,NaN,NaN,-1,2,3289.9288,5113.88411,42.13769772,42.96103133,44.66600915,0.956468944,1,-559.5941655,-691.7624762
2025-08-02T02:00:00+09:00,114958.7,115042.6,114303.1,114388.7,116176.503,114288.897,117654.252,117017.2583,115232.7,NaN,NaN,NaN,NaN,-1,2,6094.1356,5236.43682,38.23409147,41.41676626,44.18358297,0.856316672,1,-586.003448,-669.7407873
2025-08-02T03:00:00+09:00,114388.7,114466.9,113629,113805.1,116197.5646,114053.3354,117631.5005,116943.5033,115125.45,115950,NaN,NaN,NaN,-1,3,6937.882,5398.40044,34.69059459,39.91707743,43.93149304,0.819224862,1,-646.5713651,-654.3159224
2025-08-02T04:00:00+09:00,113805.1,113896.8,113180,113278.1,116309.8896,113698.1204,117605.0935,116863.5983,115004.005,NaN,NaN,NaN,NaN,-1,3,6257.7152,5318.97772,31.82248715,38.62771743,44.29667509,0.759617068,1,-728.6964128,-647.3384251
2025-08-02T05:00:00+09:00,113278.1,113931.3,113113.3,113897.3,116310.854,113551.146,117582.191,116789.9067,114931,NaN,NaN,NaN,NaN,-1,3,4444.3224,4723.18318,38.27931793,40.9167654,44.95982179,0.743055239,-1,-735.3402945,-646.5366875
2025-08-02T06:00:00+09:00,113897.3,114046.1,113634.9,113834.4,116308.7782,113409.7618,117560.528,116718.49,114859.27,NaN,NaN,NaN,NaN,-1,3,1646.854,4541.12316,37.88679011,40.75911976,45.76498248,0.616052707,-1,-737.1833323,-654.8114512
2025-08-02T07:00:00+09:00,113834.4,113960.5,112669.5,113087.3,116276.7845,113159.6155,117530.8785,116637.0133,114718.2,NaN,NaN,NaN,NaN,-1,3,9566.4714,4906.42434,33.49359231,38.94000701,46.83802358,0.793947038,-1,-789.8240789,-664.692815
2025-08-02T08:00:00+09:00,113087.3,113516.2,112856.1,113250.1,116230.3131,112972.1869,117501.758,116565.765,114601.25,NaN,NaN,NaN,NaN,-1,3,1978.463,4933.69473,35.25539346,39.54025626,48.19046572,0.722826893,-1,-809.0790904,-685.3417019
2025-08-02T09:00:00+09:00,113250.1,113794.2,113150.1,113760,116102.2414,112912.2186,117478.0355,116500.2633,114507.23,NaN,NaN,NaN,NaN,-1,3,2300.2004,4962.35663,40.56599469,41.38266673,49.49971393,0.668455332,-1,-774.2688675,-707.3956728
2025-08-02T10:00:00+09:00,113760,113860,113371.6,113613.9,115981.9609,112842.3591,117450.6995,116433.3633,114412.16,NaN,NaN,NaN,NaN,-1,3,1987.861,5002.00812,39.56461917,41.01706794,50.59908979,0.589502274,-1,-749.8270249,-728.5326572
2025-08-02T11:00:00+09:00,113613.9,113715.6,113480,113653.1,115907.0253,112770.9247,117423.93,116349.7933,114338.975,NaN,NaN,NaN,NaN,-1,3,1647.0028,4933.80918,39.9926351,41.15944948,51.44093621,0.461965123,-1,-719.0053303,-743.3106441
2025-08-02T12:00:00+09:00,113653.1,113869.9,113652.4,113860.2,115829.5653,112732.3347,117398.6995,116281.63,114280.95,NaN,112669.5,NaN,NaN,-1,3,1703.3836,4812.81686,42.31695327,41.91564721,51.92376115,0.371091147,-1,-670.1426883,-745.92968
2025-08-02T13:00:00+09:00,113860.2,114004.7,113771.8,113976,115800.2049,112703.2551,117375.139,116219.6767,114251.73,NaN,NaN,NaN,NaN,-1,3,1272.0604,4564.3075,43.63169113,42.33863406,52.0593203,0.3152565,-1,-614.985431,-733.2951265
2025-08-02T14:00:00+09:00,113976,113994,113796.7,113924.1,115731.7841,112676.8359,117352.2595,116155.8933,114204.31,NaN,NaN,NaN,NaN,-1,3,1243.4732,4383.23169,43.15691935,42.19803785,51.74040651,0.26799524,-1,-568.9028456,-714.8020766
2025-08-02T15:00:00+09:00,113924.1,113928.8,113412,113652.5,115680.2002,112624.1098,117329.3225,116108.845,114152.155,NaN,NaN,NaN,NaN,-1,3,1928.3704,4384.0682,40.663287,41.46249255,51.14295398,0.330663596,-1,-547.9811295,-693.7796096
2025-08-02T16:00:00+09:00,113652.5,113956.9,113502.6,113917.8,115528.9781,112641.5219,117307.5025,116059.7467,114085.25,NaN,NaN,NaN,NaN,-1,3,1049.6516,4348.20372,44.06322929,42.46256167,50.45175279,0.352861124,-1,-504.1811396,-662.0415053
2025-08-02T17:00:00+09:00,113917.8,113978.7,113620.6,113632.7,115240.9377,112725.8223,117287.5155,116001.5633,113983.38,NaN,NaN,NaN,NaN,-1,3,1460.2338,4020.59588,41.3230139,41.68137886,49.69831142,0.340877012,-1,-486.8622741,-626.2396368
2025-08-02T18:00:00+09:00,113632.7,113807,113516.6,113640,115206.2659,112693.2341,117269.0105,115940.9433,113949.75,114004.7,NaN,NaN,NaN,-1,3,843.6052,3667.24947,41.42346216,41.70940901,48.92944896,0.312418018,-1,-467.1627382,-592.1167335
2025-08-02T19:00:00+09:00,113640,113661.2,113380,113503,114875.0763,112818.6337,117254.9385,115875.41,113846.855,NaN,NaN,NaN,NaN,-1,3,785.5902,3087.33878,40.03820132,41.32884822,48.31461497,0.291112326,-1,-457.3336119,-559.6174654
2025-08-02T20:00:00+09:00,113503,113862.4,113407.1,113740.1,114549.9007,112987.4093,117246.6505,115808.3267,113768.655,NaN,NaN,NaN,NaN,-1,3,746.5854,2859.18952,43.55621071,42.25960368,47.73083573,0.327103178,1,-425.5069903,-527.0065387
2025-08-02T21:00:00+09:00,113740.1,113746.9,113521.2,113590.1,114261.25,113139.2,117234.3505,115728.8583,113700.225,NaN,NaN,NaN,NaN,-1,3,710.6908,2730.22762,41.88205921,41.83103138,47.1752881,0.284589051,1,-407.6883325,-497.8449436
2025-08-02T22:00:00+09:00,113590.1,113594.1,113176.5,113421.1,114127.4174,113176.2726,117224.0785,115652.3867,113651.845,NaN,NaN,NaN,NaN,-1,3,1738.5226,2512.44697,40.01586431,41.34873808,46.67207324,0.312737217,1,-402.5633062,-474.2424853
2025-08-02T23:00:00+09:00,113421.1,113493.3,112891.7,113058,114149.6727,113079.3073,117212.986,115563.595,113614.49,NaN,NaN,NaN,NaN,-1,3,3195.7882,2325.34228,36.27586927,40.32891788,46.34358444,0.386533161,1,-422.9255983,-458.0227912
2025-08-03T00:00:00+09:00,113058,113370,112765.1,112800,114218.4241,112962.7459,117200.546,115470.0033,113590.585,NaN,NaN,NaN,NaN,-1,3,2445.4828,2134.73066,33.8546439,39.62011515,46.23480482,0.437031124,1,-454.6404928,-447.6516093
2025-08-03T01:00:00+09:00,112800,113225.3,112679.8,113159.5,114191.7314,112915.6586,117190.3625,115381.445,113553.695,NaN,NaN,NaN,NaN,-1,3,3346.6078,2079.84493,39.87643876,41.09280465,46.31157239,0.451116113,1,-445.6291936,-441.1458375
2025-08-03T02:00:00+09:00,113159.5,113388.9,112540,112694.6,114221.9283,112771.4817,117173.7525,115287.9433,113496.705,NaN,NaN,NaN,NaN,-1,3,3422.685,2168.63648,35.38953469,39.81095525,46.31385934,0.553076331,-1,-470.5767035,-439.3363297
2025-08-03T03:00:00+09:00,112694.6,112880,112025.4,112286.5,114339.2366,112574.0934,117153.8845,115181.9333,113456.665,NaN,NaN,NaN,NaN,-1,4,7974.8804,2089.05693,31.98704886,38.72836946,46.63495502,0.623753915,-1,-517.3147616,-444.9087767
2025-08-03T04:00:00+09:00,112286.5,112898.3,111939.9,112173.5,114445.9604,112359.7096,117132.225,115074.585,113402.835,NaN,NaN,NaN,NaN,-1,4,4769.7712,2228.62234,31.09555907,38.43295605,47.26960326,0.701051757,-1,-557.0518184,-455.9885775
2025-08-03T05:00:00+09:00,112173.5,112739.6,112016.5,112739.6,114419.5984,112284.0316,117115.474,114977.8283,113351.815,NaN,NaN,NaN,NaN,-1,4,3037.5912,2265.49188,40.10201282,40.74448493,48.02801308,0.678817554,-1,-536.6776968,-468.3408782
2025-08-03T06:00:00+09:00,112739.6,113018.9,112505.2,112811.3,114397.2324,112226.1376,117098.605,114881.9217,113311.685,NaN,NaN,NaN,NaN,-1,4,2155.7878,2273.88822,41.15120458,41.03074286,48.48888748,0.604044805,-1,-508.8794227,-479.5843327
2025-08-03T07:00:00+09:00,112811.3,112958.4,112496.8,112804.2,114364.4123,112174.0677,117087.9315,114787.5883,113269.24,NaN,NaN,NaN,NaN,-1,4,1092.2954,2246.15285,41.07447928,41.01071567,48.64282239,0.539123423,-1,-481.8673342,-488.3958913
2025-08-03T08:00:00+09:00,112804.2,112826.1,112233.2,112508.5,114309.3687,112093.9413,117072.0245,114690.575,113201.655,NaN,NaN,NaN,NaN,-1,4,1920.8858,2257.02796,37.90471526,40.17696594,48.61233234,0.53602105,-1,-478.8012554,-494.6042977
2025-08-03T09:00:00+09:00,112508.5,112934,111865,112898.2,114203.1834,112092.3466,117055.798,114595.88,113147.765,NaN,NaN,NaN,NaN,-1,4,4560.3664,2421.44326,44.03442106,41.76962161,48.73591373,0.671737455,-1,-439.8554528,-492.9615154
2025-08-03T10:00:00+09:00,112898.2,113219,112800,113047,114097.7443,112110.0757,117040.999,114504.685,113103.91,NaN,NaN,NaN,NaN,-1,4,2608.324,2489.6858,46.21754715,42.36768456,48.54386061,0.570782946,-1,-392.4596764,-487.0537913
2025-08-03T11:00:00+09:00,113047,113466.1,113034.5,113466.1,114071.0147,112118.1653,117026.079,114431.185,113094.59,NaN,NaN,NaN,NaN,-1,4,1657.9554,2476.16505,51.90780367,44.02076436,47.83720965,0.505909105,-1,-317.4212797,-470.036522
2025-08-03T12:00:00+09:00,113466.1,113680,113380.2,113542.9,114001.4049,112150.2851,117010.559,114352.6167,113075.845,NaN,NaN,NaN,NaN,-1,4,1775.9138,2512.47816,52.89140617,44.3195289,46.50706162,0.42505833,-1,-248.8866809,-440.2111797
2025-08-03T13:00:00+09:00,113542.9,113543,113291.9,113420,113969.5771,112160.8429,116992.6295,114268.165,113065.21,NaN,NaN,NaN,NaN,-1,4,1896.9306,2534.313,51.09062246,43.9364637,44.9709369,0.357475786,-1,-202.1591555,-400.7786616
2025-08-03T14:00:00+09:00,113420,113610,113360,113564,113956.6773,112166.1427,116974.5745,114199.045,113061.41,NaN,111865,NaN,NaN,-1,4,889.0354,2536.58451,53.10525529,44.51012658,43.19166408,0.311395064,-1,-151.7582835,-358.0098379
2025-08-03T15:00:00+09:00,113564,113582,113414.2,113500,113956.2323,112166.2877,116955.875,114130.61,113061.26,NaN,NaN,NaN,NaN,-1,4,436.3214,2519.12107,52.07850591,44.30444477,41.06976416,0.256994238,-1,-115.6463947,-314.3172792
2025-08-03T16:00:00+09:00,113500,113667.8,113500,113640,113936.9924,112175.5176,116936.2,114079.1417,113056.255,NaN,NaN,NaN,NaN,-1,4,580.4352,2510.81356,54.16610207,44.87330025,38.43054032,0.220338179,-1,-74.86760556,-269.0950872
2025-08-03T17:00:00+09:00,113640,113742.4,113487,113637.4,113945.3127,112171.9273,116917.0745,114031.9983,113058.62,NaN,NaN,NaN,NaN,-1,4,1356.034,2543.08072,54.11895057,44.86461294,35.63947905,0.221812131,-1,-42.27262711,-220.5919062
2025-08-03T18:00:00+09:00,113637.4,113667.8,113568.6,113603.1,113972.6542,112162.7858,116899.454,113984.0883,113067.72,NaN,NaN,NaN,NaN,-1,4,425.5826,2477.43372,53.45782394,44.74794643,32.91431472,0.177026588,-1,-18.98969382,-173.8290441
2025-08-03T19:00:00+09:00,113603.1,113843.8,113603.1,113842.2,114072.6946,112141.1654,116881.435,113948.9567,113106.93,NaN,NaN,NaN,NaN,-1,4,1020.0554,2368.64708,57.36754494,45.75179442,30.56171794,0.188247529,-1,18.54183161,-128.1622099
2025-08-03T20:00:00+09:00,113842.2,114199,113803.6,113803.7,114157.5567,112156.6733,116863.1835,113917.235,113157.115,NaN,NaN,NaN,NaN,-1,4,3066.6104,2399.70346,56.5438801,45.61556573,28.73389653,0.241354266,-1,44.66434491,-87.93047384
2025-08-03T21:00:00+09:00,113803.7,114049.8,113600,113953,114255.6916,112137.8884,116845.6715,113893.8283,113196.79,NaN,NaN,NaN,NaN,-1,4,1818.1768,2323.28191,59.00214755,46.24914326,27.2198394,0.292266745,-1,76.53167761,-51.77287845
2025-08-03T22:00:00+09:00,113953,114039.5,113750.3,113883.4,114329.071,112183.389,116828.047,113870.735,113256.23,NaN,NaN,NaN,NaN,-1,4,932.2274,2198.75903,57.37278317,45.99414806,25.99102251,0.279611558,-1,95.07466844,-18.74689801
2025-08-03T23:00:00+09:00,113883.4,114000,113530,113725.9,114321.3323,112335.0677,116810.121,113834.355,113328.2,NaN,NaN,NaN,NaN,-1,4,2031.1514,1901.57258,53.75513477,45.4157051,24.87977901,0.324423987,-1,95.95507815,8.776808838
2025-08-04T00:00:00+09:00,113725.9,113915.6,113618.6,113895.9,114282.9025,112545.7375,116793.1945,113806.135,113414.32,NaN,NaN,NaN,NaN,-1,4,1012.7736,1713.7227,56.91317716,46.16176209,23.83492688,0.302881315,-1,109.1126062,33.75003116
2025-08-04T01:00:00+09:00,113895.9,113979.2,113721.4,113945.6,114314.4375,112634.8025,116775.3435,113777.8883,113474.62,114199,NaN,NaN,NaN,-1,4,689.2278,1596.30453,57.82006278,46.3804826,22.91177286,0.277248909,-1,122.1424347,55.64003564
2025-08-04T02:00:00+09:00,113945.6,114112,113891,114070,114357.5226,112717.5874,116757.9865,113753.8,113537.555,NaN,NaN,NaN,NaN,-1,4,1016.7142,1539.35085,60.08468755,46.93136064,22.06422171,0.249211264,-1,140.8826999,75.99062753
2025-08-04T03:00:00+09:00,114070,114417.7,114002.2,114333.8,114431.4636,112796.6064,116739.8995,113740.75,113614.035,NaN,NaN,NaN,NaN,1,1,2570.433,1613.25773,64.44421745,48.08594785,21.26903982,0.286894041,-1,175.0036177,97.54543992
2025-08-04T04:00:00+09:00,114333.8,114733.6,114202,114255.5,114390.967,113011.803,116722.4195,113727.9967,113701.385,NaN,113530,NaN,NaN,1,1,2368.2604,1635.62646,62.27025312,47.77103149,20.90219662,0.34648477,-1,193.4960334,116.9847957
2025-08-04T05:00:00+09:00,114255.5,114415,114107.9,114366.1,114417.6828,113131.8772,116704.8285,113724.7583,113774.78,NaN,NaN,NaN,111865,1,1,931.9504,1454.20566,64.11186213,48.25963294,20.81322417,0.320274339,-1,214.6021023,135.8667687
2025-08-04T06:00:00+09:00,114366.1,114472.9,114308.4,114382,114444.2839,113238.7761,116686.255,113716.5833,113841.53,NaN,NaN,NaN,NaN,1,1,481.628,1347.87086,64.38102899,48.3305701,21.22507267,0.261425324,-1,229.9609643,152.9144672
2025-08-04T07:00:00+09:00,114382,114563.8,114009.4,114267.9,114485.8154,113277.4246,116667.388,113709.455,113881.62,NaN,NaN,NaN,NaN,1,1,978.4436,1313.89527,60.85381601,47.8499859,21.76276367,0.336182786,-1,230.2716286,167.9363517
2025-08-04T08:00:00+09:00,114267.9,114450,114122.3,114151.3,114506.1358,113317.9442,116647.611,113691.045,113912.04,NaN,NaN,NaN,NaN,1,1,636.5718,1256.92817,57.39336241,47.35872151,22.35351462,0.320042499,-1,218.5894239,181.5623901
2025-08-04T09:00:00+09:00,114151.3,114870.4,114056.8,114851.1,114662.1342,113305.0558,116631.5375,113677.395,113983.595,NaN,NaN,NaN,NaN,1,1,2500.413,1287.10229,68.84433373,50.47400053,23.13888111,0.448193457,-1,262.7701534,198.6354509
2025-08-04T10:00:00+09:00,114851.1,114950,114563.7,114633,114742.822,113331.268,116614.597,113682.735,114037.045,NaN,NaN,NaN,NaN,1,1,1873.673,1336.33417,63.14805233,49.54123198,23.91846918,0.411693617,-1,276.9918627,215.8409429
2025-08-04T11:00:00+09:00,114633,114826,114366.1,114740.4,114822.9389,113375.1911,116597.9155,113669.06,114099.065,NaN,NaN,NaN,NaN,1,1,1734.1554,1401.22587,64.69710729,50.00567277,24.31762762,0.407811456,-1,293.5451465,232.803437
2025-08-04T12:00:00+09:00,114740.4,114755,114470,114524.3,114857.5562,113429.0038,116579.4625,113656.0633,114143.28,NaN,NaN,NaN,NaN,1,1,597.6646,1402.08734,59.29618074,49.07780903,24.482469,0.355339141,-1,285.9302533,245.1286187
2025-08-04T13:00:00+09:00,114524.3,114599.4,114290.5,114334.8,114857.4731,113498.8269,116561.4665,113645.665,114178.15,NaN,NaN,NaN,NaN,1,1,1359.6928,1402.27028,54.96312796,48.27593724,24.21910659,0.327342544,-1,261.5888953,252.6944923
2025-08-04T14:00:00+09:00,114334.8,114380,114130.1,114343.6,114843.9314,113586.4186,116543.1025,113644.9133,114215.175,NaN,NaN,NaN,NaN,1,1,1634.3698,1462.70964,55.12711495,48.31596898,23.84509092,0.291062168,-1,240.238955,255.5430314
2025-08-04T15:00:00+09:00,114343.6,114447.2,114107.2,114374.2,114849.8376,113633.7124,116525.0945,113654.3983,114241.775,114950,NaN,NaN,NaN,1,1,1198.7712,1471.64543,55.73073947,48.45757127,23.33875781,0.293079478,-1,223.2150536,254.7934858
2025-08-04T16:00:00+09:00,114374.2,114745.9,114348,114609.9,114875.3487,113688.8213,116508.711,113676.595,114282.085,NaN,NaN,NaN,NaN,1,1,1482.5822,1392.44402,60.17465017,49.54453518,22.68104513,0.310710394,-1,226.135757,254.3339445
2025-08-04T17:00:00+09:00,114609.9,114710,114306.4,114497.8,114889.5327,113729.1173,116491.5785,113686.6033,114309.325,NaN,NaN,NaN,NaN,1,1,1026.9002,1352.88019,57.2320383,49.0423975,21.80176121,0.324841684,-1,216.9045616,254.1467376
2025-08-04T18:00:00+09:00,114497.8,114700,114245.7,114272.5,114875.6948,113781.8652,116472.657,113693.905,114328.78,NaN,NaN,NaN,NaN,1,1,1200.4364,1366.29064,51.75424492,48.04338466,20.86555361,0.349507584,1,189.2276471,245.975348
2025-08-04T19:00:00+09:00,114272.5,114454,114175.7,114210.3,114829.3234,113876.6766,116452.2535,113712.6217,114353,NaN,NaN,NaN,NaN,1,1,871.3144,1308.29879,50.32225357,47.76914461,19.80203417,0.314356384,1,160.4251911,233.0234956
2025-08-04T20:00:00+09:00,114210.3,114478.6,114156.4,114453.7,114809.8569,113951.9231,116433.74,113732.6817,114380.89,NaN,114107.2,NaN,NaN,1,1,1468.1504,1331.06763,55.50992462,48.93358611,18.83081792,0.302962315,1,155.4474812,217.6793106
2025-08-04T21:00:00+09:00,114453.7,114496.3,114259.5,114400.6,114783.2774,114024.0026,116414.7725,113743.3583,114403.64,NaN,NaN,NaN,NaN,1,1,916.2738,1342.41993,54.18065397,48.69183113,18.0133495,0.271065932,1,145.5401873,202.0804143
2025-08-04T22:00:00+09:00,114400.6,114874.8,114067.8,114861.6,114840.1338,114046.3062,116397.765,113764.1533,114443.22,NaN,NaN,NaN,NaN,1,1,4644.3208,1523.80026,62.5625162,50.84414161,17.6907604,0.414180227,1,172.8944136,192.2254719
2025-08-04T23:00:00+09:00,114861.6,115416.7,114586,114693,114869.0204,114053.3396,116380.02,113781.485,114461.18,NaN,NaN,NaN,NaN,1,1,9531.421,1871.84966,58.3578435,50.06013112,17.84186803,0.517953165,1,178.9059081,185.4106889
2025-08-05T00:00:00+09:00,114693,114982.4,114512.5,114772.3,114904.8253,114069.2147,116363.4665,113796.6867,114487.02,NaN,NaN,NaN,NaN,1,1,2507.246,1878.79894,59.72876698,50.42715578,18.37974951,0.481536645,1,187.9028807,181.4871142
2025-08-05T01:00:00+09:00,114772.3,115363.7,114772.3,115243.6,115058.5497,114003.2403,116350.0685,113817.8133,114530.895,NaN,NaN,NaN,NaN,1,2,2858.1998,1975.11141,66.73755745,52.54320309,19.47265203,0.490769513,1,230.4070286,181.9616999
2025-08-05T02:00:00+09:00,115243.6,115684.5,115091.6,115150,115156.4454,113982.1446,116336.2265,113838.245,114569.295,NaN,NaN,NaN,NaN,1,2,3329.1248,2117.48625,64.34253595,52.09239766,21.23271981,0.49907683,1,253.6156115,186.0407055
2025-08-05T03:00:00+09:00,115150,115276.5,114870,114910.4,115189.3998,114013.4402,116320.003,113859.21,114601.42,NaN,114067.8,NaN,NaN,1,2,1026.5602,2119.89208,58.55008596,50.95008932,23.3438056,0.451329598,1,249.7953774,192.7704533
2025-08-05T04:00:00+09:00,114910.4,115089.8,114695.9,114734.8,115183.1816,114078.0084,116303.4505,113872.8267,114630.595,NaN,NaN,NaN,NaN,1,2,729.141,2124.52054,54.66587503,50.12769654,25.5907847,0.415784718,1,229.9476683,200.495173
2025-08-05T05:00:00+09:00,114734.8,115027.5,114580,114764.9,115173.2409,114079.3291,116286.8985,113891.6967,114626.285,NaN,NaN,NaN,NaN,1,2,1637.0548,2081.35263,55.21433005,50.26816076,27.5335991,0.407092973,1,214.1781222,207.0207997
2025-08-05T06:00:00+09:00,114764.9,115215.7,114763.2,115064.7,115227.2918,114068.4482,116271.3225,113915.4417,114647.87,NaN,NaN,NaN,NaN,1,2,819.7128,2028.65462,60.35850378,51.65267889,29.03292114,0.401773867,1,223.2979579,215.660552
2025-08-05T07:00:00+09:00,115064.7,115285.7,115034.6,115284.4,115317.0139,114033.1261,116255.745,113945.1317,114675.07,115684.5,NaN,NaN,NaN,1,2,1133.7094,1998.63232,63.65327281,52.63904436,30.24976532,0.339941857,-1,245.4243482,223.7194337
2025-08-05T08:00:00+09:00,115284.4,115289.4,114988.4,115003,115352.275,114045.735,116237.899,113966.18,114699.005,NaN,NaN,NaN,NaN,1,2,1150.8366,2026.29092,57.10633865,51.27134994,31.0226853,0.31442654,-1,237.5151173,230.231568
2025-08-05T09:00:00+09:00,115003,115069,114790,114842.5,115358.2458,114090.5342,116216.719,113987.0533,114724.39,NaN,NaN,NaN,NaN,1,2,1092.0368,2012.90812,53.71296276,50.50726661,31.10518557,0.290891121,1,215.8082826,233.3321682
2025-08-05T10:00:00+09:00,114842.5,115006.7,114643.2,114666.6,115350.7839,114130.2961,116194.1125,114007.8117,114740.54,NaN,NaN,NaN,NaN,1,2,1229.0152,1992.64039,50.19278622,49.67897315,30.65845344,0.299893567,1,182.3102408,227.9880807
2025-08-05T11:00:00+09:00,114666.6,114798.6,114573.4,114681.3,115343.5305,114168.2595,116172.441,114034.8667,114755.895,NaN,NaN,NaN,NaN,1,2,678.426,1966.62313,50.48483791,49.74927698,29.83378721,0.265360181,1,155.1603762,217.0486101
2025-08-05T12:00:00+09:00,114681.3,114699.5,114227,114227.2,115365.6412,114107.8788,116148.776,114058.6533,114736.76,NaN,NaN,NaN,NaN,1,2,2103.6078,1997.67441,42.2443178,47.64994585,28.98554381,0.31549316,1,95.89640399,199.9487242
2025-08-05T13:00:00+09:00,114227.2,114390.9,114134.8,114303,115376.1127,114077.9273,116126.559,114077.7117,114727.02,115289.4,NaN,NaN,NaN,1,2,1195.6792,2006.11336,43.89070086,48.02368809,28.07993274,0.284873831,-1,54.41840404,180.4454726
2025-08-05T14:00:00+09:00,114303,114450.5,114211.3,114369.4,115368.6445,114095.0855,116102.099,114105.625,114731.865,NaN,NaN,NaN,NaN,1,2,1204.794,2006.33124,45.36006653,48.35341196,27.02813358,0.259521245,-1,26.59810888,159.6032489
2025-08-05T15:00:00+09:00,114369.4,114475.1,114055.7,114143.8,115376.7699,114080.3101,116075.4085,114136.58,114728.54,NaN,NaN,NaN,NaN,1,2,1562.0982,2040.87043,41.39376544,47.31242333,25.99741093,0.295833204,-1,-13.49811222,133.2925744
2025-08-05T16:00:00+09:00,114143.8,114360,113669,113932,115429.9631,113974.9469,116047.998,114165.8883,114702.455,NaN,NaN,NaN,NaN,-1,1,6426.8392,2288.80487,38.03153558,46.3559647,25.39130666,0.399756147,-1,-61.65443231,99.17270992
2025-08-05T17:00:00+09:00,113932,114510.6,113885.4,114239.8,115438.4554,113950.3746,116023.0255,114190.8917,114694.415,NaN,NaN,NaN,NaN,-1,1,3018.4634,2393.91435,45.02061088,47.9179487,25.14694838,0.448209336,-1,-74.12728216,64.54577665
2025-08-05T18:00:00+09:00,114239.8,114761.1,114239.7,114630,115423.3075,113942.3625,116001.0055,114221.2033,114682.835,NaN,NaN,NaN,NaN,-1,1,1794.9988,2251.44825,52.35654711,49.80921473,25.06343574,0.449407339,-1,-51.92763709,34.79734113
2025-08-05T19:00:00+09:00,114630,115051.5,114525,114791.2,115429.7227,113945.7673,115977.8055,114254.32,114687.745,NaN,NaN,NaN,NaN,-1,1,3455.8882,1947.67161,55.02633276,50.5662579,24.807326,0.452070445,-1,-21.08372557,12.19801153
2025-08-05T20:00:00+09:00,114791.2,114928.7,114693.1,114775.3,115429.9423,113945.8477,115955.3185,114292.1,114687.895,NaN,NaN,NaN,NaN,-1,1,1083.0756,1876.46309,54.70073374,50.48957733,24.3361794,0.369845596,-1,2.05362648,-4.813849551
2025-08-05T21:00:00+09:00,114775.3,114851.2,113432.8,113904.7,115391.4206,113850.4794,115928.817,114308.875,114620.95,NaN,NaN,NaN,NaN,-1,1,7364.8186,2101.79403,40.55167529,46.544385,24.21728419,0.663532112,-1,-49.29179429,-20.94587158
2025-08-05T22:00:00+09:00,113904.7,114532.6,113824.1,114333,115320.0691,113840.1309,115902.9325,114330.3083,114580.1,NaN,NaN,115684.5,NaN,-1,1,3121.998,2091.43769,47.71660979,48.5628785,24.3133963,0.647258016,-1,-54.79157645,-33.08031386
2025-08-05T23:00:00+09:00,114333,114350.9,112600,112990.1,115481.3207,113486.8493,115870.6915,114322.375,114484.085,NaN,NaN,NaN,NaN,-1,1,15669.5916,2823.58926,33.914662,43.32642423,24.66123665,0.953168763,-1,-165.6020431,-54.4358863
2025-08-06T00:00:00+09:00,112990.1,113202.2,112638,112875.6,115601.4085,113180.8415,115840.619,114311.2533,114391.125,115051.5,NaN,NaN,NaN,-1,1,5789.728,3076.61861,33.03721533,42.92357233,25.39461255,0.802704534,-1,-259.6660606,-81.78788056
2025-08-06T01:00:00+09:00,112875.6,113324,112758.2,113129.5,115624.056,112994.654,115811.004,114306.4117,114309.355,NaN,NaN,NaN,NaN,-1,1,3074.4946,3148.4906,36.93369591,44.10013583,26.62139923,0.700646934,-1,-310.149652,-109.3984605
2025-08-06T02:00:00+09:00,113129.5,113628.9,113040.8,113579.8,115538.4635,112931.7565,115784.2525,114306.675,114235.11,NaN,NaN,NaN,NaN,-1,1,2594.5544,3237.23268,43.2417046,46.11131277,28.1936401,0.637841337,-1,-310.2464868,-135.6339277
2025-08-06T03:00:00+09:00,113579.8,113600,113201,113588.3,115388.6238,112911.9862,115758.4045,114308.1467,114150.305,NaN,NaN,NaN,NaN,-1,1,1569.2394,3259.00918,43.35687577,46.14864707,30.07993024,0.542285262,-1,-306.1087194,-163.8762702
2025-08-06T04:00:00+09:00,113588.3,113720,113337.9,113560,115276.8565,112879.4535,115732.128,114306.8133,114078.155,NaN,112600,NaN,NaN,-1,1,1306.3798,3266.78634,43.04370855,46.04023684,31.67858115,0.473771639,-1,-301.6360102,-195.0487463
2025-08-06T05:00:00+09:00,113560,113938,113433.7,113638.1,115177.3592,112858.5108,115706.159,114306.825,114017.935,NaN,NaN,NaN,NaN,-1,1,1536.5296,3289.01098,44.24068343,46.39499798,32.86526316,0.463556427,-1,-288.464104,-227.3284941
2025-08-06T06:00:00+09:00,113638.1,113817.9,113507.1,113537.1,115098.8227,112824.0973,115681.733,114305.725,113961.46,NaN,NaN,NaN,NaN,-1,1,983.8924,3276.75484,42.98265179,45.99578083,33.41551761,0.400560237,-1,-282.9138743,-253.286503
2025-08-06T07:00:00+09:00,113537.1,113934.1,113235.2,113906.4,115011.0907,112834.3393,115661.365,114306.795,113922.715,NaN,NaN,NaN,NaN,-1,1,1874.9876,3336.58292,48.72414987,47.67632169,33.50798378,0.470699028,-1,-245.881485,-274.518715
2025-08-06T08:00:00+09:00,113906.4,114177.7,113861.2,114070.6,114996.6189,112833.1511,115640.9615,114311.2433,113914.885,NaN,NaN,NaN,NaN,-1,1,865.5346,3274.67926,51.08277307,48.40506924,33.09157221,0.405834234,-1,-200.9668611,-278.4481393
2025-08-06T09:00:00+09:00,114070.6,114076.5,113693,113828.2,114958.511,112823.779,115620.042,114309.1633,113891.145,NaN,NaN,NaN,NaN,-1,1,1273.1598,3278.55329,47.60170623,47.40997801,32.49947891,0.383436059,-1,-182.8238724,-269.9101184
2025-08-06T10:00:00+09:00,113828.2,113890.6,113528.3,113773.2,114906.6829,112815.9871,115600.6785,114307.3267,113861.335,NaN,NaN,NaN,NaN,-1,1,1771.2656,3306.87687,46.82205013,47.18529839,31.82279082,0.361894461,-1,-170.9132816,-254.4394105
2025-08-06T11:00:00+09:00,113773.2,113789.5,113440,113582.6,114876.9148,112789.6352,115579.791,114304.9383,113833.275,NaN,NaN,NaN,NaN,-1,1,863.6362,3271.95377,44.12487621,46.4072708,31.19452136,0.344236358,-1,-174.8384508,-239.3940732
2025-08-06T12:00:00+09:00,113582.6,113617.5,113350,113465.5,114864.5164,112755.3836,115556.878,114297.765,113809.95,NaN,NaN,NaN,NaN,-1,1,1775.2522,3039.37442,42.5048728,45.93226924,30.80168633,0.308312574,-1,-185.2625754,-225.9667239
2025-08-06T13:00:00+09:00,113465.5,113540,113309,113379.7,114818.0308,112715.8592,115533.675,114288.3333,113766.945,114177.7,NaN,NaN,NaN,-1,1,1023.0728,2939.60489,41.30817763,45.58328974,30.64219178,0.273610652,-1,-198.1628146,-214.4697021
2025-08-06T14:00:00+09:00,113379.7,114375.7,113340.4,114110.9,114729.3092,112752.6708,115513.7875,114289.015,113740.99,NaN,NaN,NaN,NaN,-1,1,3714.2348,3035.56669,53.35965196,48.95710314,30.22944098,0.48366337,-1,-147.6822292,-198.8272716
2025-08-06T15:00:00+09:00,114110.9,114151,113877.8,114036.3,114579.5609,112826.9291,115494.7525,114284.0567,113703.245,NaN,NaN,NaN,NaN,-1,1,973.2922,2911.43689,52.18238797,48.64300407,29.76527242,0.402510793,-1,-112.3999218,-179.8812769
2025-08-06T16:00:00+09:00,114036.3,114254,113964.6,114170,114433.2282,112912.7318,115475.3725,114282.6317,113672.98,NaN,NaN,NaN,NaN,-1,1,1280.7666,2921.32144,54.13544671,49.23884436,29.23138443,0.352520169,1,-72.81065046,-160.6511841
2025-08-06T17:00:00+09:00,114170,114200,113673.1,113895.9,114432.2612,112912.8188,115455.1265,114274.795,113672.54,NaN,NaN,NaN,NaN,-1,1,2114.264,2658.79371,49.65754101,48.07162751,28.3820627,0.389784167,1,-62.82919118,-145.3025541
2025-08-06T18:00:00+09:00,113895.9,114337.2,113863.7,114039.3,114376.1689,112939.5411,115436.637,114269.0833,113657.855,NaN,113309,NaN,NaN,-1,1,2984.5502,2651.92132,51.8992038,48.72082921,27.26939712,0.397931932,1,-42.85364113,-129.7503062
2025-08-06T19:00:00+09:00,114039.3,114178.5,113833.4,114012.3,114373.3992,113044.5308,115416.4245,114264.8233,113708.965,114375.7,NaN,NaN,112600,-1,1,2363.9378,1986.63863,51.43480377,48.60403623,25.85459629,0.366246326,1,-28.86876697,-113.9675824
2025-08-06T20:00:00+09:00,114012.3,114372.1,113944.1,114180,114348.5835,113199.7865,115393.7055,114265.3017,113774.185,NaN,NaN,NaN,NaN,-1,1,1798.2512,1787.06479,54.17742014,49.3735278,24.27197571,0.368754516,1,-4.205190161,-95.0083312
2025-08-06T21:00:00+09:00,114180,114281.5,113743.7,113862.7,114303.7963,113317.8937,115370.591,114248.8283,113810.845,NaN,NaN,NaN,NaN,-1,1,2786.9912,1772.68962,48.58657001,47.98587716,22.72726194,0.403962496,1,-10.14563351,-75.55089321
2025-08-06T22:00:00+09:00,113862.7,114345.9,113520,114209.4,114352.3543,113332.2957,115347.85,114241.7683,113842.325,NaN,NaN,NaN,NaN,-1,1,5603.3124,1923.12752,54.15371044,49.56690746,21.31903428,0.509539264,1,12.97277279,-52.09138351
2025-08-06T23:00:00+09:00,114209.4,115149,113800,115134.3,114666.0584,113173.1916,115329.95,114248.3333,113919.625,NaN,NaN,NaN,NaN,1,1,7694.1954,2229.37532,65.03183565,53.42249784,20.17062665,0.727522401,-1,104.718843,-24.04681993
2025-08-07T00:00:00+09:00,115134.3,115488,114778,115365.5,114967.4017,113052.3983,115312.529,114262.3533,114009.9,NaN,NaN,NaN,NaN,1,1,7809.2208,2554.51737,67.13130735,54.3137663,19.56082598,0.689188029,-1,193.8495949,9.980904147
2025-08-07T01:00:00+09:00,115365.5,115422,114892.2,115089,115131.7317,113033.1583,115293.599,114274.9233,114082.445,NaN,NaN,NaN,NaN,1,1,4010.3514,2678.20846,62.31286262,53.07389822,19.37764969,0.614008994,-1,239.4152884,44.67267513
2025-08-07T02:00:00+09:00,115089,115458.3,114970.7,115452,115352.9198,113003.4602,115277.1825,114293.3967,114178.19,NaN,NaN,NaN,NaN,1,1,1522.7514,2705.15141,65.78498254,54.46692316,19.61832541,0.548832306,-1,301.3437914,85.13633986
2025-08-07T03:00:00+09:00,115452,115675,115240,115368.4,115526.8925,112975.6875,115262.6115,114309.9667,114251.29,NaN,113520,NaN,NaN,1,1,3238.1956,2773.31181,64.31537719,54.08942808,20.20167033,0.491837669,-1,339.7602107,127.6489901
2025-08-07T04:00:00+09:00,115368.4,115474.1,115065,115208.6,115646.4613,112969.9187,115245.847,114319.945,114308.19,NaN,NaN,NaN,NaN,1,1,898.5262,2774.96139,61.48777744,53.36768577,21.09958538,0.446711588,-1,353.2390552,170.1054148
2025-08-07T05:00:00+09:00,115208.6,115211.9,114954.1,114988.3,115716.7295,113015.6605,115226.5005,114328.12,114366.195,NaN,NaN,NaN,NaN,1,1,617.7654,2742.19167,57.72027201,52.38398975,22.08912476,0.37311052,-1,342.2000981,208.5948912
2025-08-07T06:00:00+09:00,114988.3,115184.6,114735,115011.7,115777.7909,113078.4491,115208.617,114340.44,114428.12,NaN,NaN,NaN,NaN,1,1,1423.3018,2724.79348,58.01454473,52.4789681,22.79740387,0.378995322,-1,331.5182929,246.5575497
2025-08-07T07:00:00+09:00,115011.7,115159,114994.7,115050.9,115818.5933,113184.4767,115194.929,114354.45,114501.535,NaN,NaN,NaN,NaN,1,1,452.017,2704.21252,58.53520238,52.64051685,23.12452147,0.30017958,-1,322.4984366,280.9492901
2025-08-07T08:00:00+09:00,115050.9,115067.4,114921.8,114944,115815.3246,113335.5954,115182.8985,114362.6217,114575.46,115675,NaN,NaN,NaN,1,1,425.114,2636.70561,56.47831074,52.14700949,23.04501124,0.242529295,-1,303.2287663,303.0059483
2025-08-07T09:00:00+09:00,114944,114973,114814.7,114860.4,115765.5637,113533.4263,115168.6825,114370.285,114649.495,NaN,NaN,NaN,NaN,1,1,539.5786,2612.5309,54.85491975,51.75961986,22.53185948,0.207743703,-1,278.006902,312.3567602
2025-08-07T10:00:00+09:00,114860.4,115151.6,114536.3,114705.1,115767.6351,113590.7749,115153.5565,114367.6767,114679.205,NaN,NaN,NaN,NaN,1,1,3323.1764,2592.97798,51.87211225,51.04057799,21.74144409,0.31748966,-1,242.6894083,312.7205513
2025-08-07T11:00:00+09:00,114705.1,114823.1,114301.7,114515,115754.3849,113651.8951,115138.3505,114364.71,114703.14,NaN,NaN,NaN,NaN,1,1,2405.378,2664.58227,48.40256085,50.16967477,20.98809136,0.363781648,-1,197.0886436,301.136646
2025-08-07T12:00:00+09:00,114515,114576.2,114350,114509.9,115747.063,113693.207,115123.4555,114360.3367,114720.135,NaN,NaN,NaN,NaN,1,1,690.3882,2635.06335,48.30920489,50.14624136,20.36075512,0.308377735,-1,158.7086867,281.01981
2025-08-07T13:00:00+09:00,114509.9,114621.7,114227,114313.8,115715.7011,113766.3589,115107.6995,114344.84,114741.03,NaN,NaN,NaN,NaN,1,1,1155.2726,2587.11378,44.73626653,49.24341396,20.09103898,0.321030378,-1,111.1869691,254.1251337
2025-08-07T14:00:00+09:00,114313.8,114538.2,114240.4,114538.2,115691.8463,113840.1037,115092.628,114334.6433,114765.975,NaN,NaN,NaN,NaN,1,1,1096.3526,2492.7039,49.35245932,50.28890372,20.14643204,0.300267814,-1,90.58862086,226.1683029
2025-08-07T15:00:00+09:00,114538.2,114742.6,114465,114608.2,115658.9387,113932.6013,115076.6635,114329.6067,114795.77,NaN,NaN,NaN,NaN,1,1,1451.329,2447.07346,50.73488902,50.6128488,20.32313295,0.28079512,-1,79.00201048,198.1109382
2025-08-07T16:00:00+09:00,114608.2,114839,114600,114749.2,115640.5752,114007.8848,115060.9105,114329.8467,114824.23,NaN,NaN,NaN,NaN,1,1,919.3368,2403.12774,53.48878859,51.26586985,20.56075956,0.256393499,-1,80.27173727,171.1968605
2025-08-07T17:00:00+09:00,114749.2,115140.4,114749.2,114901.1,115563.1075,114189.1925,115046.9495,114332.1167,114876.15,NaN,NaN,NaN,NaN,1,1,2245.2922,2376.04279,56.32148384,51.96437586,20.72239726,0.284191935,-1,92.46913875,147.7791241
2025-08-07T18:00:00+09:00,114901.1,115028,114791.8,115012.8,115532.9881,114299.6519,115032.972,114331.2517,114916.32,NaN,114227,NaN,NaN,1,1,1012.676,2146.51097,58.33119362,52.47570768,20.67691245,0.257733434,1,109.8822694,129.0986094
2025-08-07T19:00:00+09:00,115012.8,116376.8,114993.7,116285,115829.5374,114118.1726,115024.531,114347.9283,114973.855,NaN,NaN,NaN,NaN,1,2,11650.2548,2344.31394,73.36358653,57.70974435,21.01960988,0.566410938,-1,223.7588558,126.9952147
2025-08-07T20:00:00+09:00,116285,116761,116285,116452.3,116089.7334,113966.6566,115016.251,114372.0833,115028.195,NaN,NaN,NaN,NaN,1,2,6519.2424,2279.81502,74.6583124,58.32588922,21.7204684,0.513315157,-1,323.7743141,141.0714003
2025-08-07T21:00:00+09:00,116452.3,116535.2,115980.4,116337.2,116296.1103,113885.0997,115008.206,114396.995,115090.605,NaN,NaN,NaN,NaN,1,2,3793.1616,2268.95553,72.06306438,57.73512139,22.51645204,0.501511873,-1,389.2625015,166.6884908
2025-08-07T22:00:00+09:00,116337.2,116699,116153.1,116589,116512.4575,113782.4525,115001.416,114429.035,115147.455,NaN,NaN,NaN,NaN,1,2,2619.3684,2323.78638,74.17781325,58.67000188,23.6766478,0.489694494,-1,456.2214802,205.0256587
2025-08-07T23:00:00+09:00,116589,116626.3,116139.9,116300,116646.7778,113741.2922,114991.764,114456.0133,115194.035,NaN,NaN,NaN,NaN,1,2,2427.6348,2283.25834,67.83127614,57.1879016,25.25656351,0.466683814,-1,480.4289822,248.3412544
2025-08-08T00:00:00+09:00,116300,116748.1,116187.5,116634.5,116848.0729,113682.5871,114984.5745,114496.135,115265.33,NaN,NaN,NaN,NaN,1,2,2314.0552,2354.03479,70.93134085,58.42871939,27.1847277,0.470445866,-1,520.6037604,297.4081155
2025-08-08T01:00:00+09:00,116634.5,116700,115576.4,116206.6,116954.7662,113697.7238,114974.0135,114527.8617,115326.245,116761,NaN,NaN,NaN,1,2,4605.7118,2553.43211,62.61814566,56.29795644,28.98468791,0.637084976,-1,512.0124468,345.3793055
2025-08-08T02:00:00+09:00,116206.6,116507,116071.3,116467.4,117093.5948,113704.4652,114965.7535,114562.8283,115399.03,NaN,NaN,NaN,NaN,1,2,2014.9478,2583.01441,65.28841025,57.26754342,30.0916236,0.548470954,-1,520.2510195,392.9106255
2025-08-08T03:00:00+09:00,116467.4,116532.2,116090.9,116513.4,117225.5192,113718.7908,114958.441,114602.3217,115472.155,NaN,NaN,NaN,NaN,1,2,1219.2132,2621.37422,65.75308581,57.43756988,30.50374073,0.491754516,-1,524.4464708,438.9733146
2025-08-08T04:00:00+09:00,116513.4,117476.7,116432.9,117396.4,117518.0268,113671.5232,114957.798,114660.0617,115594.775,NaN,NaN,NaN,NaN,1,3,6309.3726,2915.58715,73.17616038,60.51605411,30.86136537,0.621745304,-1,592.1956537,479.9107366
2025-08-08T05:00:00+09:00,117396.4,117436.6,117066.1,117119,117708.8736,113706.5364,114954.9425,114708.0483,115707.705,NaN,NaN,NaN,NaN,1,3,3263.9292,3051.80468,68.1766393,59.14415262,31.12607996,0.520926923,-1,616.3980545,512.4244855
2025-08-08T06:00:00+09:00,117119,117300,116956,117044.1,117851.0098,113798.3002,114952.0235,114748.2833,115824.655,NaN,115576.4,NaN,NaN,1,3,1536.5598,2962.47385,66.84859935,58.77687958,31.23381116,0.445475624,-1,622.3606415,538.3242788
2025-08-08T07:00:00+09:00,117044.1,117560,117026.3,117489.7,118029.8581,113916.9219,114946.1355,114793.2583,115973.39,NaN,NaN,NaN,NaN,1,3,3297.5174,3007.08082,70.52691652,60.27504198,31.24759926,0.447274916,-1,655.4861937,560.4648026
2025-08-08T08:00:00+09:00,117489.7,117510.2,117230,117406.6,118149.877,114086.573,114943.4185,114837.1133,116118.225,NaN,NaN,NaN,NaN,1,3,906.33,3017.87791,68.98957178,59.8608785,31.62077805,0.377946928,-1,667.3402738,581.2327239
2025-08-08T09:00:00+09:00,117406.6,117578,116830,117223.6,118170.5767,114356.8533,114941.0705,114892.4283,116263.715,NaN,NaN,NaN,NaN,1,3,2651.5846,3092.69351,65.59844026,58.95028386,32.01114565,0.465056887,-1,654.4243505,596.1016783
2025-08-08T10:00:00+09:00,117223.6,117223.6,116730.4,116846.2,118127.0366,114631.1934,114936.546,114934.315,116379.115,NaN,NaN,NaN,NaN,1,3,1865.9904,3131.1754,59.14200612,57.12099041,32.33635755,0.451737084,-1,606.7412271,606.6270983
2025-08-08T11:00:00+09:00,116846.2,116879,116655.4,116664.1,118031.7416,114932.0784,114937.4895,114995.5483,116481.91,NaN,NaN,NaN,NaN,1,3,1081.899,3112.7039,56.264436,56.2610503,32.20290101,0.365515251,-1,547.9417289,609.7038438
2025-08-08T12:00:00+09:00,116664.1,116946.5,116642.6,116707.6,117911.5038,115248.1562,114936.709,115059.415,116579.83,NaN,NaN,NaN,NaN,1,3,1883.9982,3160.93697,56.80509862,56.42103687,31.69191947,0.330384127,-1,499.0994814,606.8875117
2025-08-08T13:00:00+09:00,116707.6,116834.2,116630,116712.4,117756.8734,115583.9166,114934.6525,115119.13,116670.395,NaN,NaN,NaN,NaN,1,3,747.5576,3086.05024,56.8684598,56.43898503,30.91035033,0.278567022,-1,455.5279258,591.7022086
2025-08-08T14:00:00+09:00,116712.4,116712.5,116475.3,116494.8,117528.7873,115960.2027,114930.7405,115167.7133,116744.495,117578,NaN,NaN,NaN,1,3,1148.41,3092.83694,53.06808434,55.38339527,29.66969143,0.25392965,1,398.8410611,567.5292093
2025-08-08T15:00:00+09:00,116494.8,116715,116360,116699.9,117521.2583,116009.2217,114927.065,115219.5733,116765.24,NaN,NaN,NaN,NaN,1,3,1673.6404,2594.00622,56.04942146,56.17212462,28.01675005,0.2703886,-1,366.2443317,539.0718416
2025-08-08T16:00:00+09:00,116699.9,116916,116498.9,116792.3,117524.5121,116039.9679,114922.201,115273.445,116782.24,NaN,NaN,NaN,NaN,1,3,1792.7856,2357.68338,57.36348246,56.52557341,26.35863553,0.299159691,-1,343.9027992,504.4514644
2025-08-08T17:00:00+09:00,116792.3,116890.5,116399,116584.5,117514.7191,116074.4909,114913.3325,115322.5517,116794.605,NaN,NaN,NaN,NaN,1,3,2473.9276,2291.72168,53.49016476,55.49807208,24.67970266,0.340322818,1,305.9029911,464.2917663
2025-08-08T18:00:00+09:00,116584.5,116692.7,116445.8,116647.7,117514.7509,116080.3291,114906.524,115374.395,116797.54,NaN,NaN,NaN,NaN,1,3,1239.7084,2222.73868,54.4965135,55.74781805,23.03459512,0.297313281,-1,277.6865832,422.4320144
2025-08-08T19:00:00+09:00,116647.7,116682,116285.3,116505.8,117501.7184,116113.9416,114897.1255,115417.7183,116807.83,NaN,NaN,NaN,NaN,1,3,1143.3398,2158.52393,51.78709997,55.03984452,21.47456352,0.311949622,-1,241.0955333,381.8047151
2025-08-08T20:00:00+09:00,116505.8,116874.1,116505.7,116853.8,117508.2979,116129.2921,114889.317,115464.105,116818.795,NaN,NaN,NaN,NaN,1,3,1168.9236,2101.26735,57.38301179,56.42524641,19.94334379,0.312435655,-1,237.4404881,347.3045772
2025-08-08T21:00:00+09:00,116853.8,116853.9,116444.6,116450,117484.4688,116177.4612,114879.202,115507.8017,116830.965,NaN,NaN,NaN,NaN,1,3,1059.0834,1923.93593,50.11454,54.43826343,18.50991388,0.326173142,-1,199.6590084,314.0334135
2025-08-08T22:00:00+09:00,116450,116900,116448.4,116865.6,117482.7655,116218.9845,114872.0065,115559.3417,116850.875,NaN,NaN,NaN,NaN,1,3,1823.0336,1914.34022,56.25600674,56.06383789,17.20441442,0.345484399,-1,200.936094,285.7454322
2025-08-08T23:00:00+09:00,116865.6,117222,116326.4,116452.2,117486.7661,116208.8639,114861.032,115607.1683,116847.815,NaN,NaN,NaN,NaN,1,3,5048.7396,2105.81654,49.70140371,54.1037143,16.21673434,0.48749754,1,166.6690118,259.9485379
2025-08-09T00:00:00+09:00,116452.2,116505,115873.7,116170.1,117438.3365,116134.6635,114848.8105,115652.245,116786.5,NaN,NaN,NaN,NaN,1,3,4536.8444,2017.19013,45.78142177,52.81734793,15.38317292,0.506929988,-1,115.4185171,232.0790029
2025-08-09T01:00:00+09:00,116170.1,116335,115955.1,116158.2,117425.8467,116051.0733,114836.8765,115698.5533,116738.46,NaN,NaN,NaN,NaN,1,3,2514.1244,1979.69989,45.61797363,52.7633262,14.68971939,0.447005936,-1,73.00039718,201.978736
2025-08-09T02:00:00+09:00,116158.2,116666,116121,116666,117392.9329,116046.1771,114827.378,115741.1383,116719.555,NaN,NaN,NaN,NaN,1,3,1908.9738,1998.32059,53.2827331,54.77816652,14.10612713,0.452422042,-1,79.44317615,176.8165344
2025-08-09T03:00:00+09:00,116666,116850,116278.1,116459.8,117249.1802,116086.9398,114817.356,115781.53,116668.06,NaN,NaN,NaN,NaN,1,3,3331.9318,2000.04131,50.1893389,53.82644944,13.79580092,0.46583897,1,67.13659926,153.4220917
2025-08-09T04:00:00+09:00,116459.8,116673.3,116283.1,116389.8,117100.7066,116133.7334,114807.6585,115818.5267,116617.22,117222,NaN,NaN,NaN,1,3,1004.373,2004.94346,49.14622201,53.50430302,13.79086118,0.422497007,1,51.14555926,132.316539
2025-08-09T05:00:00+09:00,116389.8,116850,116247.5,116845,117009.5847,116186.9953,114798.984,115867.6783,116598.29,NaN,115873.7,117578,NaN,1,3,834.984,1914.11343,55.60752043,55.2809817,14.12842385,0.4524475,1,74.346362,114.1949695
2025-08-09T06:00:00+09:00,116845,116916.1,116690.6,116870,117013.7638,116185.1962,114790.7405,115914.8567,116599.48,NaN,NaN,NaN,NaN,1,3,955.6482,1868.59632,55.93863399,55.37658031,14.55447263,0.365883621,1,93.67067911,102.4184884
2025-08-09T07:00:00+09:00,116870,116932,116691,116826,117032.7762,116182.3738,114785.49,115961.7517,116607.575,NaN,NaN,NaN,NaN,1,3,605.8908,1844.79591,55.15883972,55.16470122,15.29003559,0.312777514,1,104.23337,91.67374132
2025-08-09T08:00:00+09:00,116826,116858.7,116589.5,116614.7,117025.6816,116180.1784,114777.2785,116002.33,116602.93,NaN,NaN,NaN,NaN,1,3,530.3748,1777.11474,51.44962557,54.14902734,16.17893721,0.285844728,1,94.46529733,83.65110638
2025-08-09T09:00:00+09:00,116614.7,116700,116524,116530.7,117014.6008,116173.0892,114767.4965,116046.7967,116593.845,NaN,NaN,NaN,NaN,1,3,501.5432,1764.81402,50.00987575,53.74743503,17.05021891,0.241044905,1,79.03486666,79.60847855
2025-08-09T10:00:00+09:00,116530.7,116602.3,116480.7,116515.5,117014.7571,116175.0029,114761.518,116085.2317,116594.88,NaN,NaN,NaN,NaN,1,3,324.0378,1723.59541,49.73863951,53.67390291,17.73669036,0.195505499,1,64.83228005,78.70090998
2025-08-09T11:00:00+09:00,116515.5,116515.6,116350,116360.5,117006.7757,116149.0443,114755.29,116105.6683,116577.91,NaN,NaN,NaN,NaN,1,3,986.084,1689.21759,46.94266954,52.92022816,18.09817025,0.177949396,1,40.60139561,74.38515658
2025-08-09T12:00:00+09:00,116360.5,116438,116300,116341.1,116984.201,116126.499,114753.355,116121.9283,116555.35,116932,NaN,NaN,NaN,1,3,2059.0062,1702.52862,46.58966289,52.82545423,18.08036977,0.15819162,1,19.60681212,69.10406912
2025-08-09T13:00:00+09:00,116341.1,116635.6,116314.1,116393.4,116980.1032,116111.4868,114752.992,116143.6683,116545.795,NaN,NaN,NaN,NaN,1,3,4449.6634,1801.31541,47.73081997,53.05681756,17.81121788,0.197486496,1,7.106704696,64.21086306
2025-08-09T14:00:00+09:00,116393.4,116939.2,116373.4,116691.9,116984.8076,116111.2024,114754.063,116164.3333,116548.005,NaN,NaN,NaN,NaN,1,3,3587.061,1918.68304,53.79826348,54.36094763,17.54520873,0.292943068,1,21.04415096,58.28839517
2025-08-09T15:00:00+09:00,116691.9,116701.7,116494,116614.2,116990.6882,116116.1618,114757.3835,116185.0967,116553.425,NaN,NaN,NaN,NaN,1,3,1264.2608,1924.72909,52.10282251,53.9625904,17.4100945,0.25479506,1,25.52569261,50.71673
2025-08-09T16:00:00+09:00,116614.2,116860,116587.3,116707.1,116967.5898,116124.5902,114762.384,116210.0717,116546.09,NaN,NaN,NaN,NaN,1,3,843.5558,1908.4607,53.97061641,54.37070206,17.58199722,0.247615453,1,36.15680709,43.15266746
2025-08-09T17:00:00+09:00,116707.1,117130,116707.1,117059.2,117050.6392,116102.4608,114770.893,116244.5867,116576.55,NaN,116300,NaN,NaN,1,4,1914.4578,1951.22942,60.29099419,55.8838146,18.23255651,0.285003835,1,72.16173374,40.67449373
2025-08-09T18:00:00+09:00,117059.2,117460,116990.5,117459.9,117206.7482,116005.7818,114781.8475,116285.39,116606.265,NaN,NaN,NaN,NaN,1,4,3183.2448,2019.23998,66.01086243,57.52031781,19.60311325,0.322591346,-1,131.5130383,46.50540168
2025-08-09T19:00:00+09:00,117459.9,117888,117335,117389.2,117338.4256,115967.8044,114789.25,116324.3617,116653.115,NaN,NaN,NaN,NaN,1,4,5173.0616,2025.45608,64.25225013,57.13854674,21.71682949,0.372217929,-1,170.874738,58.28789701
2025-08-09T20:00:00+09:00,117389.2,117420.5,117036.7,117065.5,117367.9483,116027.8217,114796.632,116359.72,116697.885,NaN,NaN,NaN,115873.7,1,4,2733.2858,1935.27815,56.792054,55.41936646,24.0452871,0.358114986,-1,173.9441638,73.10376014
2025-08-09T21:00:00+09:00,117065.5,117196,116961,117065.8,117383.2398,116103.2902,114803.759,116396.4767,116743.265,NaN,NaN,NaN,NaN,1,4,1632.2926,1891.18656,56.79706055,55.42063545,26.2518191,0.305656647,-1,174.3906466,90.30196397
2025-08-09T22:00:00+09:00,117065.8,117110.9,116825.7,116923.2,117399.699,116112.551,114810.7985,116433.445,116756.125,NaN,NaN,NaN,NaN,1,4,2256.0498,1908.54036,53.61682793,54.66557744,28.21392366,0.28532655,-1,161.3775986,107.4431744
2025-08-09T23:00:00+09:00,116923.2,116964.9,116710.4,116925.1,117411.9809,116146.7991,114819.84,116473.6133,116779.39,NaN,NaN,NaN,NaN,1,4,2879.013,1885.89442,53.65406396,54.67397679,29.73711569,0.262768178,-1,149.4946967,121.7154573
2025-08-10T00:00:00+09:00,116925.1,117090.2,116652.2,116846.1,117409.3485,116195.0615,114828.967,116512.55,116802.205,117888,NaN,NaN,NaN,1,4,5974.3108,2134.39131,51.79229276,54.24737339,30.79215293,0.300247907,-1,132.1790932,133.5658351
2025-08-10T01:00:00+09:00,116846.1,116898.7,116583.3,116602.5,117402.9791,116177.1809,114839.1775,116550.695,116790.08,NaN,NaN,NaN,NaN,1,4,1244.2572,2154.85497,46.44098437,52.9469358,31.22354476,0.290747323,-1,97.67394414,140.4010726
2025-08-10T02:00:00+09:00,116602.5,116749.3,116577.8,116640.5,117393.6789,116163.5311,114848.0175,116585.7333,116778.605,NaN,NaN,NaN,NaN,1,4,815.225,2147.83381,47.35477112,53.12587485,30.96828768,0.242779393,-1,72.55824108,140.4451289
2025-08-10T03:00:00+09:00,116640.5,116686.5,116516,116591.5,117386.8142,116146.9458,114857.497,116618.7883,116766.88,NaN,NaN,NaN,NaN,1,4,908.7644,2162.97749,46.25878844,52.86125524,30.34699487,0.210666643,-1,48.1449895,131.1820124
2025-08-10T04:00:00+09:00,116591.5,116691.1,116473.5,116508.1,117388.4204,116134.6796,114863.758,116648.1033,116761.55,NaN,NaN,NaN,NaN,1,4,671.1976,2170.01863,44.37624439,52.40769415,29.41893504,0.202801006,-1,21.81614578,114.6199466
2025-08-10T05:00:00+09:00,116508.1,116986.1,116474,116741.5,117390.1063,116154.0737,114869.115,116678.7767,116772.09,NaN,NaN,NaN,NaN,1,4,2164.8562,2253.18428,50.45319906,53.54638922,28.58248981,0.281150861,-1,19.5583207,97.46596404
2025-08-10T06:00:00+09:00,116741.5,116756.4,116347.3,116483.4,117391.3188,116149.6512,114879.969,116703.2867,116770.485,NaN,NaN,NaN,NaN,1,4,1312.3176,2302.59827,44.64465845,52.13817567,27.78956212,0.304918831,-1,-3.02269121,77.75337095
2025-08-10T07:00:00+09:00,116483.4,116694.6,116452.4,116510,117382.248,116173.672,114884.7145,116707.0367,116777.96,NaN,NaN,NaN,NaN,1,4,1173.4738,2311.96776,45.34305485,52.27023713,26.96011897,0.272525861,-1,-18.55798326,57.76052852
2025-08-10T08:00:00+09:00,116510,116550.8,116398.9,116425.2,117375.3023,116189.0277,114890.32,116706.585,116782.165,NaN,NaN,NaN,NaN,1,4,622.318,2240.13335,43.46054805,51.80504969,26.09993657,0.225306252,-1,-37.28269375,37.00748513
2025-08-10T09:00:00+09:00,116425.2,116710.6,116420.1,116700.5,117364.9484,116230.0916,114899.029,116712.64,116797.52,NaN,NaN,NaN,NaN,1,4,631.473,2049.22383,50.62708853,53.18580361,25.36363449,0.232825769,-1,-29.56692341,19.03570551
2025-08-10T10:00:00+09:00,116700.5,116730.1,116520,116544.4,117366.6346,116213.6554,114909.8075,116711.8967,116790.145,NaN,NaN,NaN,NaN,1,4,904.5244,1915.097,46.99007064,52.31820447,24.82738021,0.215516625,-1,-35.63728085,4.223347176
2025-08-10T11:00:00+09:00,116544.4,117273.6,116544.4,117273.4,117430.1557,116216.0543,114927.149,116728.12,116823.105,NaN,116347.3,NaN,NaN,1,4,2096.9958,1956.73375,61.05942464,55.75877158,24.86004159,0.350049575,-1,18.16671011,-1.820156266
2025-08-10T12:00:00+09:00,117273.4,118475.9,117193.2,118457.3,117842.9807,115978.2493,114953.045,116758.5,116910.615,NaN,NaN,NaN,NaN,1,5,13590.3528,2594.0736,73.40456837,60.48565173,25.46594795,0.59197986,-1,154.5559713,10.00328616
2025-08-10T13:00:00+09:00,118457.3,118715.6,118350.9,118450,118128.8448,115831.4652,114975.8085,116795.89,116980.155,NaN,NaN,NaN,NaN,1,5,3740.89,2685.39521,73.2503642,60.4450008,26.77401922,0.497308771,-1,259.0699968,36.36482515
2025-08-10T14:00:00+09:00,118450,118473.5,117858.2,118000,118223.1192,115791.2008,114996.6365,116821.4333,117007.16,NaN,NaN,NaN,NaN,1,5,3773.5956,2714.91275,64.28519825,57.99236299,28.32220964,0.506617084,-1,302.1044042,67.75883443
2025-08-10T15:00:00+09:00,118000,118120,117698.3,118040,118327.5207,115751.8793,115021.4,116846.8767,117039.7,NaN,NaN,NaN,NaN,1,5,2188.6334,2565.69134,64.69878853,58.14646471,30.04485312,0.456714198,-1,335.5689183,105.3801244
2025-08-10T16:00:00+09:00,118040,118201.2,117406.3,117769.7,118401.5487,115748.2713,115043.998,116853.0983,117074.91,NaN,NaN,NaN,NaN,1,5,3911.7146,2624.61278,59.67015512,56.71133867,31.59004315,0.530162082,-1,336.4010143,144.820013
2025-08-10T17:00:00+09:00,117769.7,118364.1,117563.9,118258.4,118557.8672,115711.2128,115066.49,116872.0883,117134.54,NaN,NaN,NaN,NaN,1,5,2816.2064,2683.80847,64.97118498,58.59735709,33.02000654,0.577532078,-1,372.2039269,190.3185264
2025-08-10T18:00:00+09:00,118258.4,118400,118076.9,118256,118701.4128,115700.9472,115089.7005,116892.2867,117201.18,118715.6,NaN,NaN,NaN,1,5,3285.8174,2735.29685,64.92605072,58.58456096,34.02212922,0.476102803,-1,395.8215488,237.5839122
2025-08-10T19:00:00+09:00,118256,118256.1,117961.4,117973.2,118784.4907,115722.6793,115111.301,116900.345,117253.585,NaN,NaN,NaN,NaN,1,5,968.5792,2639.77516,59.66627467,57.08506205,34.2576554,0.401430229,-1,387.2550525,284.5719492
2025-08-10T20:00:00+09:00,117973.2,118468,117890,118275.8,118905.895,115744.245,115133.379,116914.8317,117325.07,NaN,NaN,NaN,NaN,1,5,2743.3228,2478.22576,63.11001899,58.25224899,33.86041007,0.429831567,-1,400.2692785,327.0277902
2025-08-10T21:00:00+09:00,118275.8,118700,118188.1,118468,119037.3086,115799.3814,115155.839,116935.5717,117418.345,NaN,NaN,NaN,NaN,1,5,2635.7678,2547.80129,65.14560411,58.97570538,33.38101993,0.430122747,-1,421.2363299,356.6589411
2025-08-10T22:00:00+09:00,118468,118640,118315.7,118399.8,119137.7921,115874.8279,115178.2175,116961.465,117506.31,NaN,NaN,NaN,NaN,1,5,2800.9092,2647.0855,63.80030376,58.60781315,32.93851042,0.378214499,-1,427.422637,375.36479
2025-08-10T23:00:00+09:00,118399.8,118823.9,118264.1,118742.6,119273.3133,115954.4167,115203.668,116996.1067,117613.865,NaN,NaN,NaN,NaN,1,6,5808.9294,2892.09375,67.43995868,59.89160336,32.79539815,0.408561719,-1,454.7444145,392.3247912
2025-08-11T00:00:00+09:00,118742.6,119092.4,118519.4,118768.8,119377.6249,116076.1751,115227.923,117030.46,117726.9,NaN,NaN,NaN,NaN,1,6,3871.8886,3052.1283,67.70720155,59.98842594,32.9586272,0.43313104,-1,473.0581216,407.6013693
2025-08-11T01:00:00+09:00,118768.8,118910,118586.3,118632.6,119452.0948,116190.8152,115252.9225,117062.4633,117821.455,NaN,NaN,NaN,NaN,1,6,1688.86,3028.32849,64.73275761,59.22965411,33.38608969,0.380038617,-1,471.1505345,422.5735382
2025-08-11T02:00:00+09:00,118632.6,118665.2,118415.5,118488.7,119454.6057,116388.8343,115277.166,117095.695,117921.72,NaN,NaN,NaN,NaN,1,6,751.9914,3000.31218,61.6511288,58.43251006,33.95982486,0.323912571,-1,452.8075471,431.529496
2025-08-11T03:00:00+09:00,118488.7,118581.1,118400,118517,119429.8126,116614.3274,115302.236,117125.98,118022.07,NaN,NaN,NaN,NaN,1,6,654.382,2974.35759,62.03392031,58.5445209,34.55437227,0.266825178,-1,435.5336106,435.9419474
2025-08-11T04:00:00+09:00,118517,118695.2,118422.7,118631.2,119356.0055,116908.7345,115326.6915,117156.6283,118132.37,NaN,NaN,NaN,NaN,1,6,970.3658,2991.75998,63.61235986,58.99964347,35.13245795,0.254280041,-1,426.1465251,440.2632221
2025-08-11T05:00:00+09:00,118631.2,118741.9,118050.3,118283.7,119244.3652,117178.6948,115350.1595,117184.9483,118211.53,119092.4,NaN,NaN,NaN,1,6,5107.3144,3215.55205,55.9849531,57.05394445,35.33022237,0.364916701,-1,386.2148027,438.7016137
2025-08-11T06:00:00+09:00,118283.7,118666.3,118040.7,118666.3,119029.8206,117605.4294,115376.3855,117218.5917,118317.625,NaN,NaN,NaN,NaN,1,6,1673.1504,3253.98335,61.46368914,58.58887354,35.09822793,0.418224313,1,381.0487545,434.2363275
2025-08-11T07:00:00+09:00,118666.3,119032.2,118579.5,119032.2,119005.8409,117805.2891,115406.2565,117260.6983,118405.565,NaN,NaN,NaN,NaN,1,6,3185.5124,3308.40918,65.84260033,59.98510992,34.60684398,0.404731559,1,401.8474489,431.39464
2025-08-11T08:00:00+09:00,119032.2,119279.4,118803,119239.9,119146.7592,117742.6308,115438.456,117300.4667,118444.695,NaN,NaN,NaN,NaN,1,7,3476.5086,2802.71697,68.06117335,60.75192249,33.99984381,0.402527945,1,430.1319252,428.6599189
2025-08-11T09:00:00+09:00,119239.9,119461,119063,119086.3,119232.2687,117720.7513,115468.09,117344.405,118476.51,NaN,NaN,NaN,NaN,1,7,2915.6918,2761.45706,64.71364553,59.88556073,33.54377955,0.380101892,-1,435.1373476,424.4464996
2025-08-11T10:00:00+09:00,119086.3,120027,118941.6,120008,119553.9108,117599.9092,115504.657,117396.7783,118576.91,NaN,NaN,NaN,NaN,1,7,5326.0424,2839.0794,73.22408725,63.10827245,33.42380228,0.552934959,-1,507.6260707,428.4993369
2025-08-11T11:00:00+09:00,120008,121864.9,119927.4,121830,120460.4448,117072.3752,115552.3745,117486.4083,118766.41,NaN,118040.7,NaN,NaN,1,7,19128.777,3686.08658,82.30789987,68.2547809,33.81210175,0.89322071,-1,703.9790466,456.4072813
2025-08-11T12:00:00+09:00,121830,122153.4,121528.6,121705.4,121023.22,116903.17,115600.034,117578.6633,118963.195,NaN,NaN,NaN,NaN,1,7,8502.6864,3915.63517,80.3015703,67.59646823,35.05016739,0.76721372,-1,839.8546938,501.3318461
2025-08-11T13:00:00+09:00,121705.4,122187.5,121606,122080.8,121591.9656,116716.6644,115646.74,117677.3733,119154.315,NaN,NaN,NaN,NaN,1,7,8839.0106,4216.77538,81.74533226,68.5299955,37.07173172,0.668677645,-1,966.6854181,561.3917231
2025-08-11T14:00:00+09:00,122080.8,122326.7,121810.3,122045.7,122047.3439,116640.2561,115692.912,117767.035,119343.8,NaN,NaN,NaN,NaN,1,7,5996.013,4352.28516,81.14646424,68.34206794,39.58859933,0.586953367,-1,1052.237861,635.3942852
2025-08-11T15:00:00+09:00,122045.7,122326,121944.9,122300,122474.5958,116645.6842,115740.391,117864.3717,119560.14,NaN,NaN,NaN,NaN,1,7,2991.5142,4453.43191,82.16586318,68.97138037,42.4355502,0.494358869,-1,1127.560854,718.340074
2025-08-11T16:00:00+09:00,122300,122308.4,121456.3,121526.3,122694.4736,116750.8564,115785.48,117949.98,119722.665,NaN,NaN,NaN,NaN,1,7,5408.553,4586.69342,69.80016266,64.96072184,45.13844804,0.56539251,-1,1112.00524,797.2464952
2025-08-11T17:00:00+09:00,121526.3,121815,121204.3,121679.4,122912.9942,116853.4758,115829.386,118030.5533,119883.235,NaN,NaN,NaN,NaN,1,7,4422.2962,4676.01984,70.73860921,65.36752816,47.3651064,0.543751639,-1,1099.358474,871.6050006
2025-08-11T18:00:00+09:00,121679.4,121710.3,121086,121423.4,123054.7337,117014.0963,115871.268,118106.4433,120034.415,NaN,NaN,NaN,NaN,1,7,3451.749,4708.56183,66.99004735,64.09727086,48.82194684,0.534649132,-1,1056.500085,940.6453048
2025-08-11T19:00:00+09:00,121423.4,121446.8,120927.5,121179.5,123154.8308,117157.6892,115909.835,118179.0017,120156.26,122326.7,NaN,NaN,NaN,1,7,2794.9678,4557.86375,63.53557554,62.90831866,49.45625916,0.499996097,-1,991.4252783,994.4007723
2025-08-11T20:00:00+09:00,121179.5,121271.4,120270.9,120557,123179.3639,117311.9761,115944.9055,118244.7067,120245.67,NaN,NaN,NaN,NaN,1,7,8768.0184,4802.67024,55.64816487,60.00818671,49.01006282,0.611684525,-1,879.4843295,1013.901359
2025-08-11T21:00:00+09:00,120557,120665.1,119522,119639.8,123150.751,117441.309,115976.0045,118296.525,120296.03,NaN,NaN,NaN,NaN,1,7,9627.7328,5199.61388,46.49038849,56.11698669,47.84175721,0.7293997,-1,708.5917419,999.3165869
2025-08-11T22:00:00+09:00,119639.8,120298.3,119366,119980.8,123108.1072,117633.1628,116008.0885,118354.28,120370.635,NaN,NaN,NaN,NaN,1,7,9106.6336,5617.34599,49.79814812,57.17102385,46.06434397,0.743898103,-1,593.8286976,957.8880624
2025-08-11T23:00:00+09:00,119980.8,120550,119760,120200.1,123059.4108,117850.1692,116041.589,118418.2733,120454.79,NaN,NaN,NaN,NaN,1,7,4563.5634,5812.80506,51.85917933,57.83590098,43.97510682,0.714106391,-1,514.64137,898.1551189
2025-08-12T00:00:00+09:00,120200.1,120377.2,119800.5,120270.7,123006.3503,118067.1797,116074.7425,118483.7667,120536.765,NaN,NaN,NaN,NaN,1,7,2331.8476,5880.87915,52.53478155,58.04992247,41.7650073,0.635625355,-1,452.3670664,823.133587
2025-08-12T01:00:00+09:00,120270.7,120760.3,119865.4,119905.6,122884.3462,118351.3738,116106.0835,118542.3033,120617.86,NaN,NaN,NaN,NaN,1,7,5309.4332,5890.98509,48.72645476,56.53498803,39.33045781,0.673819552,-1,369.296691,740.6104149
2025-08-12T02:00:00+09:00,119905.6,120114.6,119445,119479.9,122809.7289,118507.3511,116135.4675,118588.77,120658.54,NaN,NaN,NaN,NaN,1,7,2612.286,5937.94187,44.6611451,54.83176667,36.96375818,0.637623219,-1,266.0455799,648.0200933
2025-08-12T03:00:00+09:00,119479.9,119857.2,119222.1,119752.9,122757.9363,118631.2137,116165.021,118641.0817,120694.575,NaN,NaN,NaN,NaN,1,7,3025.7302,5929.95276,47.67604608,55.70537874,35.07002113,0.600893776,-1,203.8967541,553.2863899
2025-08-12T04:00:00+09:00,119752.9,119762.3,118570,119046.2,122777.089,118592.691,116191.2335,118680.0667,120684.89,NaN,NaN,NaN,NaN,1,7,4749.4912,5993.60189,41.38977535,52.99667547,33.53245235,0.736821908,-1,96.50611558,453.8509273
2025-08-12T05:00:00+09:00,119046.2,119058.7,118550,118796.8,122810.12,118530.71,116215.4525,118709.0267,120670.415,NaN,NaN,NaN,NaN,1,7,2824.624,5989.0485,39.41464176,52.08427165,32.2767358,0.634982582,-1,-8.626790564,355.171914
2025-08-12T06:00:00+09:00,118796.8,119151,118050.8,118679,122898.7554,118309.1746,116239.4305,118729.345,120603.965,NaN,NaN,NaN,NaN,1,7,5910.8166,6018.28721,38.48057381,51.65546801,31.52860825,0.732754735,-1,-100.2947166,265.2956408
2025-08-12T07:00:00+09:00,118679,118890.9,118242.1,118856.2,122797.9086,118112.6414,116265.082,118753.795,120455.275,NaN,NaN,NaN,NaN,1,7,3161.3684,5219.91678,40.75501943,52.25902244,31.24192524,0.66973143,-1,-156.8357444,181.8884806
2025-08-12T08:00:00+09:00,118856.2,118858.4,118547.9,118647.7,122697.247,117907.533,116288.841,118780.165,120302.39,NaN,NaN,NaN,NaN,1,7,1435.4512,4866.55502,38.93117489,51.48694058,31.56393473,0.534505278,-1,-215.9794473,100.7083898
2025-08-12T09:00:00+09:00,118647.7,118999,118560,118915.3,122465.1905,117823.0395,116313.6895,118810.99,120144.115,NaN,NaN,NaN,NaN,1,7,1912.9784,4520.25341,42.48851993,52.40817325,32.16252621,0.478591748,-1,-238.5087934,23.94440538
2025-08-12T10:00:00+09:00,118915.3,119077,118727.9,118929.8,122193.3166,117783.3234,116337.9885,118844.4333,119988.32,NaN,NaN,122326.7,NaN,1,7,1576.9992,4299.30272,42.68334902,52.45811041,32.87211532,0.4168671,-1,-252.2852464,-45.12025433
2025-08-12T11:00:00+09:00,118929.8,119252,118788.1,119014.2,121792.5458,117855.5142,116361.3905,118879.2517,119824.03,NaN,118050.8,NaN,NaN,1,7,1290.4764,4214.25083,43.87517646,52.75268676,33.3528257,0.40764279,-1,-253.4709546,-102.8443137
2025-08-12T12:00:00+09:00,119014.2,119092.1,118696.2,118817.7,121539.1904,117838.0096,116384.2015,118912.1117,119688.6,NaN,NaN,NaN,NaN,1,7,884.7194,3988.05915,41.70105212,51.98710424,33.66268176,0.383277803,-1,-267.1865841,-155.1869069
2025-08-12T13:00:00+09:00,118817.7,119113.4,118764.1,119016.5,121183.7858,117927.1242,116407.4535,118952.345,119555.455,NaN,NaN,NaN,NaN,1,7,1770.936,3855.49114,44.68731967,52.69611512,33.67286922,0.352921301,-1,-259.0288968,-194.6907971
2025-08-12T14:00:00+09:00,119016.5,119016.5,118380,118746.6,120840.3518,118002.8782,116429.2765,118987.4467,119421.615,NaN,NaN,NaN,NaN,1,7,4252.9874,3895.55306,41.57375135,51.63925784,33.58492758,0.414487421,-1,-271.2161345,-223.8673909
2025-08-12T15:00:00+09:00,118746.6,118970.6,118541.7,118775.2,120493.2666,118109.5334,116451.813,119023.8417,119301.4,NaN,NaN,NaN,NaN,1,7,3209.056,3916.25747,42.03463415,51.7439484,33.40777767,0.39662585,-1,-275.3922764,-243.3226753
2025-08-12T16:00:00+09:00,118775.2,119098.1,118775.2,118925.1,120271.912,118167.698,116475.682,119064.125,119219.805,119252,NaN,NaN,NaN,1,7,1434.8606,3549.59958,44.50551941,52.29647788,33.13224641,0.354589091,-1,-263.5679742,-255.181812
2025-08-12T17:00:00+09:00,118925.1,119000,118686.5,118758.9,120227.6045,118123.9155,116495.221,119097.7483,119175.76,NaN,NaN,NaN,NaN,1,7,859.5856,3111.19222,42.35000216,51.62741296,32.87278496,0.324716958,-1,-264.5584158,-260.5794751
2025-08-12T18:00:00+09:00,118758.9,118845.8,118344,118348.1,120136.7688,118051.4812,116513.7965,119128.8267,119094.125,NaN,NaN,NaN,NaN,1,7,3495.6992,2830.6455,37.51371773,50.01293393,32.91504401,0.358563868,-1,-295.0898624,-266.8662606
2025-08-12T19:00:00+09:00,118348.1,118604.8,118143.7,118399.2,119956.2468,118051.9132,116532.0905,119160.3133,119004.08,NaN,NaN,NaN,NaN,1,7,3516.3836,2778.28651,38.45522726,50.2106463,33.26342932,0.368754476,-1,-311.5713108,-273.4536011
2025-08-12T20:00:00+09:00,118399.2,118615.3,118160.3,118471.7,119695.2049,118133.0551,116551.8275,119194.4217,118914.13,NaN,NaN,NaN,NaN,1,7,4713.6246,2897.37536,39.84022176,50.49424473,33.89627221,0.373705197,1,-315.1499805,-280.3068262
2025-08-12T21:00:00+09:00,118471.7,119223.4,118227.6,119213.9,119532.7398,118226.3502,116576.223,119236.3117,118879.545,NaN,NaN,NaN,NaN,1,7,12724.4892,3268.12816,51.79886186,53.27555407,34.07566105,0.526020819,1,-255.1554911,-278.9700381
2025-08-12T22:00:00+09:00,119213.9,119663.2,118562.2,118807,119438.4393,118253.3607,116598.54,119274.0217,118845.9,NaN,NaN,NaN,NaN,1,7,14022.128,3838.62026,46.35817957,51.65150856,33.89531247,0.660785943,1,-237.702766,-276.600468
2025-08-12T23:00:00+09:00,118807,119397.9,118710.8,119397.9,119324.3894,118331.9106,116623.6585,119309.43,118828.15,NaN,NaN,NaN,NaN,1,8,4721.132,3923.39035,53.92643752,53.74195312,33.51044562,0.630167396,1,-174.1827931,-265.8189856
2025-08-13T00:00:00+09:00,119397.9,119923.9,119257.6,119892.2,119545.7483,118195.1517,116650.07,119333.345,118870.45,NaN,118143.7,NaN,NaN,1,8,8370.8864,4104.46011,59.12211452,55.38908481,33.13621352,0.603629281,1,-83.00010442,-244.4420776
2025-08-13T01:00:00+09:00,119892.2,120157.9,119470.2,119590,119653.2127,118167.0073,116675.531,119352.345,118910.11,NaN,NaN,NaN,NaN,1,8,4391.348,4182.79631,55.03586678,54.18494108,32.70200912,0.595119115,1,-34.72192836,-219.0147392
2025-08-13T02:00:00+09:00,119590,119797.9,119134,119218.2,119683.7934,118190.3466,116700.2595,119372.6483,118937.07,NaN,NaN,NaN,118050.8,1,8,2893.4018,4031.92557,50.41879324,52.74480478,31.90449257,0.58360941,1,-26.16071432,-192.5261057
2025-08-13T03:00:00+09:00,119218.2,120040,119200,119296.4,119720.7713,118197.3887,116725.69,119393.5883,118959.08,NaN,NaN,NaN,NaN,1,8,3245.1578,4036.11504,51.34337436,53.01294099,30.88839878,0.623527412,1,-12.916906,-161.173555
2025-08-13T04:00:00+09:00,119296.4,119911.7,119250,119600.3,119802.9137,118210.5063,116751.423,119424.0983,119006.71,NaN,NaN,NaN,NaN,1,8,1713.3498,4050.00997,54.86580355,54.04735689,30.21135337,0.599048528,1,21.84923335,-124.1268278
2025-08-13T05:00:00+09:00,119600.3,120267,119422.4,120136.4,120001.8946,118133.6354,116780.102,119455.3983,119067.765,NaN,NaN,NaN,NaN,1,8,2874.6434,4098.09322,60.32266104,55.79967263,29.92994047,0.631928284,-1,91.60447947,-78.93188783
2025-08-13T06:00:00+09:00,120136.4,120151.7,119730.4,119854.1,120105.9037,118122.0563,116805.0645,119482.0333,119113.98,NaN,NaN,NaN,NaN,1,8,1503.178,4094.40216,56.45215978,54.67883923,30.00819348,0.539448041,-1,122.6924418,-36.94878417
2025-08-13T07:00:00+09:00,119854.1,120044.9,119585.5,120044.9,120235.3843,118095.6457,116831.824,119516.5617,119165.515,NaN,NaN,NaN,NaN,1,8,1277.9546,4093.77607,58.39520233,55.29835906,30.04732541,0.486623807,-1,160.8714157,7.337236017
2025-08-13T08:00:00+09:00,120044.9,120242.9,119801.1,120040,120348.4276,118104.8324,116858.1625,119545.965,119226.63,NaN,NaN,NaN,NaN,1,8,3777.4692,4238.41356,58.32323098,55.27854911,30.05384509,0.447110443,-1,188.5595416,47.64193987
2025-08-13T09:00:00+09:00,120040,120179.7,119585,119669.3,120392.6406,118125.8994,116880.291,119565.9867,119259.27,NaN,NaN,NaN,NaN,1,8,4665.3194,4383.13273,53.00117789,53.79036396,30.08438045,0.464647923,-1,178.5321811,76.7010827
2025-08-13T10:00:00+09:00,119669.3,119677.3,119295.6,119436.5,120404.3888,118183.1412,116901.7235,119583.265,119293.765,120267,NaN,NaN,NaN,1,8,2167.141,4278.84041,49.92039754,52.87774707,29.82765144,0.416897077,-1,150.0704919,97.23357385
2025-08-13T11:00:00+09:00,119436.5,119692.6,119027.1,119507,120418.2161,118242.4939,116924.7065,119596.005,119330.355,NaN,NaN,NaN,NaN,1,8,2707.177,4253.74646,50.85208686,53.12361344,29.34688608,0.463391142,-1,131.6851744,114.7720059
2025-08-13T12:00:00+09:00,119507,119600,119267.8,119445.3,120428.9935,118283.7365,116948.259,119607.28,119356.365,NaN,NaN,NaN,NaN,1,8,1216.6246,4242.83466,49.97579121,52.87712768,28.52255106,0.401793318,-1,110.8581002,128.5247844
2025-08-13T13:00:00+09:00,119445.3,119791,119291.2,119300,120421.1322,118345.7078,116970.9345,119618.4033,119383.42,NaN,NaN,NaN,NaN,1,8,1803.4134,4290.02605,47.88317332,52.29383037,27.31849759,0.407836398,-1,81.68636858,135.173355
2025-08-13T14:00:00+09:00,119300,119655.6,118881,119034.7,120356.939,118478.561,116990.7845,119627.5033,119417.75,NaN,NaN,NaN,NaN,1,8,2532.6754,4241.87486,44.24060556,51.24026863,26.07364206,0.489408452,1,36.73659175,129.076923
2025-08-13T15:00:00+09:00,119034.7,119384,118915.8,119373.7,120282.2438,118650.7062,117011.231,119641.7817,119466.475,NaN,NaN,NaN,NaN,1,8,1330.7318,4132.59227,49.52448175,52.48886547,24.70314436,0.456083644,1,28.14361455,118.5714978
2025-08-13T16:00:00+09:00,119373.7,119594,119251.1,119533,120195.6944,118843.3856,117033.881,119656.8117,119519.54,NaN,NaN,NaN,NaN,1,8,2032.3372,3998.5279,51.83427672,53.06539953,23.23990058,0.399272681,1,33.79819237,104.4522507
2025-08-13T17:00:00+09:00,119533,120005.5,119405.3,120005.4,120251.5375,118866.6925,117059.6955,119685.5067,119559.115,NaN,NaN,NaN,NaN,1,8,2881.8478,3506.39583,57.97573576,54.72844431,22.04314558,0.431848686,1,75.52758305,91.89314421
2025-08-13T18:00:00+09:00,120005.4,120125.8,119730.7,120086.5,120259.9332,118986.2468,117086.795,119709.1767,119623.09,NaN,NaN,NaN,NaN,1,8,3085.1364,2959.54625,58.94359029,55.00783602,21.11442199,0.397375638,1,113.8303526,84.70405215
2025-08-13T19:00:00+09:00,120086.5,120451.4,120007.5,120451.3,120397.9213,118953.5987,117115.645,119732.8283,119675.76,NaN,118881,NaN,NaN,1,9,3756.4578,2911.31254,63.06432513,56.24771042,20.58155013,0.386958323,1,171.6432877,87.10102945
2025-08-13T20:00:00+09:00,120451.3,120693.4,120351.1,120527.7,120515.7859,118899.2841,117147.1475,119754.2917,119707.535,NaN,NaN,NaN,NaN,1,9,3587.2786,2672.13215,63.88192628,56.50397217,20.57161531,0.352475727,1,221.0768603,97.033439
2025-08-13T21:00:00+09:00,120527.7,120652,120169.7,120240,120578.4773,118901.5927,117176.8325,119773.52,119740.035,NaN,NaN,NaN,NaN,1,9,3254.9914,2615.31432,58.61969207,55.2597631,20.70693601,0.36925088,-1,234.3370456,110.7533218
2025-08-13T22:00:00+09:00,120240,122065.4,120067.7,121758.7,121049.8463,118684.2737,117213.779,119802.6983,119867.06,NaN,NaN,NaN,NaN,1,9,14638.1178,3202.55012,71.81722467,60.00548017,21.36585132,0.789998173,-1,363.2054295,142.0332175
2025-08-13T23:00:00+09:00,121758.7,122200,120750.2,120885.2,121177.7318,118715.2682,117247.486,119786.9517,119946.5,NaN,NaN,NaN,NaN,1,9,18100.1696,3945.30071,59.9701811,56.48743679,22.68309657,0.93024429,-1,390.3506827,181.323672
2025-08-14T00:00:00+09:00,120885.2,121332,120304.3,120893.9,121297.547,118724.813,117282.2955,119773.4267,120011.18,NaN,NaN,NaN,NaN,1,9,8653.8418,4292.32531,60.04088417,56.51335931,24.17833303,0.903479646,-1,407.8639075,223.5148157
2025-08-14T01:00:00+09:00,120893.9,121724.1,120893.8,121415,121499.6794,118650.5406,117318.1715,119762.33,120075.11,NaN,NaN,NaN,NaN,1,9,4817.173,4389.45179,64.12782925,58.04175781,25.86587174,0.82768564,-1,458.506304,270.7046059
2025-08-14T02:00:00+09:00,121415,121830,121408.9,121781.3,121772.9396,118570.0004,117353.928,119757.9233,120171.47,NaN,NaN,NaN,NaN,1,9,2013.4044,4414.96311,66.70565708,59.07392843,27.59997599,0.665391988,-1,522.1787651,320.332515
2025-08-14T03:00:00+09:00,121781.3,121919.3,121387.9,121585.6,121962.4817,118534.5283,117387.9,119746.0167,120248.505,NaN,NaN,NaN,NaN,1,9,2448.6988,4473.50032,64.0571423,58.29184913,29.30172805,0.589994765,-1,550.5024452,368.8516364
2025-08-14T04:00:00+09:00,121585.6,122844.9,121475.2,122717,122401.2783,118363.4317,117427.6085,119765.8617,120382.355,NaN,NaN,NaN,NaN,1,9,10387.7764,4804.01568,71.18117673,61.31447,31.29647802,0.761751931,-1,656.6739616,422.7439335
2025-08-14T05:00:00+09:00,122717,122971.8,122434.8,122899.9,122810.5126,118277.2574,117472.5845,119786.2033,120543.885,NaN,NaN,NaN,NaN,1,9,4580.4976,4799.77459,72.14243219,61.77166399,33.18483384,0.652725845,-1,746.9636231,481.175796
2025-08-14T06:00:00+09:00,122899.9,123043.2,122308,122572.3,123070.6753,118330.6747,117513.781,119805.3517,120700.675,NaN,NaN,NaN,NaN,1,9,5433.925,4963.11379,67.78141238,60.46506737,34.86695954,0.636250013,-1,783.057647,542.1447518
2025-08-14T07:00:00+09:00,122572.3,123653,122572.3,122966.9,123371.5442,118375.7958,117563.665,119835.1417,120873.67,NaN,NaN,NaN,NaN,1,9,7647.5816,5210.13402,70.12410883,61.46725764,36.7402218,0.715756991,-1,833.8907695,594.4431229
2025-08-14T08:00:00+09:00,122966.9,123714.1,122920.5,123319.2,123689.8409,118444.8891,117615.883,119881.1783,121067.365,NaN,NaN,NaN,NaN,1,9,5857.2152,5442.16355,72.07630162,62.33739915,38.70282981,0.690319206,-1,892.317965,650.2172653
2025-08-14T09:00:00+09:00,123319.2,124539.4,123270.1,123864.3,124054.0043,118537.1557,117669.557,119951.5867,121295.58,NaN,NaN,NaN,NaN,1,9,15324.98,6118.24188,74.81811729,63.63448318,40.82474249,0.799770998,-1,971.4091527,712.8334037
2025-08-14T10:00:00+09:00,123864.3,123955,123355.4,123355.4,124203.9144,118819.3156,117718.435,120007.83,121511.615,NaN,NaN,NaN,NaN,1,9,2826.7968,6132.94795,68.0956931,61.61222856,43.0704727,0.697405355,-1,981.7089818,770.9670346
2025-08-14T11:00:00+09:00,123355.4,123742.1,123300,123713.4,124396.1047,119061.0953,117769.0605,120066.385,121728.6,NaN,NaN,NaN,NaN,1,9,2188.363,6175.82951,70.12900537,62.4687568,45.21397041,0.582710881,-1,1007.149486,824.8526703
2025-08-14T12:00:00+09:00,123713.4,123912.6,123335,123394.4,124482.3972,119360.9428,117818.2325,120118.4467,121921.67,NaN,NaN,NaN,NaN,1,9,1760.6024,6162.24277,66.08729593,61.22610931,47.26884865,0.545509058,-1,990.156725,873.7031458
2025-08-14T13:00:00+09:00,123394.4,123496.5,123051.9,123051.9,124520.539,119627.451,117865.3015,120170.885,122073.995,NaN,NaN,NaN,NaN,1,9,2727.4208,6154.52142,61.95850479,59.91969947,49.10988847,0.48512193,-1,938.2375334,904.9879871
2025-08-14T14:00:00+09:00,123051.9,123176.1,122121.2,122189.5,124449.3857,119908.9043,117908.5635,120216.045,122179.145,124539.4,NaN,NaN,NaN,1,9,6995.9706,6350.06313,52.98272697,56.80420978,50.12470118,0.613474291,-1,818.0724969,912.8889731
2025-08-14T15:00:00+09:00,122189.5,122189.5,121321,121803.7,124383.7734,120109.7566,117948.05,120250.225,122246.765,NaN,NaN,NaN,NaN,1,9,9274.893,6625.98489,49.5261674,55.48669982,50.31777922,0.647955778,-1,683.8272689,901.8633755
2025-08-14T16:00:00+09:00,121803.7,122084.4,121548.2,121752.5,124310.4101,120305.5999,117986.4595,120295.33,122308.005,NaN,NaN,NaN,NaN,1,9,2985.6604,6595.90398,49.0686514,55.31289479,49.66181236,0.578952718,-1,566.7721498,872.1835289
2025-08-14T17:00:00+09:00,121752.5,122051.8,121553.1,121644.6,124173.3923,120583.0777,118025.5415,120342.7933,122378.235,NaN,NaN,NaN,NaN,1,9,2412.3874,6553.77378,48.06102223,54.94264964,48.23398649,0.522965759,-1,459.9959494,824.1477494
2025-08-14T18:00:00+09:00,121644.6,121929,121523.7,121652.1,124176.0039,120569.8061,118064.936,120392.345,122372.905,NaN,NaN,NaN,NaN,1,9,1368.0012,5890.26795,48.14073859,54.96403995,46.1577352,0.459676737,-1,371.6955537,757.512905
2025-08-14T19:00:00+09:00,121652.1,121784.7,120773,120951.7,124168.5561,120583.9039,118101.7815,120427.27,122376.23,NaN,NaN,NaN,NaN,1,9,4086.41535,5189.580238,41.70354498,52.58420697,43.72846059,0.587042268,-1,242.4061205,675.3681427
2025-08-14T20:00:00+09:00,120951.7,121051,120680,120958.8,124161.2583,120597.6917,118139.248,120465.7883,122379.475,NaN,NaN,NaN,NaN,1,9,2755.8456,4894.680428,41.78851963,52.60544252,41.22485591,0.493577208,-1,138.9148994,578.897633
2025-08-14T21:00:00+09:00,120958.8,121152.3,117470.1,118833.5,124582.1066,119918.6934,118166.517,120464.425,122250.4,NaN,NaN,NaN,NaN,-1,1,45371.21145,6922.38235,28.42974222,46.27282716,39.65501201,1.367810182,-1,-113.290643,456.2923699
2025-08-14T22:00:00+09:00,118833.5,119235.1,117664.8,118371.9,124958.3249,119201.5351,118187.822,120455.1267,122079.93,NaN,NaN,NaN,NaN,-1,1,19684.062,7805.91523,26.45187798,45.06989975,38.99570142,1.357623283,-1,-346.4193085,313.5527208
2025-08-14T23:00:00+09:00,118371.9,119310.2,117951.2,118747,125159.3961,118716.6039,118211.3755,120450.6733,121938,NaN,NaN,NaN,NaN,-1,1,5863.84095,7976.672338,30.67267024,46.2294615,39.13106854,1.283706522,-1,-495.1996669,167.6335915
2025-08-15T00:00:00+09:00,118747,118842,117827.5,118209.5,125294.9694,118130.2806,118231.573,120440.5367,121712.625,NaN,NaN,NaN,NaN,-1,1,5332.3065,7723.898843,28.1772849,44.84468181,40.00088519,1.145769719,-1,-648.9996666,19.54170977
2025-08-15T01:00:00+09:00,118209.5,118210.7,117353.2,117820.4,125373.1279,117544.1721,118251.1955,120420.6017,121458.65,NaN,NaN,NaN,NaN,-1,1,4682.26125,7728.987025,26.49675526,43.87349739,41.57117877,1.008969955,-1,-793.1415504,-131.5598125
2025-08-15T02:00:00+09:00,117820.4,118096,117451,117886.6,125396.5879,117052.1421,118270.432,120406.2683,121224.365,NaN,NaN,NaN,NaN,-1,1,2047.57905,7559.669728,27.29129366,44.08381705,43.51870784,0.854647566,-1,-891.753664,-281.754214
2025-08-15T03:00:00+09:00,117886.6,118181.1,117094.4,118043.4,125288.8115,116667.5685,118290.5875,120394.0717,120978.19,NaN,NaN,NaN,NaN,-1,1,5163.58695,7435.469995,29.24228321,44.58589957,45.81616036,0.875872748,-1,-946.3431699,-428.202961
2025-08-15T04:00:00+09:00,118043.4,118471.1,117840.1,117889.9,125076.8653,116336.5847,118309.137,120376.8183,120706.725,NaN,NaN,NaN,NaN,-1,1,3419.8209,7313.60028,28.43780983,44.18937273,47.79837976,0.763090518,-1,-990.5732025,-565.2006636
2025-08-15T05:00:00+09:00,117889.9,118088.8,117662.3,117810,124695.365,116112.655,118328.8735,120361.0033,120404.01,NaN,NaN,124539.4,NaN,-1,1,1280.72835,6611.387698,28.00591967,43.9815282,49.51864112,0.629746568,-1,-1020.311568,-694.0036044
2025-08-15T06:00:00+09:00,117810,118135.5,117250,117846.9,124333.0961,115924.0739,118347.061,120352.65,120128.585,NaN,NaN,NaN,NaN,-1,1,3421.13505,6641.10461,28.54564172,44.10547191,51.08767722,0.670165801,-1,-1029.039785,-795.753509
2025-08-15T07:00:00+09:00,117846.9,118303.5,117581.7,118235.1,123794.8062,115914.5338,118362.565,120349.915,119854.67,NaN,NaN,NaN,NaN,-1,1,1682.59455,6615.816188,34.13950939,45.40279356,52.40585667,0.648803173,-1,-993.1836607,-867.6162148
2025-08-15T08:00:00+09:00,118235.1,118468.9,118178,118244.1,123240.2673,115954.0427,118376.958,120346.1217,119597.155,NaN,117094.4,NaN,NaN,-1,1,1081.43535,6581.857835,34.26798836,45.43276807,53.35080229,0.514508028,-1,-953.0549749,-918.4890268
2025-08-15T09:00:00+09:00,118244.1,118420,117983.6,118125.6,122678.8461,116022.8339,118392.141,120327.9833,119350.84,NaN,NaN,NaN,NaN,-1,1,1531.0425,6522.03892,33.34561584,45.09996404,53.99499748,0.466495204,-1,-920.2070875,-948.6231847
2025-08-15T10:00:00+09:00,118125.6,118693.7,117974.4,118633.3,122245.5752,116100.4848,118408.0475,120325.0883,119173.03,NaN,NaN,NaN,NaN,-1,1,1549.49925,6249.715353,40.70903857,46.80424051,54.16071445,0.511773259,-1,-843.4845878,-954.2168555
2025-08-15T11:00:00+09:00,118633.3,118859.6,118531,118648.1,121845.7943,116184.7057,118424.446,120312.5917,119015.25,NaN,NaN,NaN,NaN,-1,1,2034.39798,5887.690602,40.91395424,46.85333727,53.95578939,0.433457429,-1,-772.5813804,-940.9754907
2025-08-15T12:00:00+09:00,118648.1,119042,118555,118915.3,121410.1152,116336.6648,118442.9795,120296.31,118873.39,NaN,NaN,NaN,NaN,-1,1,1002.70068,5788.542616,44.63432886,47.74224388,53.28147711,0.424834037,-1,-686.9109886,-912.1496927
2025-08-15T13:00:00+09:00,118915.3,119140,118713.1,118780.1,120925.328,116535.002,118461.9385,120282.8117,118730.165,NaN,NaN,NaN,NaN,-1,1,1600.74792,5747.960642,43.15370496,47.33332026,52.06844425,0.403346278,-1,-622.747451,-871.2801648
2025-08-15T14:00:00+09:00,118780.1,118961.5,118588.7,118932,120339.2554,116849.0646,118481.54,120278.0417,118594.16,NaN,NaN,NaN,NaN,-1,1,1525.4574,5755.833452,45.34728388,47.84566899,50.51732709,0.373039559,-1,-553.2626571,-819.3858414
2025-08-15T15:00:00+09:00,118932,119191.5,118823.6,119044.5,119890.9013,117106.6987,118501.508,120273.8433,118498.8,NaN,NaN,NaN,NaN,-1,1,3039.8214,5703.503754,46.97912335,48.22646043,48.61417852,0.351472717,-1,-483.5436572,-758.7751606
2025-08-15T16:00:00+09:00,119044.5,119065.7,118707.8,118912.7,119245.0369,117547.9531,118521.3515,120262.3833,118396.495,NaN,NaN,NaN,NaN,-1,1,718.11516,5601.617232,45.27359767,47.80899155,46.40706511,0.334900555,1,-433.9240003,-696.6351983
2025-08-15T17:00:00+09:00,118912.7,119109.1,118824.1,118827.4,119244.1075,117548.2725,118541.1865,120240.5667,118396.19,NaN,NaN,NaN,NaN,-1,1,652.73676,3365.693498,44.15631144,47.53712231,44.06495464,0.303375199,1,-396.9077562,-634.8410629
2025-08-15T18:00:00+09:00,118827.4,118998.9,118545.8,118657.9,119265.9002,117555.0798,118560.9505,120220.63,118410.49,NaN,NaN,NaN,NaN,-1,1,632.24616,2413.102706,41.94134502,46.99502422,41.83603433,0.329823727,1,-376.9046276,-574.4741229
2025-08-15T19:00:00+09:00,118657.9,118982.8,118657.9,118818,119275.5742,117552.5058,118582.4655,120200.1817,118414.04,NaN,NaN,NaN,NaN,-1,1,356.06904,2137.71411,44.75995321,47.57151028,39.81783659,0.310734012,-1,-344.1659414,-518.9942733
2025-08-15T20:00:00+09:00,118818,119037.5,118817.9,118941.3,119336.1351,117565.1249,118604.6225,120181.87,118450.63,119191.5,NaN,NaN,NaN,-1,1,586.21116,1900.409343,46.89808443,48.01600683,38.00242258,0.268484223,-1,-304.7579571,-467.013893
2025-08-15T21:00:00+09:00,118941.3,119068.9,118460,118586.6,119327.0976,117650.7824,118625.9865,120163.825,118488.94,NaN,NaN,NaN,NaN,-1,1,3307.41492,1831.667027,41.87657516,46.84957423,36.49848126,0.350679658,-1,-298.7048873,-423.8798817
2025-08-15T22:00:00+09:00,118586.6,118688,117684.1,117722,119345.1832,117616.2368,118641.9055,120135.25,118480.71,NaN,NaN,NaN,NaN,-1,1,3609.73596,1909.774872,32.68869249,44.1790364,35.67182277,0.519760727,-1,-359.5293495,-394.633426
2025-08-15T23:00:00+09:00,117722,118244.3,117212,117359.2,119424.2227,117468.7773,118655.6605,120099.4533,118446.5,NaN,NaN,NaN,117094.4,-1,1,4535.71908,1878.381479,29.74004636,43.12601001,35.50517318,0.640780738,-1,-432.0279527,-381.1629033
2025-08-16T00:00:00+09:00,117359.2,117543.3,116753.8,117218.6,119504.2746,117321.5954,118668.0075,120062.3417,118412.935,NaN,NaN,NaN,NaN,-1,1,7539.66726,2084.373797,28.66105012,42.72314539,36.04372389,0.652208864,-1,-495.1214116,-382.4493204
2025-08-16T01:00:00+09:00,117218.6,117363.1,116650,117310.8,119553.6355,117222.3145,118680.056,120029.1883,118387.975,NaN,NaN,NaN,NaN,-1,1,3561.1323,2198.393994,30.44321577,43.0790979,37.10254933,0.637088315,-1,-531.5562137,-393.2973441
2025-08-16T02:00:00+09:00,117310.8,117844.8,116937.7,117549.4,119573.0868,117173.1132,118692.739,120004.4333,118373.1,NaN,NaN,NaN,NaN,-1,1,3458.9679,2200.285637,34.9706775,43.99850298,38.28417692,0.681088631,-1,-535.01076,-408.6421223
2025-08-16T03:00:00+09:00,117549.4,117623.2,117000,117123,119635.1983,116999.7917,118696.929,119966.9217,118317.495,NaN,NaN,NaN,NaN,-1,1,1123.5117,2172.331494,31.07759079,42.73910739,39.62439137,0.633075541,-1,-565.6351394,-429.6121792
2025-08-16T04:00:00+09:00,117123,117383.2,116814.4,116903.3,119705.5415,116795.3685,118699.184,119923.0933,118250.455,NaN,NaN,NaN,NaN,-1,2,1182.67425,2177.393439,29.26956805,42.10519728,40.98467805,0.585028861,-1,-600.7085405,-458.1169124
2025-08-16T05:00:00+09:00,116903.3,117300,116824.2,117250.1,119725.4413,116687.9187,118703.7485,119877.1717,118206.68,NaN,NaN,NaN,NaN,-1,2,1159.7454,2158.828584,35.6351621,43.45660983,42.11427423,0.524132059,-1,-593.6770622,-490.2190352
2025-08-16T06:00:00+09:00,117250.1,117326.7,116940.2,117280,119695.8284,116582.2016,118707.2035,119830.3967,118139.015,NaN,116650,NaN,NaN,-1,2,876.87525,2125.197384,36.16855117,43.57253716,42.91176037,0.459183358,-1,-579.0173336,-521.3648626
2025-08-16T07:00:00+09:00,117280,117697.8,117263.3,117660.7,119641.3672,116537.9228,118714.007,119783.8867,118089.645,NaN,NaN,NaN,NaN,-1,2,1430.05425,2094.980198,42.68162061,45.03720562,43.03133834,0.428225818,-1,-530.5640722,-540.3687207
2025-08-16T08:00:00+09:00,117660.7,117721.6,116981.2,117293.3,119548.6829,116468.4071,118717.301,119729.98,118008.545,NaN,NaN,NaN,NaN,-1,2,1665.26835,2128.108581,38.58939189,43.91424294,42.64164887,0.496790805,-1,-515.8640633,-549.683844
2025-08-16T09:00:00+09:00,117293.3,117734.8,117183.2,117686,119457.7688,116449.9112,118724.698,119687.4133,117953.84,NaN,NaN,NaN,NaN,-1,2,1239.2292,2110.032645,44.69323911,45.39971799,42.12871108,0.48632368,-1,-467.1416738,-546.5749843
2025-08-16T10:00:00+09:00,117686,117845.3,117570.3,117775.4,119332.4756,116459.5444,118731.238,119621.025,117896.01,NaN,NaN,NaN,NaN,-1,2,987.65685,2083.142618,46.00889932,45.73373927,41.41234852,0.401801444,-1,-416.5136857,-533.7924812
2025-08-16T11:00:00+09:00,117775.4,117775.5,117381.2,117452,119163.1203,116469.6497,118735.931,119563.805,117816.385,NaN,NaN,NaN,NaN,-1,2,878.7924,1975.091168,42.10674562,44.72339052,40.55177205,0.380509063,-1,-397.899579,-518.5579055
2025-08-16T12:00:00+09:00,117452,117610,117332.4,117376.7,118999.897,116479.273,118735.8325,119505.185,117739.585,NaN,NaN,NaN,NaN,-1,2,471.4719,1962.759005,41.22991716,44.48977344,39.58389615,0.332669945,-1,-384.7882466,-498.4638063
2025-08-16T13:00:00+09:00,117376.7,117830,117363.4,117761,118844.0377,116528.4923,118739.0425,119444.285,117686.265,NaN,NaN,NaN,NaN,-1,2,893.58555,1974.801444,47.26548338,45.96043246,38.34407396,0.353131627,-1,-339.4743737,-469.4377878
2025-08-16T14:00:00+09:00,117761,117800,117473.7,117552.2,118700.0879,116561.8721,118741.583,119373.8,117630.98,NaN,NaN,NaN,NaN,-1,2,688.7424,1977.626256,44.58626798,45.29484864,37.15761027,0.328365518,-1,-316.759808,-438.669204
2025-08-16T15:00:00+09:00,117552.2,117591.2,117234.9,117344.4,118482.4482,116632.1518,118740.8565,119303.1133,117557.3,117845.3,NaN,NaN,NaN,-1,2,3214.1577,2120.530689,42.03268268,44.63810736,36.04283702,0.320510049,-1,-311.9303357,-408.9928709
2025-08-16T16:00:00+09:00,117344.4,117626.5,117293.9,117533,118160.0068,116813.7632,118741.4885,119216.7133,117486.885,NaN,NaN,NaN,NaN,-1,2,2156.93055,2199.066659,45.10564853,45.37196541,34.96792256,0.307658611,1,-289.5467852,-382.2131723
2025-08-16T17:00:00+09:00,117533,117623.2,117439.4,117578.4,117886.729,116986.221,118743.2625,119128.0217,117436.475,NaN,NaN,NaN,NaN,-1,2,1070.31677,2087.211751,45.84982046,45.54933263,34.02062419,0.257133621,1,-265.0884845,-354.3492191
2025-08-16T18:00:00+09:00,117578.4,117659.6,117263,117263.1,117849.7978,116977.2622,118745.347,119039.535,117413.53,NaN,NaN,NaN,NaN,-1,2,1304.75578,1971.962742,41.62902185,44.52443809,33.20986685,0.284621276,1,-268.0571836,-332.2287202
2025-08-16T19:00:00+09:00,117263.1,117398.9,117096.8,117342.6,117849.441,116975.959,118748.7395,118945.7967,117412.7,NaN,NaN,NaN,NaN,-1,2,1620.97941,1826.225759,43.05252779,44.84387779,32.59369121,0.275436049,1,-260.9864244,-314.9479134
2025-08-16T20:00:00+09:00,117342.6,117487.7,117306,117331.7,117847.7639,116988.9461,118751.86,118846.005,117418.355,NaN,NaN,NaN,NaN,-1,2,660.05713,1482.245252,42.89805785,44.80776553,32.24052735,0.235261128,1,-253.3419671,-298.8859565
2025-08-16T21:00:00+09:00,117331.7,117697.5,117273.7,117689.3,117879.2393,116995.3207,118756.7445,118743.0883,117437.28,NaN,NaN,NaN,116650,-1,2,998.66789,1354.122032,49.32224787,46.25719699,31.88903644,0.276397758,1,-215.9391364,-280.1249443
2025-08-16T22:00:00+09:00,117689.3,117731.6,117531.5,117568.5,117881.2406,116995.2294,118762.113,118646.64,117438.235,NaN,NaN,NaN,NaN,-1,2,1152.03611,1238.775442,47.38295351,45.84204421,31.35731246,0.241187386,1,-193.8105466,-263.9400746
2025-08-16T23:00:00+09:00,117568.5,117724.8,117500,117719.6,117902.4073,117033.7227,118767.2115,118546.7433,117468.065,NaN,NaN,NaN,NaN,-1,2,1825.08821,1273.854268,50.02959985,46.45565729,30.72557379,0.224239289,1,-162.2111039,-246.7679964
2025-08-17T00:00:00+09:00,117719.6,117771.1,117553.4,117617.1,117856.1873,117151.3227,118771.3355,118450.455,117503.755,NaN,117096.8,NaN,NaN,-1,2,483.41166,1238.891138,48.25635761,46.09400515,29.946507,0.211320516,1,-143.7817844,-228.084824
2025-08-17T01:00:00+09:00,117617.1,117761.9,117617.1,117695,117867.5786,117184.4214,118776.888,118361.1733,117526,NaN,NaN,NaN,NaN,-1,2,321.861,1196.996918,49.71509446,46.41763068,28.9189375,0.181797053,1,-121.490075,-209.4118562
2025-08-17T02:00:00+09:00,117695,117705,117610,117646.2,117870.0727,117218.5473,118781.8805,118285.4517,117544.31,NaN,NaN,NaN,NaN,-1,2,459.69683,1176.137997,48.78721191,46.24010478,27.57968827,0.148165172,1,-106.5334357,-191.7946286
2025-08-17T03:00:00+09:00,117646.2,117707.6,117589,117637,117867.3544,117218.8956,118787.5365,118216.0067,117543.125,NaN,NaN,NaN,NaN,-1,2,275.14262,1118.392416,48.60304107,46.20609523,26.09591236,0.132390713,1,-94.33511795,-172.4921768
2025-08-17T04:00:00+09:00,117637,117730,117610,117635,117865.4358,117254.9842,118791.4425,118147.3817,117560.21,NaN,NaN,NaN,NaN,-1,2,367.91672,1053.524834,48.56012485,46.1985546,24.67946773,0.122265461,1,-83.86253144,-152.8117443
2025-08-17T05:00:00+09:00,117635,117663.4,117470.4,117606.6,117856.8486,117255.6314,118797.2255,118080.0817,117556.24,117771.1,NaN,NaN,NaN,-1,2,411.68577,1012.147663,47.91315232,46.0895227,23.54459283,0.136232136,1,-76.96734222,-133.2145637
2025-08-17T06:00:00+09:00,117606.6,117606.6,117385.6,117400.1,117827.6934,117247.2566,118799.898,118009.215,117537.475,NaN,NaN,NaN,NaN,-1,2,351.54249,980.3419445,43.38678382,45.29603187,22.73265205,0.153729559,1,-87.16094221,-118.9058755
2025-08-17T07:00:00+09:00,117400.1,117510.4,117161.6,117421.1,117828.2733,117243.5867,118804.7425,117950.3717,117535.93,NaN,NaN,NaN,NaN,-1,2,1350.88171,1003.94641,43.96651508,45.39362901,22.46798534,0.201484887,1,-92.47888018,-107.6468015
2025-08-17T08:00:00+09:00,117421.1,117432.6,117240.4,117335.5,117831.2103,117236.5297,118810.5695,117889.9833,117533.87,NaN,NaN,NaN,NaN,-1,2,346.35001,997.6903155,42.07515688,45.05911811,22.70084052,0.189022515,1,-102.4199555,-101.0033405
2025-08-17T09:00:00+09:00,117335.5,117389.2,117212.7,117214.6,117815.5723,117197.5277,118815.8515,117863.0017,117506.55,NaN,NaN,NaN,NaN,-1,2,565.58745,981.2904105,39.49117749,44.58540494,23.40028556,0.176337825,1,-118.6858127,-98.21489921
2025-08-17T10:00:00+09:00,117214.6,117450,117125.8,117386.5,117810.8123,117185.7177,118819.454,117846.5783,117498.265,NaN,NaN,NaN,NaN,-1,2,756.20335,984.663458,44.69214758,45.4182886,24.56594438,0.209446956,1,-116.3643525,-97.64537449
2025-08-17T11:00:00+09:00,117386.5,117578,117340.1,117563,117814.6638,117203.7262,118824.97,117826.845,117509.195,NaN,NaN,NaN,NaN,-1,2,373.13045,842.6120955,49.4925194,46.26481902,25.91278788,0.206874867,1,-99.1396831,-96.82384641
2025-08-17T12:00:00+09:00,117563,117710.4,117460.5,117636.3,117824.7183,117204.0017,118831.2025,117817.2917,117514.36,NaN,NaN,NaN,NaN,-1,2,589.21252,764.226194,51.37985143,46.61583106,27.001476,0.208642117,1,-78.66748135,-95.0829979
2025-08-17T13:00:00+09:00,117636.3,118138.5,117636.3,118026.3,117918.7399,117154.7701,118837.109,117820.7233,117536.755,NaN,NaN,NaN,NaN,1,1,1434.06883,782.413797,59.95409855,48.44498269,27.92240325,0.280467922,-1,-30.62040042,-89.16720557
2025-08-17T14:00:00+09:00,118026.3,118188,117939.9,117948.1,117971.1096,117170.9004,118842.4995,117821.7483,117571.005,NaN,NaN,NaN,NaN,1,1,855.72322,759.962169,57.75474907,48.10758063,28.53366672,0.257218167,-1,1.134097754,-80.48926779
2025-08-17T15:00:00+09:00,117948.1,118066.7,117854.1,117868.8,118003.0458,117191.5842,118847.7135,117818.8383,117597.315,NaN,117125.8,NaN,NaN,1,1,616.09326,709.7178615,55.53013236,47.76321976,28.74085106,0.231717492,-1,19.67412797,-68.61870444
2025-08-17T16:00:00+09:00,117868.8,117983.6,117786.5,117939.9,118040.3762,117215.0738,118854.3395,117819.6717,117627.725,NaN,NaN,NaN,NaN,1,1,738.52573,713.6412915,57.12474537,48.1032299,28.46452428,0.210091539,-1,39.64738096,-53.93800876
2025-08-17T17:00:00+09:00,117939.9,118332.6,117869.4,118321.7,118171.0516,117147.6384,118863.2945,117828.2,117659.345,NaN,NaN,NaN,NaN,1,1,1413.20286,734.36804,64.48864296,49.89116176,27.97561298,0.27010078,-1,85.30109904,-33.08011381
2025-08-17T18:00:00+09:00,118321.7,118418.4,118168.3,118275.8,118270.2044,117119.2156,118872.096,117835.3483,117694.71,NaN,NaN,NaN,NaN,1,1,1372.23524,745.3779965,63.0858473,49.68110653,27.63087652,0.25062204,-1,116.4360508,-6.955462313
2025-08-17T19:00:00+09:00,118275.8,118334,118123.8,118334,118364.9871,117085.8729,118881.9635,117836.9967,117725.43,NaN,NaN,NaN,NaN,1,1,596.00742,683.923957,64.15069358,49.95384459,27.58999091,0.226210119,-1,144.14536,21.9900613
2025-08-17T20:00:00+09:00,118334,118344.6,118207.9,118242.4,118432.1414,117081.2486,118891.47,117836.9683,117756.695,NaN,NaN,NaN,NaN,1,1,446.2789,682.067319,61.16034963,49.52257857,27.67163425,0.189460229,-1,156.9051281,50.43948477
2025-08-17T21:00:00+09:00,118242.4,118299.9,118070,118099.9,118467.8706,117086.0094,118900.0025,117836.54,117776.94,NaN,NaN,NaN,NaN,1,1,616.44924,696.796731,56.73001284,48.85278665,27.61256392,0.191347789,-1,153.7464834,76.26325864
2025-08-17T22:00:00+09:00,118099.9,118535.4,118004.1,118380,118549.3732,117077.8868,118908.443,117832.3183,117813.63,NaN,NaN,NaN,NaN,1,1,1596.10467,753.617123,62.48282094,50.20418257,27.74793101,0.276866333,-1,171.8638247,98.76150587
2025-08-17T23:00:00+09:00,118380,118420,118100,118102.8,118578.2921,117095.5479,118915.886,117823.23,117836.92,NaN,NaN,NaN,NaN,1,1,718.40759,775.7803715,54.72806687,48.89892888,28.15343916,0.275327576,-1,161.9869402,116.6340439
2025-08-18T00:00:00+09:00,118102.8,118214.6,118084.6,118198.4,118616.3807,117113.7993,118923.3425,117811.2817,117865.09,NaN,NaN,NaN,NaN,1,1,344.57861,774.613466,56.72293657,49.36242641,28.48264916,0.220064782,-1,160.0288462,132.2290126
2025-08-18T01:00:00+09:00,118198.4,118272,117650,117780,118616.8762,117130.6438,118926.9465,117794.6133,117873.76,NaN,NaN,NaN,NaN,1,1,2626.07789,885.333072,46.96834259,47.43999572,28.41605472,0.323265439,-1,123.2943982,141.5231256
2025-08-18T02:00:00+09:00,117780,117889.3,117589,117859.4,118607.5573,117185.8927,118928.944,117776.7367,117896.725,NaN,NaN,NaN,NaN,1,1,836.33523,909.572709,48.76886279,47.83357204,28.11042701,0.300296814,-1,99.44268654,143.0944131
2025-08-18T03:00:00+09:00,117859.4,117900,117234.4,117501.2,118601.6313,117199.8287,118929.504,117751.015,117900.73,118535.4,NaN,NaN,NaN,1,1,2537.39722,968.8984845,41.86347825,46.23900788,27.83846635,0.389628942,-1,51.04783912,135.8290563
2025-08-18T04:00:00+09:00,117501.2,117705.7,117423,117534.2,118584.3412,117236.9888,118931.8475,117728.04,117910.665,NaN,NaN,NaN,NaN,1,1,923.36299,997.7491335,42.66887293,46.40702759,27.80907769,0.339854943,-1,15.18238499,121.4998368
2025-08-18T05:00:00+09:00,117534.2,117697.3,117461.4,117560,118544.6509,117311.2191,118934.3185,117706.9167,117927.935,NaN,NaN,NaN,NaN,1,1,558.42076,997.390799,43.32987729,46.54037343,27.8004167,0.293408068,-1,-11.03222875,102.8401305
2025-08-18T06:00:00+09:00,117560,117736,117548.6,117658.7,118520.7382,117362.3518,118937.996,117690.2633,117941.545,NaN,NaN,NaN,NaN,1,1,492.10886,984.1860745,45.89965752,47.05483183,27.75136036,0.248532705,-1,-23.57151612,83.13813055
2025-08-18T07:00:00+09:00,117658.7,117954.3,117639.7,117909.3,118511.8647,117405.8553,118942.917,117675.1183,117958.86,NaN,NaN,NaN,NaN,1,1,1151.56504,1023.107804,51.86764054,48.3432886,27.39548208,0.254274741,-1,-13.13623965,62.58256785
2025-08-18T08:00:00+09:00,117909.3,117932.3,117321.2,117363.8,118541.1225,117349.3475,118945.5055,117648.8267,117945.235,NaN,117234.4,NaN,NaN,1,1,1143.45808,1050.820082,41.210634,45.86315011,27.2970287,0.343867284,-1,-48.32642203,39.21441649
2025-08-18T09:00:00+09:00,117363.8,117500,116954.6,117241.9,118574.2595,117237.7705,118948.7025,117626.415,117906.015,NaN,NaN,NaN,NaN,1,1,2547.65315,1106.499298,39.26893675,45.33261479,27.58416058,0.384547226,-1,-85.0705658,11.9811485
2025-08-18T10:00:00+09:00,117241.9,117363.4,116119.2,116222.4,118811.359,116828.101,118946.612,117601.4217,117819.73,NaN,NaN,NaN,NaN,-1,1,9285.28899,1527.977587,27.56941746,41.25791115,28.2242932,0.615458222,-1,-194.2168828,-23.29788273
2025-08-18T11:00:00+09:00,116222.4,116282,115259,115408.2,119140.7901,116252.6099,118940.6955,117568.905,117696.7,NaN,NaN,NaN,NaN,-1,1,10004.83806,1997.414827,21.94597447,38.44096678,29.32163849,0.708673108,-1,-342.4675086,-72.39901552
2025-08-18T12:00:00+09:00,115408.2,115588.6,114948.4,115275,119345.4416,115781.4684,118934.53,117536.5117,117563.455,117954.3,NaN,NaN,NaN,-1,1,4884.8612,2204.7316,21.18467704,38.00758635,30.86936936,0.658117185,-1,-465.3411612,-129.7755711
2025-08-18T13:00:00+09:00,115275,115488.4,115033.4,115425.1,119391.2118,115446.0382,118927.948,117505.0833,117418.625,NaN,NaN,NaN,NaN,-1,1,2485.8448,2258.363697,24.36860165,38.80127231,32.88578034,0.569572583,-1,-544.3328701,-191.9439328
2025-08-18T14:00:00+09:00,115425.1,115650.7,114917.9,115650.7,119361.0983,115213.6417,118923.7845,117473.4383,117287.37,NaN,NaN,NaN,NaN,-1,1,3398.176,2359.660735,29.01043674,39.98028193,35.47902029,0.590185056,-1,-582.0211563,-255.387147
2025-08-18T15:00:00+09:00,115650.7,115666,114819.4,115209.7,119332.7436,114929.5664,118917.283,117441.55,117131.155,NaN,NaN,NaN,NaN,-1,1,5356.7508,2597.697904,25.69107874,38.5001786,38.34874843,0.639907432,-1,-640.0957833,-323.8898433
2025-08-18T16:00:00+09:00,115209.7,115435.3,115137,115160,119275.3165,114678.7535,118910.957,117412.495,116977.035,NaN,NaN,NaN,NaN,-1,1,1853.8764,2668.077779,25.33919825,38.33689755,41.26326155,0.513132704,-1,-682.2659807,-398.2375923
2025-08-18T17:00:00+09:00,115160,115352.9,115020.2,115090.1,119203.8225,114449.2675,118902.905,117376.495,116826.545,NaN,NaN,NaN,NaN,-1,1,1766.6832,2725.589477,24.82421415,38.10487552,43.9807604,0.438655524,-1,-713.1062667,-472.1020195
2025-08-18T18:00:00+09:00,115090.1,115098.7,114605,115000,119049.5762,114265.5138,118895.183,117338.495,116657.545,NaN,NaN,118535.4,NaN,-1,1,4820.3184,2886.800164,24.14309027,37.80381738,46.4559003,0.435767583,-1,-736.3297811,-544.4641545
2025-08-18T19:00:00+09:00,115000,115230,114937.6,115022.1,118900.1931,114106.8269,118883.9265,117294.5183,116503.51,NaN,NaN,NaN,NaN,-1,1,1599.2138,2930.840474,24.68892556,37.92661715,48.53944179,0.375193243,-1,-744.3706568,-605.5923516
2025-08-18T20:00:00+09:00,115022.1,115094.7,114825.9,114902.6,118699.5501,113977.8899,118866.153,117254.6733,116338.72,NaN,NaN,NaN,NaN,-1,1,1449.6406,2986.093574,23.69603264,37.51773243,50.2919758,0.328368054,-1,-751.7203951,-651.0648946
2025-08-18T21:00:00+09:00,114902.6,115482,114856.5,115482,118515.5545,113932.0855,118851.313,117217.94,116223.82,NaN,NaN,NaN,NaN,-1,1,1924.929,2951.036129,36.93827016,40.68293745,51.51822111,0.398361321,-1,-702.69218,-677.43723
2025-08-18T22:00:00+09:00,115482,115685,114766.2,114786.3,118314.2408,113826.0892,118835.2445,117168.1217,116070.165,NaN,NaN,NaN,NaN,-1,1,4721.5892,3145.298828,30.16821682,38.30449236,52.08544767,0.533998466,-1,-711.7693085,-696.0412787
2025-08-18T23:00:00+09:00,114786.3,115578.6,114786.3,115578.5,118127.558,113820.502,118822.937,117136.8967,115974.03,NaN,114605,NaN,NaN,-1,1,3952.5832,3216.058127,42.9831483,42.2304659,52.05356625,0.582061589,-1,-647.5742461,-703.3249554
2025-08-19T00:00:00+09:00,115578.5,116119.2,115339.6,116088.4,117934.6123,113868.8677,118814.5305,117115.425,115901.74,NaN,NaN,NaN,NaN,-1,1,4325.3966,3386.159807,49.41741468,44.54897304,51.17452476,0.610189048,-1,-549.2234224,-693.2280264
2025-08-19T01:00:00+09:00,116088.4,116287.9,115771.5,115902.2,117704.353,113933.347,118802.7495,117084.445,115818.85,NaN,NaN,NaN,NaN,-1,1,3321.2324,3524.300389,47.31752179,43.89230264,49.54472728,0.555962241,-1,-480.7625385,-670.838755
2025-08-19T02:00:00+09:00,115902.2,116742.4,115902.2,116360.6,117462.734,114045.156,118793.2725,117064.585,115753.945,NaN,NaN,NaN,NaN,-1,1,3248.9618,3662.143036,52.65173981,45.89656407,47.57880676,0.609869932,-1,-385.0787972,-634.3912584
2025-08-19T03:00:00+09:00,116360.6,116530.6,116171.3,116428,117115.0721,114244.6879,118785.5465,117049.3117,115679.88,NaN,NaN,NaN,NaN,-1,1,1341.626,3671.646084,53.39887796,46.1851031,45.2823288,0.509212167,-1,-300.3479025,-585.9488274
2025-08-19T04:00:00+09:00,116428,116592.9,116139,116265.1,116869.567,114380.323,118775.493,117028.18,115624.945,NaN,NaN,NaN,NaN,-1,1,1628.0376,3695.87506,51.29221896,45.58528383,43.08408425,0.470084053,-1,-243.535402,-530.3004658
2025-08-19T05:00:00+09:00,116265.1,116481,115925.9,116359.3,116642.06,114519.57,118764.9495,117007.8617,115580.815,NaN,NaN,NaN,NaN,-1,1,1568.3612,3646.910463,52.4601952,45.99928604,40.967343,0.472154608,-1,-188.7343216,-467.7464576
2025-08-19T06:00:00+09:00,116359.3,116630.5,116352.9,116598.4,116717.4686,114481.7614,118755.9425,116996.7833,115599.615,NaN,NaN,NaN,NaN,-1,1,1317.2138,3248.506703,55.38457676,47.04326326,39.00470862,0.393484986,-1,-124.5746794,-403.5111798
2025-08-19T07:00:00+09:00,116598.4,116937.2,116322.4,116338,116804.8397,114487.3703,118743.9195,116980.04,115646.105,NaN,NaN,NaN,NaN,-1,1,2644.8938,2880.50949,51.65759783,46.05341281,37.60551924,0.439063876,-1,-93.66014855,-334.8323842
2025-08-19T08:00:00+09:00,116338,116510.7,116023,116177.2,116858.8601,114523.5699,118730.9615,116960.7983,115691.215,NaN,NaN,NaN,NaN,-1,1,1194.227,2695.97778,49.44491348,45.45055999,36.39327245,0.43304431,-1,-81.1993606,-271.9018414
2025-08-19T09:00:00+09:00,116177.2,116517,115461.6,116512.6,116958.99,114532.19,118720.3615,116941.1867,115745.59,NaN,NaN,NaN,NaN,-1,1,3901.6814,2766.76961,53.88218196,46.92977816,35.06939262,0.589806742,-1,-43.7557306,-215.7387645
2025-08-19T10:00:00+09:00,116512.6,116680,115665.8,115752.6,116963.304,114538.066,118706.681,116910.9217,115750.685,NaN,NaN,NaN,NaN,-1,1,2181.2364,2705.92263,44.37729615,44.15981161,33.54992933,0.687845842,-1,-74.54769308,-170.6037817
2025-08-19T11:00:00+09:00,115752.6,116006.9,115595,115705.1,116962.8358,114588.0742,118692.6215,116877.3467,115775.455,NaN,NaN,NaN,NaN,-1,1,1174.8896,2496.82957,43.85657983,43.9941371,31.86345908,0.577415888,-1,-101.6120774,-139.1074795
2025-08-19T12:00:00+09:00,115705.1,115726.2,114748,114760,116995.917,114514.993,118673.2655,116829.7283,115755.455,116937.2,NaN,NaN,NaN,-1,1,3652.7302,2586.77226,35.04530036,40.87906286,30.55186992,0.672243308,-1,-197.0509874,-127.6300445
2025-08-19T13:00:00+09:00,114760,115325.4,114310.1,115268,116988.0381,114540.6619,118658.187,116789.2783,115764.35,NaN,NaN,NaN,NaN,-1,1,5797.3188,2788.30404,41.81243799,43.09013026,29.62548955,0.739792727,-1,-229.0552503,-126.0211388
2025-08-19T14:00:00+09:00,115268,115430.2,114900,114921.7,116994.3381,114526.5319,118639.464,116743.87,115760.435,NaN,NaN,NaN,NaN,-1,1,2076.04,2651.09012,38.84168874,41.99712107,28.83657449,0.648467191,-1,-279.1445702,-136.0667219
2025-08-19T15:00:00+09:00,114921.7,115189.7,114866.2,114973.5,116997.8916,114518.1184,118619.1705,116699.4783,115758.005,NaN,NaN,NaN,NaN,-1,1,1409.0224,2641.58055,39.53373574,42.22091524,28.41601147,0.525906416,-1,-311.075011,-156.788981
2025-08-19T16:00:00+09:00,114973.5,115017.9,114580,114939.2,116994.7643,114524.9057,118597.667,116654.5483,115759.835,NaN,NaN,NaN,NaN,-1,1,2329.1618,2685.55661,39.2172846,42.11108679,28.4892864,0.477703582,-1,-335.282906,-183.6359541
2025-08-19T17:00:00+09:00,114939.2,115259.9,114760.4,115155,117001.1446,114485.8254,118578.0105,116613.6883,115743.485,NaN,NaN,NaN,NaN,-1,1,1887.049,2683.66261,42.34425254,43.0623462,28.93110323,0.462459975,-1,-333.2135029,-211.6375254
2025-08-19T18:00:00+09:00,115155,115450,115147.8,115281,116967.7191,114568.7209,118554.3755,116578.37,115768.22,NaN,114310.1,NaN,NaN,-1,1,2085.6364,2551.86497,44.15085924,43.61460688,29.54110229,0.395350366,-1,-317.7435888,-242.0806208
2025-08-19T19:00:00+09:00,115281,115533.2,115266.4,115349.4,116967.6145,114545.9155,118521.9725,116543.8417,115756.765,NaN,NaN,NaN,NaN,-1,1,1608.1028,2434.64095,45.15553075,43.91606255,29.89207905,0.340509707,-1,-296.5458659,-266.7470844
2025-08-19T20:00:00+09:00,115349.4,115600,115349.4,115455.5,116932.7237,114517.5163,118490.723,116512.5083,115725.12,NaN,NaN,NaN,NaN,-1,1,947.7184,2265.75704,46.75555248,44.38687536,29.83684245,0.299148967,-1,-268.0947056,-285.2451542
2025-08-19T21:00:00+09:00,115455.5,115557.6,115219.4,115539.9,116914.3094,114499.7006,118458.0185,116484.5967,115707.005,NaN,NaN,NaN,NaN,-1,1,1725.259,2185.95837,48.05380313,44.76342171,29.54923589,0.296857874,-1,-236.0159366,-289.574593
2025-08-19T22:00:00+09:00,115539.9,115829.8,114829.3,115145,116838.089,114454.361,118423.515,116447.2383,115646.225,NaN,NaN,NaN,NaN,-1,1,5274.198,2287.22018,42.79586576,43.36112093,29.21888278,0.488218791,-1,-239.695352,-290.7568266
2025-08-19T23:00:00+09:00,115145,115325.4,113719.9,113841.6,116889.0365,114144.7735,118381.223,116385.215,115516.905,NaN,NaN,NaN,NaN,-1,2,11876.722,2813.97498,30.81228084,39.22126762,29.06741461,0.799303317,-1,-343.8214426,-297.9431457
2025-08-20T00:00:00+09:00,113841.6,114136.5,113509,113731.8,116921.2298,113859.2502,118342.2505,116320.14,115390.24,NaN,NaN,NaN,NaN,-1,2,6583.843,3061.76525,30.04893159,38.90186802,29.29205288,0.717295535,-1,-430.2424943,-311.1839772
2025-08-20T01:00:00+09:00,113731.8,113838,113291.6,113341.5,116943.6124,113535.0876,118300.561,116242.06,115239.35,NaN,NaN,NaN,NaN,-1,2,3898.3376,3178.26407,27.44601842,37.78529628,30.02498653,0.640538034,-1,-524.1832899,-332.1729087
2025-08-20T02:00:00+09:00,113341.5,113545,113033,113469.3,116833.2691,113332.5209,118260.7905,116167.4133,115082.895,NaN,NaN,NaN,NaN,-1,2,4209.9478,3322.90077,29.59652957,38.37651689,31.31855241,0.576952189,-1,-581.6151578,-359.7730926
2025-08-20T03:00:00+09:00,113469.3,113469.4,112785,113013.1,116786.1453,113047.1547,118219.9585,116086.485,114916.65,115829.8,NaN,116937.2,NaN,-1,2,3370.1924,3359.1657,26.56914785,37.09206795,33.20634186,0.588051952,-1,-656.3755653,-397.3988678
2025-08-20T04:00:00+09:00,113013.1,113495.9,112723.7,113071.3,116700.8942,112821.8158,118182.53,116005.3417,114761.355,NaN,NaN,NaN,NaN,-1,2,4273.6928,3513.13899,27.58679345,37.36508535,35.57472702,0.61947682,-1,-702.8257357,-442.5410755
2025-08-20T05:00:00+09:00,113071.3,113521.1,112864.7,113521.1,116446.6087,112776.9513,118151.9365,115925.3317,114611.78,NaN,NaN,NaN,NaN,-1,2,1881.0488,3412.10736,35.07551459,39.43871552,38.17808279,0.604087694,-1,-695.3274277,-490.011378
2025-08-20T06:00:00+09:00,113521.1,113530.3,113352.1,113365,116325.4816,112659.3184,118118.8575,115843.485,114492.4,NaN,NaN,NaN,NaN,-1,2,1064.1534,3356.25321,33.77026813,38.98150969,40.68091125,0.455676794,-1,-693.9811474,-540.8964014
2025-08-20T07:00:00+09:00,113365,113390.7,113004.8,113121.2,116200.4127,112525.9973,118083.463,115756.605,114363.205,NaN,NaN,NaN,NaN,-1,2,1126.893,3353.85338,31.78109402,38.2740862,43.11783192,0.418152092,-1,-704.4661854,-592.5376051
2025-08-20T08:00:00+09:00,113121.2,113141.7,112666,112821.1,116210.9624,112321.5576,118046.215,115666.25,114266.26,NaN,NaN,NaN,NaN,-1,2,3023.0686,3322.3703,29.47927063,37.42074948,45.50739537,0.42005657,-1,-728.5924551,-635.2899399
2025-08-20T09:00:00+09:00,112821.1,113273.3,112781.4,113159.9,116105.4723,112216.2377,118012.4865,115583.9167,114160.855,NaN,NaN,NaN,NaN,-1,2,2160.9032,3140.54952,35.18656515,38.98843877,47.68096,0.42409749,-1,-712.1649747,-666.6146599
2025-08-20T10:00:00+09:00,113159.9,113354.5,112504.9,112955.4,116041.8632,112083.2168,117979.864,115493.5067,114062.54,NaN,NaN,NaN,NaN,-1,2,3777.2936,3225.6122,33.42799994,38.39576231,49.67202047,0.533961956,-1,-707.4919918,-686.9822934
2025-08-20T11:00:00+09:00,112955.4,113440,112918.1,113384.2,115937.1786,112028.9714,117948.0205,115414.8633,113983.075,NaN,NaN,NaN,NaN,-1,2,1981.5088,3254.23652,40.17918588,40.33710613,51.40238961,0.508059538,-1,-661.5619682,-695.8652724
2025-08-20T12:00:00+09:00,113384.2,113590.2,113257.7,113467.6,115824.4814,111994.5086,117920.1275,115336.0167,113909.495,NaN,NaN,NaN,NaN,-1,2,1458.9322,3210.72504,41.42343775,40.70808865,52.76968697,0.436135803,-1,-611.3847478,-690.8662926
2025-08-20T13:00:00+09:00,113467.6,113640,113400.5,113575.2,115661.9823,111999.0277,117894.0195,115265.9367,113830.505,NaN,NaN,NaN,NaN,-1,2,1304.7208,3181.60863,43.06871051,41.18970755,53.76633377,0.360772908,-1,-556.5212874,-674.6102428
2025-08-20T14:00:00+09:00,113575.2,113711,113400,113651.6,115455.8959,112042.1741,117868.8825,115195.8067,113749.035,NaN,NaN,NaN,NaN,-1,2,1073.466,3131.00011,44.26573241,41.53393687,54.287713,0.331568027,-1,-501.1003849,-653.0294603
2025-08-20T15:00:00+09:00,113651.6,113688.5,113441.1,113603.6,115202.8136,112120.6764,117842.6195,115130.8467,113661.745,NaN,112504.9,NaN,NaN,-1,2,838.6112,3092.52553,43.64483972,41.37860054,54.32593605,0.293730344,-1,-455.7979641,-626.5646621
2025-08-20T16:00:00+09:00,113603.6,113789.1,113360,113426.8,114864.6354,112255.9846,117816.515,115062.39,113560.31,NaN,NaN,NaN,NaN,-1,2,1306.7006,3110.47464,41.3444982,40.80477902,53.93843553,0.322227343,-1,-429.2140393,-595.9810904
2025-08-20T17:00:00+09:00,113426.8,113975.9,113336,113957.7,114442.4801,112519.9199,117791.727,115002.3517,113481.2,NaN,NaN,NaN,NaN,-1,2,3260.753,3187.24934,49.88598984,43.21853273,52.91269947,0.40099216,-1,-361.1438528,-555.1534679
2025-08-20T18:00:00+09:00,113957.7,113957.8,113576.3,113655.8,114001.999,112811.481,117765.357,114935.6367,113406.74,NaN,NaN,NaN,NaN,-1,2,2287.7534,3037.92711,45.80148344,42.21917431,51.39214786,0.37992573,1,-327.7801016,-512.4440375
2025-08-20T19:00:00+09:00,113655.8,113823.9,113532.1,113740.4,113983.6388,112819.7212,117738.988,114866.155,113401.68,NaN,NaN,NaN,NaN,-1,2,1107.984,2499.49021,47.10837582,42.59886837,49.60538693,0.338611803,1,-291.1563067,-466.184517
2025-08-20T20:00:00+09:00,113740.4,113814,113003.2,113623.2,113967.7187,112824.7813,117713.0155,114803.8117,113396.25,NaN,NaN,NaN,NaN,-1,2,3264.312,2333.51366,45.47252598,42.20663649,47.93753324,0.46383627,1,-268.4937174,-422.5102669
2025-08-20T21:00:00+09:00,113623.2,113903.8,113457.4,113604.1,113987.2448,112831.5152,117685.9535,114743.1817,113409.38,NaN,NaN,NaN,NaN,-1,2,2998.4124,2288.5174,45.19707389,42.14208274,46.35048213,0.440257357,1,-249.2020168,-382.2677412
2025-08-20T22:00:00+09:00,113604.1,113608.6,112540,112639.9,114034.8061,112701.0139,117655.42,114683.4733,113367.91,113975.9,NaN,NaN,NaN,-1,2,5568.8604,2356.46303,34.00019785,39.06317403,45.14842046,0.612246287,1,-308.1637669,-354.6724612
2025-08-20T23:00:00+09:00,112639.9,113800,112320,113410.2,114034.5673,112740.9627,117628.595,114650.1733,113387.765,NaN,NaN,NaN,NaN,-1,2,9698.6516,2672.88599,45.59586884,42.4898492,44.45951834,0.840390962,1,-289.3985993,-331.1500406
2025-08-21T00:00:00+09:00,113410.2,114271.6,113157.5,113294.2,114031.0312,112766.7888,117600.4405,114617.16,113398.91,NaN,NaN,NaN,NaN,-1,2,6885.5358,2803.47814,44.33270338,42.12568851,44.05314934,0.888623937,1,-280.6521165,-311.6893908
2025-08-21T01:00:00+09:00,113294.2,114253.4,113230,113786.7,114064.8476,112759.5324,117575.5795,114589.8533,113412.19,NaN,NaN,NaN,NaN,-1,2,4438.5674,2931.35407,50.59122505,44.19848628,43.90362864,0.889652528,1,-231.313395,-289.7004303
2025-08-21T02:00:00+09:00,113786.7,114407,113723.3,114139,114175.5805,112726.1995,117554.534,114564.6583,113450.89,NaN,NaN,NaN,NaN,1,1,1925.2688,2974.40984,54.52938665,45.6207035,43.83506823,0.79093985,1,-161.9179478,-267.5642187
2025-08-21T03:00:00+09:00,114139,114221.9,113203.1,113440.4,114175.6803,112758.0197,117529.74,114535.17,113466.85,NaN,NaN,NaN,NaN,1,1,3009.4754,3068.53896,46.59787166,43.38247188,43.72367006,0.829904711,1,-161.4318515,-249.0810798
2025-08-21T04:00:00+09:00,113440.4,114281,113418.3,114225.2,114254.234,112819.876,117508.5075,114519.59,113537.055,NaN,112320,NaN,NaN,1,1,1769.088,3005.83993,54.58889975,46.39830185,43.62898858,0.801222628,1,-96.60619945,-227.4644012
2025-08-21T05:00:00+09:00,114225.2,114336.4,113946.3,114332.6,114369.4617,112821.9183,117484.101,114506.965,113595.69,NaN,NaN,NaN,NaN,1,1,819.4592,2938.76773,55.56875637,46.79422858,43.1929433,0.647379166,1,-36.14842419,-201.6482575
2025-08-21T06:00:00+09:00,114332.6,114418.9,113940.1,114292.2,114434.4648,112890.5952,117461.527,114495.1683,113662.53,NaN,NaN,NaN,NaN,1,1,1470.8532,2823.44571,55.08723755,46.66187661,42.33007576,0.571380743,1,8.407934489,-173.0249296
2025-08-21T07:00:00+09:00,114292.2,114563,114142.7,114528,114566.5463,112872.8937,117437.1775,114486.9333,113719.72,NaN,NaN,NaN,NaN,1,1,1369.7842,2792.85948,57.40712373,47.54584209,41.34179446,0.502464388,1,62.031202,-131.8921553
2025-08-21T08:00:00+09:00,114528,114546.5,114152.4,114210.1,114621.1269,112892.5631,117408.767,114475.3917,113756.845,NaN,NaN,NaN,NaN,1,1,747.931,2757.30942,53.40225816,46.48557006,40.23950065,0.450930589,1,77.97728109,-91.07261299
2025-08-21T09:00:00+09:00,114210.1,114438.9,113960,114235.3,114674.0506,112905.6494,117381.9935,114454.6133,113789.85,NaN,NaN,NaN,NaN,1,1,1516.1106,2767.87891,53.6781272,46.58196573,39.2631132,0.440294886,1,91.59227432,-49.71212512
2025-08-21T10:00:00+09:00,114235.3,114683.7,113894.5,114678.2,114803.0959,112879.2641,117359.2935,114452.8117,113841.18,NaN,NaN,NaN,NaN,1,1,1463.7094,2787.39108,58.34566765,48.2542917,37.98949912,0.521791811,1,136.5465593,-8.838796858
2025-08-21T11:00:00+09:00,114678.2,114760,113840.7,113997.4,114818.6401,112903.0999,117332.7985,114426.46,113860.87,NaN,NaN,NaN,NaN,1,1,2087.0026,2849.81065,50.00478361,45.99480136,36.42868199,0.618745957,1,115.902235,22.03011234
2025-08-21T12:00:00+09:00,113997.4,114484.1,113902.2,113905.3,114821.6757,112947.9143,117304.3235,114390.075,113884.795,NaN,NaN,NaN,NaN,1,1,1351.426,2852.04692,48.98457823,45.6992868,34.65179941,0.583118494,1,91.060075,50.08477084
2025-08-21T13:00:00+09:00,113905.3,113990,113745.6,113754.7,114812.5444,112936.7456,117272.415,114354.2833,113874.645,NaN,NaN,NaN,NaN,1,1,810.5424,2729.53639,47.28572397,45.21437046,32.86860266,0.460876412,1,58.5454474,67.32384271
2025-08-21T14:00:00+09:00,113754.7,113974.9,113584.6,113951.9,114822.3988,112956.5012,117242.904,114314.1383,113889.45,NaN,NaN,NaN,NaN,1,1,1269.7736,2678.6374,49.74357181,45.98057398,31.31150318,0.420890206,1,48.13489361,76.6886558
2025-08-21T15:00:00+09:00,113951.9,113951.9,113569.3,113758.1,114822.75,112957.92,117211.47,114269.64,113890.335,NaN,NaN,NaN,NaN,1,1,1217.1194,2684.09417,47.40432391,45.34436107,29.97039887,0.393180727,1,23.97010196,78.41778552
2025-08-21T16:00:00+09:00,113758.1,113887,113524.7,113841.3,114825.9728,112976.5072,117180.4765,114229.2433,113901.24,114760,NaN,NaN,NaN,1,1,979.6256,2569.85985,48.52351035,45.67379012,28.7463722,0.368012268,1,11.40144638,72.79225711
2025-08-21T17:00:00+09:00,113841.3,113948,113541.1,113541.1,114827.2685,112968.9115,117149.8355,114182.2733,113898.09,NaN,NaN,NaN,NaN,1,1,1148.4714,2477.3628,44.81777235,44.6818169,27.76624114,0.365447666,1,-22.52330026,61.62552585
2025-08-21T18:00:00+09:00,113541.1,113580,113261.9,113351.4,114709.2138,113158.1162,117119.41,114128.1567,113933.665,NaN,NaN,NaN,NaN,1,1,2801.7752,2339.00854,42.60360629,44.06446488,27.27103162,0.33758342,1,-63.97860546,44.33987255
2025-08-21T19:00:00+09:00,113351.4,113443.5,113184.1,113300,114719.8985,113136.4115,117088.375,114077.5233,113928.155,NaN,NaN,NaN,112320,1,1,1877.2212,1947.93702,41.99816682,43.89670634,27.26374136,0.301474277,1,-99.82901716,18.0759196
2025-08-21T20:00:00+09:00,113300,113512.8,112949.1,113110.1,114743.5601,113094.3399,117056.699,114026.405,113918.95,NaN,NaN,NaN,NaN,1,1,1711.7992,1689.25019,39.75059034,43.27533214,27.70454672,0.367441608,-1,-141.9280119,-10.5718856
2025-08-21T21:00:00+09:00,113110.1,113375.3,112908.4,113062.1,114787.1932,112978.2468,117025.5095,113968.8967,113882.72,NaN,NaN,NaN,NaN,1,1,2138.0516,1574.2244,39.17983796,43.11784343,28.4609151,0.382718034,-1,-177.1232014,-40.37002742
2025-08-21T22:00:00+09:00,113062.1,113669.5,113012.6,113439.7,114763.8876,112931.6224,116997.5345,113930.3483,113847.755,NaN,NaN,NaN,NaN,1,1,3627.1408,1659.318,45.77572674,44.73302122,29.11061497,0.447320792,-1,-172.5573447,-66.04811542
2025-08-21T23:00:00+09:00,113439.7,113934.4,112860,113240.8,114775.5339,112900.0161,116966.87,113889.2767,113837.775,NaN,NaN,NaN,NaN,1,1,4046.0594,1711.1472,43.12282919,44.06027827,29.37264676,0.61499587,-1,-182.8803077,-91.71647113
2025-08-22T00:00:00+09:00,113240.8,113345,112561.2,112753.9,114795.0747,112733.3453,116932.9745,113855.8417,113764.21,NaN,NaN,NaN,NaN,1,1,3251.4674,1785.26617,37.40758745,42.46437878,29.57746383,0.643481803,-1,-227.7250188,-119.6825957
2025-08-22T01:00:00+09:00,112753.9,112946.3,112278.3,112343.5,114831.8826,112497.6274,116894.665,113807.1,113664.755,NaN,NaN,NaN,NaN,1,1,2866.881,1887.63726,33.39057219,41.18093479,29.68944407,0.628756643,-1,-293.0030686,-153.5053196
2025-08-22T02:00:00+09:00,112343.5,112575.8,112158.6,112386.2,114824.0711,112314.8389,116856.1635,113764.8417,113569.455,NaN,NaN,NaN,NaN,1,1,3123.6422,1970.27671,34.18250861,41.36914956,29.72949152,0.54275182,-1,-337.4015058,-188.4917868
2025-08-22T03:00:00+09:00,112386.2,112633.7,112186.9,112562.6,114717.9501,112224.4199,116816.72,113724.66,113471.185,NaN,NaN,NaN,NaN,1,1,2036.013,2003.58815,37.48899312,42.14981666,29.5184658,0.493579067,-1,-354.2697798,-220.7463618
2025-08-22T04:00:00+09:00,112562.6,112689,111966.2,112156.1,114690.9542,112046.0158,116774.862,113678.275,113368.485,113934.4,NaN,NaN,NaN,-1,1,2689.389,2100.66105,33.33324332,40.86967601,29.17397446,0.545064977,-1,-395.875752,-253.6404434
2025-08-22T05:00:00+09:00,112156.1,112834.6,112019.8,112408.1,114599.8995,111954.3505,116735.7025,113632.4933,113277.125,NaN,NaN,NaN,NaN,-1,1,1891.805,2119.44577,37.92704962,41.9847382,28.93616798,0.604181621,-1,-403.8590549,-282.7438926
2025-08-22T06:00:00+09:00,112408.1,112697.3,112050.1,112586.9,114359.4369,111985.6831,116689.8435,113587.5917,113172.56,NaN,NaN,NaN,NaN,-1,1,2177.1564,2155.11812,41.03184205,42.76647603,29.05366172,0.593763028,-1,-391.2481492,-306.5355535
2025-08-22T07:00:00+09:00,112586.9,112665.4,112360.5,112460.1,114257.8015,111933.5885,116647.718,113539.4367,113095.695,NaN,NaN,114760,NaN,-1,1,977.3292,2099.63445,39.52208705,42.35332111,29.27842988,0.486661128,-1,-387.0242413,-330.3652087
2025-08-22T08:00:00+09:00,112460.1,112460.1,112220.2,112459.5,114154.5305,111892.2795,116605.546,113489.5033,113023.405,NaN,NaN,NaN,NaN,-1,1,1238.6808,2093.99719,39.51467804,42.35134476,29.5359952,0.395549563,-1,-379.3522424,-352.1954237
2025-08-22T09:00:00+09:00,112459.5,112799.4,112435.4,112583.8,114059.13,111870.59,116561.39,113440.235,112964.86,NaN,111966.2,NaN,NaN,-1,1,1465.9348,2126.76681,41.94285833,42.91469064,29.38781208,0.371180141,-1,-359.102645,-366.7929377
2025-08-22T10:00:00+09:00,112583.8,112874,112270.6,112794.2,113904.4717,111909.4783,116516.4545,113401.055,112906.975,NaN,NaN,NaN,NaN,-1,1,1393.1292,2132.93459,45.90174849,43.86260186,29.05782435,0.425310703,-1,-322.3611924,-370.0549514
2025-08-22T11:00:00+09:00,112794.2,113482.8,112733,113095.2,113797.3062,111950.3538,116474.0025,113388.615,112873.83,NaN,NaN,NaN,NaN,-1,1,2796.115,2211.88437,51.04481286,45.19172447,28.48460042,0.503779591,-1,-265.8901262,-362.1092426
2025-08-22T12:00:00+09:00,113095.2,113400,112836.4,112880.9,113635.992,112015.628,116424.822,113374.4333,112825.81,NaN,NaN,NaN,NaN,-1,1,1929.1412,2259.36015,47.57684749,44.42723316,27.84532718,0.502919766,1,-235.7114832,-348.9360985
2025-08-22T13:00:00+09:00,112880.9,113214.9,112655,112799.9,113529.4979,112048.0021,116374.322,113365.4067,112788.75,NaN,NaN,NaN,NaN,-1,1,1306.7002,2267.27159,46.2965259,44.13912534,26.99350498,0.500975833,1,-215.8426149,-328.9324166
2025-08-22T14:00:00+09:00,112799.9,113240,112799.9,113198.9,113501.4058,112060.8442,116327.455,113360.9,112781.125,NaN,NaN,NaN,NaN,-1,1,955.7834,2174.972,53.00532273,45.90321226,25.96656083,0.462401571,1,-165.987033,-302.502192
2025-08-22T15:00:00+09:00,113198.9,113347.4,112800,112947,113448.4677,112078.4823,116277.3555,113359.7983,112763.475,NaN,NaN,NaN,NaN,-1,1,1399.7664,2151.09926,48.85579828,44.98759259,24.7643924,0.470505926,1,-145.1293887,-275.155663
2025-08-22T16:00:00+09:00,112947,113209.3,112900.5,113041.4,113438.7052,112081.3748,116225.9665,113359.3,112760.04,113482.8,NaN,NaN,NaN,-1,1,973.9052,2114.20456,50.42217013,45.40420281,23.77894735,0.404466758,1,-119.603549,-245.4422528
2025-08-22T17:00:00+09:00,113041.4,113278.2,112904.1,112946.9,113424.4957,112084.0643,116171.3795,113349.73,112754.28,NaN,NaN,NaN,NaN,-1,1,1031.637,2058.88383,48.81057163,45.05551888,22.91980398,0.380275974,1,-105.7801299,-215.0453514
2025-08-22T18:00:00+09:00,112946.9,113086.8,112772,113012.1,113338.4533,112127.3467,116119.663,113343.8483,112732.9,NaN,NaN,NaN,NaN,-1,1,1199.7786,1937.51572,49.99804205,45.35110761,21.99060302,0.346222469,1,-88.54320459,-184.9831913
2025-08-22T19:00:00+09:00,113012.1,113027.3,112472.7,112486.7,113262.2387,112128.1513,116063.5295,113333.2733,112695.195,NaN,NaN,NaN,NaN,-1,1,2065.4848,1838.48699,41.61953078,43.42915582,21.08032649,0.396238419,1,-115.9417024,-162.0476924
2025-08-22T20:00:00+09:00,112486.7,112587.3,112127,112276.2,113266.0189,112076.6011,116007.9385,113324.1917,112671.31,NaN,NaN,NaN,NaN,-1,1,2521.864,1802.00682,38.81319297,42.68922732,20.56436412,0.401311244,1,-152.8785117,-149.4908464
2025-08-22T21:00:00+09:00,112276.2,112693.1,111631,112282.2,113270.267,112066.223,115954.09,113309.5633,112668.245,NaN,NaN,NaN,NaN,-1,1,8713.5606,2094.3408,38.93957532,42.71762503,20.60581358,0.582833263,1,-179.5967696,-143.2558782
2025-08-22T22:00:00+09:00,112282.2,112617.7,111885,112435.3,113268.4869,112072.9131,115905.319,113300.895,112670.7,NaN,NaN,NaN,NaN,-1,1,4569.3332,2166.62535,42.21917613,43.44754851,21.07485429,0.605247646,1,-186.2700854,-139.9700416
2025-08-22T23:00:00+09:00,112435.3,116044.1,112423.8,115744.5,114293.8362,111365.7538,115875.023,113340.2333,112829.795,NaN,NaN,NaN,NaN,1,1,41186.5862,4124.15401,74.32238209,55.8585222,21.98655392,1.434574721,-1,74.60603564,-113.2374784
2025-08-23T00:00:00+09:00,115744.5,117247.6,115744.5,116306.3,115110.375,110964.235,115847.792,113387.545,113037.305,NaN,NaN,NaN,NaN,1,1,11352.9304,4557.33108,76.6901917,57.47586998,23.37536472,1.382551268,-1,322.9619022,-61.22733498
2025-08-23T01:00:00+09:00,116306.3,116734.7,116074.4,116111.2,115666.0385,110778.8815,115820.125,113429.8117,113222.46,NaN,NaN,NaN,NaN,1,1,5339.1052,4729.69609,74.13356596,56.73886978,25.34641075,1.112809229,-1,498.298699,7.428470354
2025-08-23T02:00:00+09:00,116111.2,116970.1,116111.2,116962.3,116356.0419,110526.4181,115796.676,113484.99,113441.23,NaN,111631,NaN,NaN,1,1,4976.0956,4869.64305,77.63610359,59.07577287,27.78786731,0.981254159,-1,697.8862327,96.72473287
2025-08-23T03:00:00+09:00,116962.3,117381.4,116686.3,116750.1,116866.538,110444.922,115775.668,113537.4317,113655.73,NaN,NaN,NaN,NaN,1,1,3507.6704,4996.16011,74.912463,58.27457172,30.47247974,0.853816504,-1,829.3774773,198.7159197
2025-08-23T04:00:00+09:00,116750.1,116865,116463.4,116612.6,117269.149,110457.621,115753.937,113590.5283,113863.385,NaN,NaN,NaN,NaN,1,1,1041.9418,4986.32316,73.12235901,57.75643463,33.05562265,0.684678226,-1,911.977427,312.9291563
2025-08-23T05:00:00+09:00,116612.6,117064.8,116530.3,117009.1,117697.8249,110471.4751,115744.815,113641.385,114084.65,NaN,NaN,NaN,NaN,1,1,1617.471,4993.89997,74.97910384,58.83389356,35.57137199,0.607172765,-1,997.9292118,440.7966812
2025-08-23T06:00:00+09:00,117009.1,117134,116780,116981.8,118065.6764,110522.3836,115737.8645,113696.8183,114294.03,NaN,NaN,NaN,NaN,1,1,1246.6426,4986.57564,74.59699547,58.72860913,37.98087648,0.505746699,-1,1051.720163,577.6096737
2025-08-23T07:00:00+09:00,116981.8,117006.5,116512.1,116714.2,118345.1674,110604.7926,115727.7005,113746.3817,114474.98,NaN,NaN,NaN,NaN,1,1,1015.0022,4897.52,70.78880193,57.69547515,40.01698435,0.479137124,-1,1060.531648,716.1431996
2025-08-23T08:00:00+09:00,116714.2,116900.9,116631,116900,118611.0011,110740.8689,115721.153,113800.995,114675.935,117381.4,NaN,NaN,NaN,1,1,687.453,4835.43559,71.86284606,58.21646179,41.71364073,0.395877423,-1,1070.171054,826.761535
2025-08-23T09:00:00+09:00,116900,116984,116686.9,116823.7,118819.3975,110934.8525,115716.1695,113854.655,114877.125,NaN,NaN,NaN,NaN,1,1,899.7126,4815.08621,70.71301087,57.91745373,43.09494702,0.348862264,-1,1059.441004,908.5925463
2025-08-23T10:00:00+09:00,116823.7,116828.6,116238.2,116400.8,118953.8538,111120.5862,115708.7405,113917.3367,115037.22,NaN,NaN,NaN,NaN,1,1,1802.9566,4857.44487,64.5482856,56.28186702,43.88351878,0.402490822,-1,1005.225256,964.9177192
2025-08-23T11:00:00+09:00,116400.8,116498.8,115450.1,115891.1,118995.6402,111373.2098,115697.979,113958.685,115184.425,NaN,NaN,NaN,NaN,1,1,4502.1518,5012.56414,57.98675939,54.39200132,43.88375548,0.571141089,-1,910.633142,988.5562647
2025-08-23T12:00:00+09:00,115891.1,116009.1,115427.7,115541.1,118993.1321,111625.6879,115686.235,113996.1333,115309.41,NaN,NaN,NaN,NaN,1,1,2012.515,5064.49463,53.93252369,53.14116137,43.13366341,0.549646657,-1,798.2246981,985.0948448
2025-08-23T13:00:00+09:00,115541.1,115937.5,115526.1,115896.6,118983.291,111930.499,115676.668,114031.2983,115456.895,NaN,NaN,NaN,NaN,1,1,1530.3846,5089.43201,57.20537044,54.23247735,41.69249267,0.48363098,-1,729.4178011,964.8104419
2025-08-23T14:00:00+09:00,115896.6,116014,115767.7,115933.9,118949.6553,112256.3147,115667.103,114061.2133,115602.985,NaN,NaN,NaN,NaN,1,1,1192.9966,5089.09291,57.54617234,54.34636023,39.80356185,0.393133135,-1,670.1723086,928.3930082
2025-08-23T15:00:00+09:00,115933.9,115994.9,115655,115750,118792.0031,112740.2969,115654.6775,114099.7067,115766.15,NaN,NaN,NaN,NaN,1,1,1436.1206,5057.6247,55.21163446,53.67416703,37.44984954,0.360388524,-1,601.4475231,878.3627149
2025-08-23T16:00:00+09:00,115750,115891.9,115630,115769.3,118509.4275,113372.1825,115642.3035,114125.4417,115940.805,NaN,NaN,NaN,NaN,1,1,1374.572,5000.2601,55.4160544,53.73547292,34.6455684,0.315627555,-1,542.2888163,820.7801781
2025-08-23T17:00:00+09:00,115769.3,115836.2,115574.6,115724.1,118065.2496,114160.5504,115630.296,114148.6333,116112.9,NaN,115427.7,NaN,111631,1,1,1117.3342,4620.44878,54.78540395,53.56599851,31.72967252,0.28585219,-1,486.1537747,755.8893693
2025-08-23T18:00:00+09:00,115724.1,115760.7,115587.6,115742.6,117290.5705,115265.9595,115615.8425,114172.8067,116278.265,NaN,NaN,NaN,NaN,1,1,750.0252,4429.48338,55.01107544,53.62710613,29.0672657,0.240389666,1,438.1088984,686.8524687
2025-08-23T19:00:00+09:00,115742.6,115751.5,115560.7,115560.7,117303.6878,115234.4622,115600.4055,114190.0183,116269.075,NaN,NaN,NaN,NaN,1,1,605.5254,2400.43034,52.24968768,52.92797224,26.66258078,0.215548048,-1,380.963666,617.4900698
2025-08-23T20:00:00+09:00,115560.7,115597.1,115186.1,115266.6,117339.7333,115094.4467,115582.162,114207.6267,116217.09,NaN,NaN,NaN,NaN,-1,1,2074.582,1936.51292,48.04999408,51.8130808,24.72190247,0.262920241,-1,308.3893254,550.5740902
2025-08-23T21:00:00+09:00,115266.6,115450,115138.2,115184.4,117380.2067,114961.2933,115564.1835,114223.445,116170.75,NaN,NaN,NaN,NaN,-1,1,1730.897,1756.10251,46.91496553,51.50354132,23.19502802,0.265637373,-1,241.4574138,488.7110586
2025-08-23T22:00:00+09:00,115184.4,115187.5,114713.6,114829,117349.3959,114778.7741,115543.6685,114225.9583,116064.085,NaN,NaN,NaN,NaN,-1,1,4567.053,1735.65038,42.26620676,50.18038525,22.30109526,0.315206562,-1,157.9152333,425.2107733
2025-08-23T23:00:00+09:00,114829,115054.5,114576.1,114583.9,117351.9004,114559.6496,115521.3655,114235.7333,115955.775,NaN,NaN,117381.4,NaN,-1,1,3522.617,1736.39771,39.36893119,49.28892081,22.04702271,0.349757423,-1,71.11021742,358.6483187
2025-08-24T00:00:00+09:00,114583.9,114917,114515.4,114777.3,117315.547,114412.473,115500.6885,114250.2667,115864.01,NaN,NaN,NaN,NaN,-1,1,2077.7172,1788.18648,42.70627851,50.00435584,22.36622238,0.349410377,-1,17.71813698,293.789498
2025-08-24T01:00:00+09:00,114777.3,115060.1,114656.8,114973.7,117162.8882,114361.5918,115481.42,114270.5833,115762.24,NaN,NaN,NaN,NaN,-1,1,1309.1332,1772.76959,45.95937003,50.72502121,23.06105629,0.34946763,-1,-8.647944686,232.5743024
2025-08-24T02:00:00+09:00,114973.7,115135.7,114910,115051.2,116980.3177,114351.1023,115463.3865,114288.905,115665.71,NaN,NaN,NaN,NaN,-1,1,1244.238,1772.64936,47.23257994,51.00948601,24.00351223,0.298212659,-1,-23.02424292,175.9989671
2025-08-24T03:00:00+09:00,115051.2,115150,115003.8,115102.2,116828.4323,114341.7877,115444.8075,114311.3067,115585.11,NaN,NaN,NaN,NaN,-1,1,709.0168,1757.35009,48.09915698,51.19874495,24.92634424,0.241059536,-1,-29.95696384,123.991649
2025-08-24T04:00:00+09:00,115102.2,115123.2,115007.2,115097.8,116597.3059,114392.6941,115425.59,114332.2483,115495,NaN,NaN,NaN,NaN,-1,1,421.7472,1744.0648,48.02587726,51.18133116,25.80539055,0.194307119,-1,-35.39819005,77.72922059
2025-08-24T05:00:00+09:00,115097.8,115285.6,115068.6,115282.5,116338.4115,114497.4685,115409.0695,114361.2717,115417.94,NaN,114515.4,NaN,NaN,-1,1,595.8408,1728.87121,51.37481095,51.88263292,26.26038618,0.192074957,-1,-24.5239577,40.7388558
2025-08-24T06:00:00+09:00,115282.5,115282.6,114963.5,114986.9,116166.5331,114527.9569,115395.394,114388.53,115347.245,NaN,NaN,NaN,NaN,-1,1,1030.911,1690.26893,46.2396279,50.69287583,26.36156104,0.220882444,-1,-39.30541147,9.542986335
2025-08-24T07:00:00+09:00,114986.9,115265.2,114986.9,115265.2,116096.6587,114535.2413,115384.924,114421.2833,115315.95,NaN,NaN,NaN,NaN,-1,1,449.9206,1487.65737,51.18658707,51.75614187,26.11744297,0.227380496,-1,-28.23782783,-11.14068712
2025-08-24T08:00:00+09:00,115265.2,115385.5,115204,115377.4,116082.268,114533.262,115375.718,114459.0717,115307.765,NaN,NaN,NaN,NaN,-1,1,497.3578,1411.89951,53.06186741,52.18053804,25.55706172,0.203876197,-1,-10.2944181,-20.18564662
2025-08-24T09:00:00+09:00,115377.4,115513.5,115270,115331.6,116005.7594,114553.2706,115365.822,114496.8967,115279.515,NaN,NaN,NaN,NaN,-1,1,1052.4434,1388.00245,52.18062856,51.98995846,24.72769405,0.20634822,-1,0.227562942,-22.12904374
2025-08-24T10:00:00+09:00,115331.6,115527.9,115136,115421.5,115919.6227,114588.1673,115355.1825,114529.9267,115253.895,NaN,NaN,NaN,NaN,-1,1,1481.2368,1402.41446,53.80247133,52.33876303,23.72539279,0.250637708,-1,15.64019695,-19.43036134
2025-08-24T11:00:00+09:00,115421.5,115620,114956.4,114979,115850.2768,114580.4132,115344.4625,114558.8967,115215.345,NaN,NaN,NaN,NaN,-1,1,1544.732,1407.84503,45.60378867,50.49540224,22.72899884,0.36011782,-1,-7.761758714,-17.73452976
2025-08-24T12:00:00+09:00,114979,115128.1,114904.7,115008,115764.2789,114590.2811,115334.986,114596.465,115177.28,NaN,NaN,NaN,NaN,-1,1,1089.2658,1393.57972,46.18259597,50.61177461,21.96639066,0.304767128,-1,-23.69478086,-17.03873165
2025-08-24T13:00:00+09:00,115008,115251.8,115008,115136,115678.5797,114617.1703,115324.4155,114643.0067,115147.875,NaN,NaN,NaN,NaN,-1,1,525.357,1363.98086,48.77353046,51.12940384,21.1712274,0.273535401,-1,-25.69706566,-15.96082894
2025-08-24T14:00:00+09:00,115136,115185.3,114907,114970,115568.8826,114649.6074,115312.8655,114686.07,115109.245,NaN,NaN,NaN,NaN,-1,1,1058.227,1379.39095,45.70069508,50.42966749,20.44217613,0.263307947,1,-40.2151285,-17.70429236
2025-08-24T15:00:00+09:00,114970,115039.2,114821.3,114840.1,115497.2428,114649.1872,115298.7625,114724.0283,115073.215,NaN,NaN,NaN,NaN,-1,1,728.173,1385.52333,43.39661937,49.88430714,19.99784932,0.238984551,1,-61.49378026,-20.16966667
2025-08-24T16:00:00+09:00,114840.1,115098.1,114835.3,114855,115477.0752,114628.1948,115286.571,114769.01,115052.635,115620,NaN,NaN,NaN,-1,1,996.0886,1331.59866,43.74695297,49.94768733,19.78435407,0.235572445,1,-76.27570081,-25.50720811
2025-08-24T17:00:00+09:00,114855,114950,114730.6,114816.7,115466.0579,114602.4421,115272.2245,114809.1533,115034.25,NaN,NaN,NaN,NaN,-1,1,854.5784,1287.78273,43.01005625,49.78248213,19.82425538,0.220796412,1,-90.04300949,-34.36816271
2025-08-24T18:00:00+09:00,114816.7,115038.9,114647.9,114833.6,115465.8551,114603.1049,115257.5155,114846.5983,115034.48,NaN,NaN,NaN,NaN,-1,1,1304.0112,1124.63064,43.46260692,49.85718887,19.79852327,0.260673505,1,-98.45508314,-45.33290116
2025-08-24T19:00:00+09:00,114833.6,114935.6,114583,114759.6,115443.6187,114642.9113,115244.0535,114884.9233,115043.265,NaN,NaN,NaN,NaN,-1,1,1812.5232,1039.12595,41.89387334,49.5278418,19.73797863,0.27631139,1,-109.8268778,-59.27368725
2025-08-24T20:00:00+09:00,114759.6,114871.4,114602,114710.1,115450.1369,114629.6731,115230.7205,114922.4333,115039.905,NaN,NaN,NaN,114515.4,-1,1,936.3108,982.05563,40.83219178,49.30543446,19.80581441,0.262571384,1,-121.4335331,-71.9038844
2025-08-24T21:00:00+09:00,114710.1,114814.5,114574.5,114662.8,115465.8219,114582.8981,115215.2295,114957.0833,115024.36,NaN,NaN,NaN,NaN,-1,1,844.9938,958.84866,39.79440903,49.09040048,19.92699852,0.244889594,-1,-132.9164279,-84.03962296
2025-08-24T22:00:00+09:00,114662.8,114853,114538.5,114538.6,115487.9227,114509.5373,115200.1615,114986.1567,114998.73,NaN,NaN,NaN,NaN,-1,1,2274.7526,1010.37439,37.12614532,48.5231478,19.94547423,0.254963401,-1,-150.3059731,-97.88505712
2025-08-24T23:00:00+09:00,114538.6,114638.6,114325.4,114502.6,115500.5414,114436.9586,115185.9525,115009.6133,114968.75,NaN,NaN,NaN,NaN,-1,2,2321.6814,1091.00762,36.3650201,48.35780613,20.19419833,0.26120601,-1,-165.0891669,-111.7599503
2025-08-25T00:00:00+09:00,114502.6,114840.9,114380.6,114380.7,115518.9748,114346.8152,115170.191,115034.61,114932.895,NaN,NaN,NaN,NaN,-1,2,2686.4854,1204.24453,33.8355184,47.79485518,20.21674392,0.308465603,-1,-184.5142998,-125.4288969
2025-08-25T01:00:00+09:00,114380.7,114531.8,114221.1,114259.1,115513.6833,114249.7667,115153.5945,115058.93,114881.725,NaN,NaN,NaN,NaN,-1,2,1923.867,1270.64584,31.48295577,47.23490203,20.33349077,0.296504533,-1,-207.3309788,-139.9905945
2025-08-25T02:00:00+09:00,114259.1,114571.1,114218,114417.3,115514.3446,114192.1454,115139.3655,115079.2367,114853.245,NaN,NaN,NaN,NaN,-1,2,2395.91,1338.89579,37.56505729,48.04332683,20.40780473,0.300265438,-1,-210.2246051,-153.3441051
2025-08-25T03:00:00+09:00,114417.3,114904,114303.7,114615.9,115461.2188,114180.3412,115125.732,115107.0517,114820.78,NaN,NaN,NaN,NaN,-1,2,2913.5324,1462.07638,44.25494519,49.04382727,20.3719777,0.374413211,-1,-194.2532342,-163.9883441
2025-08-25T04:00:00+09:00,114615.9,114774.2,110550,112563.1,115815.1499,113544.9801,115101.889,115099.08,114680.065,NaN,NaN,NaN,NaN,-1,2,62317.8916,4553.10307,20.18255168,40.76156408,20.99515599,1.505074085,-1,-343.2824651,-189.9278538
2025-08-25T05:00:00+09:00,112563.1,112956.5,111608.9,112729.6,115927.1639,113172.7661,115077.0905,115095.4583,114549.965,NaN,NaN,NaN,NaN,-1,2,9401.468,4970.5543,23.80288277,41.57844773,22.29189712,1.400376386,-1,-442.8491564,-225.6407008
2025-08-25T06:00:00+09:00,112729.6,113366.7,112330.2,112941.4,115909.4523,112942.4677,115053.955,115094.28,114425.96,NaN,NaN,NaN,NaN,-1,2,3102.819,5051.63341,28.26052342,42.60619935,23.7509665,1.237744351,-1,-498.9148073,-266.3071874
2025-08-25T07:00:00+09:00,112941.4,113449.3,112561.3,113399.8,115871.8741,112822.1259,115032.356,115109.4983,114347,NaN,NaN,NaN,NaN,-1,2,2816.8326,5115.23844,36.86875959,44.75350232,25.65101412,1.082850704,-1,-500.5877269,-305.2273823
2025-08-25T08:00:00+09:00,113399.8,113647.9,113310.8,113442.5,115810.4685,112726.9815,115011.483,115128.9367,114268.725,114904,NaN,NaN,NaN,-1,2,1442.3586,5132.89308,37.61964175,44.9493547,27.68092114,0.820680393,-1,-492.7874477,-341.6383024
2025-08-25T09:00:00+09:00,113442.5,113470,112114,112609,115789.6818,112495.0682,114986.053,115134.3833,114142.375,NaN,110550,NaN,NaN,-1,2,4390.9482,5326.17264,30.09502226,41.98359279,30.06955455,0.952558768,-1,-547.5503349,-381.9756396
2025-08-25T10:00:00+09:00,112609,113099,112569.1,113030.7,115714.5962,112376.2238,114962.9755,115144.3067,114045.41,NaN,NaN,NaN,NaN,-1,2,1817.3164,5364.12711,36.96470039,43.8954853,32.85586849,0.788940175,-1,-550.575955,-420.1139703
2025-08-25T11:00:00+09:00,113030.7,113584.8,113027.4,113358,115624.3073,112318.3027,114941.5805,115104.5317,113971.305,NaN,NaN,NaN,NaN,-1,2,2100.5824,5432.74758,41.7494112,45.32310884,34.97407526,0.688347008,-1,-520.5626835,-454.595979
2025-08-25T12:00:00+09:00,113358,113613.9,112855.5,112864.1,115539.626,112203.894,114917.726,115047.1617,113871.76,NaN,NaN,NaN,NaN,-1,2,2520.8778,5508.98704,37.1649986,43.61354568,36.51754768,0.684892363,-1,-530.515104,-491.958409
2025-08-25T13:00:00+09:00,112864.1,113024,112571.5,112734.9,115446.4629,112088.8771,114893.3675,114990.89,113767.67,NaN,NaN,NaN,NaN,-1,2,1767.8236,5554.6493,36.04981953,43.17862249,37.80291797,0.5909129,-1,-542.573381,-514.1018441
2025-08-25T14:00:00+09:00,112734.9,112835,112304.8,112304.9,115360.2755,111922.1945,114867.8915,114913.2667,113641.235,NaN,NaN,NaN,NaN,-1,2,1619.0168,5570.39958,32.54922532,41.7636424,38.94332429,0.552819492,-1,-580.1395709,-529.3563346
2025-08-25T15:00:00+09:00,112304.9,112439.1,111740,111911.6,115293.875,111703.795,114840.344,114832.625,113498.835,NaN,NaN,NaN,NaN,-1,2,4719.389,5715.74287,29.7077218,40.52370149,40.14538207,0.57807137,-1,-634.3348527,-544.4030063
2025-08-25T16:00:00+09:00,111911.6,112133.2,111254,111474.2,115245.9284,111428.1516,114811.0375,114746.985,113337.04,NaN,NaN,NaN,NaN,-1,2,5846.7364,5961.26415,26.8956342,39.20233223,41.28720034,0.649793955,-1,-704.4589641,-567.055366
2025-08-25T17:00:00+09:00,111474.2,111789.2,110906.9,111365.2,115162.4404,111181.8796,114781.7905,114652.92,113172.16,NaN,NaN,NaN,NaN,-1,2,5283.3694,6183.18293,26.2293202,38.87982316,42.41526094,0.697706053,-1,-760.0666416,-596.7530542
2025-08-25T18:00:00+09:00,111365.2,111800,111206.2,111758.1,115010.6045,111055.6655,114753.6485,114565.8583,113033.135,NaN,NaN,NaN,NaN,-1,2,2423.126,6190.6016,32.70139357,40.67568586,43.76244685,0.640610832,-1,-763.629732,-620.7618761
2025-08-25T19:00:00+09:00,111758.1,111760.8,110900,110958.6,114908.6551,110803.2149,114720.6265,114469.9317,112855.935,NaN,NaN,NaN,NaN,-1,2,4009.3696,6274.98601,27.42815557,38.33585247,45.3138879,0.68874607,-1,-821.4967717,-650.864189
2025-08-25T20:00:00+09:00,110958.6,111250.1,110892,111192.2,114746.0504,110646.9696,114688.406,114374.8017,112696.51,NaN,NaN,NaN,NaN,-1,2,2016.176,6241.47054,30.93263145,39.37602098,46.99888926,0.565551059,-1,-838.8376515,-686.2280744
2025-08-25T21:00:00+09:00,111192.2,111655.3,111041.5,111555.9,114536.0408,110586.6592,114656.054,114287.005,112561.35,NaN,NaN,NaN,NaN,-1,2,2172.57,6253.90569,36.10596386,40.95891061,48.48555513,0.559210622,-1,-813.8513021,-717.7098742
2025-08-25T22:00:00+09:00,111555.9,111720,110533.7,111458.6,114248.1264,110578.7036,114623.6065,114204.635,112413.415,NaN,NaN,NaN,NaN,-1,2,6486.047,6458.41254,35.34325594,40.66891384,49.80077374,0.727912991,-1,-792.762267,-745.5086393
2025-08-25T23:00:00+09:00,111458.6,112260.9,111284,112196.4,113824.3856,110760.4944,114595.2445,114143.0567,112292.44,NaN,NaN,NaN,NaN,-1,2,6059.974,6615.73462,44.85566854,43.75164219,50.5956469,0.772319271,-1,-708.3493505,-759.7541704
2025-08-26T00:00:00+09:00,112196.4,112519.6,111773,112131.2,113799.0924,110742.5976,114566.201,114086.225,112270.845,NaN,NaN,NaN,NaN,-1,2,3678.5562,3683.76785,44.23629982,43.5475247,50.75051303,0.737121288,-1,-639.3426569,-760.310593
2025-08-26T01:00:00+09:00,112131.2,112890,111948.8,112440.6,113772.435,110740.355,114536.7955,114028.625,112256.395,NaN,NaN,NaN,NaN,-1,2,3591.5778,3393.27334,47.91189671,44.7951682,50.16362619,0.769083377,-1,-553.3101459,-743.5162799
2025-08-26T02:00:00+09:00,112440.6,112750.8,112110,112385.2,113713.4269,110743.7431,114507.3425,113969.48,112228.585,NaN,NaN,NaN,NaN,-1,2,1535.6696,3314.91587,47.31057258,44.61493612,48.86473234,0.70303561,-1,-484.0196014,-712.8443866
2025-08-26T03:00:00+09:00,112385.2,112573.4,112194.6,112350.2,113562.5926,110789.6174,114477.4235,113912.8167,112176.105,NaN,110533.7,NaN,NaN,-1,2,959.2378,3222.03613,46.9100069,44.49946621,46.91756258,0.581223102,-1,-427.0082677,-675.4420016
2025-08-26T04:00:00+09:00,112350.2,112382.1,110621.9,110659.8,113445.5149,110628.4251,114439.5105,113827.6583,112036.97,NaN,NaN,NaN,NaN,-1,2,5800.3878,3439.93759,32.56793551,39.4637299,45.09179068,0.923614729,-1,-512.3218009,-641.0892271
2025-08-26T05:00:00+09:00,110659.8,111049.6,109350,109507.1,113643.234,110120.516,114396.5465,113724.0417,111881.875,NaN,NaN,NaN,NaN,-1,3,22165.8222,4328.68129,26.59645938,36.58197537,43.46154138,1.139573118,-1,-665.2777395,-621.8047924
2025-08-26T06:00:00+09:00,109507.1,110230,109221,109838.9,113612.0732,109832.4968,114353.841,113625.6467,111722.285,112890,NaN,NaN,NaN,-1,3,6675.0576,4571.56835,30.54416689,37.91416579,42.3241601,1.063626502,-1,-751.0651245,-614.8285505
2025-08-26T07:00:00+09:00,109838.9,110550,109838.8,110086.9,113419.9346,109697.5254,114313.7615,113534.4167,111558.73,NaN,NaN,NaN,NaN,-1,3,2340.4026,4583.55936,33.42615118,38.89358927,41.6136948,0.922831962,-1,-789.9348407,-614.514392
2025-08-26T08:00:00+09:00,110086.9,110225,109730,110072.3,113286.5547,109551.7253,114273.131,113447.845,111419.14,NaN,NaN,NaN,NaN,-1,3,2153.101,4565.17052,33.33844824,38.8567509,41.47537303,0.765204385,-1,-812.5508879,-626.0923406
2025-08-26T09:00:00+09:00,110072.3,110072.4,108874,109048.1,113266.9009,109202.6991,114229.4715,113345.5733,111234.8,NaN,NaN,NaN,NaN,-1,3,8745.992,4914.07894,27.82334455,36.38858474,41.97906715,0.88124908,-1,-902.7127382,-655.355683
2025-08-26T10:00:00+09:00,109048.1,109861.7,108615.7,109843.4,113167.6968,109055.7532,114189.3915,113262.48,111111.725,NaN,NaN,NaN,NaN,-1,3,6694.8684,5167.87152,36.59466534,39.43795055,43.09772722,0.961359765,-1,-899.6223048,-693.8348117
2025-08-26T11:00:00+09:00,109843.4,109963.2,109451.8,109658.8,113113.4424,108884.7276,114150.1795,113180.395,110999.085,NaN,NaN,NaN,NaN,-1,3,5163.3148,5190.06781,35.51578071,38.99501643,44.28440842,0.797437294,-1,-901.6748449,-740.2409499
2025-08-26T12:00:00+09:00,109658.8,109876.2,109379.4,109816.3,113078.9822,108753.3978,114111.59,113097.7117,110916.19,NaN,NaN,NaN,NaN,-1,3,1854.4394,4990.45296,37.21651393,39.58598745,45.36032627,0.681659686,-1,-880.4433611,-790.6226269
2025-08-26T13:00:00+09:00,109816.3,110188,109816.3,110043.2,113034.648,108665.532,114074.006,113015.5367,110850.09,NaN,NaN,NaN,NaN,-1,3,3938.545,4923.21174,39.68454149,40.43458894,46.1459839,0.566094919,-1,-835.6751801,-826.5507802
2025-08-26T14:00:00+09:00,110043.2,110330.1,110034.9,110144.6,112932.9553,108605.8747,114036.4355,112933.76,110769.415,NaN,NaN,NaN,NaN,-1,3,1525.2686,4878.31887,40.80444806,40.81385542,46.73733252,0.466386286,-1,-782.9881417,-839.6297138
2025-08-26T15:00:00+09:00,110144.6,110295.1,109843.6,109943.2,112909.5271,108527.7629,113996.605,112847.7767,110718.645,NaN,108615.7,NaN,NaN,-1,3,1669.242,4761.31249,39.24578454,40.2936637,47.18072994,0.448382625,-1,-748.8522781,-839.3838419
2025-08-26T16:00:00+09:00,109943.2,110500.1,109705.7,110246.3,112860.1369,108482.5631,113961.0175,112766.9183,110671.35,NaN,NaN,NaN,NaN,-1,3,2930.5898,4807.03318,42.78775555,41.44032661,47.24811054,0.538289391,-1,-689.3948092,-828.2127273
2025-08-26T17:00:00+09:00,110246.3,110410.4,109948,110043.5,112761.4326,108430.0274,113925.0255,112679.6017,110595.73,NaN,NaN,NaN,NaN,-1,3,1512.819,4774.04563,41.06277738,40.90377002,46.94234256,0.499586762,-1,-651.1327488,-810.2773785
2025-08-26T18:00:00+09:00,110043.5,110358.6,109980,110105.4,112666.0906,108390.0494,113894.4405,112598.2433,110528.07,NaN,NaN,NaN,NaN,-1,3,1325.7868,4516.03262,41.83358111,41.14122492,46.34968721,0.447488048,-1,-608.797143,-777.6200902
2025-08-26T19:00:00+09:00,110105.4,110370.9,110013,110173,112426.5851,108427.2149,113868.2645,112513.3733,110426.9,NaN,NaN,NaN,NaN,-1,3,1566.66,4291.36692,42.71470709,41.40370863,45.47629669,0.406426563,-1,-563.2977694,-740.2506974
2025-08-26T20:00:00+09:00,110173,110185.1,109532.8,109838.7,112165.5028,108459.0472,113841.083,112421.0617,110312.275,NaN,NaN,NaN,NaN,-1,3,4848.9358,4349.8859,39.52594372,40.49210504,44.68648771,0.469732639,-1,-547.8985705,-700.9422224
2025-08-26T21:00:00+09:00,109838.7,110776,109571.4,110163.3,111773.5537,108623.2663,113814.774,112334.9233,110198.41,NaN,NaN,NaN,NaN,-1,3,5960.9366,4468.35384,43.90486259,41.76306617,43.66685185,0.676721573,-1,-503.6957956,-659.0813818
2025-08-26T22:00:00+09:00,110163.3,110227.3,109353.5,110052.1,111296.0512,108867.4588,113786.781,112245.4333,110081.755,NaN,NaN,NaN,NaN,-1,3,5478.0906,4665.47489,42.76250546,41.45344587,42.47650622,0.716266094,-1,-472.1945241,-618.6946423
2025-08-26T23:00:00+09:00,110052.1,110508,109755,110317.9,110624.4979,109335.7821,113762.322,112167.7483,109980.14,NaN,NaN,NaN,NaN,-1,3,4477.1966,4841.37283,46.35544411,42.4937425,41.0933464,0.703884488,1,-420.9294878,-578.4659029
2025-08-27T00:00:00+09:00,110317.9,110525,109510.2,109636.2,110508.6073,109349.3127,113734.703,112078.2183,109928.96,NaN,NaN,NaN,NaN,-1,3,3612.14,4731.96044,39.50600107,40.6047682,39.63759257,0.780709647,1,-430.3482829,-543.0765701
2025-08-27T01:00:00+09:00,109636.2,110133.4,109413.7,110133.3,110512.3818,109408.1582,113709.919,111994.84,109960.27,NaN,NaN,NaN,NaN,-1,3,2361.5928,3741.74897,45.79561627,42.50724555,38.1553579,0.735950822,1,-393.1687259,-510.1625609
2025-08-27T02:00:00+09:00,110133.3,110175.5,109545.8,109937.2,110514.6312,109415.7388,113684.605,111910.96,109965.185,110776,NaN,NaN,NaN,-1,3,1721.7926,3494.08572,43.85837876,41.96592639,36.63055377,0.682436231,1,-375.202193,-479.5036102
2025-08-27T03:00:00+09:00,109937.2,110939.2,109924.1,110648.9,110617.1945,109369.3755,113662.739,111841.1067,109993.285,NaN,109353.5,NaN,NaN,-1,3,3122.3336,3533.18227,51.82359241,44.58065168,34.82112207,0.757833281,1,-300.0762518,-445.201289
2025-08-27T04:00:00+09:00,110648.9,111100,110450,111055.1,110819.5001,109265.3499,113643.5015,111777.775,110042.425,NaN,NaN,NaN,NaN,1,1,2396.1804,3545.33624,55.68782439,45.99823553,33.20201325,0.698472614,1,-205.3938051,-405.4341819
2025-08-27T05:00:00+09:00,111055.1,111320,110855.5,111264,110962.8225,109343.6175,113622.4115,111718.5633,110153.22,NaN,NaN,NaN,NaN,1,1,1735.735,3194.82339,57.57259479,46.71381088,31.75795844,0.603932665,1,-112.2073433,-357.0240455
2025-08-27T06:00:00+09:00,111264,111525.7,111045,111519.3,111227.6749,109246.3551,113606.0765,111663.325,110237.015,NaN,NaN,NaN,108615.7,1,1,1601.301,2940.14502,59.82176976,47.58039039,30.70654544,0.545382213,-1,-17.55347902,-303.0082326
2025-08-27T07:00:00+09:00,111519.3,111871.4,111492.9,111844.4,111522.5217,109170.0683,113587.406,111614.7383,110346.295,NaN,NaN,NaN,NaN,1,1,4505.569,2907.25773,62.54472555,48.66562353,30.02416355,0.475336823,-1,82.73947423,-241.3488994
2025-08-27T08:00:00+09:00,111844.4,112309.9,111667.4,111700,111728.2496,109152.7104,113565.464,111564.57,110440.48,NaN,NaN,NaN,NaN,1,1,3714.4714,3000.25933,60.58082331,48.21303989,29.75773616,0.509034687,-1,148.854586,-178.0395579
2025-08-27T09:00:00+09:00,111700,111765.4,111279.2,111302.1,111829.854,109176.996,113542.4635,111508.5583,110503.425,NaN,NaN,NaN,NaN,1,1,1934.3474,2900.04945,55.41708438,46.98393892,29.64829376,0.486179353,-1,167.216516,-111.6434691
2025-08-27T10:00:00+09:00,111302.1,111419.7,111050.1,111243.8,111911.6076,109205.1624,113516.8795,111453.645,110558.385,NaN,NaN,NaN,NaN,1,1,1558.763,2901.72417,54.68163982,46.80546733,29.63232145,0.435037177,-1,175.0463298,-48.5084629
2025-08-27T11:00:00+09:00,111243.8,111425.9,111047.6,111086.3,111956.5071,109274.5729,113490.171,111396.7067,110615.54,NaN,NaN,NaN,NaN,1,1,1481.0718,2892.31566,52.64885288,46.32022666,29.63807159,0.403951334,-1,166.6218669,11.69421041
2025-08-27T12:00:00+09:00,111086.3,111680.1,110862.6,111369.2,112039.8651,109303.5049,113465.6915,111346.515,110671.685,NaN,NaN,NaN,NaN,1,1,2046.317,2848.10202,55.82543227,47.32160993,29.67855984,0.513298465,-1,180.6902008,65.11270515
2025-08-27T13:00:00+09:00,111369.2,111669.2,111351.8,111516.6,112128.8391,109361.8409,113441.478,111300.8067,110745.34,112309.9,NaN,NaN,NaN,1,1,1305.9634,2837.75924,57.42795053,47.83916147,29.67438015,0.436620434,-1,201.4116567,110.313312
2025-08-27T14:00:00+09:00,111516.6,111631.3,111271.4,111309.8,112177.1949,109433.9251,113415.035,111249.015,110805.56,NaN,NaN,NaN,NaN,1,1,933.1694,2818.12837,54.4438253,47.17535093,29.45496404,0.399398354,-1,198.85426,144.8757124
2025-08-27T15:00:00+09:00,111309.8,111319,110970,110987.3,112188.4117,109504.1383,113388.2815,111188.5383,110846.275,NaN,NaN,NaN,NaN,1,1,1480.0216,2813.79645,50.07394628,46.15577251,28.7112223,0.371856064,-1,168.8579605,165.5880946
2025-08-27T16:00:00+09:00,110987.3,111084,110600,110692.9,112152.1942,109625.7758,113360.86,111157.3683,110888.985,NaN,NaN,NaN,NaN,1,1,2712.8028,2706.9898,46.41175095,45.24452891,27.78889797,0.394311954,-1,119.9473787,169.7223062
2025-08-27T17:00:00+09:00,110692.9,110802,110327.9,110720.6,112138.7087,109694.9913,113331.9,111123.885,110916.85,NaN,NaN,NaN,NaN,1,1,2875.2586,2552.7059,46.80595344,45.34816476,26.96436473,0.405540515,-1,82.46988718,162.3462285
2025-08-27T18:00:00+09:00,110720.6,111084.5,110680.7,110760.5,112111.257,109793.283,113306.9395,111087.5367,110952.27,NaN,NaN,NaN,NaN,1,1,2749.4894,2416.27584,47.40610773,45.49984472,26.05018836,0.391786417,-1,55.35025839,149.9166443
2025-08-27T19:00:00+09:00,110760.5,111221.3,110760.5,110920.4,112104.5977,109860.1923,113283.016,111046.2133,110982.395,NaN,NaN,NaN,NaN,1,1,1573.9188,2271.11195,49.8481174,46.11169951,24.8737837,0.399292102,-1,46.22746935,135.6034376
2025-08-27T20:00:00+09:00,110920.4,111332.7,110920.4,111275.2,112006.2444,110122.4456,113265.592,111010.0917,111064.345,NaN,NaN,NaN,NaN,1,1,1405.1442,2160.76216,54.85680756,47.44807722,23.51647066,0.388853579,-1,66.8563102,124.5183758
2025-08-27T21:00:00+09:00,111275.2,111354.6,110963.6,111281.9,111964.4367,110279.1133,113245.6615,110987.9733,111121.775,NaN,NaN,NaN,NaN,1,1,2220.5264,2153.70884,54.94830815,47.4731881,22.06774375,0.376340086,-1,82.7910851,113.6406962
2025-08-27T22:00:00+09:00,111281.9,111838.3,110956.1,111431.9,111849.449,110543.571,113228.2125,110961.3267,111196.51,NaN,110327.9,NaN,NaN,1,1,5348.9522,2335.06682,57.04735757,48.04061317,20.99851541,0.51445376,1,106.2979192,103.0725032
2025-08-27T23:00:00+09:00,111431.9,112573.4,111214.4,111753.6,111896.8964,110606.5936,113212.113,110934.5867,111251.745,NaN,NaN,NaN,NaN,1,1,9369.7482,2647.43755,61.22045698,49.24109169,20.47675857,0.747337952,1,149.1662602,97.5516143
2025-08-28T00:00:00+09:00,111753.6,112036.4,111445.9,111960.8,112004.7272,110589.3328,113197.221,110919.5317,111297.03,NaN,NaN,NaN,NaN,1,1,3933.3762,2724.29734,63.6687984,50.00062786,20.32350144,0.673108842,1,197.5814418,100.7431122
2025-08-28T01:00:00+09:00,111960.8,112198,111489.3,112063.9,112119.2249,110554.8251,113181.7655,110908.3483,111337.025,NaN,NaN,NaN,NaN,1,1,3639.4862,2819.4849,64.85771897,50.37779685,20.72859195,0.659128732,1,241.4864251,114.2474507
2025-08-28T02:00:00+09:00,112063.9,112391,111834.9,112281,112256.9307,110493.2893,113166.7655,110907.95,111375.11,NaN,NaN,NaN,NaN,1,1,1719.6452,2825.40211,67.28544635,51.16960089,21.77438535,0.603661268,-1,290.4514529,137.3565136
2025-08-28T03:00:00+09:00,112281,112550,111857.9,111884,112263.2837,110490.8963,113149.4385,110907.49,111377.09,NaN,NaN,NaN,NaN,1,1,1556.5494,2677.95113,59.22775533,49.68949834,23.38743403,0.610064536,-1,293.8348626,163.8548029
2025-08-28T04:00:00+09:00,111884,112169.1,111520.4,112026.6,112314.1757,110472.6643,113132.294,110916.6967,111393.42,112573.4,NaN,NaN,NaN,1,1,2699.4332,2627.19922,61.03285729,50.21750608,25.22198873,0.599211619,-1,304.5126353,192.5531547
2025-08-28T05:00:00+09:00,112026.6,112360,110895.4,112360,112457.1498,110435.4802,113116.3945,110933.2767,111446.315,NaN,NaN,NaN,NaN,1,1,10357.9384,3048.37877,64.94097553,51.43401351,26.61686557,0.832785335,-1,336.0041936,222.4584751
2025-08-28T06:00:00+09:00,112360,112400.9,111318.9,111480.1,112464.7354,110451.5246,113098.07,110928.6433,111458.13,NaN,NaN,NaN,NaN,1,1,1863.2664,3063.60394,50.53574504,48.25698668,27.38008415,0.883097882,-1,286.6565063,245.1101885
2025-08-28T07:00:00+09:00,111480.1,111561.8,111005.6,111365.2,112465.3284,110478.8216,113085.688,110935.42,111472.075,NaN,NaN,NaN,NaN,1,1,2205.6074,3099.83072,49.00701415,47.86288266,27.58316352,0.755818635,-1,235.5612355,259.4727792
2025-08-28T08:00:00+09:00,111365.2,111491.5,111057.4,111211.2,112463.073,110465.277,113073.085,110935.7367,111464.175,NaN,NaN,NaN,NaN,1,1,804.6728,3037.74851,46.95672305,47.33397581,27.22974899,0.634689632,-1,180.5599694,262.9609692
2025-08-28T09:00:00+09:00,111211.2,111493.5,110814.7,111293.2,112454.3016,110451.7084,113062.8435,110931.3583,111453.005,NaN,NaN,NaN,NaN,1,1,2519.9236,3098.44652,48.19943254,47.64843046,26.44038729,0.626121486,-1,141.9514564,256.7798597
2025-08-28T10:00:00+09:00,111293.2,111666.7,111293.1,111600.2,112468.5161,110466.5339,113053.498,110933.7183,111467.525,NaN,NaN,NaN,NaN,1,1,934.9656,3098.53633,52.67020999,48.81641621,25.09892915,0.527854871,-1,134.5749695,244.9008091
2025-08-28T11:00:00+09:00,111600.2,111712.2,111395.3,111442.3,112466.9618,110513.5882,113045.644,110921.15,111490.275,NaN,NaN,NaN,NaN,1,1,591.5032,3054.11041,50.26716784,48.25120007,23.50656591,0.447189318,-1,114.6660414,225.3690967
2025-08-28T12:00:00+09:00,111442.3,111995.3,111357.7,111953.1,112477.2526,110629.3174,113040.053,110918.1817,111553.285,NaN,NaN,NaN,NaN,1,1,1527.3024,2994.83539,57.0878804,50.15699632,22.11120162,0.486607375,1,138.5087212,208.1106365
2025-08-28T13:00:00+09:00,111953.1,113031.3,111909.9,112923.9,112684.3393,110642.5607,113037.067,110926.2367,111663.45,NaN,NaN,NaN,NaN,1,2,4705.876,3086.36626,66.49336088,53.48084843,21.2853182,0.652635412,1,233.0531715,200.1706961
2025-08-28T14:00:00+09:00,112923.9,113119.5,112650.9,112805.4,112813.6192,110717.7708,113034.269,110933.24,111765.695,NaN,110814.7,NaN,NaN,1,2,2980.4024,3097.91191,64.63120289,53.04010557,20.98768872,0.574015878,-1,295.0175907,195.6166291
2025-08-28T15:00:00+09:00,112805.4,113242.4,112659.6,113158.2,113014.6764,110740.4936,113034.454,110946.7067,111877.585,NaN,NaN,NaN,NaN,1,2,1936.5646,3116.0442,67.54534143,54.18756012,21.20551503,0.553161213,-1,368.3467785,204.693326
2025-08-28T16:00:00+09:00,113158.2,113310.4,112958.7,113072.6,113181.4192,110753.4908,113035.7115,110986.92,111967.455,NaN,NaN,NaN,NaN,1,2,3073.969,3199.48544,66.12181819,53.8615827,21.78814644,0.472733018,-1,414.7722473,224.6056607
2025-08-28T17:00:00+09:00,113072.6,113300,112959.2,113070.9,113318.3426,110795.4674,113035.2665,111046.3167,112056.905,NaN,NaN,NaN,NaN,1,2,2880.9842,3232.50833,66.09202767,53.85501453,22.81592059,0.41562802,-1,446.283116,254.1304547
2025-08-28T18:00:00+09:00,113070.9,113090.5,112798.7,112806.1,113393.0821,110858.1479,113034.52,111095.77,112125.615,NaN,NaN,NaN,NaN,1,2,969.6668,3013.54406,61.44800013,52.83060306,24.13613798,0.363960426,-1,444.7616244,287.776029
2025-08-28T19:00:00+09:00,112806.1,113077.9,112771.2,113077.9,113511.9154,110871.7446,113032.9885,111145.62,112191.83,NaN,NaN,NaN,NaN,1,2,1752.9898,2632.70614,64.22657668,53.75237615,25.65954237,0.332466711,-1,460.1831152,323.9547118
2025-08-28T20:00:00+09:00,113077.9,113110,112803.1,112874.6,113585.4203,110889.6197,113030.0235,111192.325,112237.52,NaN,NaN,NaN,NaN,1,2,1039.6672,2488.02069,60.70242873,52.96211292,26.97305132,0.312675231,-1,450.8035641,361.3033254
2025-08-28T21:00:00+09:00,112874.6,113293.6,112728.9,113195,113701.6851,110886.4649,113028.1225,111261.44,112294.075,113310.4,NaN,NaN,NaN,1,2,2862.2666,2449.15971,64.05034013,54.04898684,28.15832731,0.374151341,-1,463.8765246,397.4553036
2025-08-28T22:00:00+09:00,113195,113431.7,112523.4,112781.4,113742.5855,110895.6045,113023.7715,111310.4067,112319.095,NaN,NaN,NaN,NaN,1,2,4903.3402,2608.34446,57.26781285,52.4518753,28.98503419,0.518803403,-1,435.8387983,419.9870399
2025-08-28T23:00:00+09:00,112781.4,113261.2,112480,113109.2,113828.908,110931.802,113021.2995,111367.9133,112380.355,NaN,NaN,NaN,NaN,1,2,3618.9224,2711.46311,60.80990255,53.56208162,29.42376345,0.575086577,-1,435.0543826,435.5466834
2025-08-29T00:00:00+09:00,113109.2,113216,112351.7,112643.4,113854.563,110967.827,113017.3825,111415.0317,112411.195,NaN,NaN,NaN,NaN,1,2,3177.9536,2735.38913,53.96465643,51.80736424,29.38608544,0.640739317,-1,392.3240924,438.2108294
2025-08-29T01:00:00+09:00,112643.4,113149.7,112284.6,112284.7,113851.7051,110963.1549,113009.0175,111452.39,112407.43,NaN,NaN,NaN,NaN,1,2,2433.9974,2339.19208,49.35699998,50.50664085,28.99413829,0.685341548,-1,325.7607699,428.3206653
2025-08-29T02:00:00+09:00,112284.7,112583.2,112166.3,112342.8,113831.6281,111069.5019,113002.4525,111489.0267,112450.565,NaN,NaN,NaN,NaN,1,2,2185.8894,2355.32323,50.10018854,50.71125741,28.21924563,0.580356849,-1,274.5324031,409.2372527
2025-08-29T03:00:00+09:00,112342.8,112672.5,112185.8,112331.7,113789.3226,111208.4574,112995.409,111528.835,112498.89,113431.7,NaN,NaN,NaN,1,2,1020.2776,2296.05674,49.94937471,50.67040197,27.13762847,0.531366263,-1,230.3821738,385.4173138
2025-08-29T04:00:00+09:00,112331.7,112532.8,111858.9,111863,113719.0027,111343.9573,112986.608,111555.78,112531.48,NaN,NaN,NaN,NaN,1,2,1780.6264,2344.85442,43.93526036,48.96980761,25.82647795,0.55653955,-1,155.7769266,351.5944039
2025-08-29T05:00:00+09:00,111863,112081.8,111828.4,111865.3,113650.511,111469.659,112977.914,111586.1433,112560.085,NaN,NaN,NaN,NaN,1,2,1168.0432,2277.2604,43.97091145,48.97838565,24.5357034,0.446526216,-1,95.73376232,312.1422037
2025-08-29T06:00:00+09:00,111865.3,112099,111865.2,111981.2,113613.6991,111544.5709,112974.6205,111617.4067,112579.135,NaN,NaN,NaN,NaN,1,2,868.9102,2273.95763,45.83988352,49.41579342,23.28614457,0.366971058,-1,56.84599812,266.9165897
2025-08-29T07:00:00+09:00,111981.2,112463.9,111981.1,112299.1,113527.6167,111716.3333,112969.065,111652.8417,112621.975,NaN,NaN,NaN,NaN,1,2,1333.7598,2311.07046,50.69777235,50.601582,22.12604158,0.387262584,-1,51.0901031,224.1667347
2025-08-29T08:00:00+09:00,112299.1,112528.1,112251.6,112523.9,113504.5489,111796.4811,112965.2135,111697.595,112650.515,NaN,NaN,NaN,NaN,1,2,1176.2608,2293.51838,53.85008545,51.42359431,21.16045268,0.339567799,-1,63.93103888,182.9308076
2025-08-29T09:00:00+09:00,112523.9,112593.7,112085.7,112165.3,113481.9284,111743.2416,112957.1065,111730.9617,112612.585,NaN,NaN,NaN,NaN,1,2,1281.6874,2122.30895,48.52057405,50.06689148,20.29451378,0.378069944,-1,44.65677445,144.3011056
2025-08-29T10:00:00+09:00,112165.3,112234.8,111353.4,111431.2,113548.152,111539.598,112943.5675,111753.9467,112543.875,NaN,NaN,NaN,NaN,1,2,3693.0512,2157.94139,39.8301238,47.45072753,19.87686685,0.51736754,-1,-29.51373785,104.8261603
2025-08-29T11:00:00+09:00,111431.2,111726.3,111312.9,111370.4,113539.1691,111369.8009,112933.2175,111771.4883,112454.485,NaN,NaN,NaN,NaN,1,2,1640.7022,2143.14827,39.20383033,47.24201623,19.74831988,0.46883125,-1,-92.13834164,64.08496643
2025-08-29T12:00:00+09:00,111370.4,111777,111243.9,111652.8,113482.8165,111284.1735,112920.3555,111805.0983,112383.495,NaN,NaN,NaN,NaN,1,2,1514.9236,2065.196,43.63692216,48.31982815,19.89255719,0.470917725,-1,-117.6255572,25.41744075
2025-08-29T13:00:00+09:00,111652.8,111805.1,111375.1,111457.3,113425.1042,111180.5258,112905.979,111827.165,112302.815,NaN,NaN,NaN,NaN,1,2,2235.795,2032.93654,41.38703088,47.6321396,20.27358233,0.443095144,-1,-151.8491529,-8.763234746
2025-08-29T14:00:00+09:00,111457.3,111534.1,111090.1,111269.6,113408.687,111043.293,112890.866,111849.3717,112225.99,112593.7,NaN,NaN,NaN,1,2,2048.8062,2086.89351,39.29235113,46.9768658,21.07687627,0.42890534,-1,-191.9052559,-40.72312566
2025-08-29T15:00:00+09:00,111269.6,111365.9,110934,111235.7,113323.7624,110943.9976,112874.4045,111859.1517,112133.88,NaN,NaN,NaN,NaN,1,2,3474.5362,2172.97083,38.90932608,46.85801643,22.27716473,0.415448911,-1,-223.8055617,-71.90663231
2025-08-29T16:00:00+09:00,111235.7,111235.7,109853.3,109976.7,113456.2251,110521.7449,112853.2375,111841.1783,111988.985,NaN,NaN,NaN,NaN,-1,1,8186.6032,2530.31763,27.99475725,42.7569187,24.26247724,0.699134455,-1,-346.6812365,-116.1034478
2025-08-29T17:00:00+09:00,109976.7,110235,109569.9,109581.9,113508.3788,110108.2812,112829.9705,111813.1433,111808.33,NaN,NaN,NaN,NaN,-1,1,4032.331,2588.82085,25.57228654,41.59164336,26.58714056,0.670083291,-1,-470.4945858,-175.4840728
2025-08-29T18:00:00+09:00,109581.9,109890,109365.4,109727.4,113519.3837,109791.8763,112805.2165,111783.2783,111655.63,NaN,NaN,113431.7,NaN,-1,1,3188.2454,2503.06611,28.04356674,42.1844425,29.22888302,0.605494466,-1,-550.5307474,-241.6160197
2025-08-29T19:00:00+09:00,109727.4,109985,109712,109956.8,113376.5288,109619.4912,112785.0135,111751.8183,111498.01,NaN,NaN,NaN,NaN,-1,1,1756.3704,2409.93851,31.88376002,43.11367779,32.03787424,0.4855806,-1,-588.663572,-303.743779
2025-08-29T20:00:00+09:00,109956.8,110117.6,109783.7,110046,113270.9408,109465.3392,112765.717,111724.2517,111368.14,NaN,NaN,NaN,NaN,-1,1,1580.1712,2330.04939,33.37274896,43.47430062,34.90455857,0.424597526,-1,-604.7156304,-360.6968111
2025-08-29T21:00:00+09:00,110046,111454.1,110022,110671.1,113164.6309,109410.2891,112750.299,111713.735,111287.46,NaN,NaN,NaN,NaN,-1,1,12613.8928,2839.04416,42.80785006,45.92657314,36.95084184,0.712804332,-1,-560.5351561,-409.9089887
2025-08-29T22:00:00+09:00,110671.1,110736.4,108850,109063.7,113168.6257,109078.3843,112725.858,111677.4,111123.505,NaN,NaN,NaN,NaN,-1,1,9429.4502,3201.2222,30.74942058,41.23112275,38.48689492,1.058750312,-1,-647.7586004,-465.0100385
2025-08-29T23:00:00+09:00,109063.7,109484.9,108043.7,108158.9,113254.5713,108575.1587,112697.862,111628.61,110914.865,NaN,NaN,NaN,NaN,-1,1,14709.488,3885.68272,26.2645439,38.94326486,39.46551401,1.155899492,-1,-780.8919702,-530.4530067
2025-08-30T00:00:00+09:00,108158.9,108675.6,108134.9,108335.9,113288.0671,108188.9529,112670.335,111578.055,110738.51,NaN,NaN,NaN,NaN,-1,1,4038.7046,3998.58663,28.46266534,39.61242032,39.89700592,0.935705939,-1,-862.1800294,-601.3835031
2025-08-30T01:00:00+09:00,108335.9,108777,108090.1,108649.8,113226.4059,107929.0641,112645.8785,111530.275,110577.735,NaN,NaN,NaN,NaN,-1,1,2646.6746,4072.5182,32.31622945,40.78726766,39.75722263,0.832739959,-1,-891.0013861,-661.8635198
2025-08-30T02:00:00+09:00,108649.8,108677.1,108102,108420.1,113124.7081,107674.6519,112621.222,111482.1133,110399.68,111454.1,NaN,NaN,NaN,-1,1,1525.1942,4105.3324,31.00024917,40.20299344,39.18686317,0.733148374,-1,-921.7520058,-712.0032331
2025-08-30T03:00:00+09:00,108420.1,108462.6,108045,108096,112944.3293,107434.7207,112595.202,111433.925,110189.525,NaN,NaN,NaN,NaN,-1,1,1561.155,4116.70216,29.19381449,39.39024952,38.36499223,0.619005452,-1,-961.1942064,-757.6325063
2025-08-30T04:00:00+09:00,108096,108695,107873.1,108168,112641.3104,107302.1496,112570.4915,111391.8433,109971.73,NaN,NaN,NaN,NaN,-1,1,3124.862,4214.13222,30.16735432,39.66685426,37.91957019,0.665674465,-1,-975.3988455,-800.6030923
2025-08-30T05:00:00+09:00,108168,108220.4,107480,107736.5,112389.8767,107110.7033,112543.8635,111342.1083,109750.29,NaN,NaN,NaN,NaN,-1,1,5421.3112,4421.11341,27.70852222,38.58942547,37.63681346,0.674637816,-1,-1009.833832,-845.6162258
2025-08-30T06:00:00+09:00,107736.5,108422.2,107425.4,108401.9,112182.2705,107015.3795,112518.6745,111302.7983,109598.825,NaN,NaN,NaN,NaN,-1,1,2697.5448,4371.33809,36.32705376,41.10755041,37.21877682,0.753511498,-1,-972.2243909,-891.3594741
2025-08-30T07:00:00+09:00,108401.9,108435.3,108160,108342.1,111951.5387,106943.2813,112494.181,111259.8267,109447.41,NaN,NaN,NaN,NaN,-1,1,814.8064,4330.0433,35.91267546,40.95348745,36.67002059,0.587319106,-1,-936.4491945,-923.4362068
2025-08-30T08:00:00+09:00,108342.1,108512.6,108284.5,108336.3,111612.8578,106950.3122,112472.093,111210.845,109281.585,NaN,NaN,NaN,NaN,-1,1,848.1466,4296.70445,35.86993798,40.93829639,36.00067132,0.461749727,-1,-898.2110867,-936.4716642
2025-08-30T09:00:00+09:00,108336.3,108373.3,108102,108262.9,111265.1306,106978.5994,112451.69,111160.5283,109121.865,NaN,NaN,NaN,NaN,-1,1,1223.4586,4246.08763,35.29746181,40.74305421,35.29593338,0.391573087,-1,-863.8717022,-936.6596278
2025-08-30T10:00:00+09:00,108262.9,108318.6,107301.1,107406,110956.1462,106901.2238,112426.789,111093.43,108928.685,NaN,NaN,NaN,NaN,-1,1,2833.6658,4285.33061,29.39855498,38.55187299,34.79131613,0.578911407,-1,-895.4796294,-937.1572104
2025-08-30T11:00:00+09:00,107406,107910,107339.8,107750.7,110543.9078,106964.9622,112402.7295,111026.715,108754.435,NaN,NaN,NaN,NaN,-1,1,1991.8866,4211.19813,34.16485811,39.87961127,34.6010866,0.561101126,-1,-882.541343,-932.8004701
2025-08-30T12:00:00+09:00,107750.7,108374,107736,108374,110379.2006,106969.3994,112383.819,110966.935,108674.3,NaN,NaN,NaN,NaN,-1,1,2047.0174,3904.21884,41.81422388,42.18556608,34.27678008,0.568150043,-1,-812.6251203,-916.2927939
2025-08-30T13:00:00+09:00,108374,108623.8,108316.4,108373.7,110270.8188,106956.9612,112363.647,110905.4317,108613.89,NaN,NaN,NaN,NaN,-1,1,5216.8168,3963.44313,41.81170577,42.18477109,33.80751816,0.473317128,-1,-748.6106995,-891.094111
2025-08-30T14:00:00+09:00,108373.7,108422.4,108084.1,108303.7,110122.7071,106962.7029,112342.231,110839.1433,108542.705,NaN,NaN,NaN,NaN,-1,1,1852.3124,3896.64648,41.18842043,41.99625778,33.30718109,0.419869487,-1,-695.5098206,-856.1692208
2025-08-30T15:00:00+09:00,108303.7,108515.2,108172,108283.8,109901.9309,107016.1791,112321.3495,110779.14,108459.055,NaN,107301.1,NaN,NaN,-1,1,1529.1176,3885.28384,41.00129778,41.94186466,32.77292147,0.385612739,-1,-647.5679944,-820.0962878
2025-08-30T16:00:00+09:00,108283.8,108460.9,108070.4,108457.4,109625.8095,107133.4405,112301.339,110719.6533,108379.625,NaN,NaN,NaN,NaN,-1,1,3034.9528,3958.02292,43.41633387,42.60387897,32.17846267,0.376680077,-1,-588.7786092,-781.4662228
2025-08-30T17:00:00+09:00,108457.4,108728.2,108433.5,108523,108951.0221,107593.4179,112281.035,110655.7033,108272.22,NaN,NaN,NaN,NaN,-1,1,1484.01,3401.52878,44.34345444,42.85523522,31.11645786,0.3414867,1,-530.7757735,-740.6400769
2025-08-30T18:00:00+09:00,108523,108563.5,108420,108472.5,108825.765,107659.555,112259.4265,110605.5767,108242.66,NaN,NaN,NaN,NaN,-1,1,414.4944,2950.78099,43.7491797,42.70825417,29.63666595,0.271860986,1,-483.3117195,-698.3556344
2025-08-30T19:00:00+09:00,108472.5,108656.1,108356.3,108380.8,108838.5049,107669.0051,112235.8545,110555.8367,108253.755,NaN,NaN,NaN,NaN,-1,1,1320.5212,2281.33265,42.63191713,42.4384493,28.01762686,0.273599757,1,-447.9320565,-648.6281263
2025-08-30T20:00:00+09:00,108380.8,108677,108374.7,108636.6,108876.2377,107661.3423,112214.633,110512.9267,108268.79,NaN,NaN,NaN,NaN,-1,1,1677.5766,2163.27625,46.71952575,43.45566513,26.39612019,0.274726078,1,-394.7026105,-594.4238227
2025-08-30T21:00:00+09:00,108636.6,108636.6,108287.5,108571.4,108863.3782,107666.3618,112193.4905,110467.5633,108264.87,NaN,NaN,NaN,NaN,-1,1,2401.5832,2151.02168,45.8233007,43.25676432,24.74054286,0.290440558,1,-353.7017328,-543.4323352
2025-08-30T22:00:00+09:00,108571.4,108571.4,108158,108484.4,108870.5717,107665.5983,112169.918,110415.6333,108268.085,108728.2,NaN,NaN,NaN,-1,1,1601.8268,2154.85331,44.59401848,42.98874174,23.19771733,0.320805191,1,-324.4879199,-496.3075819
2025-08-30T23:00:00+09:00,108484.4,108676.9,108352,108601,108907.0807,107679.5893,112148.188,110368.2783,108293.335,NaN,NaN,NaN,NaN,-1,1,896.151,2121.60311,46.65933967,43.467974,21.62192529,0.313363343,1,-288.6003125,-451.0954143
2025-08-31T00:00:00+09:00,108601,108873,108490.8,108822,108978.0796,107673.9904,112127.091,110316.0933,108326.035,NaN,NaN,NaN,NaN,1,1,1836.5638,2057.1882,50.4308946,44.37271003,20.18775377,0.325556551,-1,-239.564719,-405.7617171
2025-08-31T01:00:00+09:00,108822,108822,108613,108764,108996.649,107758.171,112106.1765,110246.7617,108377.41,NaN,NaN,NaN,NaN,1,1,740.3366,1823.13947,49.44282903,44.18326826,18.87507347,0.281206496,-1,-203.0432174,-362.9022291
2025-08-31T02:00:00+09:00,108764,108848.1,108564.7,108720.9,109030.4757,107756.2443,112084.7205,110178.6867,108393.36,NaN,NaN,NaN,NaN,1,1,695.0494,1723.0147,48.67957375,44.04063609,17.68726852,0.274434467,-1,-175.5537991,-323.4331208
2025-08-31T03:00:00+09:00,108720.9,108783.1,108580,108680.7,109058.9481,107761.6319,112065.6905,110104.0617,108410.29,NaN,108158,NaN,NaN,1,1,444.2988,1704.48932,47.93627356,43.90568264,16.62731423,0.245316554,-1,-155.2227301,-286.9787886
2025-08-31T04:00:00+09:00,108680.7,108848,108593.5,108776.3,109099.0126,107765.5674,112048.191,110032.4567,108432.29,NaN,NaN,NaN,NaN,1,1,402.447,1682.20434,49.89561331,44.31988941,15.68862129,0.241389437,-1,-129.898699,-251.6417489
2025-08-31T05:00:00+09:00,108776.3,108777,108530,108588.9,109113.8892,107783.2908,112029.7245,109957.7567,108448.59,108873,NaN,NaN,NaN,1,1,351.5586,1638.60934,46.2233619,43.67454251,14.69569728,0.237025146,-1,-123.5268946,-221.5111138
2025-08-31T06:00:00+09:00,108588.9,108627.5,108436.1,108533.7,108967.5287,108042.4213,112010.2165,109886.55,108504.975,NaN,NaN,NaN,107301.1,1,1,544.5074,1524.15142,45.16882208,43.48414999,13.80025976,0.216880716,1,-121.5304451,-195.7143041
2025-08-31T07:00:00+09:00,108533.7,108537.3,108420,108475.1,108849.5791,108232.8109,111973.8695,109809.8367,108541.195,NaN,NaN,NaN,NaN,1,1,683.6526,1458.73972,44.02066509,43.27968498,13.00580998,0.180710391,1,-123.2559568,-173.3551971
2025-08-31T08:00:00+09:00,108475.1,108755.2,108475,108755.1,108872.0329,108248.4671,111936.1135,109741.1783,108560.25,NaN,NaN,NaN,NaN,1,1,841.635,1398.4706,50.49581098,44.55141158,12.36321918,0.206044454,1,-100.8670448,-152.4959451
2025-08-31T09:00:00+09:00,108755.1,109351.9,108753.1,109334.9,109056.6691,108159.9509,111902.232,109676.8433,108608.31,NaN,NaN,NaN,NaN,1,2,2892.7004,1282.26478,60.64676992,47.06046698,12.31676591,0.319192897,-1,-35.92454058,-129.8692586
2025-08-31T10:00:00+09:00,109334.9,109428.4,109079,109375.4,109199.1737,108124.6163,111864.2975,109620.0767,108661.895,NaN,NaN,NaN,NaN,1,2,1858.8116,1282.58974,61.24457434,47.23073475,12.84786857,0.31919989,-1,18.5965045,-105.2426228
2025-08-31T11:00:00+09:00,109375.4,109386.4,109115.8,109174.1,109258.3355,108154.4845,111826.4175,109554.4917,108706.41,NaN,NaN,NaN,NaN,1,2,793.7568,1245.8217,56.63915733,46.4723483,13.83785141,0.295812625,-1,45.04237737,-80.73193658
2025-08-31T12:00:00+09:00,109174.1,109326.8,109102.1,109159.9,109314.611,108168.459,111789.154,109496.4333,108741.535,NaN,108420,NaN,NaN,1,2,626.0556,1125.37684,56.3174407,46.41867504,15.29993051,0.26584901,-1,64.11601136,-56.3609653
2025-08-31T13:00:00+09:00,109159.9,109177.7,108615,108760.3,109317.6445,108189.1555,111747.91,109437.6933,108753.4,NaN,NaN,NaN,NaN,1,2,2008.3872,1151.5957,48.0467374,44.92803495,16.57341933,0.350342612,-1,46.45215183,-36.76642632
2025-08-31T14:00:00+09:00,108760.3,108760.4,108512.1,108708.9,109315.1547,108215.2853,111706.5455,109377.1283,108765.22,NaN,NaN,NaN,NaN,1,2,1305.743,1196.15813,47.08879493,44.73938246,17.69090988,0.309808228,-1,27.98329148,-19.9319612
2025-08-31T15:00:00+09:00,108708.9,108722.7,108473,108665.5,109302.9535,108255.9565,111666.302,109316.025,108779.455,109428.4,NaN,NaN,NaN,1,2,1245.415,1192.40282,46.25029823,44.57804043,18.63976267,0.283217223,-1,9.732380484,-5.347202795
2025-08-31T16:00:00+09:00,108665.5,108781.9,108620.5,108656.8,109302.9341,108257.9959,111625.086,109262.5883,108780.465,NaN,NaN,NaN,NaN,1,2,644.8048,1140.76423,46.07318694,44.54516719,18.96304597,0.238340298,-1,-5.371693722,7.751048658
2025-08-31T17:00:00+09:00,108656.8,108976.6,108656.8,108960.6,109318.7769,108281.0731,111585.7705,109214.1767,108799.925,NaN,NaN,NaN,NaN,1,2,1884.5824,1114.91419,52.86148363,45.96558255,18.79686646,0.25628404,-1,7.090603624,19.74634293
2025-08-31T18:00:00+09:00,108960.6,109058.6,108392.2,108460.6,109320.5766,108276.8934,111546.0695,109155.5,108798.735,NaN,NaN,NaN,NaN,1,2,2825.7362,1176.10966,43.21884058,44.06910684,18.13628124,0.376449222,-1,-23.11233269,21.16992158
2025-08-31T19:00:00+09:00,108460.6,108588.4,108259,108525.9,109323.497,108266.463,111509.2435,109092.6133,108794.98,NaN,NaN,NaN,NaN,1,2,2641.8232,1263.39327,44.63916398,44.37507902,17.15127931,0.351989147,-1,-41.30309666,14.51441034
2025-08-31T20:00:00+09:00,108525.9,108559,108272.8,108344,109334.6188,108207.5412,111473.258,109022.9483,108771.08,NaN,NaN,NaN,NaN,-1,1,1134.6126,1228.29571,41.52329628,43.69534389,16.43292164,0.323106273,-1,-69.59497046,1.77692725
2025-08-31T21:00:00+09:00,108344,108453,108270.6,108281.2,109349.6269,108144.2531,111435.181,108958.2133,108746.94,NaN,NaN,NaN,NaN,-1,1,1168.494,1249.70358,40.47293363,43.46071622,15.92490597,0.271679208,-1,-95.97754999,-16.01124623
2025-08-31T22:00:00+09:00,108281.2,108415.2,108151.6,108383,109353.2982,108106.7918,111397.4265,108907.41,108730.045,NaN,NaN,NaN,NaN,-1,1,2151.1938,1322.5108,42.99042544,43.95867733,15.68022886,0.262019878,-1,-107.4331032,-33.1096079
2025-08-31T23:00:00+09:00,108383,108479,108214.8,108418.3,109354.6601,108079.1899,111360.768,108858.2083,108716.925,NaN,NaN,NaN,NaN,-1,1,1311.2046,1365.85609,43.87678058,44.13285137,15.64772398,0.255851644,-1,-112.3679884,-48.70419456
2025-09-01T00:00:00+09:00,108418.3,108807.9,108414.9,108755.8,109353.3159,108078.4841,111325.7005,108809.925,108715.9,NaN,NaN,NaN,NaN,-1,1,1725.1894,1431.99321,51.62135301,45.77762994,15.60764333,0.290491789,-1,-88.03072768,-59.56676213
2025-09-01T01:00:00+09:00,108755.8,108933.6,108496,108870.8,109368.0211,108091.9689,111291.434,108766.8167,108729.995,NaN,NaN,NaN,NaN,-1,1,2351.1308,1531.97182,53.95301102,46.32727644,15.71634909,0.327438069,-1,-58.78608492,-65.50169449
2025-09-01T02:00:00+09:00,108870.8,108940,108791.5,108936.2,109387.5014,108112.7386,111257.402,108727.9267,108750.12,NaN,NaN,NaN,NaN,-1,1,1028.7552,1556.18421,55.273222,46.64128759,15.86116344,0.263600435,-1,-29.9865946,-69.62138318
2025-09-01T03:00:00+09:00,108936.2,109181.6,108873.9,109083.9,109420.6407,108140.4793,111225.018,108692.0633,108780.56,NaN,108151.6,NaN,NaN,-1,1,1018.011,1572.90213,58.18878432,47.35141411,16.2252035,0.269521165,-1,4.701172392,-66.53099372
2025-09-01T04:00:00+09:00,109083.9,109106.1,108846.3,108868.8,109427.3391,108145.1509,111193.029,108673.5983,108786.245,NaN,NaN,NaN,NaN,-1,1,965.188,1579.07978,52.79163509,46.43272344,16.74835151,0.259581073,-1,14.66564884,-60.31224422
2025-09-01T05:00:00+09:00,108868.8,109067.7,108810.9,109067.7,109377.8036,108167.9664,111162.4455,108665.0283,108772.885,NaN,NaN,NaN,NaN,-1,1,1014.2422,1485.15687,56.7833145,47.3961162,17.25911581,0.251221824,-1,38.1721116,-48.338124
2025-09-01T06:00:00+09:00,109067.7,109067.7,108891.4,108984.9,109301.8004,108204.9196,111133.225,108652.6533,108753.36,NaN,NaN,109428.4,NaN,-1,1,714.9348,1427.96303,54.70945505,47.03662328,17.8459795,0.221530301,-1,49.5487179,-32.16853867
2025-09-01T07:00:00+09:00,108984.9,109190.7,108696.4,108840.8,109252.2536,108221.1364,111104.5095,108634.0533,108736.695,NaN,NaN,NaN,NaN,-1,1,1285.727,1452.56154,51.20448046,46.41122155,18.30538218,0.29926558,-1,46.40219899,-15.07572732
2025-09-01T08:00:00+09:00,108840.8,108862.2,108020.2,108208.3,109215.1996,108163.0304,111071.6645,108603.425,108689.115,NaN,NaN,NaN,NaN,-1,1,3441.415,1593.32951,39.30240196,43.80167499,18.95779176,0.46005285,-1,-7.047662824,-3.373468922
2025-09-01T09:00:00+09:00,108208.3,108377.2,107582,108177.7,109229.7801,108090.1899,111037.6845,108561.8683,108659.985,NaN,NaN,NaN,NaN,-1,1,5980.0598,1791.91314,38.83212726,43.68037963,19.96290247,0.551817591,-1,-51.28504558,0.709384645
2025-09-01T10:00:00+09:00,108177.7,108440,107915.4,108103.8,109248.1108,108011.3492,111002.9475,108545.87,108629.73,NaN,NaN,NaN,NaN,-1,2,2221.2776,1837.68987,37.66014197,43.38419476,21.03510343,0.529887989,-1,-91.25467543,-2.898236523
2025-09-01T11:00:00+09:00,108103.8,108156.5,107380,107586.3,109342.739,107808.801,110965.368,108536.3267,108575.77,NaN,NaN,NaN,NaN,-1,2,3278.5632,1939.34728,30.67773874,41.3784686,22.37914428,0.595539923,-1,-162.8120244,-17.65661762
2025-09-01T12:00:00+09:00,107586.3,107734.7,107352,107627.8,109393.8424,107654.7976,110928.018,108524.525,108524.32,109190.7,NaN,NaN,NaN,-1,2,2024.922,2008.35314,31.77023331,41.59949761,24.02945627,0.515399285,-1,-213.7095255,-41.92447294
2025-09-01T13:00:00+09:00,107627.8,107732,107237,107376.1,109423.1423,107467.0477,110888.486,108503.2967,108445.095,NaN,NaN,NaN,NaN,-1,2,2563.3558,2042.29181,28.80515243,40.65053663,25.98976723,0.498070435,-1,-271.2296814,-73.69062074
2025-09-01T14:00:00+09:00,107376.1,107952.7,107212,107822.3,109428.0834,107398.2766,110852.663,108493.3333,108413.18,NaN,NaN,NaN,NaN,-1,2,3196.3712,2060.82356,39.57193328,43.00347128,28.27471795,0.559660731,-1,-277.610092,-108.7775323
2025-09-01T15:00:00+09:00,107822.3,108082.5,107550.6,108024.9,109415.3252,107360.9348,110816.4615,108492.1483,108388.13,NaN,NaN,NaN,NaN,-1,2,1949.239,2026.19435,43.73283004,44.03195617,30.31061499,0.53653622,-1,-263.2835181,-143.5366696
2025-09-01T16:00:00+09:00,108024.9,109375,107932.7,109375,109552.7359,107326.6241,110786.4495,108512.265,108439.68,NaN,NaN,NaN,NaN,1,1,7364.7956,2337.7035,62.3417037,50.15104685,31.81551409,0.792833655,-1,-141.3583275,-164.3989503
2025-09-01T17:00:00+09:00,109375,109773.2,109368.3,109545,109712.1032,107293.6368,110757.5165,108542.4067,108502.87,NaN,NaN,NaN,NaN,1,1,6436.6692,2601.11226,63.95807333,50.84189049,33.03192331,0.650942115,-1,-30.66071857,-167.0226232
2025-09-01T18:00:00+09:00,109545,109868.2,109439,109472.1,109836.1491,107278.5009,110727.7695,108560.2433,108557.325,NaN,NaN,NaN,NaN,1,1,4121.2256,2699.61385,62.71494953,50.53530467,33.84182778,0.564938184,-1,50.60220258,-155.7018178
2025-09-01T19:00:00+09:00,109472.1,109472.2,108136.2,108534,109840.412,107285.808,110695.5445,108563.4417,108563.11,NaN,107212,NaN,NaN,1,1,7857.7522,3026.94123,49.40693631,46.82598916,33.92653306,0.79019766,-1,38.85888208,-141.2447559
2025-09-01T20:00:00+09:00,108534,108819.9,108418.9,108738.4,109839.0394,107285.4406,110664.1965,108570.1433,108562.24,NaN,NaN,NaN,NaN,1,1,2591.132,3070.23836,51.80657775,47.68017384,33.32039567,0.648733185,-1,45.5208517,-118.0966585
2025-09-01T21:00:00+09:00,108738.4,109110.8,108590.1,109054.5,109859.5638,107283.2862,110633.789,108583.3367,108571.425,NaN,NaN,NaN,NaN,1,1,2732.828,3089.32322,55.33477748,48.97419294,32.20533463,0.590391096,-1,75.43754183,-85.96920659
2025-09-01T22:00:00+09:00,109054.5,109477.5,108888.2,108964.2,109862.6063,107283.0437,110603.76,108609.3067,108572.825,NaN,NaN,NaN,NaN,1,1,4547.8108,3265.276,54.11595993,48.62349063,30.88978739,0.574193516,-1,90.81343818,-45.7421933
2025-09-01T23:00:00+09:00,108964.2,109272.1,108760.8,109104.2,109865.2594,107282.4206,110575.0805,108631.865,108573.84,109868.2,NaN,NaN,NaN,1,1,2601.8242,3344.46666,55.74353931,49.1992442,29.45751946,0.538516007,-1,112.9932608,-2.34182077
2025-09-02T00:00:00+09:00,109104.2,109336,108513,108736.9,109853.9103,107280.5797,110544.49,108637.9133,108567.245,NaN,NaN,NaN,NaN,1,1,2926.2802,3442.52127,50.66577227,47.7656204,27.74167261,0.612514293,-1,99.78265734,37.99886539
2025-09-02T01:00:00+09:00,108736.9,109055.4,108594.3,108733.9,109819.3564,107281.7536,110514.076,108643.9167,108550.555,NaN,NaN,NaN,NaN,1,1,1551.1672,3469.36752,50.62520927,47.75401816,25.73966411,0.549708388,-1,88.0560289,63.48934943
2025-09-02T02:00:00+09:00,108733.9,108911.7,108339.1,108879.4,109807.6755,107282.8845,110484.305,108653.5117,108545.28,NaN,NaN,NaN,NaN,1,1,2222.7054,3544.75605,52.60699227,48.37486464,23.94066955,0.541283518,-1,89.47184958,76.83741256
2025-09-02T03:00:00+09:00,108879.4,109230.3,108875.9,109187.2,109849.996,107275.204,110456.443,108668.5683,108562.6,NaN,NaN,NaN,NaN,1,1,1455.9664,3553.26802,56.57758307,49.66652609,22.1997185,0.468031812,-1,114.1153347,83.89442724
2025-09-02T04:00:00+09:00,109187.2,109282.5,109116.7,109168.8,109913.1429,107308.1071,110428.7365,108680.425,108610.625,NaN,NaN,NaN,NaN,1,1,915.172,3426.95587,56.27406605,49.5908092,20.65736042,0.362698763,-1,130.6546427,94.09395619
2025-09-02T05:00:00+09:00,109168.8,109173.3,108223.7,108832.2,109933.5451,107353.1549,110399.5835,108685.5783,108643.35,NaN,NaN,NaN,NaN,1,1,6519.2722,3453.91649,50.89513588,48.21806424,19.44524122,0.533392315,-1,115.272566,101.8441467
2025-09-02T06:00:00+09:00,108832.2,108894.7,107410,107754.2,109953.754,107297.986,110365.6615,108673.6067,108625.87,NaN,NaN,NaN,NaN,1,1,4463.3262,3566.01892,38.27657095,44.21647698,18.8013685,0.818438379,-1,15.91313205,95.23032337
2025-09-02T07:00:00+09:00,107754.2,108453.4,107541.4,108391.9,109911.7796,107420.5204,110335.108,108673.7917,108666.15,NaN,NaN,NaN,NaN,1,1,2247.8306,3514.48229,46.69588594,46.87869579,18.72446463,0.822879279,-1,-11.24326931,83.8906892
2025-09-02T08:00:00+09:00,108391.9,109399,108372.5,109186.3,109912.7413,107575.4087,110309.136,108682.9533,108744.075,NaN,NaN,NaN,NaN,1,1,2855.9928,3556.03583,54.94130645,49.91815152,18.72637111,0.857973626,-1,30.97941645,74.77803983
2025-09-02T09:00:00+09:00,109186.3,109296,108837.4,108989.6,109813.4525,107836.0475,110282.7885,108689.9233,108824.75,NaN,NaN,NaN,NaN,1,1,2125.6956,3534.15282,52.7648663,49.20649652,18.68494586,0.713272738,1,48.01565838,69.02615106
2025-09-02T10:00:00+09:00,108989.6,109565,108940.5,109258,109787.31,108005.76,110256.992,108702.8167,108896.535,NaN,NaN,NaN,107212,1,1,2639.4544,3506.30698,55.36324924,50.19553297,18.63736927,0.664874642,1,82.2267806,68.3784568
2025-09-02T11:00:00+09:00,109258,110221.5,109118,110199.9,109971.7096,108038.8604,110234.912,108729.465,109005.285,NaN,107410,NaN,NaN,1,2,4217.7572,3619.73289,63.04584895,53.44315026,18.78196394,0.773248576,1,183.230631,78.79609918
2025-09-02T12:00:00+09:00,110199.9,110570.4,110007.3,110280.2,110156.6763,107944.4137,110223.4975,108753.7683,109050.545,NaN,NaN,NaN,NaN,1,2,5146.8384,3508.83503,63.62071312,53.70586721,18.91740237,0.685326503,-1,266.6823015,95.74798437
2025-09-02T13:00:00+09:00,110280.2,110371,110098.9,110270.5,110298.0276,107875.6124,110211.202,108778.8767,109086.82,NaN,NaN,NaN,NaN,1,2,2148.9214,3294.44764,63.49222487,53.66852198,18.83286145,0.539176805,-1,328.2517606,117.7032197
2025-09-02T14:00:00+09:00,110270.5,110284.9,109991.6,110160,110410.7679,107831.6621,110197.295,108802.8617,109121.215,NaN,NaN,NaN,NaN,1,2,1209.1228,3148.8425,61.95714311,53.23801452,18.49301754,0.448561461,-1,363.9343653,145.3323085
2025-09-02T15:00:00+09:00,110160,110577.8,110117.8,110311.7,110568.7137,107851.4863,110181.8545,108830.045,109210.1,NaN,NaN,NaN,NaN,1,2,3516.2394,2931.76686,63.27006565,53.75786336,18.45341044,0.437629799,-1,399.8448463,187.9913879
2025-09-02T16:00:00+09:00,110311.7,110341.8,109935.6,110180,110685.2801,107879.0799,110165.542,108853.44,109282.18,NaN,NaN,NaN,NaN,1,2,1872.4482,2895.83267,61.29237964,53.23339017,18.58553432,0.414991753,-1,412.9172191,235.120331
2025-09-02T17:00:00+09:00,110180,110664,109988.6,110303.4,110811.3571,107877.8929,110154.014,108882.015,109344.625,NaN,NaN,NaN,NaN,1,2,4730.469,2995.71472,62.47592028,53.66577202,19.0767357,0.480455371,-1,428.297372,279.2667705
2025-09-02T18:00:00+09:00,110303.4,110638.7,110204.8,110399.9,110941.0303,107891.7897,110140.86,108913.1183,109416.41,NaN,NaN,NaN,NaN,1,2,2007.6308,2868.70572,63.41792245,54.00524629,19.67109648,0.451032177,-1,443.1644733,323.1721944
2025-09-02T19:00:00+09:00,110399.9,110426.2,110073,110202.3,111025.8047,107916.8253,110125.0815,108941.905,109471.315,NaN,NaN,NaN,NaN,1,2,1831.5606,2830.19254,60.09134173,53.19062733,20.17470136,0.408061098,-1,433.9992168,362.2580207
2025-09-02T20:00:00+09:00,110202.3,110207.3,109537,109705.6,111039.6708,107999.8292,110109.289,108957.7467,109519.75,NaN,NaN,NaN,NaN,1,2,3458.6418,2856.81062,52.61954502,51.20853897,20.30844569,0.476938713,-1,382.2498082,384.3712626
2025-09-02T21:00:00+09:00,109705.6,109808.4,108334.5,108751.7,111038.7389,108002.5411,110089.373,108948.0267,109520.64,NaN,NaN,NaN,NaN,1,2,13060.647,3432.28461,41.85582437,47.72218298,20.57304059,0.772511128,-1,261.2546897,383.7681946
2025-09-02T22:00:00+09:00,108751.7,111233.5,108688,111097.9,111265.7985,107997.3315,110083.338,108976.735,109631.565,NaN,NaN,NaN,NaN,1,2,16183.5392,4130.3263,62.28882837,55.35401464,20.53335553,1.267872141,-1,350.6419366,386.2559919
2025-09-02T23:00:00+09:00,111097.9,111726.4,110732,111297,111509.4684,107964.6416,110080.265,109012.1167,109737.055,NaN,NaN,NaN,NaN,1,2,11465.182,4630.78708,63.46226211,55.91158148,20.44152425,1.141557768,-1,432.5613815,393.881216
2025-09-03T00:00:00+09:00,111297,111479.8,110568.3,110786.9,111626.5835,108009.3365,110076.8285,109039.2333,109817.96,NaN,NaN,NaN,NaN,1,2,4727.8352,4821.42024,58.44459712,54.14311566,20.13779362,1.038792823,-1,451.1220704,399.5786853
2025-09-03T01:00:00+09:00,110786.9,111082.8,110427.1,110750,111706.5392,108121.1608,110073.7525,109072.395,109913.85,NaN,NaN,NaN,NaN,1,2,3728.319,4681.87258,58.08681437,54.0169472,19.59250356,0.890110679,-1,457.5793387,404.541143
2025-09-03T02:00:00+09:00,110750,111000,110588.1,110867,111607.5799,108531.4001,110069.297,109108.3633,110069.49,NaN,108334.5,NaN,NaN,1,2,1808.5924,4549.13589,58.94500779,54.3611832,18.91320328,0.716622967,-1,466.757206,408.8144579
2025-09-03T03:00:00+09:00,110867,110900,110137.3,110587.2,111523.9744,108834.5356,110067.44,109140.3917,110179.255,NaN,NaN,NaN,NaN,1,2,3299.0342,4601.69607,55.99237181,53.38552281,18.34557959,0.708851407,-1,446.3084444,409.1637881
2025-09-03T04:00:00+09:00,110587.2,110798.8,110388.3,110745.4,111542.0736,108972.3464,110065.206,109175.2017,110257.21,111726.4,NaN,NaN,NaN,1,2,1218.7868,4519.83577,57.29489692,53.86345736,17.46771439,0.595449215,-1,437.8211419,409.5884464
2025-09-03T05:00:00+09:00,110745.4,111366.3,110661,111355.6,111606.2902,109144.7298,110064.2045,109215.1183,110375.51,NaN,NaN,NaN,NaN,1,2,3088.1392,4567.95795,61.97041879,55.65375419,16.73278229,0.605916311,-1,474.8590542,419.8783626
2025-09-03T06:00:00+09:00,111355.6,111479.8,111064,111064,111617.8697,109313.7503,110062.2315,109258.5083,110465.81,NaN,NaN,NaN,NaN,1,2,2104.5482,4541.21264,58.6649791,54.61980242,16.04238436,0.52979768,-1,475.2043239,443.6505442
2025-09-03T07:00:00+09:00,111064,111218.4,110818.7,111218.3,111706.6782,109326.7818,110057.341,109303.3817,110516.73,NaN,NaN,NaN,NaN,1,2,1918.7374,4426.26165,59.88431159,55.07069056,15.33781179,0.472502874,-1,482.3682323,458.2867993
2025-09-03T08:00:00+09:00,111218.3,111220,110955.5,111188.2,111781.4401,109342.8199,110052.626,109350.785,110562.13,NaN,NaN,NaN,NaN,1,2,570.5738,4197.44842,59.51548754,54.9619429,14.66992503,0.394382176,-1,480.0827677,463.5669533
2025-09-03T09:00:00+09:00,111188.2,111720,111182.4,111269,111860.9227,109363.1873,110046.768,109400.5817,110612.055,NaN,NaN,NaN,NaN,1,2,2679.3302,4223.96886,60.22369445,55.20434423,14.22524159,0.423781672,-1,479.2667168,466.6941362
2025-09-03T10:00:00+09:00,111269,111342.5,110836.6,111119.9,111909.5167,109410.5833,110040.4415,109446.1967,110660.05,NaN,NaN,NaN,NaN,1,2,1816.1276,4254.3191,58.2004491,54.65026894,13.86919946,0.434658196,-1,461.2716146,467.1043891
2025-09-03T11:00:00+09:00,111119.9,111443.2,110971.4,111325.4,111981.6244,109439.8456,110035.3175,109494.6483,110710.735,NaN,NaN,NaN,NaN,1,2,1358.248,4146.41953,60.18580322,55.28176293,13.63375323,0.43050478,-1,458.3093937,466.1657433
2025-09-03T12:00:00+09:00,111325.4,111350.2,110844,110993.4,112003.678,109499.132,110036.9855,109531.9417,110751.405,NaN,NaN,NaN,NaN,1,2,1574.6614,4131.53019,55.59183177,54.04069227,13.345661,0.439882713,-1,424.2813358,463.7182867
2025-09-03T13:00:00+09:00,110993.4,111107.5,110800,110970.1,112022.951,109546.529,110044.3005,109566.93,110784.74,NaN,NaN,NaN,NaN,1,2,1124.6278,3951.23813,55.27296482,53.95391414,12.94849709,0.385683939,-1,390.927372,458.5078679
2025-09-03T14:00:00+09:00,110970.1,111030.5,110608.4,110643.5,112024.4958,109569.3442,110048.3235,109595.385,110796.92,111720,NaN,NaN,NaN,1,2,1677.4114,3934.72716,50.86850693,52.74202946,12.55350326,0.385046781,-1,334.2867751,442.8887258
2025-09-03T15:00:00+09:00,110643.5,110840.7,110524.8,110685.2,112019.5608,109622.5692,110051.315,109622.0733,110821.065,NaN,NaN,NaN,NaN,1,2,2612.2552,3973.76189,51.40099713,52.87997845,12.20420333,0.351735815,-1,289.4271989,422.246823
2025-09-03T16:00:00+09:00,110685.2,111065.5,110488.9,111050.3,111974.563,109802.037,110056.205,109658.4317,110888.3,NaN,NaN,NaN,NaN,1,2,4912.9984,4046.47972,55.9069087,54.07808135,11.65649862,0.406794333,-1,280.1072779,399.7733836
2025-09-03T17:00:00+09:00,111050.3,111220.3,110912,110959,111466.8887,110530.4413,110065.7595,109689.9533,110998.665,NaN,NaN,NaN,NaN,1,2,2023.3494,3494.61484,54.54498199,53.72933163,11.18238994,0.364036162,1,262.3300489,375.5786371
2025-09-03T18:00:00+09:00,110959,111273.9,110833.4,111255.1,111486.2838,110526.7662,110072.818,109727.79,111006.525,NaN,NaN,NaN,NaN,1,2,1729.4854,2771.91215,58.10916192,54.69659754,10.68227492,0.374023833,1,269.0330171,352.2193371
2025-09-03T19:00:00+09:00,111255.1,111428,111111,111389.4,111503.615,110518.675,110081.471,109770.2667,111011.145,NaN,NaN,111726.4,NaN,1,2,2679.174,2332.61175,59.65440291,55.13088774,10.31487343,0.343910994,1,281.9321174,332.2927263
2025-09-03T20:00:00+09:00,111389.4,111657.4,111327.3,111381.5,111547.2016,110534.5484,110089.297,109823.1533,111040.875,NaN,NaN,NaN,NaN,1,2,2342.9986,2213.36992,59.51533025,55.09917015,10.2161337,0.328079854,1,288.195149,313.3911436
2025-09-03T21:00:00+09:00,111381.5,111818.2,110970.3,111059.8,111544.7878,110567.9422,110094.38,109871.1883,111056.365,NaN,110488.9,NaN,NaN,1,2,3116.926,2182.80027,53.99504131,53.81221073,10.11567451,0.473840977,1,264.1551293,295.5993428
2025-09-03T22:00:00+09:00,111059.8,111860.7,111008.2,111415.7,111587.9811,110579.6189,110100.7355,109926.3867,111083.8,NaN,NaN,NaN,NaN,1,2,5371.102,2360.92575,58.57305873,54.99926659,9.995421119,0.56993574,1,270.7009244,282.2408487
2025-09-03T23:00:00+09:00,111415.7,112450.9,111059.6,112202.3,111819.5353,110509.5747,110112.031,110003.32,111164.555,NaN,NaN,NaN,NaN,1,3,11297.259,2760.83699,66.5062394,57.4656714,10.20658084,0.790624253,1,335.4932034,282.3748963
2025-09-04T00:00:00+09:00,112202.3,112319.1,111844.6,112164.4,111992.9107,110478.0993,110121.6215,110078.93,111235.505,NaN,NaN,NaN,NaN,1,3,5439.3688,2971.86609,65.8519005,57.31117293,10.63318314,0.668274186,1,379.4097389,292.3729563
2025-09-04T01:00:00+09:00,112164.4,112287.8,111621.2,111808.2,112054.5811,110461.6889,110130.445,110152.7983,111258.135,NaN,NaN,NaN,NaN,1,3,3922.8552,3013.60189,59.88813539,55.87003943,11.1397116,0.645668643,-1,381.0787083,303.5920041
2025-09-04T02:00:00+09:00,111808.2,112527.2,111800.6,112248.5,112216.7614,110417.9586,110141.1605,110226.5683,111317.36,NaN,NaN,NaN,NaN,1,3,2987.5396,3057.75146,64.20363071,57.22723325,11.74674127,0.644528576,-1,413.1671749,320.3516847
2025-09-04T03:00:00+09:00,112248.5,112461,111736.4,111955.3,112293.8493,110414.5707,110150.072,110292.075,111354.21,NaN,NaN,NaN,NaN,1,3,1804.5602,3052.0426,59.60488282,56.05532045,12.27025526,0.646551888,-1,410.2100798,336.038025
2025-09-04T04:00:00+09:00,111955.3,112186.5,111715.7,112142.3,112398.1701,110405.6599,110161.59,110338.1967,111401.915,NaN,NaN,NaN,NaN,1,3,819.5928,3064.49355,61.49903119,56.63352191,12.9547066,0.570257078,-1,418.1358875,351.1717773
2025-09-04T05:00:00+09:00,112142.3,112192.3,111982.8,112147,112490.9526,110400.6774,110171.5085,110381.5633,111445.815,NaN,NaN,NaN,NaN,1,3,683.738,2964.71394,61.54783423,56.64815687,13.76293647,0.442424915,-1,419.9554134,365.8118067
2025-09-04T06:00:00+09:00,112147,112201.4,111707.3,111934.2,112541.1112,110431.9488,110180.919,110422.5983,111486.53,NaN,NaN,NaN,NaN,1,3,750.0956,2911.41234,57.96521148,55.77813536,14.14740136,0.442650694,-1,399.6196526,380.8634204
2025-09-04T07:00:00+09:00,111934.2,112090,111773.2,111889.9,112580.7305,110448.7795,110188.779,110478.53,111514.755,112527.2,NaN,NaN,NaN,1,3,733.0906,2880.15447,57.21851913,55.59667575,14.14662536,0.389595792,-1,375.5991032,392.5187736
2025-09-04T08:00:00+09:00,111889.9,111927.1,111551.4,111647.3,112587.2478,110507.6522,110198.8345,110527.0117,111547.45,NaN,NaN,NaN,NaN,1,3,1186.7744,2860.76012,53.17851129,54.6036072,14.11411272,0.372463607,-1,333.1465463,392.2580339
2025-09-04T09:00:00+09:00,111647.3,112124.3,111552.7,112017,112623.3419,110576.2481,110208.253,110576.3867,111599.795,NaN,NaN,NaN,NaN,1,3,2201.314,2914.59443,58.04055307,55.83093922,13.77916256,0.417582784,-1,325.581192,386.2770842
2025-09-04T10:00:00+09:00,112017,112020,111578.9,111902.1,112593.9528,110731.4972,110218.0775,110625.3517,111662.725,NaN,NaN,NaN,NaN,1,3,1019.6038,2881.70405,56.09105704,55.35611621,13.21949288,0.410068984,-1,306.7777812,378.0214257
2025-09-04T11:00:00+09:00,111902.1,111932,111347.8,111406.4,112525.836,110871.734,110221.865,110663.7217,111698.785,NaN,NaN,NaN,NaN,1,3,1899.2274,2846.05266,48.51941699,53.3576037,12.64532756,0.449391181,1,249.0067012,359.781373
2025-09-04T12:00:00+09:00,111406.4,111675.1,111093.3,111102.3,112520.5544,110882.2156,110222.101,110703.145,111701.385,NaN,NaN,NaN,NaN,1,3,2135.4744,2707.17646,44.54664601,52.17788073,12.22112538,0.474967987,1,176.6480863,333.8300404
2025-09-04T13:00:00+09:00,111102.3,111286.7,110877.6,110880.6,112531.424,110863.506,110220.184,110738.9233,111697.465,NaN,NaN,NaN,NaN,1,3,1313.0814,2671.66306,41.8559239,51.33321226,12.28741432,0.440263585,1,100.2583102,298.5103096
2025-09-04T14:00:00+09:00,110880.6,110880.7,110540,110618.5,112606.4489,110724.8211,110215.68,110767.9083,111665.635,NaN,NaN,NaN,NaN,1,3,4037.9614,2787.08686,38.8669616,50.34953757,12.94681124,0.396869665,-1,18.35796347,253.8883707
2025-09-04T15:00:00+09:00,110618.5,110689.5,110250,110361.1,112709.509,110518.931,110208.2635,110787.4733,111614.22,NaN,NaN,NaN,NaN,-1,1,2613.1284,2783.78458,36.13767047,49.40050565,14.09480932,0.397942917,-1,-66.5515157,202.0915742
2025-09-04T16:00:00+09:00,110361.1,110629.5,110312.5,110429.4,112775.1351,110358.0949,110201.9105,110808.4833,111566.615,NaN,NaN,NaN,NaN,-1,1,2158.7074,2774.57002,37.39393905,49.65753741,15.84120781,0.360818272,-1,-126.8691815,146.2617648
2025-09-04T17:00:00+09:00,110429.4,110806.1,110378.6,110598.5,112806.2732,110280.8268,110198.3925,110837.9217,111543.55,NaN,NaN,NaN,NaN,-1,1,2742.3412,2755.84078,40.51397963,50.29567241,17.93536403,0.369022156,-1,-159.1913507,91.55755404
2025-09-04T18:00:00+09:00,110598.5,110809,110598.5,110769.4,112817.7133,110204.7567,110196.0205,110888.175,111511.235,NaN,NaN,NaN,NaN,-1,1,1488.151,2561.69323,43.57454775,50.93729974,20.1698833,0.308980019,-1,-169.0677927,36.59655574
2025-09-04T19:00:00+09:00,110769.4,111099.3,110570,110570,112756.9903,110102.2497,110193.439,110924.4767,111429.62,NaN,NaN,NaN,NaN,-1,1,2601.9074,2126.92565,40.92859694,50.16597748,22.06634403,0.365925244,-1,-190.7856,-18.68826439
2025-09-04T20:00:00+09:00,110570,111000,110480.5,110755.1,112672.5726,110045.7374,110190.3685,110950.6233,111359.155,NaN,110250,NaN,NaN,-1,1,2063.2056,1958.11749,44.3092301,50.87095357,23.59652692,0.399893424,-1,-190.8609692,-67.56244998
2025-09-04T21:00:00+09:00,110755.1,111080,110473,110882.5,112624.9707,110000.7693,110187.198,110982.1717,111312.87,NaN,NaN,NaN,NaN,-1,1,2172.7118,1870.61032,46.57548644,51.35446779,24.56729448,0.44876475,-1,-178.5820025,-107.0324598
2025-09-04T22:00:00+09:00,110882.5,110923.6,110160,110425.2,112514.3283,109929.0817,110182.775,111001.625,111221.705,NaN,NaN,112527.2,NaN,-1,1,3297.7204,1886.11936,40.24478443,49.56695256,25.12996163,0.53091841,-1,-203.4063789,-140.7729809
2025-09-04T23:00:00+09:00,110425.2,110493.7,109666,109803.6,112499.4535,109728.7865,110176.8565,110995.02,111114.12,NaN,NaN,NaN,NaN,-1,2,8318.3508,2211.80889,33.56611385,47.28323019,25.53967467,0.607216106,-1,-270.1239801,-172.8265301
2025-09-05T00:00:00+09:00,109803.6,109832.4,109302.5,109471,112455.7934,109505.3166,110170.747,110981.5333,110980.555,111099.3,NaN,NaN,NaN,-1,2,7136.555,2527.657,30.63646855,46.12250332,26.11984916,0.567392365,-1,-345.8494627,-203.8596354
2025-09-05T01:00:00+09:00,109471,109657.1,109330,109390.7,112370.4067,109315.0733,110164.0975,110966.87,110842.74,NaN,NaN,NaN,NaN,-1,2,2556.4698,2621.29359,29.95666194,45.84513028,26.85821364,0.478212557,-1,-407.6429381,-235.0567194
2025-09-05T02:00:00+09:00,109390.7,109869,109378.7,109725.7,112247.6662,109216.9638,110158.9235,110959.6317,110732.315,NaN,NaN,NaN,NaN,-1,2,2395.703,2703.57396,36.30640811,47.19748341,27.82601627,0.466782206,-1,-424.6874793,-264.5562893
2025-09-05T03:00:00+09:00,109725.7,110143.2,109636.4,109916.1,112090.5297,109176.7203,110153.902,110953.0383,110633.625,NaN,NaN,NaN,NaN,-1,2,2930.173,2813.42808,39.65482045,47.95159736,28.70603697,0.464342071,-1,-418.0131173,-292.2168809
2025-09-05T04:00:00+09:00,109916.1,110056.6,109651,109744,111966.4393,109110.4807,110146.246,110945.7717,110538.46,NaN,NaN,NaN,NaN,-1,2,1297.7964,2818.97918,37.72434827,47.32790786,29.58548443,0.433242634,-1,-421.749009,-317.8794819
2025-09-05T05:00:00+09:00,109744,110362,109695,110342.6,111712.3349,109197.1451,110141.5495,110946.425,110454.74,NaN,109302.5,NaN,NaN,-1,2,1712.617,2794.54433,47.32896311,49.65304846,30.02421919,0.488755202,-1,-372.1181662,-338.0191704
2025-09-05T06:00:00+09:00,110342.6,110493.1,110266.4,110440.6,111449.9603,109313.3697,110136.593,110947.1033,110381.665,NaN,NaN,NaN,NaN,-1,2,976.5364,2792.39096,48.72326271,50.02176597,29.87617656,0.393970574,-1,-321.175276,-353.8628675
2025-09-05T07:00:00+09:00,110440.6,111548,110430.6,111437.6,111457.5753,109308.8747,110135.013,110967.6917,110383.225,NaN,NaN,NaN,NaN,1,1,3658.9722,2880.3782,60.25141435,53.55432771,29.5501097,0.594535097,-1,-198.0698746,-353.2699226
2025-09-05T08:00:00+09:00,111437.6,111718.1,110552.3,110681.8,111395.0969,109329.3031,110128.618,110983.9617,110362.2,NaN,NaN,NaN,NaN,1,1,3920.9776,2969.65336,50.90770668,50.776907,29.111055,0.750159854,-1,-159.6543052,-340.9955143
2025-09-05T09:00:00+09:00,110681.8,110894.3,110396.4,110421.2,111345.0699,109333.3901,110120.4045,111011.7867,110339.23,NaN,NaN,NaN,NaN,1,1,1953.1084,3001.65471,48.13583746,49.86661783,28.66845664,0.651590111,-1,-148.5258185,-319.0706649
2025-09-05T10:00:00+09:00,110421.2,111103,110411.2,111084.1,111413.6589,109311.3611,110114.42,111011.5567,110362.51,NaN,NaN,NaN,NaN,1,1,1507.8838,2875.15083,54.86769623,52.09663205,28.52991339,0.639391608,-1,-85.23340507,-283.2473835
2025-09-05T11:00:00+09:00,111084.1,111440.6,111000,111290.5,111535.261,109282.699,110111.4525,111011.4483,110408.98,NaN,NaN,NaN,NaN,1,1,2840.2254,2886.50568,56.75004313,52.76446219,28.76698291,0.557437465,-1,-18.20905376,-238.083114
2025-09-05T12:00:00+09:00,111290.5,111290.6,111041.2,111262.8,111636.939,109264.361,110107.6335,111019.38,110450.65,NaN,NaN,NaN,NaN,1,1,918.2256,2824.48159,56.41000855,52.66387615,29.58618639,0.446435491,-1,32.30072638,-188.0482424
2025-09-05T13:00:00+09:00,111262.8,111413.9,111081.5,111390.1,111744.4854,109235.9746,110102.784,111030.0483,110490.23,111718.1,NaN,NaN,NaN,1,1,836.424,2729.18573,57.66541825,53.08346658,30.93946278,0.396753768,-1,81.66080225,-132.113819
2025-09-05T14:00:00+09:00,111390.1,111674.5,111360,111520.3,111855.9842,109199.5658,110102.985,111040.9367,110527.775,NaN,NaN,NaN,NaN,1,1,2178.3504,2763.6957,58.9670807,53.51369131,32.38180694,0.358197517,-1,129.7889437,-76.34636232
2025-09-05T15:00:00+09:00,111520.3,111851.6,111448,111851.6,112040.2544,109143.4556,110105.417,111062.01,110591.855,NaN,NaN,NaN,NaN,1,2,1581.649,2712.68278,62.15567322,54.59521582,33.90069106,0.35836945,-1,192.4455908,-19.27737711
2025-09-05T16:00:00+09:00,111851.6,112944.6,111826.9,112898.4,112462.716,108935.324,110113.853,111097.8933,110699.02,NaN,NaN,NaN,NaN,1,2,11370.4,3178.0425,70.06980264,57.7646689,35.78443922,0.566699477,-1,322.8478574,38.6023709
2025-09-05T17:00:00+09:00,112898.4,112930.4,112555,112583.2,112729.561,108838.549,110120.303,111118.3533,110784.055,NaN,NaN,NaN,NaN,1,2,3094.1802,3224.11592,65.61995184,56.55127324,37.93073349,0.49000481,-1,396.191538,100.3630201
2025-09-05T18:00:00+09:00,112583.2,112583.3,112100,112268.8,112917.3482,108835.1218,110123.646,111138.4333,110876.235,NaN,NaN,NaN,NaN,1,2,4192.8558,3268.87269,61.42939437,55.36702565,39.86793903,0.471079585,-1,424.0591905,163.9835767
2025-09-05T19:00:00+09:00,112268.8,112539.7,112150.8,112205.3,113053.4139,108939.2261,110127.461,111154.8833,110996.32,NaN,NaN,NaN,NaN,1,2,3535.2182,3029.71606,60.58781122,55.12899862,41.61506389,0.42976306,-1,435.9947109,221.8978118
2025-09-05T20:00:00+09:00,112205.3,112395.1,112088.6,112304.1,113144.9897,109130.9603,110129.216,111173.4817,111137.975,NaN,NaN,NaN,109302.5,1,2,1330.6682,2739.42172,61.47223919,55.4333137,43.10409095,0.377229879,-1,448.2587829,273.7275714
2025-09-05T21:00:00+09:00,112304.1,113341.3,112014.4,113147.8,113346.7791,109304.8809,110130.3355,111204.795,111325.83,NaN,NaN,NaN,NaN,1,2,29379.2524,4080.56085,68.06307885,57.92107277,44.504385,0.640515986,-1,520.0627278,327.9233494
2025-09-05T22:00:00+09:00,113147.8,113250,112651,113032.4,113502.4546,109479.8754,110131.4705,111236.67,111491.165,NaN,NaN,NaN,NaN,1,2,8539.041,4387.72775,66.39016654,57.4731168,45.77959106,0.604092129,-1,561.1870411,381.2040426
2025-09-05T23:00:00+09:00,113032.4,113032.4,110438.9,110528.1,113453.3118,109590.2182,110118.32,111223.3817,111521.765,NaN,NaN,NaN,NaN,1,2,23074.7514,5394.95667,42.16811217,49.06653397,46.15049459,1.194006973,-1,387.2384313,409.8095412
2025-09-06T00:00:00+09:00,110528.1,110974,110235.2,110679.8,113366.2778,109770.8322,110106.356,111218.155,111568.555,NaN,NaN,NaN,NaN,1,2,7078.1536,5683.97453,43.51255718,49.52309781,45.75000979,1.017417343,-1,258.6423589,417.1647377
2025-09-06T01:00:00+09:00,110679.8,110892.1,110479.2,110767.4,113338.4458,109841.1442,110094.8385,111214.7767,111589.795,NaN,NaN,NaN,NaN,1,2,2419.0396,5719.29566,44.31755952,49.78842119,44.99683086,0.801996183,-1,161.9309933,399.2850861
2025-09-06T02:00:00+09:00,110767.4,110767.4,110176.1,110571.4,113328.6468,109864.0232,110083.665,111213.575,111596.335,113341.3,NaN,NaN,NaN,1,2,2955.9298,5818.26533,42.84628062,49.19776466,44.00511639,0.713867733,-1,68.6792852,362.8948358
2025-09-06T03:00:00+09:00,110571.4,111256.4,110529.2,111144.6,113324.0453,109839.3247,110073.9985,111221.2317,111581.685,NaN,NaN,NaN,NaN,1,2,3324.1858,5801.52601,48.25644234,50.93548204,42.65012665,0.691551694,-1,40.56151638,320.2839831
2025-09-06T04:00:00+09:00,111144.6,111555,111062.8,111542.9,113317.887,109931.593,110067.34,111229.4417,111624.74,NaN,NaN,NaN,NaN,1,2,2636.6412,5737.30919,51.67929216,52.09776289,40.6393243,0.60647659,-1,49.84290529,277.3782269
2025-09-06T05:00:00+09:00,111542.9,111586,111232,111583.4,113284.0619,110081.6381,110059.282,111239.8483,111682.85,NaN,NaN,NaN,NaN,1,2,1471.5056,5713.22905,52.02679607,52.21526139,38.02439104,0.509921474,-1,59.77740765,234.2136297
2025-09-06T06:00:00+09:00,111583.4,111643.2,110320,110560.2,113312.4035,110000.9065,110048.176,111228.2667,111656.655,NaN,NaN,NaN,NaN,1,2,7312.1968,6003.4447,43.51279716,49.10859656,35.75360142,0.742031773,-1,-14.74316636,174.7907525
2025-09-06T07:00:00+09:00,110560.2,110884.6,110457.3,110756.8,113325.1953,109934.7447,110036.414,111217.7233,111629.97,NaN,110176.1,NaN,NaN,1,2,1027.393,5912.80308,45.36292449,49.69565358,33.74496478,0.622409828,-1,-57.2770273,106.0725227
2025-09-06T08:00:00+09:00,110756.8,110828.9,110555.7,110624.2,113343.0508,109853.0292,110026.318,111205.1017,111598.04,NaN,NaN,NaN,NaN,1,2,627.7222,5898.27791,44.30881345,49.30406194,31.97464903,0.497758,-1,-100.5263254,51.87643862
2025-09-06T09:00:00+09:00,110624.2,110794.7,110520,110738.7,113348.6875,109782.2525,110018.588,111199.75,111565.47,NaN,NaN,NaN,NaN,1,2,785.8218,5895.7478,45.48678224,49.6537645,30.35077262,0.414182699,-1,-124.1316009,9.345998639
2025-09-06T10:00:00+09:00,110738.7,110881,110698.3,110826.2,113342.9302,109718.5998,110011.005,111189.925,111530.765,NaN,NaN,NaN,NaN,1,2,418.9184,5807.7762,46.41948116,49.92323999,29.00622713,0.3308547,-1,-134.2311005,-23.56090066
2025-09-06T11:00:00+09:00,110826.2,111169,110684.3,111169,113309.0564,109684.2136,110005.1915,111172.7033,111496.635,111643.2,NaN,NaN,NaN,1,2,882.9496,5772.84123,50.02687539,50.97272829,27.86566376,0.365223933,-1,-113.2682457,-43.77729299
2025-09-06T12:00:00+09:00,111169,111258,110952,111024.2,113106.2731,109699.5769,110000.9975,111153.7,111402.925,NaN,NaN,NaN,NaN,1,2,4275.2702,5418.08474,48.54025137,50.5162136,26.87156842,0.335672039,-1,-107.1045476,-60.18463343
2025-09-06T13:00:00+09:00,111024.2,111024.2,110734.8,110831.3,112945.497,109685.163,109995.8275,111137.4183,111315.33,NaN,NaN,NaN,NaN,1,2,1447.8776,5335.76961,46.55545178,49.90834659,25.8318265,0.311210038,-1,-116.4429089,-78.66083501
2025-09-06T14:00:00+09:00,110831.3,110831.4,110651,110668.5,112827.0724,109643.5576,109989.264,111111.085,111235.315,NaN,NaN,NaN,NaN,1,2,867.475,5169.50057,44.88726513,49.39625363,24.79044966,0.262115014,-1,-135.4191988,-100.3493468
2025-09-06T15:00:00+09:00,110668.5,110767,110661,110712.2,112702.7216,109618.5984,109981.3295,111090.3667,111160.66,NaN,NaN,NaN,NaN,1,2,292.9582,5007.38757,45.45228328,49.53813351,23.74758652,0.206588948,-1,-145.2573837,-114.8509265
2025-09-06T16:00:00+09:00,110712.2,110790.5,110712.1,110780,112541.2373,109627.6727,109972.61,111067.6617,111084.455,NaN,NaN,NaN,NaN,1,2,227.357,4952.22201,46.37091982,49.76122361,22.67383136,0.161231973,-1,-145.9014615,-124.6980859
2025-09-06T17:00:00+09:00,110780,110923,110727.5,110903.2,112079.8912,109864.5588,109966.2995,111046.9317,110972.225,111258,NaN,113341.3,NaN,1,2,545.1186,3510.51532,48.08192537,50.16986738,21.51896777,0.166128527,-1,-134.9154659,-128.5191015
2025-09-06T18:00:00+09:00,110903.2,110903.2,110645.6,110651.9,111437.9341,110268.4659,109962.403,111025.56,110853.2,NaN,NaN,NaN,NaN,1,2,654.381,3116.28232,44.93286054,49.33428117,20.50350608,0.188604596,1,-144.8174299,-130.8175269
2025-09-06T19:00:00+09:00,110651.9,110757.1,110625,110730.7,111431.9835,110294.6765,109959.2045,111006.24,110863.33,NaN,NaN,NaN,NaN,1,2,419.9702,1983.54326,46.12440498,49.60296521,19.67636754,0.165413066,1,-144.6389979,-131.97396
2025-09-06T20:00:00+09:00,110730.7,110830.5,110621.9,110736.4,111431.6866,110300.6334,109954.6225,110991.0583,110866.16,NaN,NaN,NaN,NaN,1,2,777.0842,1668.48979,46.21506414,49.62269244,18.84731527,0.17306146,-1,-142.3961923,-135.2103985
2025-09-06T21:00:00+09:00,110736.4,110846.7,110700,110783.5,111431.9726,110301.9574,109951.2535,110970.5,110866.965,NaN,NaN,NaN,NaN,1,2,612.7788,1578.17675,47.00858055,49.78848511,17.96096084,0.159465402,-1,-135.2589948,-138.3386704
2025-09-06T22:00:00+09:00,110783.5,110890,110772.6,110879.2,111430.8478,110333.8622,109949.3015,110953.4517,110882.355,NaN,NaN,NaN,110176.1,1,2,557.5438,1458.25745,48.66579166,50.12891296,16.9779358,0.141512176,-1,-120.4915723,-138.7885219
2025-09-06T23:00:00+09:00,110879.2,110938,110714.8,110751.9,111400.262,110325.178,109946.8825,110942.5433,110862.72,NaN,NaN,NaN,NaN,1,2,1078.8622,1345.99127,46.57907127,49.67161283,15.98452011,0.161627066,-1,-117.7035168,-136.8201128
2025-09-07T00:00:00+09:00,110751.9,110782.7,110300,110331.5,111290.1936,110314.1064,109948.6565,110929.6967,110802.15,NaN,NaN,NaN,NaN,1,2,2318.4578,1330.0821,40.415808,48.18958827,15.41525576,0.253995185,-1,-147.7139746,-137.0930673
2025-09-07T01:00:00+09:00,110331.5,110343.6,109919.5,110214.9,111141.5985,110325.8515,109951.8215,110918.6017,110733.725,NaN,NaN,NaN,NaN,1,2,6047.0266,1558.85815,38.8792182,47.78590787,15.36923299,0.297773832,1,-178.8445158,-140.7534067
2025-09-07T02:00:00+09:00,110214.9,110226.2,109946.6,110104.3,111198.2649,110223.5951,109953.706,110910.0317,110710.93,NaN,NaN,NaN,NaN,-1,1,1112.1344,1248.85503,37.42570839,47.40141598,15.78419812,0.28336231,-1,-210.0192189,-149.0982681
2025-09-07T03:00:00+09:00,110104.3,110241.1,110012.1,110180.8,111220.6134,110143.6466,109954.826,110907.0267,110682.13,NaN,NaN,NaN,NaN,-1,1,710.636,1233.01718,39.12105519,47.69855669,16.66661194,0.258057113,-1,-225.9478984,-158.1127646
2025-09-07T04:00:00+09:00,110180.8,110208.2,109954.8,109991,111267.5728,110033.3672,109954.551,110899.72,110650.47,110938,NaN,NaN,NaN,-1,1,413.9844,1222.33029,36.48023011,47.02571463,18.02018945,0.249129106,-1,-250.9934689,-169.9299281
2025-09-07T05:00:00+09:00,109991,110120.4,109984.9,110120.3,111276.5514,109962.5486,109951.797,110891.75,110619.55,NaN,NaN,NaN,NaN,-1,1,289.9086,1197.53463,39.47754659,47.54033922,19.84667534,0.206906807,-1,-257.4412125,-182.7127081
2025-09-07T06:00:00+09:00,110120.3,110164.2,110050,110157.7,111265.3173,109906.9327,109957.267,110881.555,110586.125,NaN,109919.5,NaN,NaN,-1,1,552.3748,1204.20745,40.35426642,47.69038882,21.97002253,0.172447559,-1,-256.5755847,-196.1923292
2025-09-07T07:00:00+09:00,110157.7,110195.5,110027.1,110117.9,111186.3734,109880.7666,109967.062,110874.02,110533.57,NaN,NaN,NaN,NaN,-1,1,519.8918,1186.05456,39.69527572,47.54266206,23.97715691,0.165982257,-1,-256.1483768,-211.2653075
2025-09-07T08:00:00+09:00,110117.9,110233.2,110062.5,110140,111122.7399,109855.9801,109976.0825,110863.7683,110489.36,NaN,NaN,NaN,NaN,-1,1,406.6386,992.62298,40.27847184,47.63460888,25.61747119,0.162294157,-1,-251.1316369,-226.0906542
2025-09-07T09:00:00+09:00,110140,110321.1,110129.5,110312.1,111080.9549,109845.8451,109984.394,110854.2617,110463.4,NaN,NaN,NaN,NaN,-1,1,708.5786,955.65803,44.75870309,48.35423776,26.77058426,0.165923644,-1,-230.6104688,-235.3013757
2025-09-07T10:00:00+09:00,110312.1,110537.1,110284.6,110500,111065.6671,109844.2829,109994.7935,110855.5083,110454.975,NaN,NaN,NaN,NaN,-1,1,1195.6636,972.06746,49.23637947,49.13334663,27.28875837,0.186596595,-1,-196.9154173,-237.3092537
2025-09-07T11:00:00+09:00,110500,110636.7,110392.9,110603.7,111052.889,109846.211,110007.332,110868.8433,110449.55,NaN,NaN,NaN,NaN,-1,1,1637.419,1039.2905,51.56953727,49.56202143,27.31386982,0.197756638,-1,-159.9997453,-231.7515344
2025-09-07T12:00:00+09:00,110603.7,110684.5,110537.1,110569.2,111026.0342,109851.9858,110019.338,110887.1467,110439.01,NaN,NaN,NaN,NaN,-1,1,728.8668,1064.36599,50.73409497,49.42057313,26.94369493,0.176315622,-1,-132.0059881,-221.3135444
2025-09-07T13:00:00+09:00,110569.2,110578.5,110431,110497,110966.9021,109870.4979,110033.1405,110905.585,110418.7,NaN,NaN,NaN,NaN,-1,1,797.3554,1076.97783,48.94698228,49.12107813,26.13135408,0.162116481,-1,-114.3287597,-206.1285767
2025-09-07T14:00:00+09:00,110497,110669.1,110496.9,110610.1,110961.5489,109871.6711,110044.1815,110920.325,110416.61,NaN,NaN,NaN,NaN,-1,1,5134.1682,1300.96719,51.81059122,49.60940601,25.08171907,0.159861139,-1,-90.15396527,-187.5411048
2025-09-07T15:00:00+09:00,110610.1,110618.2,110434,110465.7,110929.6751,109877.0449,110054.7995,110929.485,110403.36,NaN,NaN,NaN,NaN,-1,1,634.225,1311.67993,48.10092377,48.99649411,23.78973015,0.16229627,-1,-81.70529194,-168.1110722
2025-09-07T16:00:00+09:00,110465.7,110868.9,110420.6,110696.6,110922.9125,109879.8275,110066.601,110945.3617,110401.37,NaN,NaN,NaN,NaN,-1,1,3977.0814,1471.67979,53.79760996,50.00475816,22.70232989,0.242965433,-1,-55.73547334,-145.8429719
2025-09-07T17:00:00+09:00,110696.6,111321.6,110660.5,111021.6,110978.2281,109848.3219,110080.3945,110956.6783,110413.275,NaN,NaN,NaN,NaN,1,1,6925.4512,1787.31341,60.38829185,51.38562943,22.30569756,0.359992694,-1,-8.827661341,-118.9203079
2025-09-07T18:00:00+09:00,111021.6,111198.6,110822.2,111065.3,111022.9431,109822.2169,110098.691,110967.09,110422.58,NaN,NaN,NaN,NaN,1,1,3508.2198,1934.84721,61.18995662,51.56924044,22.42237158,0.352867277,-1,31.51011343,-89.79579876
2025-09-07T19:00:00+09:00,111065.3,111185.1,110985,111169.9,111113.3275,109773.6325,110115.787,110962.6283,110443.48,NaN,NaN,NaN,NaN,1,1,627.849,1912.29655,63.11421415,52.01210491,22.95273529,0.295021764,-1,71.09885305,-60.0164354
2025-09-07T20:00:00+09:00,111169.9,111242.7,111126.9,111233.6,111238.8569,109738.3131,110130.085,110971.825,110488.585,NaN,NaN,NaN,NaN,1,1,575.382,1825.14276,64.27585881,52.28336255,24.04882984,0.231270287,-1,106.38691,-30.41791814
2025-09-07T21:00:00+09:00,111233.6,111234,111030,111062.7,111309.8595,109752.0905,110143.53,110982.5167,110530.975,NaN,NaN,NaN,109919.5,1,1,657.8944,1555.68615,58.91507826,51.48628729,25.37723884,0.215644116,-1,119.1888132,-2.507384663
2025-09-07T22:00:00+09:00,111062.7,111179.8,110990,111161.2,111382.8927,109784.7473,110157.8175,110983.8017,110583.82,111321.6,NaN,NaN,NaN,1,1,607.9268,1530.47577,60.93726669,51.91757905,26.94216485,0.200549699,-1,135.7180671,25.27559609
2025-09-07T23:00:00+09:00,111161.2,111367.7,111005.1,111087.7,111434.5137,109823.8163,110171.837,110980.4217,110629.165,NaN,NaN,NaN,NaN,1,1,1146.1502,1552.25148,58.61874345,51.5683616,28.59548192,0.242591185,-1,141.2584447,50.98808609
2025-09-08T00:00:00+09:00,111087.7,111327.6,111059.3,111276.7,111489.9835,109896.9165,110185.9335,110980.6533,110693.45,NaN,NaN,NaN,NaN,1,1,592.3116,1561.16784,62.56319321,52.40866989,30.0360112,0.241822992,-1,159.0663367,77.74048927
2025-09-08T01:00:00+09:00,111276.7,111325.6,111105.8,111151,111519.5897,109970.3803,110199.0735,110976.6683,110744.985,NaN,NaN,NaN,NaN,1,1,553.754,1574.36011,58.5648683,51.79849415,31.28309704,0.227313981,-1,161.1783166,101.8420215
2025-09-08T02:00:00+09:00,111151,111193.3,110841.2,110922.3,111512.2374,110054.1926,110211.3225,110966.7017,110783.215,NaN,NaN,NaN,NaN,1,1,1555.619,1624.52232,52.04746856,50.70210799,31.89707634,0.257664908,-1,142.7523371,118.6842435
2025-09-08T03:00:00+09:00,110922.3,111027.3,110815,111010.3,111495.139,110160.531,110224.47,110952.68,110827.835,NaN,NaN,NaN,NaN,1,1,657.5006,1631.40276,54.16130148,51.10859835,31.86484552,0.235388273,-1,133.7091642,130.0396936
2025-09-08T04:00:00+09:00,111010.3,111262.1,111005,111221.9,111490.2256,110273.6344,110237.3965,110924.7383,110881.93,111367.7,NaN,NaN,NaN,1,1,830.3576,1652.58871,58.85770405,52.07852723,31.66770052,0.233680134,-1,141.9800781,137.9153853
2025-09-08T05:00:00+09:00,111221.9,111332.4,111106.1,111291.4,111504.5022,110357.2878,110250.9965,110903.2083,110930.895,NaN,NaN,NaN,NaN,1,1,604.3134,1647.37545,60.29655259,52.39517929,31.45172447,0.22346949,-1,152.3862918,143.0264277
2025-09-08T06:00:00+09:00,111291.4,111293.8,111002.3,111002.3,111494.8864,110417.1336,110263.586,110882.1,110956.01,NaN,NaN,NaN,NaN,1,1,519.6352,1613.57403,52.12961812,50.96515427,30.91249418,0.236903394,-1,135.740604,144.8655156
2025-09-08T07:00:00+09:00,111002.3,111316.7,110964.8,111201,111509.3247,110462.4253,110276.586,110865.3617,110985.875,NaN,NaN,NaN,NaN,1,1,822.0634,1572.80625,56.49151148,51.88650259,30.02288522,0.263138051,-1,137.0029216,145.0082772
2025-09-08T08:00:00+09:00,111201,111561.1,111011.1,111085.1,111500.1202,110523.2198,110287.9015,110845.045,111011.67,NaN,110815,NaN,NaN,1,1,2677.0424,1670.21503,53.43314756,51.31241011,29.05098398,0.340647032,-1,127.1850459,143.4445662
2025-09-08T09:00:00+09:00,111085.1,111245.8,110689,110785.2,111467.7062,110584.4538,110298.0075,110805.6683,111026.08,NaN,NaN,NaN,NaN,-1,1,3736.3994,1817.16723,46.42875164,49.85531858,28.05769348,0.395244188,1,94.1199291,136.2282987
2025-09-08T10:00:00+09:00,110785.2,110956.4,110677.1,110849.5,111445.59,110630.51,110308.6505,110769.2867,111038.05,NaN,NaN,NaN,NaN,-1,1,1952.2118,1658.06941,48.00259248,50.16505179,27.07451726,0.347331029,1,72.27096376,126.3497039
2025-09-08T11:00:00+09:00,110849.5,111344.1,110568.6,111200,111391.6648,110757.8652,110321.247,110780.485,111074.765,NaN,NaN,NaN,NaN,-1,1,2326.762,1742.69626,55.6510539,51.82102149,26.17973936,0.463288195,1,82.28934175,119.6315933
2025-09-08T12:00:00+09:00,111200,111307.4,110971.8,111002.8,111358.2577,110821.8923,110332.3795,110785.8683,111090.075,NaN,NaN,NaN,NaN,-1,1,4532.2428,1770.45433,51.0970655,50.85053908,25.30331974,0.410185733,1,73.46967389,112.9383167
2025-09-08T13:00:00+09:00,111002.8,111172.4,110876.5,110932.6,111361.0604,110810.1896,110344.098,110788.6217,111085.625,111561.1,NaN,NaN,NaN,-1,1,1536.074,1500.98547,49.54283903,50.50680969,24.48686543,0.362543051,1,60.12241646,103.8430209
2025-09-08T14:00:00+09:00,110932.6,111020.7,110853,110985.2,111360.4298,110802.8102,110356.3555,110795.5183,111081.62,NaN,NaN,NaN,NaN,-1,1,451.1756,1348.13326,50.75160911,50.76139324,23.75195906,0.291947895,1,53.17601915,92.81965729
2025-09-08T15:00:00+09:00,110985.2,111151.6,110870,111068.8,111352.4398,110800.6902,110369.324,110794.255,111076.565,NaN,NaN,NaN,NaN,-1,1,783.8068,1355.93115,52.69144844,51.16892044,22.97479215,0.278997615,1,53.79663642,83.714772
2025-09-08T16:00:00+09:00,111068.8,111555,111068.8,111220.8,111350.3954,110801.4546,110381.6525,110788.8867,111075.925,NaN,110568.6,NaN,NaN,-1,1,2975.6126,1475.94268,56.07886976,51.90770615,22.83063485,0.331460364,1,65.79516406,75.80279894
2025-09-08T17:00:00+09:00,111220.8,111874.7,111189.9,111631.8,111470.2484,110738.5116,110393.137,110789.6933,111104.38,NaN,NaN,NaN,NaN,1,1,5087.8902,1697.44247,63.65658405,53.83559708,23.40862832,0.424641765,1,107.2322423,73.58582076
2025-09-08T18:00:00+09:00,111631.8,112045.4,111532.1,112045.4,111698.5897,110598.5903,110406.487,110814.4467,111148.59,NaN,NaN,NaN,NaN,1,1,4949.2168,1914.50697,69.38153228,55.66151548,24.37287526,0.434755463,1,171.4689019,82.18015107
2025-09-08T19:00:00+09:00,112045.4,112142.4,111860.5,111995.6,111855.0451,110532.9249,110420.5945,110835.0933,111193.985,NaN,NaN,NaN,NaN,1,1,2987.738216,2006.586371,67.99272569,55.39222154,25.72018545,0.37386796,-1,215.870058,98.13560599
2025-09-08T20:00:00+09:00,111995.6,112090.9,111713.8,112017.4,111983.1823,110478.8577,110434.882,110858.3133,111231.02,NaN,NaN,NaN,NaN,1,1,2378.958397,2095.918711,68.29193797,55.48845503,27.33988535,0.36141151,-1,249.9362623,116.7630416
2025-09-08T21:00:00+09:00,112017.4,112120.8,111885.9,112000,112095.3736,110451.5664,110451.0805,110879.335,111273.47,NaN,NaN,NaN,NaN,1,1,942.6940025,2115.365711,67.74755842,55.39108997,29.25081377,0.310889153,-1,272.3899977,138.8652998
2025-09-08T22:00:00+09:00,112000,112332.5,111836.7,111869.9,112165.2597,110476.4403,110466.8855,110896.73,111320.85,NaN,NaN,NaN,NaN,1,1,4340.360253,2254.602773,63.66134618,54.65903225,31.40038867,0.355231599,-1,276.4994485,162.9071922
2025-09-08T23:00:00+09:00,111869.9,112742.4,111836.7,112585,112393.8474,110405.3226,110486.483,110920.33,111399.585,NaN,NaN,NaN,NaN,1,1,5231.968812,2483.326184,73.22186991,57.78923831,33.63304236,0.503469813,-1,333.6131271,194.0668709
2025-09-09T00:00:00+09:00,112585,112850,112460.1,112567.4,112579.0192,110354.7008,110506.036,110946.05,111466.86,NaN,NaN,NaN,NaN,1,1,3290.5584,2606.336224,72.71480186,57.68917446,35.83017267,0.451155775,-1,373.1544636,229.5510739
2025-09-09T01:00:00+09:00,112567.4,112616.3,112229.5,112343.4,112691.3552,110347.5648,110522.95,110971.2517,111519.46,NaN,NaN,NaN,NaN,1,1,2088.775379,2680.559323,66.41122627,56.41990802,37.65156236,0.416137382,-1,382.0127248,264.6863584
2025-09-09T02:00:00+09:00,112343.4,112492.5,112033,112166.3,112756.6336,110398.6864,110541.4785,110996.215,111577.66,NaN,NaN,NaN,NaN,1,1,1139.627833,2711.558955,61.84630664,55.43550739,38.89158584,0.414416145,-1,370.4719012,293.9352094
2025-09-09T03:00:00+09:00,112166.3,112471.3,112137.8,112432.2,112860.8965,110417.5435,110561.01,111024.8817,111639.22,NaN,NaN,NaN,NaN,1,1,834.2884497,2712.170207,65.66261385,56.59621214,39.7972457,0.374498442,-1,378.4194394,316.9297136
2025-09-09T04:00:00+09:00,112432.2,112432.3,111935,112046,112893.4757,110481.0543,110579.52,111045.9817,111687.265,NaN,NaN,NaN,NaN,1,1,1640.500952,2660.343135,56.77929317,54.49188433,40.17795473,0.398471364,-1,349.5256937,331.7803398
2025-09-09T05:00:00+09:00,112046,112101,111846.6,111919.6,112879.8227,110608.1473,110597.712,111062.9217,111743.985,112850,NaN,NaN,NaN,1,1,1043.146104,2525.68047,54.19503349,53.82325467,39.90473438,0.341716271,-1,312.821754,338.7676167
2025-09-09T06:00:00+09:00,111919.6,112290.6,111884.4,112279.9,112895.8231,110735.1869,110617.1965,111090.055,111815.505,NaN,NaN,NaN,NaN,1,1,927.4738592,2474.443573,59.81021414,55.41514519,39.04487374,0.347671301,-1,309.2420661,342.8622909
2025-09-09T07:00:00+09:00,112279.9,112465,112152.8,112176.2,112916.8398,110811.7902,110635.986,111114.1467,111864.315,NaN,NaN,NaN,NaN,1,1,959.7195212,2406.091449,57.62079172,54.8594829,37.73746366,0.324765853,-1,294.6409765,344.8780163
2025-09-09T08:00:00+09:00,112176.2,112247.9,111929,112010.2,112891.1453,110938.2247,110652.258,111135.3767,111914.685,NaN,NaN,NaN,NaN,1,1,471.2833424,2203.043476,54.20043804,53.97506045,36.08708255,0.31173351,-1,266.6014793,337.4322776
2025-09-09T09:00:00+09:00,112010.2,112052.8,111409.2,111616.4,112828.4747,111069.2753,110665.986,111149.2583,111948.875,NaN,NaN,NaN,NaN,1,1,3999.396048,2326.209579,47.06326603,51.94695465,34.43128513,0.400761494,-1,210.1807737,319.3240899
2025-09-09T10:00:00+09:00,111616.4,111708.2,111232.5,111330.1,112780.5822,111151.6578,110677.9555,111156.7733,111966.12,NaN,NaN,NaN,NaN,1,1,2345.847725,2420.943185,42.66459655,50.53762441,32.8644071,0.410290689,-1,140.7425483,292.5162925
2025-09-09T11:00:00+09:00,111330.1,111407.8,111083.4,111292.5,112747.087,111207.523,110688.9985,111165.7833,111977.305,NaN,NaN,NaN,NaN,1,1,1822.89319,2472.897504,42.10798159,50.35447224,31.65935101,0.370780921,-1,81.73604633,260.4345308
2025-09-09T12:00:00+09:00,111292.5,111694.4,111189.5,111654.8,112704.0034,111294.0066,110702.9285,111187.8383,111999.005,NaN,NaN,NaN,NaN,1,1,2051.783158,2426.706032,49.01085811,52.06330919,30.62837922,0.397117638,-1,63.47584056,225.4407976
2025-09-09T13:00:00+09:00,111654.8,112042.3,111574,111970.1,112700.8123,111331.0277,110717.4405,111217.0917,112015.92,NaN,NaN,NaN,NaN,1,1,2879.824378,2316.302741,54.13618862,53.48569531,29.52142632,0.403411806,-1,73.59817689,194.7821846
2025-09-09T14:00:00+09:00,111970.1,112204.8,111800,112156.7,112709.0485,111333.9215,110733.2995,111251.2983,112021.485,NaN,NaN,NaN,NaN,1,1,1809.368989,2159.31035,56.89752153,54.30484287,28.32507948,0.388801622,-1,95.5755267,170.6437149
2025-09-09T15:00:00+09:00,112156.7,113118.6,112109.3,112981.9,112875.3875,111266.2125,110754.005,111297.9833,112070.8,NaN,NaN,NaN,NaN,1,2,5444.140542,2282.130467,66.50244653,57.67015041,27.63313881,0.555084232,-1,177.5329885,156.009373
2025-09-09T16:00:00+09:00,112981.9,113237.1,112705,112950.2,113007.8098,111227.0702,110777.7145,111347.3033,112117.44,NaN,111083.4,NaN,NaN,1,2,5373.942986,2431.879696,65.89497108,57.50407394,27.33538689,0.52719087,-1,237.1927322,149.6262347
2025-09-09T17:00:00+09:00,112950.2,113132.4,112855.3,112956.5,113125.2939,111205.2361,110801.6085,111394.5733,112165.265,NaN,NaN,NaN,NaN,1,2,1438.493807,2456.669686,65.96151789,57.52888737,27.30214504,0.433212869,-1,281.7342097,151.3076492
2025-09-09T18:00:00+09:00,112956.5,113017.3,112859,112918.8,113221.0885,111214.3315,110825.6835,111440.5917,112217.71,NaN,NaN,NaN,NaN,1,2,991.4383029,2289.223589,65.14237826,57.32441495,27.43524035,0.335634748,-1,310.4133249,162.4445993
2025-09-09T19:00:00+09:00,112918.8,112995.7,112596.2,112692.2,113235.3453,111210.7947,110851.213,111483.4967,112223.07,NaN,NaN,NaN,NaN,1,2,1557.779995,2105.514148,60.29556896,56.10094766,27.73580795,0.342374911,-1,311.2688902,181.3919707
2025-09-09T20:00:00+09:00,112692.2,112771.4,112365.5,112397.5,113217.9618,111211.1882,110875.0615,111521.1217,112214.575,NaN,NaN,NaN,NaN,1,2,976.8638958,1989.829423,54.60530902,54.55511222,28.11069653,0.349224742,-1,284.8831491,203.963871
2025-09-09T21:00:00+09:00,112397.5,112793.8,112350.1,112626.3,113246.8404,111210.5996,110901.3125,111559.6917,112228.72,113237.1,NaN,NaN,NaN,1,2,1469.466748,1958.863991,57.92523907,55.52635218,28.47206874,0.363662768,-1,279.2158802,227.9349865
2025-09-09T22:00:00+09:00,112626.3,112893.1,112433.4,112710,113294.7312,111217.0788,110925.751,111596.525,112255.905,NaN,NaN,NaN,NaN,1,2,1697.421165,1986.753658,59.10355974,55.8784928,28.51285753,0.378215432,-1,278.270688,250.6763766
2025-09-09T23:00:00+09:00,112710,112908.7,111473.4,111721.2,113281.0484,111159.6616,110944.2325,111615.15,112220.355,NaN,NaN,NaN,NaN,1,2,9392.179775,2414.648224,43.57722106,51.00783,28.29559247,0.682613872,-1,195.4803443,261.7769119
2025-09-10T00:00:00+09:00,111721.2,111796.6,110730.1,110837,113379.3754,110940.4346,110951.5425,111619.6133,112159.905,NaN,NaN,NaN,NaN,-1,1,7559.239196,2710.585136,34.77892929,47.24835686,28.07651988,0.779447542,-1,57.85394581,248.4792405
2025-09-10T01:00:00+09:00,110837,111106.8,110745.1,110925.3,113440.7998,110779.5802,110958.444,111626.7517,112110.19,NaN,NaN,NaN,NaN,-1,1,2299.600707,2773.407866,36.16502243,47.64176215,27.85580408,0.627909817,-1,-43.58843417,217.2813331
2025-09-10T02:00:00+09:00,110925.3,111154.1,110847.6,110990,113459.5863,110631.8037,110966.0335,111633.0833,112045.695,NaN,NaN,NaN,NaN,-1,1,1377.669099,2795.917628,37.21787786,47.9322124,27.82175223,0.510412859,-1,-117.4080944,172.9321882
2025-09-10T03:00:00+09:00,110990,111272,110889.3,111102.6,113462.4033,110521.6267,110978.8765,111643.6983,111992.015,NaN,NaN,NaN,NaN,-1,1,1655.701664,2830.716736,39.10041335,48.44035499,28.04151377,0.454749173,-1,-164.9236905,120.1169643
2025-09-10T04:00:00+09:00,111102.6,111342.9,111081.7,111252.2,113459.3377,110448.8923,110991.4455,111652.9583,111954.115,NaN,NaN,NaN,NaN,-1,1,736.9503368,2844.000085,41.60568948,49.1138955,28.42619558,0.381019075,-1,-188.3376339,64.60512827
2025-09-10T05:00:00+09:00,111252.2,111487.2,111040.8,111483.1,113459.759,110435.141,111003.5885,111660.65,111947.45,NaN,110730.1,NaN,NaN,-1,1,1714.150306,2729.737798,45.34303935,50.14014278,28.79386561,0.386959759,-1,-186.1162205,12.27186498
2025-09-10T06:00:00+09:00,111483.1,111688,111205.3,111237.9,113463.1891,110422.4909,111014.957,111663.5267,111942.84,NaN,NaN,NaN,NaN,-1,1,1499.462942,2687.418559,42.25055934,49.06739605,28.93528158,0.403186765,-1,-201.8149283,-41.17600263
2025-09-10T07:00:00+09:00,111237.9,111584.9,111197.1,111505.4,113458.3739,110448.5961,111026.963,111669.1183,111953.485,NaN,NaN,NaN,NaN,-1,1,846.7469774,2638.611248,46.53463209,50.25272554,28.64313667,0.384074966,-1,-190.4755691,-93.25892009
2025-09-10T08:00:00+09:00,111505.4,111529.6,111302.8,111491.2,113458.3555,110432.2545,111040.7345,111673.4117,111945.305,NaN,NaN,NaN,NaN,-1,1,606.5706959,2566.350625,46.33811665,50.18942974,27.95684551,0.323890631,-1,-180.5535576,-135.0404647
2025-09-10T09:00:00+09:00,111491.2,111509,110888.3,110965.2,113467.072,110323.048,111051.891,111671.7867,111895.06,NaN,NaN,NaN,NaN,-1,1,2399.61636,2542.340224,39.65735184,47.90765683,27.18803722,0.403405483,-1,-212.6824254,-165.1000616
2025-09-10T10:00:00+09:00,110965.2,111184,110871.7,110960.9,113453.22,110217.32,111062.2985,111668.4483,111835.27,NaN,NaN,NaN,NaN,-1,1,1418.507255,2522.797138,39.60707962,47.88948754,26.4391789,0.362764241,-1,-235.7739039,-186.4540026
2025-09-10T11:00:00+09:00,110960.9,111506.5,110960.9,111362,113294.8484,110213.7016,111073.1725,111673.02,111754.275,111688,NaN,NaN,NaN,-1,1,2368.642673,2369.022244,46.42894855,49.70579743,25.48802123,0.404283009,-1,-219.1820548,-197.7622204
2025-09-10T12:00:00+09:00,111362,111530,111313.2,111495.6,113123.607,110239.483,111084.8065,111676.6683,111681.545,NaN,NaN,113237.1,NaN,-1,1,595.1085808,2130.080524,48.51505319,50.29487759,24.44384178,0.334014762,-1,-193.0273918,-200.8848539
2025-09-10T13:00:00+09:00,111495.6,111598.1,111351.8,111471.1,112926.8333,110287.7167,111098.001,111682.0033,111607.275,NaN,NaN,NaN,NaN,-1,1,673.5857576,2091.835122,48.14479931,50.18483939,23.40257799,0.296376827,-1,-172.2905203,-199.1018413
2025-09-10T14:00:00+09:00,111471.1,111664,111305.7,111531,112712.2437,110363.5263,111116.885,111692.1483,111537.885,NaN,NaN,NaN,NaN,-1,1,4444.100061,2264.468209,49.16625752,50.45537958,22.36559189,0.304563759,-1,-149.3019113,-195.0113625
2025-09-10T15:00:00+09:00,111531,111918.2,111346.5,111737.7,112544.439,110435.881,111133.614,111704.2717,111490.16,NaN,110871.7,NaN,NaN,1,1,1862.797722,2279.719096,52.63360192,51.38542731,21.52464918,0.373215131,-1,-113.1005577,-185.1542102
2025-09-10T16:00:00+09:00,111737.7,112530.3,111706.2,112488.7,112565.32,110424.12,111150.126,111725.385,111494.72,NaN,NaN,NaN,NaN,1,1,3254.374982,2393.59465,62.61200813,54.54987634,20.92987742,0.491351282,-1,-23.53994668,-166.6058077
2025-09-10T17:00:00+09:00,112488.7,112790,112283,112326.2,112493.3524,110466.0776,111166.809,111742.6317,111479.715,NaN,NaN,NaN,NaN,1,1,4903.171858,2565.279906,59.68223489,53.7766728,20.64204115,0.478496064,-1,33.93392174,-142.7738656
2025-09-10T18:00:00+09:00,112326.2,112399.5,112051.2,112237,112371.051,110541.079,111181.704,111763.21,111456.065,NaN,NaN,NaN,NaN,1,1,2070.24286,2583.92099,58.07578336,53.35290838,20.7028192,0.422692722,-1,71.46092496,-111.2023822
2025-09-10T19:00:00+09:00,112237,112384,112155.1,112224.5,112450.0981,110512.3619,111191.827,111780.2683,111481.23,NaN,NaN,NaN,NaN,1,1,1782.117329,2203.417868,57.84082718,53.29283261,21.09880929,0.349815255,-1,99.0509027,-73.9996259
2025-09-10T20:00:00+09:00,112224.5,112371.6,112109.1,112258,112530.125,110574.435,111201.716,111799.8167,111552.28,NaN,NaN,NaN,110730.1,1,1,787.7122179,1864.841519,58.32741554,53.43627536,21.81172874,0.311086022,-1,122.2105616,-36.06711297
2025-09-10T21:00:00+09:00,112258,113510,112258,113387.9,112896.3999,110454.4201,111217.303,111843.195,111675.41,NaN,NaN,NaN,NaN,1,1,11874.22077,2343.572522,70.63713094,57.88913768,23.18466007,0.573382137,-1,229.0973534,10.8356365
2025-09-10T22:00:00+09:00,113387.9,114274.7,113343.6,113904.1,113339.4532,110302.7768,111236.0235,111894.105,111821.115,NaN,NaN,NaN,NaN,1,1,9349.033569,2742.140746,74.362999,59.68705183,25.09284929,0.653003105,-1,351.408118,69.02437408
2025-09-10T23:00:00+09:00,113904.1,114225,113755,113859.3,113678.5266,110239.3734,111253.7615,111938.4267,111958.95,NaN,NaN,NaN,NaN,1,1,4611.020765,2889.906701,73.49141294,59.46213076,27.17728881,0.573103418,-1,439.6572,134.4642753
2025-09-11T00:00:00+09:00,113859.3,114060,113680.9,113802.9,113949.8192,110223.1508,111271.876,111985.095,112086.485,NaN,NaN,NaN,NaN,1,1,2463.510939,2976.234731,72.34186039,59.1755492,29.27076164,0.493298232,-1,499.2887348,202.5075301
2025-09-11T01:00:00+09:00,113802.9,113883.8,113535.6,113732.7,114171.4247,110226.5053,111289.0225,112031.7633,112198.965,NaN,NaN,NaN,NaN,1,1,2957.987516,3038.426591,70.85622267,58.81537591,31.45747101,0.431120627,-1,534.7186982,264.5362684
2025-09-11T02:00:00+09:00,113732.7,114041.7,113382.5,113697.7,114345.4676,110298.4424,111305.5115,112076.9717,112321.955,NaN,NaN,NaN,NaN,1,1,2553.55238,3091.131063,70.08344546,58.63373964,33.76667223,0.480763245,-1,553.5915334,322.276003
2025-09-11T03:00:00+09:00,113697.7,113861.9,113300,113543.1,114477.6092,110370.0708,111322.2155,112118.21,112423.84,114274.7,NaN,NaN,NaN,1,1,4765.648981,3287.076163,66.62682606,57.82845472,36.15826791,0.48590462,-1,549.7364438,375.4177273
2025-09-11T04:00:00+09:00,113543.1,113578.1,113104.9,113521.8,114585.4365,110465.3035,111341.2965,112156.56,112525.37,NaN,NaN,NaN,NaN,1,1,1913.482234,3352.42174,66.14279475,57.71696612,38.07820646,0.462942606,-1,538.7521263,424.2734188
2025-09-11T05:00:00+09:00,113521.8,113840.1,113488.6,113509,114623.8146,110681.3054,111365.083,112187.8467,112652.56,NaN,NaN,NaN,NaN,1,1,2684.801688,3366.681007,65.8332775,57.64878499,39.53209464,0.411885565,-1,522.9854716,468.8039644
2025-09-11T06:00:00+09:00,113509,113793.8,113469.1,113777.4,114660.7971,110925.9729,111378.4805,112216.7133,112793.385,NaN,NaN,NaN,NaN,1,1,1443.968774,3367.954083,69.098679,58.69328572,40.54479285,0.369069889,-1,526.0835572,501.8024315
2025-09-11T07:00:00+09:00,113777.4,113934.8,113650.2,113832.9,114714.8511,111119.0089,111391.16,112247.335,112916.93,NaN,NaN,NaN,NaN,1,1,1176.106426,3308.32727,69.74263983,58.90721674,41.26616137,0.329265162,-1,526.9429286,521.3062993
2025-09-11T08:00:00+09:00,113832.9,113970.9,113731.1,113899.9,114758.75,111315.54,111406.725,112278.71,113037.145,NaN,NaN,NaN,NaN,1,1,1474.175129,3352.280598,70.54076388,59.16782744,41.85485854,0.289559565,-1,526.9559069,531.0061556
2025-09-11T09:00:00+09:00,113899.9,113946.8,113608.2,113830.7,114750.021,111560.229,111422.1285,112309.2217,113155.125,NaN,113104.9,NaN,NaN,1,1,882.4139075,3362.722005,68.53011248,58.77481698,42.15335249,0.292310162,-1,515.4406517,532.8008131
2025-09-11T10:00:00+09:00,113830.7,114130,113774.8,113842.1,114704.9436,111836.4164,111437.004,112342.0917,113270.68,NaN,NaN,NaN,NaN,1,1,1250.796715,3203.056838,68.68845029,58.82081613,42.34098523,0.29885763,-1,501.4541622,529.1047535
2025-09-11T11:00:00+09:00,113842.1,113894.4,113657.3,113763.6,114634.7726,112109.1774,111452.886,112361.735,113371.975,NaN,NaN,NaN,NaN,1,1,624.1726315,3141.125583,66.21778686,58.36304875,42.46899123,0.268847448,-1,478.5194008,520.7634054
2025-09-11T12:00:00+09:00,113763.6,114377,113763.6,114349.7,114728.0289,112202.0211,111470.9075,112391.44,113465.025,NaN,NaN,NaN,NaN,1,2,2541.391353,3105.476402,73.79623539,60.69448831,42.65016616,0.357121202,-1,501.8517741,515.4428866
2025-09-11T13:00:00+09:00,114349.7,114349.8,114016.8,114106.7,114731.5227,112376.5773,111484.663,112420.8283,113554.05,NaN,NaN,NaN,NaN,1,2,1583.270379,2939.481328,67.07748912,59.28937449,42.89718429,0.335865188,-1,495.0283996,510.5846947
2025-09-11T14:00:00+09:00,114106.7,114285.4,113910,114208.3,114694.8559,112610.3741,111500.3845,112454.8617,113652.615,NaN,NaN,NaN,NaN,1,2,1661.320946,2919.035232,68.37398351,59.68770362,43.03583986,0.333276818,-1,492.1459449,507.1580807
2025-09-11T15:00:00+09:00,114208.3,114420,114010.1,114270.1,114599.1559,112910.6341,111515.6435,112485.4933,113754.895,NaN,NaN,NaN,NaN,1,2,1122.307853,2886.044758,69.16930097,59.93114301,43.1222234,0.341634886,-1,489.2090252,503.0609104
2025-09-11T16:00:00+09:00,114270.1,114272.7,113919.6,114049,114344.3052,113344.5848,111529.9475,112518.8767,113844.445,NaN,NaN,NaN,NaN,1,2,2130.437044,2953.181,63.05944314,58.6378805,43.18859527,0.331399384,1,463.6953813,496.0334052
2025-09-11T17:00:00+09:00,114049,114160,113926.7,114005.7,114333.1095,113417.5605,111543.631,112553.645,113875.335,NaN,NaN,NaN,NaN,1,2,872.3827245,2403.089098,61.90616136,58.38599867,43.15635459,0.289229798,1,434.9676503,485.8124878
2025-09-11T18:00:00+09:00,114005.7,114033.5,113720.3,113847.6,114330.2369,113414.7831,111557.2695,112579.7733,113872.51,NaN,NaN,NaN,NaN,1,2,1960.484403,2033.661639,57.75291345,57.46591418,42.9210357,0.284789172,1,394.8913065,472.4181161
2025-09-11T19:00:00+09:00,113847.6,114069.2,113844.4,114033.2,114344.1746,113418.2354,111570.8085,112610.7233,113881.205,NaN,NaN,NaN,NaN,1,2,1257.354349,1865.978318,61.05603763,58.25428733,42.32988202,0.25526229,1,373.7979739,458.2340952
2025-09-11T20:00:00+09:00,114033.2,114063.7,113869.8,113962.8,114352.0071,113426.3929,111585.6555,112643.2667,113889.2,114420,NaN,NaN,NaN,1,2,1453.470097,1815.476276,59.16638262,57.83917433,41.41524216,0.226994398,1,347.3960983,443.6648393
2025-09-11T21:00:00+09:00,113962.8,114475.5,113451.8,113923.9,114356.108,113441.412,111600.4245,112681.725,113898.76,NaN,NaN,NaN,NaN,1,2,19096.33013,2622.393407,58.09642895,57.60762146,40.18678344,0.450908704,1,319.6488042,423.4200649
2025-09-11T22:00:00+09:00,113923.9,114665.9,113368,114576.1,114476.6502,113408.7098,111620.0875,112735.825,113942.68,NaN,NaN,NaN,NaN,1,3,10088.32949,2999.132263,68.41083058,60.3260596,38.50219174,0.676489414,1,346.2941003,406.8940317
2025-09-11T23:00:00+09:00,114576.1,114618.4,113870.1,114396.1,114521.0848,113449.5752,111638.642,112787.5517,113985.33,NaN,NaN,NaN,NaN,1,3,4138.352425,2967.767435,63.74713627,59.25550959,36.50728689,0.669746135,1,348.8646986,390.9738932
2025-09-12T00:00:00+09:00,114396.1,114628.4,113935.6,114124,114509.6875,113521.1925,111654.0105,112828.705,114015.44,NaN,NaN,NaN,NaN,1,3,2957.505972,3019.968622,57.37917738,57.67605045,34.23998298,0.64991498,1,325.1970512,372.7503405
2025-09-12T01:00:00+09:00,114124,114527.2,114124,114432.5,114529.8495,113593.3805,111671.378,112869.745,114061.615,NaN,NaN,NaN,NaN,1,3,1660.006409,2968.728858,62.01249099,58.94268597,31.96544612,0.549557729,1,327.5577599,357.6239381
2025-09-12T02:00:00+09:00,114432.5,114544,114281.5,114533.1,114591.169,113607.631,111687.768,112909.3517,114099.4,NaN,NaN,NaN,NaN,1,3,823.8033034,2937.720585,63.40939622,59.34767985,29.67770716,0.442447146,1,333.6995373,346.3719256
2025-09-12T03:00:00+09:00,114533.1,114555,114034.9,114258.1,114601.1405,113640.1795,111702.1115,112930.6217,114120.66,114665.9,113368,NaN,NaN,1,3,1754.89886,2966.660206,57.21556055,57.757822,27.53525471,0.44740719,1,312.7713054,337.247481
2025-09-12T04:00:00+09:00,114258.1,114480.9,114130,114372.3,114625.4737,113663.0863,111717.0655,112954.3233,114144.28,NaN,NaN,NaN,NaN,1,3,875.6589502,2936.734397,59.00633505,58.23215666,25.66265186,0.40024199,1,301.9201687,329.2610582
2025-09-12T05:00:00+09:00,114372.3,114447.1,114210,114343.1,114635.9057,113703.8943,111733.482,112977.4333,114169.9,NaN,NaN,NaN,NaN,1,3,791.1736586,2932.172385,58.33401149,58.06197922,24.14693847,0.336015594,1,287.6485355,322.6224401
2025-09-12T06:00:00+09:00,114343.1,114471.9,114343.1,114428.2,114652.6136,113745.7964,111748.5445,113002.59,114199.205,NaN,NaN,NaN,NaN,1,3,306.414403,2884.953269,59.77258867,58.42346313,22.91440228,0.261363689,1,279.9776145,318.2145302
2025-09-12T07:00:00+09:00,114428.2,115212.3,114383.4,115025.8,114799.2967,113725.3333,111762.662,113041.4833,114262.315,NaN,NaN,NaN,NaN,1,4,3959.369912,3051.713133,68.101488,60.8429689,22.27882656,0.413544187,1,318.4488004,315.1206079
2025-09-12T08:00:00+09:00,115025.8,115417.8,115024.1,115416.9,115051.9129,113579.4371,111778.9245,113091.8067,114315.675,NaN,NaN,NaN,NaN,1,4,2753.99042,3062.343087,72.16350706,62.30836619,22.28481066,0.388465646,-1,376.1598572,318.1534033
2025-09-12T09:00:00+09:00,115416.9,116265.9,115346,115779.4,115365.6594,113432.9606,111798.7805,113144.3583,114399.31,NaN,NaN,NaN,NaN,1,4,6283.920722,3297.375604,75.30275052,63.59736778,23.10380119,0.52300899,-1,446.0057295,331.5765898
2025-09-12T10:00:00+09:00,115779.4,115961.4,115321,115321.1,115496.1466,113413.7534,111814.1435,113187.8767,114454.95,NaN,NaN,NaN,NaN,1,4,8411.606841,3634.889899,65.27939508,60.90901205,24.47864982,0.535164667,-1,459.0860485,346.1908441
2025-09-12T11:00:00+09:00,115321.1,115608.4,115199.2,115338.2,115613.7391,113402.9709,111831.058,113248.16,114508.355,NaN,NaN,NaN,NaN,1,4,5050.873781,3831.318195,65.46411081,60.97185067,26.22845951,0.474984455,-1,465.4665144,360.8316193
2025-09-12T12:00:00+09:00,115338.2,115375.7,115005,115150.1,115681.4063,113445.4137,111846.097,113320.045,114563.41,NaN,NaN,NaN,NaN,1,4,2161.930182,3832.892852,61.58301047,59.89077166,28.12330676,0.424482781,-1,450.155865,376.0965704
2025-09-12T13:00:00+09:00,115150.1,115470.4,115045.5,115308.2,115760.6503,113496.4197,111861.903,113393.0933,114628.535,NaN,NaN,NaN,NaN,1,4,2555.978283,3917.07263,63.53960453,60.4918249,30.23019939,0.405430748,-1,445.6423264,392.065699
2025-09-12T14:00:00+09:00,115308.2,115611.6,115262.7,115559.4,115855.9273,113572.3227,111880.029,113469.25,114714.125,116265.9,NaN,NaN,NaN,1,4,1342.356445,3886.166232,66.46229727,61.42931903,32.23720317,0.370340505,-1,457.0662797,410.8898928
2025-09-12T15:00:00+09:00,115559.4,115559.5,115200.9,115270.1,115897.3545,113654.5855,111896.93,113538.7083,114775.97,NaN,NaN,NaN,NaN,1,4,1394.245359,3893.010782,60.45212601,59.76210591,33.98582538,0.351211786,-1,437.7298752,428.4179218
2025-09-12T16:00:00+09:00,115270.1,115366.1,115028.1,115038.2,115891.5508,113767.9292,111913.8845,113601.8083,114829.74,NaN,NaN,NaN,NaN,1,4,1437.766711,3892.225613,56.07473141,58.46370471,35.06497142,0.332551667,-1,399.0927505,437.3783607
2025-09-12T17:00:00+09:00,115038.2,115235.6,114908.9,115014.2,115863.1577,113905.3523,111928.8705,113660.66,114884.255,NaN,NaN,NaN,NaN,1,4,2583.565784,3066.587396,55.62580454,58.32981754,35.44288835,0.316431334,-1,362.3589036,435.8449214
2025-09-12T18:00:00+09:00,115014.2,115091.7,114836.9,115005.6,115875.451,113936.009,111944.388,113723.455,114905.73,NaN,NaN,NaN,NaN,1,4,1320.123279,2628.177085,55.45448104,58.28099486,35.24317401,0.284821474,-1,328.763338,422.817989
2025-09-12T19:00:00+09:00,115005.6,115049.5,114884,114935.2,115873.7916,113991.5784,111962.032,113780.6183,114932.685,NaN,NaN,NaN,NaN,1,4,860.7750255,2464.298215,53.98859059,57.87617677,34.71417644,0.237995349,-1,293.0794808,404.3728149
2025-09-12T20:00:00+09:00,114935.2,115115,114858.3,114870.6,115836.089,114103.941,111980.8735,113836.9417,114970.015,NaN,NaN,NaN,NaN,1,4,1119.575291,2372.401681,52.61419319,57.50203956,33.90187942,0.233242408,-1,256.6288294,381.1686276
2025-09-12T21:00:00+09:00,114870.6,115131.9,114701.7,115040.1,115830.8107,114169.9793,112001.671,113904.8567,115000.395,NaN,NaN,NaN,NaN,1,4,2433.459769,2411.074349,55.79408666,58.22536831,32.60012197,0.279918019,-1,238.6674491,357.6699148
2025-09-12T22:00:00+09:00,115040.1,115183,114770,115109.2,115832.2979,114226.1021,112024.1245,113973.995,115029.2,NaN,NaN,NaN,NaN,1,4,1698.598981,2454.814133,57.05919439,58.5191861,30.97191134,0.30609657,-1,227.3875364,333.4193825
2025-09-12T23:00:00+09:00,115109.2,115425,114812,115212.2,115800.536,114353.274,112048.38,114038.165,115076.905,NaN,NaN,NaN,NaN,1,4,3970.368401,2565.58761,58.94524966,58.95842772,29.4399549,0.381235849,-1,224.1752112,307.5425971
2025-09-13T00:00:00+09:00,115212.2,115242.2,114889,115062.2,115759.19,114463.61,112071.544,114097.6083,115111.4,NaN,NaN,NaN,NaN,1,4,1785.983286,2611.103827,55.14649815,58.04467751,28.11406692,0.356810032,-1,207.137917,281.9212685
2025-09-13T01:00:00+09:00,115062.2,115450,114981.5,115429.9,115722.5631,114608.9169,112095.701,114163.5883,115165.74,NaN,NaN,NaN,NaN,1,4,2253.678044,2684.229046,61.66790999,59.61107196,27.19977531,0.37240696,1,220.7612572,262.1066581
2025-09-13T02:00:00+09:00,115429.9,115874.9,115326.1,115739.2,115731.133,114731.447,112120.55,114233.725,115231.29,NaN,114701.7,NaN,NaN,1,4,4531.640775,2895.490364,66.12902976,60.86569379,26.87759642,0.405664334,1,253.5925208,250.0215044
2025-09-13T03:00:00+09:00,115739.2,116431.5,115688.1,116400.7,116004.3064,114595.7636,112149.7035,114311.4417,115300.035,NaN,NaN,NaN,NaN,1,5,4906.740649,2942.858901,73.28893403,63.35120104,27.20854658,0.481791292,-1,329.1943083,250.06939
2025-09-13T04:00:00+09:00,116400.7,116589.4,116168.3,116561.6,116250.8429,114463.6971,112178.736,114379.3233,115357.27,NaN,NaN,NaN,NaN,1,5,2532.434413,2931.781101,74.69037915,63.9201885,28.34428038,0.441173558,-1,397.5103036,261.6728148
2025-09-13T05:00:00+09:00,116561.6,116561.6,115896.2,116082.2,116303.55,114441.27,112204.7345,114441.9233,115372.41,NaN,NaN,NaN,NaN,1,5,2310.987117,2733.134421,63.9281193,61.0378879,29.87180269,0.486401853,-1,408.2614645,278.5208853
2025-09-13T06:00:00+09:00,116082.2,116088.2,115701.2,115800.2,116345.4702,114447.2598,112231.6095,114501.31,115396.365,NaN,NaN,NaN,NaN,1,5,1314.860695,2378.297113,58.58087049,59.4287122,31.36645054,0.43645634,-1,389.5364599,295.2841088
2025-09-13T07:00:00+09:00,115800.2,116276.5,115800.1,115969.4,116408.646,114447.204,112262.4385,114563.725,115427.925,NaN,NaN,NaN,NaN,1,5,1623.405273,2206.923688,60.70467846,60.07343351,32.91324355,0.427479039,-1,383.9241462,312.6770654
2025-09-13T08:00:00+09:00,115969.4,116110.6,115870.2,115978.6,116469.4304,114469.2696,112294.9765,114625.735,115469.35,NaN,NaN,NaN,NaN,1,5,608.6139561,2129.257877,60.82231039,60.10861989,34.35369461,0.354056626,-1,375.8857336,329.5337901
2025-09-13T09:00:00+09:00,115978.6,116226.4,115908,116149.9,116550.9118,114471.9582,112328.7725,114671.7683,115511.435,116589.4,NaN,NaN,NaN,1,5,1014.5445,2052.186188,63.04081825,60.76582591,35.5323021,0.32706581,-1,378.9691911,348.6261539
2025-09-13T10:00:00+09:00,116149.9,116211.7,115533.3,115709,116561.8122,114476.0178,112358.689,114701.85,115518.915,NaN,NaN,NaN,NaN,1,5,1846.818859,2077.409308,54.48832012,58.24457799,35.94855114,0.414307508,-1,341.8947582,362.0854318
2025-09-13T11:00:00+09:00,115709,115945,115631.4,115839,116592.5906,114502.1294,112388.3035,114734.845,115547.36,NaN,NaN,NaN,NaN,1,5,1016.11025,2058.502553,56.36791831,58.75961326,35.63605948,0.366135225,-1,319.3219716,369.3887041
2025-09-13T12:00:00+09:00,115839,115977.8,115805.2,115923.7,116621.7532,114561.5168,112419.202,114770.1917,115591.635,NaN,NaN,NaN,NaN,1,5,554.5654041,2014.342488,57.5966775,59.09519117,34.97346196,0.293542151,-1,304.7544383,366.673163
2025-09-13T13:00:00+09:00,115923.7,115923.7,115645,115654.4,116619.2085,114628.0815,112445.761,114802.22,115623.645,NaN,NaN,NaN,NaN,1,5,1014.89778,1935.909087,52.5312489,57.57461062,34.02321398,0.276475962,-1,268.3855226,352.3259651
2025-09-13T14:00:00+09:00,115654.4,115798,115618.1,115667.8,116611.0902,114702.4198,112471.897,114835.055,115656.755,NaN,NaN,NaN,NaN,1,5,1080.266856,1923.916266,52.75390664,57.62998887,32.70459319,0.236139827,-1,237.9017792,333.3971112
2025-09-13T15:00:00+09:00,115667.8,115762,115617.4,115699.2,116590.0252,114799.8848,112493.205,114870.99,115694.955,NaN,115533.3,NaN,NaN,1,5,701.0929137,1915.932161,53.30661356,57.76187455,31.05038319,0.199043579,-1,213.8122165,313.8721952
2025-09-13T16:00:00+09:00,115699.2,115813.9,115660,115744.1,116549.8583,114927.4017,112518.5165,114908.0283,115738.63,NaN,NaN,NaN,NaN,1,5,554.0438466,1887.655588,54.13290192,57.95292426,29.09039063,0.176966157,-1,196.0837873,293.0010443
2025-09-13T17:00:00+09:00,115744.1,116020.6,115739.4,115934.7,116531.8172,115034.9028,112546.084,114948.4567,115783.36,NaN,NaN,NaN,NaN,1,5,764.6759024,1804.216395,57.56574596,58.76123585,27.39351573,0.19863359,-1,195.1639778,272.9208492
2025-09-13T18:00:00+09:00,115934.7,115993.9,115824.5,115990.3,116513.047,115141.783,112570.615,114985.3383,115827.415,NaN,NaN,NaN,NaN,1,5,776.8972991,1758.131311,58.54054036,58.99597001,25.9358387,0.181041149,-1,196.6545659,252.6636686
2025-09-13T19:00:00+09:00,115990.3,116129.2,115856.8,115881.2,116485.7621,115235.9679,112593.5685,115019.4767,115860.865,NaN,NaN,NaN,NaN,1,5,1187.126633,1618.969223,55.83034018,58.33088976,24.78648761,0.19916384,-1,186.8781941,235.4396059
2025-09-13T20:00:00+09:00,115881.2,115963.5,115830,115916.4,116409.7799,115397.3701,112616.8365,115053.085,115903.575,NaN,NaN,NaN,NaN,1,5,351.8764371,1547.26388,56.52960365,58.48503465,24.02746862,0.17112531,1,179.8969547,219.9479374
2025-09-13T21:00:00+09:00,115916.4,116009.4,115809.7,115952.6,116387.0046,115472.4154,112639.649,115088.45,115929.71,NaN,NaN,NaN,NaN,1,5,447.6857041,1456.964263,57.27865618,58.64563888,23.68924704,0.171456439,1,175.2649642,205.560218
2025-09-13T22:00:00+09:00,115952.6,115952.7,115576,115709.8,116388.1563,115468.3237,112660.5965,115119.5783,115928.24,NaN,NaN,NaN,NaN,1,5,962.0546053,1278.484955,50.9386341,57.13232455,23.39948868,0.223062754,1,150.2699294,192.4362632
2025-09-13T23:00:00+09:00,115709.8,115899.7,115550.4,115740.9,116307.0087,115483.4913,112680.043,115152.5333,115895.25,NaN,NaN,NaN,NaN,1,5,1220.867743,1094.191309,51.67645864,57.27647865,23.0697963,0.249266805,1,131.4553587,180.6088832
2025-09-14T00:00:00+09:00,115740.9,115885.7,115565.1,115727.5,116135.3455,115571.7445,112694.1885,115175.4967,115853.545,116129.2,NaN,116589.4,NaN,1,5,1808.541799,1057.996679,51.31834964,57.19188637,22.51719833,0.258540476,1,114.1475856,169.5350353
2025-09-14T01:00:00+09:00,115727.5,115780.3,115091,115286.1,116170.1329,115457.3471,112707.703,115195.1533,115813.74,NaN,NaN,NaN,NaN,-1,1,3105.280881,1097.711367,41.19209988,54.48592766,22.16819918,0.372321514,1,64.07514128,154.867408
2025-09-14T02:00:00+09:00,115286.1,115546.9,115120.6,115526,116177.9007,115422.1593,112723.989,115217.115,115800.03,NaN,NaN,NaN,NaN,-1,1,2148.739485,1139.405306,47.28083497,55.65013885,21.89105806,0.370701518,1,43.25171465,137.9882676
2025-09-14T03:00:00+09:00,115526,115615.9,115392.1,115590.1,116161.0972,115401.0328,112740.913,115239.115,115781.065,NaN,NaN,NaN,NaN,-1,1,811.8546062,1098.827773,48.8060208,55.95742389,21.61734197,0.311535697,1,31.55755743,119.6441556
2025-09-14T04:00:00+09:00,115590.1,115746.9,115525.5,115744.5,116138.6022,115400.1178,112758.115,115267.3733,115769.36,NaN,NaN,NaN,NaN,-1,1,910.673145,1113.930732,52.37973635,56.69520786,21.12488649,0.27117454,1,34.35264727,102.6968726
2025-09-14T05:00:00+09:00,115744.5,115938.3,115744.5,115843.1,116081.9284,115426.1116,112771.5915,115297.9967,115754.02,NaN,NaN,NaN,NaN,-1,1,874.9090798,1106.948961,54.56117253,57.16300756,20.68576828,0.236394235,1,44.01657638,87.59905277
2025-09-14T06:00:00+09:00,115843.1,115919.5,115790.5,115843.8,116090.2277,115431.2923,112785.6485,115331.2667,115760.76,NaN,115091,NaN,NaN,-1,1,720.2317715,1050.619607,54.57708112,57.16636095,20.32706634,0.194714153,1,51.14225786,73.80764095
2025-09-14T07:00:00+09:00,115843.8,115880,115754.7,115819.9,116088.4697,115431.1403,112812.1075,115361.045,115759.805,NaN,NaN,NaN,NaN,-1,1,499.1637633,1024.772283,53.88342505,57.01080815,19.99495108,0.165897958,1,54.23568628,63.1371695
2025-09-14T08:00:00+09:00,115819.9,115942.2,115816,115870.6,116081.3029,115432.9971,112838.0615,115392.8417,115757.15,NaN,NaN,NaN,NaN,-1,1,577.7866839,1025.933347,55.18465883,57.26263956,19.35936797,0.146855112,1,60.08568648,55.20720591
2025-09-14T09:00:00+09:00,115870.6,115960,115772,115892.7,116094.7496,115443.3804,112863.688,115425.655,115769.065,NaN,NaN,NaN,NaN,-1,1,451.1970186,997.7483087,55.77049924,57.37375307,18.3832452,0.151957744,1,65.74724577,49.82939038
2025-09-14T10:00:00+09:00,115892.7,115946.5,115700,115909.7,116108.8642,115453.4558,112890.3795,115447.8817,115781.16,NaN,NaN,NaN,NaN,-1,1,637.7216625,975.621049,56.24433543,57.46060151,17.23000359,0.172178821,1,70.78980936,50.57546461
2025-09-14T11:00:00+09:00,115909.7,116075.2,115700.5,115808.3,116112.3063,115460.9237,112913.698,115471.4183,115786.615,NaN,NaN,NaN,NaN,-1,1,1077.299497,994.4313782,52.6230253,56.75648539,16.14505507,0.222737032,1,65.84492546,53.08582136
2025-09-14T12:00:00+09:00,115808.3,115824.1,115594.3,115629.9,116113.3126,115448.4974,112934.133,115496.5167,115780.905,NaN,NaN,NaN,NaN,-1,1,724.3546215,1002.946917,46.90145986,55.53427228,15.12818719,0.214966296,1,46.98902011,54.80042833
2025-09-14T13:00:00+09:00,115629.9,115733.7,115411.8,115700.1,116095.5487,115442.8013,112954.7165,115517.6433,115769.175,NaN,NaN,NaN,NaN,-1,1,1325.800942,1031.003169,49.24022026,55.91561315,14.39016349,0.235963676,1,37.2803875,55.1257328
2025-09-14T14:00:00+09:00,115700.1,115869.2,115689.8,115814.4,116071.5716,115449.1884,112980.9875,115538.9983,115760.38,NaN,NaN,NaN,NaN,-1,1,498.0338424,1017.059996,52.87943312,56.53518229,13.7588204,0.208788204,1,38.36700994,54.4980032
2025-09-14T15:00:00+09:00,115814.4,115884.8,115634.5,115682.3,116058.2407,115442.6293,113005.615,115562.735,115750.435,NaN,NaN,NaN,NaN,-1,1,463.405571,980.873943,48.54737062,55.61305024,13.21186702,0.211473899,1,28.2432297,51.95366673
2025-09-14T16:00:00+09:00,115682.3,115780.7,115682.2,115746.2,116040.1689,115443.6811,113031.225,115585.6333,115741.925,116075.2,NaN,NaN,NaN,-1,1,259.4694537,976.2535938,50.65332306,55.96769911,12.80629135,0.169271429,1,25.08706877,48.71493145
2025-09-14T17:00:00+09:00,115746.2,115923.6,115703,115878.2,116027.5688,115448.8412,113056.9225,115611.2183,115738.205,NaN,NaN,NaN,NaN,-1,1,754.2620489,991.582411,54.77155149,56.69730135,12.45017575,0.176176507,1,32.85831512,45.68966797
2025-09-14T18:00:00+09:00,115878.2,116118.1,115837.7,115994,116062.0092,115442.8208,113082.7615,115637.315,115752.415,NaN,115411.8,NaN,NaN,-1,1,1371.825996,1012.070981,58.07695617,57.33047388,12.3104261,0.19791263,1,47.81005155,43.69664639
2025-09-14T19:00:00+09:00,115994,116085,115900.1,115980.3,116089.4008,115439.3692,113106.818,115653.2233,115764.385,NaN,NaN,NaN,NaN,-1,1,469.5938196,974.5072844,57.54117388,57.22941064,12.4439702,0.185098548,1,57.88665357,42.26296241
2025-09-14T20:00:00+09:00,115980.3,116048.5,115703,115746.2,116090.0134,115440.6266,113130.428,115658.7117,115765.32,NaN,NaN,NaN,NaN,-1,1,1122.761182,940.2182535,49.19033967,55.5221125,12.31476525,0.223147917,1,46.4471064,40.10764919
2025-09-14T21:00:00+09:00,115746.2,115832.1,115615.1,115737.2,116027.9139,115547.8361,113154.9575,115658.0083,115787.875,NaN,NaN,NaN,115091,-1,1,860.0303303,827.955726,48.89653748,55.45718273,12.23891238,0.211274758,1,36.23723775,38.9130067
2025-09-14T22:00:00+09:00,115737.2,115748.4,115165.3,115293.7,116079.913,115472.607,113178.0835,115657.5517,115776.26,NaN,NaN,NaN,NaN,-1,2,3155.054521,878.2714778,37.12820439,52.37600882,12.5305212,0.309975589,1,-7.553824447,33.9314276
2025-09-14T23:00:00+09:00,115293.7,115655.6,115114,115348.1,116112.517,115415.803,113201.263,115657.7167,115764.16,116118.1,NaN,NaN,NaN,-1,2,2942.134498,984.7854724,39.06547476,52.70503724,13.18795429,0.363064686,1,-37.4373766,25.50871798
2025-09-15T00:00:00+09:00,115348.1,115374.5,115150,115177.6,116168.102,115303.528,113223.251,115658.175,115735.815,NaN,NaN,NaN,NaN,-1,2,870.8987158,982.7967509,35.38530783,51.56519534,14.22696342,0.30737355,-1,-74.02491887,14.14559036
2025-09-15T01:00:00+09:00,115177.6,115496.1,115142.5,115427.3,116164.3327,115265.7173,113245.8715,115660.16,115715.025,NaN,NaN,NaN,NaN,-1,2,867.0137758,982.4019857,43.74372806,53.08217368,15.20553029,0.306585749,-1,-81.92769508,2.255061044
2025-09-15T02:00:00+09:00,115427.3,115600,115359.6,115500,116152.3963,115243.2737,113270.112,115659.17,115697.835,NaN,NaN,NaN,NaN,-1,2,578.8874058,975.3347675,45.93652022,53.51489308,15.98380096,0.273641358,-1,-81.38624971,-10.43877949
2025-09-15T03:00:00+09:00,115500,115500.1,115310.9,115332.1,116150.9583,115195.9317,113293.119,115660.2033,115673.445,NaN,NaN,NaN,NaN,-1,2,288.6106389,964.8071112,41.87675847,52.37602826,16.92346423,0.237375815,-1,-93.42829394,-26.13192899
2025-09-15T04:00:00+09:00,115332.1,115590.6,115268.1,115584.2,116129.2501,115188.9999,113317.358,115669.3033,115659.125,NaN,115114,NaN,NaN,-1,2,1688.890664,1020.36231,49.14432051,53.88041635,17.78217873,0.250911175,-1,-81.68769277,-41.6401897
2025-09-15T05:00:00+09:00,115584.2,115809.7,115584.1,115751.7,116112.0982,115192.0518,113342.199,115681.595,115652.075,NaN,NaN,NaN,NaN,-1,2,1227.672018,1059.18606,53.3206113,54.84782455,18.22446568,0.231998709,-1,-58.19647882,-53.26725472
2025-09-15T06:00:00+09:00,115751.7,116029.4,115555.1,116008.5,116129.9393,115184.0907,113367.8455,115698.31,115657.015,NaN,NaN,NaN,NaN,-1,2,1897.135023,1122.156728,58.89402311,56.28301533,18.45178557,0.29060655,-1,-18.64300375,-59.36505933
2025-09-15T07:00:00+09:00,116008.5,116030,115744.1,115949.3,116149.8296,115178.3004,113393.8325,115715.2117,115664.065,NaN,NaN,NaN,NaN,-1,2,1002.729484,1118.428228,57.19854448,55.86513365,18.48417255,0.276027712,-1,7.836134877,-57.65506385
2025-09-15T08:00:00+09:00,115949.3,115949.3,115070,115222.6,116166.2449,115121.1551,113418.288,115721.0783,115643.7,NaN,NaN,NaN,NaN,-1,2,2777.867454,1221.103869,41.43098455,51.10992567,18.47846075,0.439556244,-1,-29.47777229,-56.77066337
2025-09-15T09:00:00+09:00,115222.6,115222.6,114916.1,115029.3,116196.1759,115024.1441,113442.36,115720.8983,115610.16,NaN,NaN,NaN,NaN,-1,3,2327.027807,1271.165213,38.39878116,49.95529851,18.67391756,0.382347879,-1,-73.79632894,-56.74526449
2025-09-15T10:00:00+09:00,115029.3,115242,114774.3,115184,116184.7921,114972.4879,113467.7585,115722.145,115578.64,NaN,NaN,NaN,NaN,-1,3,3687.331753,1430.630108,42.05389151,50.8622111,19.08011624,0.389904899,-1,-95.33712028,-58.23520062
2025-09-15T11:00:00+09:00,115184,115393.4,115166.1,115315,116174.9484,114945.6016,113493.4295,115723.8583,115560.275,NaN,NaN,NaN,NaN,-1,3,969.9914104,1455.9594,45.02840012,51.62010442,19.645557,0.325345393,-1,-100.6772033,-60.37863991
2025-09-15T12:00:00+09:00,115315,115529.4,115298.6,115389.8,116155.1963,114929.7137,113520.4235,115729.3183,115542.455,116030,NaN,NaN,NaN,-1,3,449.2662069,1465.449238,46.71048426,52.05118209,20.17970317,0.283428887,-1,-97.7467589,-60.85846935
2025-09-15T13:00:00+09:00,115389.8,116106,115339.3,115995.1,116175.7933,114920.8067,113549.7975,115738.7383,115548.3,NaN,NaN,NaN,NaN,-1,3,4942.087798,1674.840525,57.92921476,55.33854309,20.56363071,0.408291975,-1,-46.05086361,-56.89882167
2025-09-15T14:00:00+09:00,115995.1,116541.8,115948.4,116466,116293.1662,114850.6338,113581.339,115750.8517,115571.9,NaN,NaN,NaN,NaN,1,1,2625.009363,1737.499694,64.23702081,57.64470636,21.01262586,0.440929075,-1,32.54108698,-46.81686991
2025-09-15T15:00:00+09:00,116466,116711.7,115989.5,116074.1,116309.5428,114843.6372,113611.12,115745.4083,115576.59,NaN,114774.3,NaN,NaN,1,1,4429.413019,1935.490653,56.62751468,55.22216068,21.63436714,0.502341439,-1,62.48246039,-37.80292945
2025-09-15T16:00:00+09:00,116074.1,116350,115576,115766,116311.4993,114843.6607,113639.25,115732.1483,115577.58,NaN,NaN,NaN,NaN,1,1,3486.951299,2053.700159,51.46583315,53.42042467,22.01180157,0.558648944,-1,60.65097277,-31.93461413
2025-09-15T17:00:00+09:00,115766,115769.8,114658.3,114714.2,116346.2846,114706.5754,113661.2605,115709.3483,115526.43,NaN,NaN,NaN,NaN,-1,1,5947.341857,2308.065736,38.54795464,47.96646653,22.13445815,0.698823997,-1,-25.37940611,-31.47924011
2025-09-15T18:00:00+09:00,114714.2,115146.6,114588.5,114826.5,116373.2002,114632.9398,113682.893,115693.12,115503.07,NaN,NaN,NaN,NaN,-1,1,5319.832738,2416.304646,40.27174053,48.53910854,22.21246253,0.627439576,-1,-83.53449605,-32.56125868
2025-09-15T19:00:00+09:00,114826.5,114908.1,114683.5,114731,116403.7373,114540.6927,113703.5295,115672.48,115472.215,NaN,NaN,NaN,NaN,-1,1,1656.402806,2352.018062,39.26309219,48.07976179,22.383802,0.483895317,-1,-135.7638743,-37.05312023
2025-09-15T20:00:00+09:00,114731,115160.5,114711.8,115020.1,116408.272,114520.408,113725.784,115656.505,115464.34,116711.7,NaN,NaN,NaN,-1,1,1593.304715,2388.138362,43.8480332,49.55501448,22.41148388,0.451821283,-1,-152.0750523,-42.76399235
2025-09-15T21:00:00+09:00,115020.1,115031.4,114639.2,114694.8,116429.6162,114425.8138,113746.773,115632.2533,115427.715,NaN,NaN,NaN,NaN,-1,1,1248.152815,2407.195314,40.17319593,47.98876784,22.14259982,0.416052161,-1,-189.0712739,-52.91116068
2025-09-15T22:00:00+09:00,114694.8,115050.2,114320,114618.7,116444.7321,114322.5679,113766.816,115614.0817,115383.65,NaN,NaN,NaN,NaN,-1,1,4996.630436,2628.082465,39.34251284,47.62926538,21.6877337,0.489908537,-1,-221.9729144,-72.45805521
2025-09-15T23:00:00+09:00,114618.7,114991.9,114403.2,114627.1,116459.6457,114237.1543,113787.623,115593.8833,115348.4,NaN,NaN,NaN,NaN,-1,1,2256.95521,2726.499694,39.49124214,47.67343605,21.3746866,0.49777455,-1,-244.5508617,-103.2460495
2025-09-16T00:00:00+09:00,114627.1,114855,114360,114793.7,116439.8198,114177.9302,113808.1085,115575.05,115308.875,NaN,NaN,NaN,NaN,-1,1,2412.349425,2762.672632,42.50245737,48.55198202,21.16734608,0.475104197,-1,-246.1632037,-137.5400122
2025-09-16T01:00:00+09:00,114793.7,114881.9,114544,114620.9,116401.9838,114102.6862,113826.105,115557.825,115252.335,NaN,NaN,NaN,NaN,-1,1,1401.42775,2771.360419,40.26426818,47.70393475,21.00677634,0.415479601,-1,-258.4057714,-172.9907615
2025-09-16T02:00:00+09:00,114620.9,115083.5,114557.6,115073.6,116303.3076,114107.8724,113846.1465,115547.9217,115205.59,NaN,NaN,NaN,NaN,-1,1,955.6975843,2724.288547,47.99126114,50.03780242,20.71670232,0.428234022,-1,-228.939911,-195.6085954
2025-09-16T03:00:00+09:00,115073.6,115300,114840.6,115254.1,116214.861,114126.799,113866.5675,115540.5033,115170.83,NaN,114320,NaN,NaN,-1,1,1931.184664,2770.711306,50.72796749,50.9291606,20.37213796,0.417908086,-1,-188.8462608,-207.3099026
2025-09-16T04:00:00+09:00,115254.1,115515,114904.9,115247.9,116216.4351,114127.7549,113886.639,115532.2333,115172.095,NaN,NaN,NaN,NaN,-1,1,3915.959049,2827.615885,50.62941809,50.89732046,20.08287764,0.455080572,-1,-155.7763495,-209.533511
2025-09-16T05:00:00+09:00,115247.9,115440,115136,115323.3,116230.958,114142.632,113907.942,115522.0433,115186.795,NaN,NaN,NaN,NaN,-1,1,855.7289686,2754.050943,51.85439391,51.27549336,19.69492512,0.391057605,-1,-122.0768309,-206.2003753
2025-09-16T06:00:00+09:00,115323.3,115471.9,115219.2,115457.9,116251.3107,114149.6693,113929.4255,115513.17,115200.49,NaN,NaN,NaN,NaN,-1,1,626.7255801,2601.020635,54.04637809,51.9498789,19.23973717,0.333357027,-1,-83.54556337,-194.4752963
2025-09-16T07:00:00+09:00,115457.9,115555,115158.2,115230,116245.8607,114146.6193,113950.137,115502.3167,115196.24,NaN,NaN,NaN,NaN,-1,1,833.5040236,2594.196265,49.90355675,50.73612073,18.7625125,0.33746248,-1,-70.5852191,-177.6544413
2025-09-16T08:00:00+09:00,115230,115429.8,115175,115300.3,116238.8066,114144.7234,113970.255,115492.0483,115191.765,NaN,NaN,NaN,NaN,-1,1,647.8221272,2604.124061,51.14753217,51.09591859,18.28874558,0.298500533,-1,-54.01873606,-156.4842051
2025-09-16T09:00:00+09:00,115300.3,115300.4,114882.9,115028.9,116124.8806,114162.0294,113989.6445,115476.6533,115143.455,NaN,NaN,NaN,NaN,-1,1,1216.551143,2417.847229,46.36124053,49.66636096,17.7712891,0.320453967,-1,-62.07384209,-136.0298316
2025-09-16T10:00:00+09:00,115028.9,115475.3,114954.7,114968.1,115841.2721,114295.8479,114009.8735,115464.2917,115068.56,NaN,NaN,NaN,NaN,-1,1,1664.343081,2369.813915,45.3376831,49.35060141,17.37707917,0.364689378,-1,-72.52757084,-115.3766982
2025-09-16T11:00:00+09:00,114968.1,115181.9,114968.1,114976.7,115633.776,114393.604,114029.7055,115451.555,115013.69,NaN,NaN,116711.7,NaN,-1,1,538.5027326,2175.2684,45.52090047,49.39705504,16.95391727,0.30509164,1,-79.20524925,-98.73951354
2025-09-16T12:00:00+09:00,114976.7,115369.9,114976.6,115250.1,115516.8837,114458.9063,114049.8465,115443.5983,114987.895,115555,NaN,NaN,NaN,-1,1,679.1247426,2034.877072,51.12898683,50.85969721,16.65965055,0.31666454,1,-61.72473805,-84.61489991
2025-09-16T13:00:00+09:00,115250.1,115495.4,114858.3,115450,115574.3589,114475.0111,114070.6395,115446.33,115024.685,NaN,NaN,NaN,NaN,-1,1,1489.326171,1811.976288,54.79325286,51.89746313,16.55130456,0.394691035,1,-31.37932627,-70.79300844
2025-09-16T14:00:00+09:00,115450,115898,115388.3,115879.7,115732.6341,114422.0559,114095.0265,115452.225,115077.345,NaN,NaN,NaN,NaN,1,1,4045.516992,1748.260501,61.47926896,54.02787493,16.77709786,0.408769209,-1,27.03123084,-54.22544602
2025-09-16T15:00:00+09:00,115879.7,115950,115544.4,115719.8,115818.2944,114435.2756,114117.6205,115454.3867,115126.785,NaN,NaN,NaN,NaN,1,1,3510.265102,1840.953616,58.03930303,53.13394072,17.33043369,0.389723299,-1,59.73088406,-38.30584075
2025-09-16T16:00:00+09:00,115719.8,115849.1,115666.4,115785.8,115911.3314,114418.8086,114141.124,115455.075,115165.07,NaN,NaN,NaN,NaN,1,1,1229.559974,1822.766378,59.05761018,53.45841417,18.40039157,0.312264556,-1,89.93453391,-20.47031264
2025-09-16T17:00:00+09:00,115785.8,115938.9,115464.3,115614.2,115948.9871,114473.0929,114165.269,115451.26,115211.04,NaN,NaN,NaN,NaN,1,1,1919.990473,1856.358261,55.29993894,52.49379282,19.60652967,0.345319759,-1,98.88457829,-3.481055489
2025-09-16T18:00:00+09:00,115614.2,115679.6,115358.9,115436.5,115943.2122,114560.6478,114188.204,115444.4717,115251.93,NaN,114858.3,NaN,114320,1,1,1072.538273,1660.153653,51.63598342,51.51121362,20.815117,0.323172582,-1,90.59433296,13.48207507
2025-09-16T19:00:00+09:00,115436.5,115559.2,115320,115334.7,115916.7159,114657.9041,114208.8775,115436.385,115287.31,NaN,NaN,NaN,NaN,1,1,1075.912952,1601.10154,49.60818889,50.95345226,21.82598075,0.284770682,-1,74.94591473,29.86801791
2025-09-16T20:00:00+09:00,115334.7,115397.3,115170.6,115250,115898.0178,114722.2322,114230.1135,115426.0417,115310.125,115950,NaN,NaN,NaN,1,1,1656.811059,1563.324622,47.92192304,50.48911359,22.40122384,0.255554251,-1,55.07497835,44.7880432
2025-09-16T21:00:00+09:00,115250,115429.2,115241.1,115393,115844.738,114852.722,114252.4155,115417.7133,115348.73,NaN,NaN,NaN,NaN,1,1,1041.808515,1545.34366,50.95316742,51.25471258,22.38812639,0.224494423,1,50.28635322,57.23372001
2025-09-16T22:00:00+09:00,115393,115519,114684.8,115163.5,115840.7349,114865.7151,114273.307,115405.2767,115353.225,NaN,NaN,NaN,NaN,1,1,5508.82546,1773.000054,46.2958152,49.98831337,22.16983801,0.391415017,1,27.65382524,63.79295907
2025-09-16T23:00:00+09:00,115163.5,115269.7,114772.6,115243.2,115840.656,114864.704,114294.179,115395.8583,115352.68,NaN,NaN,NaN,NaN,1,1,3017.001439,1827.290893,48.07097866,50.42257481,21.7650124,0.404545768,1,15.96447909,62.56331998
2025-09-17T00:00:00+09:00,115243.2,115860,114980,115859.9,115915.8528,114850.7072,114317.3745,115399.6917,115383.28,NaN,NaN,NaN,NaN,1,1,2381.987933,1750.592337,59.28547764,53.60474774,21.16732917,0.521440975,1,55.81966967,62.12874061
2025-09-17T01:00:00+09:00,115859.9,116015,115553.3,116009.8,116014.8545,114820.3555,114339.2645,115404.8533,115417.605,NaN,NaN,NaN,NaN,1,2,3762.867076,1895.949242,61.46393694,54.33208118,20.61198474,0.479839343,1,98.3669595,63.06567678
2025-09-17T02:00:00+09:00,116009.8,116827.7,115999.9,116409.5,116202.8149,114727.5551,114361.085,115414.7717,115465.185,NaN,NaN,NaN,NaN,1,2,7544.715557,2241.848741,66.59624375,56.20108721,20.48951357,0.555831303,-1,162.46564,70.1302392
2025-09-17T03:00:00+09:00,116409.5,116728,116168,116369,116348.8385,114695.4315,114382.952,115426.2167,115522.135,NaN,114684.8,NaN,NaN,1,2,2833.053452,2341.826213,65.64227435,55.96417616,20.92520742,0.531092439,-1,207.6031745,83.13122159
2025-09-17T04:00:00+09:00,116369,116762.6,116329.5,116751.2,116571.7499,114617.6101,114406.621,115442.9667,115594.68,NaN,NaN,NaN,NaN,1,2,1421.786497,2380.524431,70.00847423,57.68267525,21.84750272,0.476555822,-1,271.0903804,104.9250511
2025-09-17T05:00:00+09:00,116751.2,116853.1,116658.1,116778.1,116749.9151,114614.3649,114430.5115,115457.965,115682.14,NaN,NaN,NaN,NaN,1,2,1245.865418,2381.990145,70.29460256,57.80099625,22.89214097,0.373291819,-1,319.8875886,134.3486745
2025-09-17T06:00:00+09:00,116778.1,116894.8,116535.2,116748.2,116881.9025,114660.3875,114454.903,115470.535,115771.145,NaN,NaN,NaN,NaN,1,2,1145.799254,2356.062954,69.50090265,57.6181959,23.92409186,0.351596052,-1,352.0883918,167.8822343
2025-09-17T07:00:00+09:00,116748.2,116895.5,116625.2,116789.9,116994.1694,114729.4406,114475.9275,115484.0283,115861.805,NaN,NaN,NaN,NaN,1,2,1455.347606,2401.905197,70.00949253,57.80816798,25.23029873,0.311460758,-1,376.6310337,206.6574797
2025-09-17T08:00:00+09:00,116789.9,116855.5,116555.8,116728.6,117091.5066,114779.9534,114496.7335,115500.4017,115935.73,NaN,NaN,NaN,NaN,1,2,1167.362434,2426.317082,68.20883765,57.42191903,26.61226914,0.293332687,-1,386.6774793,247.8478131
2025-09-17T09:00:00+09:00,116728.6,116774.9,116490.6,116504.5,117146.9942,114829.9158,114517.539,115513.19,115988.455,NaN,NaN,NaN,NaN,1,2,904.4961953,2397.075583,61.9370659,56.02492165,27.6396659,0.277272917,-1,372.265122,283.0084189
2025-09-17T10:00:00+09:00,116504.5,116708,116450,116616.6,117214.1358,114836.4642,114539.7905,115535.2383,116025.3,NaN,NaN,NaN,NaN,1,2,1092.399614,2249.419714,63.73347001,56.56453289,28.29729188,0.258416855,-1,365.6735017,312.7091458
2025-09-17T11:00:00+09:00,116616.6,117039.2,116500,116627.1,117278.4999,114862.8301,114560.765,115556.555,116070.665,NaN,NaN,NaN,NaN,1,2,1645.810636,2156.196991,63.90530576,56.61543644,28.81798136,0.326371801,-1,357.1795143,334.3440207
2025-09-17T12:00:00+09:00,116627.1,116700,116313.7,116316.1,117302.1161,114892.2439,114582.1155,115575.53,116097.18,NaN,NaN,NaN,NaN,1,2,1615.430773,2175.490531,55.51506983,54.6779366,28.97371931,0.328867037,-1,321.6451422,347.0153505
2025-09-17T13:00:00+09:00,116316.1,116433.6,116110.6,116270.8,117316.1528,114943.8672,114603.8715,115589.5883,116130.01,NaN,NaN,NaN,NaN,1,2,1459.561545,2152.469084,54.39481391,54.40111037,28.72692262,0.31193003,-1,286.5256753,348.7303832
2025-09-17T14:00:00+09:00,116270.8,117160,116270.7,117059.8,117418.3595,115003.9905,114627.771,115615.585,116211.175,NaN,NaN,NaN,NaN,1,2,4309.319371,2314.308139,66.91688649,58.16684238,28.50825266,0.459784111,-1,318.6853445,348.5968005
2025-09-17T15:00:00+09:00,117059.8,117236.5,116926.4,117177.2,117510.0914,115096.5086,114652.776,115646.3367,116303.3,NaN,NaN,NaN,NaN,1,2,2001.8763,2360.606307,68.31114809,58.68510246,28.4222874,0.394429611,-1,349.6151669,348.3219978
2025-09-17T16:00:00+09:00,117177.2,117215.1,117066.6,117116.2,117550.6427,115242.5773,114678.306,115671.87,116396.61,NaN,NaN,NaN,NaN,1,2,1331.40561,2344.336034,66.73733493,58.30198931,28.53076397,0.305355749,-1,364.9976184,347.0293961
2025-09-17T17:00:00+09:00,117116.2,117147.9,116655.7,116820.7,117538.4772,115397.5128,114704.3275,115689.6867,116467.995,NaN,NaN,NaN,NaN,1,2,2773.713884,2430.931303,59.57671718,56.47865608,28.50598488,0.344528581,-1,349.3172301,342.8782573
2025-09-17T18:00:00+09:00,116820.7,116820.7,116520,116520.1,117423.3666,115648.2834,114730.2775,115698.2133,116535.825,NaN,116110.6,NaN,NaN,1,2,1559.60126,2233.470093,53.31043392,54.70212344,28.05030697,0.316300621,-1,309.0717152,335.8567676
2025-09-17T19:00:00+09:00,116520.1,116571.9,116234.6,116329.1,117261.171,115919.069,114755.4605,115704.5433,116590.12,NaN,NaN,NaN,NaN,1,2,1738.79763,2169.559902,49.73118935,53.60836694,27.46857098,0.307864383,-1,258.7816769,323.9798982
2025-09-17T20:00:00+09:00,116329.1,116343,116217,116217.1,117216.4354,115999.5246,114778.272,115721.1183,116607.98,117236.5,NaN,NaN,NaN,1,2,1979.893156,2149.455163,47.70843267,52.97432008,26.97776339,0.241579978,-1,207.4970979,307.3485186
2025-09-17T21:00:00+09:00,116217.1,116491.7,116046.1,116160.9,117197.2583,116033.8117,114799.226,115739.9783,116615.535,NaN,NaN,NaN,NaN,1,2,2709.672225,2096.795421,46.68237743,52.65531023,26.280774,0.288999852,1,160.469042,289.440063
2025-09-17T22:00:00+09:00,116160.9,116293.1,115861.1,116072.2,117221.4193,115975.9207,114818.8035,115754.7817,116598.67,NaN,NaN,NaN,NaN,-1,1,3061.887846,1872.654035,45.03608051,52.14933459,25.47058988,0.316874514,-1,114.7192085,270.3504556
2025-09-17T23:00:00+09:00,116072.2,116205.2,115425,115576.7,117320.5497,115797.5603,114831.7775,115759.1433,116559.055,NaN,NaN,NaN,NaN,-1,1,4986.599682,1980.331347,37.15363117,49.44012929,24.75314208,0.437171863,-1,38.04091496,239.1677412
2025-09-18T00:00:00+09:00,115576.7,115844.7,115499.2,115836.1,117331.0096,115695.5904,114846.207,115766.5817,116513.3,NaN,NaN,NaN,NaN,-1,1,1994.529847,2008.968514,42.79808785,50.80592914,24.47745207,0.390217335,-1,-1.775308357,200.1243551
2025-09-18T01:00:00+09:00,115836.1,115836.1,115338,115600.5,117352.9736,115555.8664,114859.427,115760.005,116454.42,NaN,NaN,NaN,NaN,-1,1,2588.293575,2076.089922,39.34197357,49.56452772,24.76659006,0.404301909,-1,-51.74442568,153.8196835
2025-09-18T02:00:00+09:00,115600.5,116258.4,115465.7,115519,117367.6548,115418.2652,114872.428,115744.2217,116392.96,NaN,NaN,NaN,NaN,-1,1,5730.940882,2305.347003,38.19298852,49.14051905,25.13200985,0.498460587,-1,-96.80576346,104.250462
2025-09-18T03:00:00+09:00,115519,116302.5,114669,115186.9,117400.8071,115224.8129,114884.9015,115729.435,116312.81,NaN,NaN,NaN,NaN,-1,1,24358.97959,3450.528602,33.85421543,47.45193077,25.87221515,0.80597515,-1,-157.4993385,52.40923381
2025-09-18T04:00:00+09:00,115186.9,115946.6,115032.9,115588.8,117369.8254,115141.8146,114900.858,115726.4817,116255.82,NaN,NaN,NaN,NaN,-1,1,5226.026985,3653.46183,42.38437897,49.59180926,26.84757573,0.79894003,-1,-171.1960216,4.63393397
2025-09-18T05:00:00+09:00,115588.8,116095.8,115429.3,115564.7,117355.7114,115061.9486,114915.55,115740.6567,116208.83,NaN,NaN,NaN,NaN,-1,1,2406.550356,3728.564538,42.03431862,49.46849454,27.81534977,0.724982164,-1,-181.8985965,-38.63225429
2025-09-18T06:00:00+09:00,115564.7,116075.9,115251.3,115998.4,117312.4314,115043.4086,114931.992,115760.1883,116177.92,NaN,NaN,NaN,NaN,-1,1,2683.588672,3808.123991,50.03234964,51.67596734,28.64876769,0.71847167,-1,-153.6137352,-73.53034065
2025-09-18T07:00:00+09:00,115998.4,116783.6,115998.4,116505.1,117297.8857,115045.7543,114955.9115,115789.7567,116171.82,NaN,NaN,NaN,NaN,-1,1,3745.888865,3913.127902,57.42373527,54.06903522,28.90165106,0.701551916,-1,-89.28213469,-96.19715656
2025-09-18T08:00:00+09:00,116505.1,116929,116261.2,116395.9,117304.4549,115047.1651,114983.706,115812.6867,116175.81,NaN,114669,NaN,NaN,-1,1,3142.516212,3989.482174,55.51772595,53.48631365,28.56881805,0.659383914,-1,-46.57353445,-105.598762
2025-09-18T09:00:00+09:00,116395.9,116422.2,116044.1,116303.2,117306.7085,115048.1515,115010.5955,115839.4933,116177.43,NaN,NaN,NaN,NaN,-1,1,1957.074585,4014.357826,53.88269979,52.99139959,28.11391355,0.548305831,-1,-19.97649968,-107.6211166
2025-09-18T10:00:00+09:00,116303.2,116827.2,116290,116594.5,117227.561,115080.769,115038.618,115872.4233,116154.165,NaN,NaN,NaN,NaN,-1,1,1955.440082,3896.663862,58.06237298,54.34651614,27.29066426,0.518204676,-1,24.32689223,-99.16874798
2025-09-18T11:00:00+09:00,116594.5,116900,116368.5,116881.6,117163.0145,115115.7555,115067.513,115909.9983,116139.385,NaN,NaN,117236.5,NaN,-1,1,2051.971584,3899.168626,61.74257437,55.6332954,26.16612011,0.496199089,-1,81.66286148,-79.33890077
2025-09-18T12:00:00+09:00,116881.6,117830,116833.8,117520.3,117271.6764,115047.5036,115098.8535,115955.4417,116159.59,NaN,NaN,NaN,NaN,1,1,8635.621207,4264.379406,68.38857291,58.30236626,25.21353959,0.611562674,-1,176.6040014,-42.21630745
2025-09-18T13:00:00+09:00,117520.3,117697.4,117178.1,117575.5,117440.1437,114954.5163,115129.3155,116004.685,116197.33,NaN,NaN,NaN,NaN,1,1,3416.485833,4296.518003,68.89155172,58.52251306,24.3491083,0.554741586,-1,253.3789229,4.958686382
2025-09-18T14:00:00+09:00,117575.5,117575.6,117124.1,117218.9,117546.6473,114917.8927,115159.2205,116040.44,116232.27,NaN,NaN,NaN,NaN,1,1,2669.068151,4351.991348,62.02556067,56.55346076,23.98674048,0.499345068,-1,282.195982,56.52475065
2025-09-18T15:00:00+09:00,117218.9,117286.3,116836.1,117053.1,117630.5357,114906.4043,115186.959,116070.4233,116268.47,NaN,NaN,NaN,NaN,1,1,2311.92939,4380.647936,59.07742999,55.6645241,23.88489087,0.461572167,-1,288.3313304,105.6297579
2025-09-18T16:00:00+09:00,117053.1,117166.5,117004.9,117038,117711.7959,114907.2341,115214.693,116100.2583,116309.515,NaN,NaN,NaN,NaN,1,1,1113.849998,4337.345778,58.80330107,55.58329658,23.9880503,0.353779417,-1,288.6478419,147.6219776
2025-09-18T17:00:00+09:00,117038,117381.9,116964.1,117192.2,117812.6878,114909.4722,115245.828,116131.4067,116361.08,117830,NaN,NaN,NaN,1,1,1595.1878,4281.621557,60.80349763,56.24884021,24.31182832,0.354378735,-1,297.9072415,185.8976193
2025-09-18T18:00:00+09:00,117192.2,117313.2,117065.6,117257.2,117916.0034,114924.6566,115277.3095,116161.395,116420.33,NaN,NaN,NaN,NaN,1,1,1353.708279,4196.212579,61.64878247,56.52913327,24.80260467,0.306508107,-1,306.9519878,222.2230068
2025-09-18T19:00:00+09:00,117257.2,117263.9,117025.6,117142.5,117973.2336,115024.0064,115306.212,116193.27,116498.62,NaN,NaN,NaN,NaN,1,1,761.0241832,3984.933804,59.22177062,55.88419717,25.08286895,0.272347966,-1,301.3904415,253.0078456
2025-09-18T20:00:00+09:00,117142.5,117246.2,116951.8,117011.7,118015.3192,115099.4808,115333.7925,116221.7933,116557.4,NaN,NaN,NaN,NaN,1,1,826.8329747,3926.54896,56.49057746,55.15170586,25.10679256,0.265634528,-1,283.1642678,275.3968908
2025-09-18T21:00:00+09:00,117011.7,117243.1,116923.1,117073.2,118035.9971,115226.0729,115361.803,116255.865,116631.035,NaN,NaN,NaN,NaN,1,1,2448.792017,3919.573882,57.4834223,55.43209289,24.90765121,0.268107746,-1,270.5635417,285.8368397
2025-09-18T22:00:00+09:00,117073.2,117608.9,116963.6,117376.5,118066.7557,115381.0643,115391.0305,116296.005,116723.91,NaN,NaN,NaN,NaN,1,1,4569.812927,3861.517484,62.07918602,56.79205781,24.90057845,0.361533083,-1,281.8027046,288.9950377
2025-09-18T23:00:00+09:00,117376.5,117777,117344.1,117563.3,118032.3505,115653.1095,115420.1585,116339.115,116842.73,NaN,NaN,NaN,114669,1,1,2996.138052,2793.375408,64.61603729,57.60540369,25.14526036,0.363381474,-1,302.2983142,291.2286301
2025-09-19T00:00:00+09:00,117563.3,117650,117252.1,117526.5,118015.1104,115864.1196,115445.3475,116377.055,116939.615,NaN,NaN,NaN,NaN,1,1,2836.062455,2673.877181,63.71177855,57.38815372,25.43128911,0.355184151,-1,311.9755204,293.8557624
2025-09-19T01:00:00+09:00,117526.5,117739.2,117447.7,117514.2,117935.2193,116138.9607,115471.2875,116411.4583,117037.09,NaN,NaN,NaN,NaN,1,1,1474.223121,2627.260819,63.39245428,57.31440196,25.80119545,0.319499261,-1,315.0209039,296.7861026
2025-09-19T02:00:00+09:00,117514.2,117721.3,117360,117535.9,117899.4484,116328.4816,115497.782,116439.0617,117113.965,NaN,116923.1,NaN,NaN,1,1,1941.146829,2590.138727,63.73776186,57.41297019,26.18427133,0.31542533,-1,315.5479605,298.7461825
2025-09-19T03:00:00+09:00,117535.9,117855.5,117457.1,117752.6,117956.6279,116396.0521,115525.4225,116472.9417,117176.34,NaN,NaN,NaN,NaN,1,1,1401.585546,2472.923561,67.0774983,58.39241977,26.72294195,0.322675395,-1,329.6515181,301.2683525
2025-09-19T04:00:00+09:00,117752.6,117752.6,117125,117397.2,117924.0881,116528.7219,115551.1185,116499.7983,117226.405,NaN,NaN,NaN,NaN,1,1,2322.430539,2431.919278,57.69276122,56.22737973,27.09752003,0.393966618,-1,308.5936044,302.068704
2025-09-19T05:00:00+09:00,117397.2,117604.9,117274.8,117462.1,117844.6893,116724.0107,115571.4895,116530.5967,117284.35,NaN,NaN,NaN,NaN,1,1,834.40145,2375.785621,58.82564159,56.52785082,27.1169781,0.356174901,1,293.7557106,303.2455309
2025-09-19T06:00:00+09:00,117462.1,117462.1,117241.5,117241.6,117780.3639,116853.0461,115588.177,116560.6817,117316.705,NaN,NaN,NaN,NaN,1,1,765.7465038,2316.300942,53.57645596,55.21334374,26.70390576,0.300616004,1,261.1931932,302.2043811
2025-09-19T07:00:00+09:00,117241.6,117281.5,116999.7,117006,117765.9477,116879.9023,115603.9105,116588.5367,117322.925,NaN,NaN,NaN,NaN,1,1,1104.922202,2268.948473,48.58758836,53.84754135,26.03209259,0.281094994,1,213.9103867,294.6607902
2025-09-19T08:00:00+09:00,117006,117120,116555,117019,117750.0091,116845.7109,115619.991,116618.02,117297.86,117855.5,NaN,NaN,NaN,1,1,4408.948038,2057.614814,48.87050096,53.91175936,25.36184005,0.348318369,1,175.4647647,280.5681736
2025-09-19T09:00:00+09:00,117019,117372.5,116959.6,117361,117722.2893,116851.9807,115638.1325,116650.82,117287.135,NaN,NaN,NaN,NaN,1,1,2037.9614,1988.688593,55.76658045,55.57194596,24.56339054,0.348809043,1,170.6260037,264.8626718
2025-09-19T10:00:00+09:00,117361,117400,117061,117177.5,117721.8886,116848.2414,115655.5315,116684.3867,117285.065,NaN,NaN,NaN,NaN,1,1,839.1412364,1897.192247,51.73470296,54.49671465,23.54634741,0.329338415,1,150.2523191,246.5550512
2025-09-19T11:00:00+09:00,117177.5,117230,116984.9,117055.7,117721.7438,116848.6462,115673.0945,116714.595,117285.195,NaN,NaN,NaN,NaN,1,1,857.4438696,1824.467971,49.19240043,53.79149249,22.71519744,0.289583233,1,122.8615142,225.1454461
2025-09-19T12:00:00+09:00,117055.7,117237.4,116805.4,116932,117730.6619,116829.1281,115690.1455,116732.4633,117279.895,NaN,NaN,NaN,NaN,1,1,1632.218518,1850.386397,46.68332265,53.07936362,22.17026483,0.316408215,1,90.13354434,198.5323379
2025-09-19T13:00:00+09:00,116932,117050,116660.3,116939,117740.7891,116793.6809,115707.2955,116747.95,117267.235,NaN,116555,NaN,NaN,1,1,1906.474847,1865.950749,46.8485357,53.11521947,22.003674,0.322009739,1,64.02321418,171.3578501
2025-09-19T14:00:00+09:00,116939,116970.8,116738.6,116843.7,117754.8905,116738.2295,115722.627,116755.1867,117246.56,NaN,NaN,NaN,NaN,1,1,671.356903,1831.833181,44.81261382,52.55703629,22.14091026,0.28109059,1,35.23451432,142.6332727
2025-09-19T15:00:00+09:00,116843.7,116843.8,116567.9,116641,117793.3764,116649.5936,115736.6675,116759.72,117221.485,NaN,NaN,NaN,NaN,1,1,1038.191217,1845.691532,40.75567286,51.38455465,22.37169695,0.266565299,-1,-3.892068357,113.1793548
2025-09-19T16:00:00+09:00,116641,116948.7,116631.3,116856.3,117800.8167,116626.6133,115751.4495,116761.4717,117213.715,NaN,NaN,NaN,NaN,1,1,1521.451748,1880.422471,46.31504759,52.53274638,22.78288608,0.267921331,-1,-17.32751554,87.48625453
2025-09-19T17:00:00+09:00,116856.3,117049.7,116836,116865.6,117807.1109,116599.5591,115766.624,116762.93,117203.335,NaN,NaN,NaN,NaN,1,1,1359.145515,1825.940146,46.54837389,52.5821292,23.26072444,0.239553215,-1,-26.91451815,64.99966754
2025-09-19T18:00:00+09:00,116865.6,116940.8,116433.8,116442.6,117838.9668,116474.3132,115779.6265,116757.8367,117156.64,NaN,NaN,NaN,NaN,-1,1,1992.224828,1697.060741,38.37809868,50.15917877,23.99526537,0.305418179,-1,-67.86257411,38.50093667
2025-09-19T19:00:00+09:00,116442.6,116508.1,116380,116486,117817.5066,116388.0434,115793.2385,116752.7717,117102.775,NaN,NaN,NaN,NaN,-1,1,1758.292847,1635.168481,39.550454,50.39856809,24.87304362,0.240193024,-1,-95.70891341,11.17191083
2025-09-19T20:00:00+09:00,116486,116508,116258.7,116352.2,117801.5661,116286.5539,115803.251,116746.4983,117044.06,NaN,NaN,NaN,NaN,-1,1,1568.148941,1571.772805,37.20067991,49.6480809,25.85575385,0.231733905,-1,-127.1086503,-16.60255189
2025-09-19T21:00:00+09:00,116352.2,116499.7,116082.3,116117.8,117799.8921,116148.5879,115813.3065,116740.0533,116974.24,NaN,NaN,NaN,NaN,-1,1,2185.316098,1607.327454,33.45118846,48.36021788,27.01332408,0.274621977,-1,-168.9596277,-45.39068212
2025-09-19T22:00:00+09:00,116117.8,116417.9,116021.5,116244.4,117751.3672,116067.9628,115823.487,116733.85,116909.665,NaN,NaN,NaN,NaN,-1,1,2260.101612,1623.275193,37.13655308,49.08835848,28.2552802,0.296550485,-1,-189.7242438,-73.58484411
2025-09-19T23:00:00+09:00,116244.4,116450,115737.1,115852.9,117682.7909,115946.5691,115831.401,116720.9467,116814.68,NaN,NaN,117855.5,NaN,-1,1,3832.012316,1744.796531,31.3540424,46.99642177,29.81066463,0.40348484,-1,-235.0614872,-103.6177332
2025-09-20T00:00:00+09:00,115852.9,115900,115423,115825.9,117661.6408,115810.5892,115840.2855,116712.7767,116736.115,NaN,NaN,NaN,NaN,-1,1,5390.778631,1898.213936,30.99559004,46.85584271,31.85910135,0.406327593,-1,-270.0572024,-133.191637
2025-09-20T01:00:00+09:00,115825.9,116084.1,115751.3,116030.2,117575.7537,115753.2863,115850.408,116708.7667,116664.52,NaN,NaN,NaN,NaN,-1,1,1485.810558,1930.784391,36.87617456,48.05603377,33.8766253,0.366015395,-1,-278.1004868,-162.1664115
2025-09-20T02:00:00+09:00,116030.2,116030.2,115483.6,115483.7,117582.4618,115570.7882,115858.5885,116682.4983,116576.625,NaN,NaN,NaN,NaN,-1,1,1672.302161,1976.112174,29.60754507,45.26458267,35.93004936,0.402936169,-1,-324.8284107,-195.2679552
2025-09-20T03:00:00+09:00,115483.7,115595.9,115340,115373.3,117607.5439,115382.4361,115865.289,116652.4333,116494.99,NaN,NaN,NaN,NaN,-1,1,1555.876993,1998.659914,28.39013277,44.7287824,37.9985408,0.342815074,-1,-366.5436968,-228.4547466
2025-09-20T04:00:00+09:00,115373.3,115440.1,115069.9,115086.1,117640.3161,115156.3739,115870.9055,116618.5983,116398.345,NaN,NaN,NaN,NaN,-1,1,1560.884428,1856.256733,25.45753997,43.36558175,40.07178574,0.336337788,-1,-417.9600184,-264.2604249
2025-09-20T05:00:00+09:00,115086.1,115400,115059.3,115312.5,117541.3113,115050.5287,115877.8485,116593.4617,116295.92,NaN,NaN,NaN,NaN,-1,1,1815.474894,1845.132408,31.46732191,44.72132413,42.12613766,0.322270955,-1,-435.4199853,-298.5172399
2025-09-20T06:00:00+09:00,115312.5,115496.5,115263.4,115417.4,117440.369,114975.461,115882.055,116575.0833,116207.915,NaN,NaN,NaN,NaN,-1,1,975.7787006,1851.964281,34.11769802,45.34022131,43.92982123,0.281972906,-1,-435.7693043,-328.1627595
2025-09-20T07:00:00+09:00,115417.4,115610.3,115417.4,115562.3,117331.6841,114934.8059,115887.886,116562.3033,116133.245,NaN,NaN,NaN,NaN,-1,1,1264.829344,1872.333555,37.70166364,46.18974147,45.27188739,0.243387216,-1,-419.5179809,-353.695397
2025-09-20T08:00:00+09:00,115562.3,115598.2,115396.8,115578,117228.292,114902.798,115895.156,116551.6517,116065.545,NaN,NaN,NaN,NaN,-1,1,446.9369175,1813.069475,38.09461559,46.28208598,46.43462072,0.220320975,-1,-400.7522092,-372.1054772
2025-09-20T09:00:00+09:00,115578,115669.2,115501.1,115667.9,117104.1983,114899.7817,115901.333,116543.435,116001.99,NaN,NaN,NaN,NaN,-1,1,663.2487474,1750.90817,40.41235157,46.81559915,47.2448356,0.195209778,-1,-374.3111949,-383.6892541
2025-09-20T10:00:00+09:00,115667.9,115668.8,115554.6,115578.7,116984.2067,114893.2733,115906.561,116535.21,115938.74,NaN,115059.3,NaN,NaN,-1,1,345.8948178,1734.635066,38.8578053,46.34933767,47.69183502,0.163176001,-1,-356.4453153,-392.3942351
2025-09-20T11:00:00+09:00,115578.7,115578.7,115384.1,115551.1,116890.496,114877.994,115913.026,116534.7833,115884.245,NaN,NaN,NaN,NaN,-1,1,555.2014032,1710.485575,38.36603158,46.20398685,47.8420433,0.164946764,-1,-340.5874858,-394.1452434
2025-09-20T12:00:00+09:00,115551.1,115551.2,115358.1,115392.1,116733.296,114888.774,115918.125,116527.3833,115811.035,NaN,NaN,NaN,NaN,-1,1,359.4590551,1652.38594,35.57297361,45.36730601,47.73476241,0.165896857,-1,-336.9656823,-390.8587974
2025-09-20T13:00:00+09:00,115392.1,115537,115359,115520.7,116535.5698,114952.0102,115924.013,116526.0533,115743.79,NaN,NaN,NaN,NaN,-1,1,389.320675,1603.894698,39.4147202,46.17210323,47.52121508,0.161836431,-1,-320.0293327,-379.9776101
2025-09-20T14:00:00+09:00,115520.7,115662.1,115461.1,115662,116428.9787,114980.5413,115930.182,116528.4367,115704.76,115669.2,NaN,NaN,NaN,-1,1,411.6060844,1524.863761,43.40775786,47.04704687,47.13467661,0.165686557,-1,-291.8412601,-364.0244184
2025-09-20T15:00:00+09:00,115662,115662.4,115570.1,115644.5,116292.0263,115033.3437,115933.2755,116536.0633,115662.685,NaN,NaN,NaN,NaN,-1,1,382.0392254,1456.05108,43.02950415,46.95056089,46.58047947,0.137078942,-1,-267.8267729,-345.3641371
2025-09-20T16:00:00+09:00,115644.5,115920.1,115628.5,115907.7,116198.1472,115082.7728,115935.7295,116541.3783,115640.46,NaN,NaN,NaN,NaN,1,1,1386.23289,1446.955278,50.07578017,48.56995081,45.58496007,0.175038274,-1,-224.9638354,-323.7470098
2025-09-20T17:00:00+09:00,115907.7,115907.7,115641.4,115645.2,116129.8751,115103.7849,115935.0585,116542.72,115616.83,NaN,115358.1,NaN,NaN,1,1,987.1426827,1387.046607,44.20364742,47.10593905,44.18823861,0.193714821,-1,-209.7582424,-302.525458
2025-09-20T18:00:00+09:00,115645.2,115743.9,115608.9,115611.2,116009.9563,115160.3837,115936.509,116536.2667,115585.17,NaN,NaN,NaN,NaN,1,1,373.0148793,1292.69227,43.49224674,46.91894423,42.36638505,0.168104758,-1,-198.1668719,-282.9538665
2025-09-20T19:00:00+09:00,115611.2,115740.5,115611.1,115693.9,115987.3653,115167.0747,115938.2875,116522.7467,115577.22,NaN,NaN,NaN,NaN,1,1,404.0245073,1121.29288,45.77806884,47.43704604,40.1431058,0.149272017,-1,-180.2298509,-263.3743705
2025-09-20T20:00:00+09:00,115693.9,115866.9,115693.9,115841.1,115990.0177,115165.9423,115941.7425,116513.5,115577.98,NaN,NaN,NaN,NaN,1,1,559.8676219,879.7473293,49.67985326,48.35300863,37.61538146,0.149169059,-1,-152.3802777,-242.4624585
2025-09-20T21:00:00+09:00,115841.1,115905,115748,115824.5,115942.6693,115192.7207,115944.324,116505.5217,115567.695,115920.1,NaN,NaN,NaN,1,1,512.6381256,831.0887077,49.2494509,48.25620175,35.08640014,0.144643594,-1,-130.1485007,-219.4827716
2025-09-20T22:00:00+09:00,115824.5,115888,115800,115859.6,115979.9661,115193.0139,115945.825,116493.2733,115586.49,NaN,NaN,NaN,NaN,1,1,405.1695609,767.7320777,50.23127695,48.47885146,32.55680103,0.121717849,-1,-108.4472679,-195.9736533
2025-09-20T23:00:00+09:00,115859.6,115969.2,115822.7,115901.2,116016.3142,115209.4558,115948.9805,116476.9333,115612.885,NaN,NaN,NaN,NaN,1,1,631.9788919,721.5371726,51.43057644,48.74568188,30.53247268,0.123249695,-1,-86.89049281,-173.2013458
2025-09-21T00:00:00+09:00,115901.2,116062.6,115878.6,115929.9,116001.8232,115308.3268,115953.439,116450.4267,115655.075,NaN,NaN,NaN,NaN,1,2,1077.746153,697.3802589,52.28485721,48.9319517,29.08679599,0.135051656,-1,-66.7216178,-150.8563286
2025-09-21T01:00:00+09:00,115929.9,116000,115809.2,115966.6,116022.2855,115353.2745,115958.201,116423.6117,115687.78,NaN,NaN,NaN,115059.3,1,2,530.455229,633.1292756,53.41327192,49.17307814,27.9699702,0.144849322,-1,-47.231797,-131.1083243
2025-09-21T02:00:00+09:00,115966.6,116026.8,115759.5,115760.9,116016.6636,115393.2464,115961.9775,116399.3117,115704.955,NaN,NaN,NaN,NaN,1,2,539.8105559,611.3308684,46.74113866,47.8795708,27.04818228,0.173706801,-1,-47.83285709,-113.1166149
2025-09-21T03:00:00+09:00,115760.9,115761,115633.2,115650,116015.3126,115403.3674,115965.5515,116375.9267,115709.34,NaN,NaN,NaN,NaN,1,2,787.1047106,587.4446367,43.58039939,47.19628653,26.15530911,0.152750861,-1,-56.60539297,-97.38756164
2025-09-21T04:00:00+09:00,115650,115737.8,115637.8,115639.5,116014.2542,115410.5758,115969.396,116352.6183,115712.415,NaN,NaN,NaN,NaN,1,2,433.11195,586.7533883,43.28197188,47.1312776,25.23596317,0.130668368,-1,-63.67099354,-84.4365775
2025-09-21T05:00:00+09:00,115639.5,115728.1,115626,115670,116014.2986,115410.7414,115972.5455,116327.2483,115712.52,116062.6,NaN,NaN,NaN,1,2,203.1631877,563.7491103,44.47145738,47.34633735,24.31453974,0.116512058,-1,-66.04807667,-74.84411072
2025-09-21T06:00:00+09:00,115670,115880,115668.1,115727.4,116015.441,115424.469,115975.6365,116301.7517,115719.955,NaN,NaN,NaN,NaN,1,2,545.2897011,573.7188545,46.7354401,47.75463322,23.36998153,0.138670415,-1,-62.57886173,-67.33637306
2025-09-21T07:00:00+09:00,115727.4,115740.2,115680.1,115718.8,116013.5217,115443.1583,115978.1695,116278.0233,115728.34,NaN,NaN,NaN,NaN,1,2,212.8861921,556.603094,46.42999951,47.69806291,22.28507711,0.109765895,-1,-59.8337063,-61.93486621
2025-09-21T08:00:00+09:00,115718.8,115718.9,115551.5,115633.9,115985.2079,115495.6521,115981.028,116255.06,115740.43,NaN,NaN,NaN,NaN,1,2,459.5739543,561.6088389,43.41352675,47.13535388,21.10674369,0.121486736,1,-63.77372747,-59.36633673
2025-09-21T09:00:00+09:00,115633.9,115675.1,115490.7,115591.6,115977.7265,115510.2235,115981.8365,116230.3667,115743.975,NaN,NaN,NaN,NaN,1,2,546.9493361,569.490272,41.95114126,46.85421602,20.05114004,0.134196517,1,-69.5082315,-59.67596047
2025-09-21T10:00:00+09:00,115591.6,115591.7,115433.5,115433.5,116000.9762,115464.1238,115980.308,116197.9833,115732.55,NaN,NaN,NaN,NaN,1,2,377.4177676,567.7808561,36.94230355,45.81167047,19.2862392,0.135269745,-1,-85.82092575,-63.96364145
2025-09-21T11:00:00+09:00,115433.5,115653.4,115397.4,115634,116001.1781,115462.8719,115976.4745,116165.8283,115732.025,NaN,NaN,NaN,NaN,1,2,640.442206,580.7010052,45.78316408,47.32891635,18.64687866,0.163819523,-1,-81.62920841,-67.71879159
2025-09-21T12:00:00+09:00,115634,115655,115563.9,115613.7,115978.4894,115456.1606,115971.735,116133.9483,115717.325,NaN,NaN,NaN,NaN,1,2,268.7929718,524.8290093,45.09381412,47.19234542,18.09602331,0.135497821,-1,-79.03422521,-70.21088406
2025-09-21T13:00:00+09:00,115613.7,115620.8,115441.1,115441.1,115993.4937,115420.7463,115968.5295,116099.3967,115707.12,NaN,NaN,NaN,NaN,1,2,287.7118572,489.857468,39.63009352,46.03926477,17.73808259,0.142354872,-1,-89.86910476,-73.12178531
2025-09-21T14:00:00+09:00,115441.1,115620.1,115441.1,115620.1,115993.3682,115421.7618,115967.629,116067.4667,115707.565,NaN,NaN,NaN,NaN,1,2,383.6934665,490.3913973,46.82574105,47.39990019,17.55551882,0.146362112,-1,-83.05461888,-75.01140111
2025-09-21T15:00:00+09:00,115620.1,115737.4,115620,115632.1,115992.1327,115416.8173,115965.9425,116032.125,115704.475,NaN,NaN,NaN,NaN,1,2,484.429777,494.4116608,47.2794136,47.49051199,17.36806713,0.131407582,-1,-75.81187788,-76.48173624
2025-09-21T16:00:00+09:00,115632.1,115755.8,115561,115755.8,115982.1103,115418.3097,115964.8285,116004.7683,115700.21,NaN,115397.4,NaN,NaN,1,2,340.6914679,483.4528531,51.84076739,48.42543756,17.18306731,0.143606539,-1,-59.4056064,-76.43416958
2025-09-21T17:00:00+09:00,115755.8,115765.7,115504.7,115578.8,115968.5004,115407.3496,115961.973,115973.38,115687.925,NaN,NaN,NaN,NaN,1,2,336.7273234,474.657313,45.74231155,47.19793981,17.00681129,0.171157627,-1,-59.99436116,-76.01423999
2025-09-21T18:00:00+09:00,115578.8,115652,115271.9,115632.8,115946.6247,115406.5453,115961.592,115946.5667,115676.585,NaN,NaN,NaN,NaN,1,2,1253.655772,517.0816236,47.76135445,47.61151863,17.27162451,0.223622785,-1,-55.46424752,-74.45379733
2025-09-21T19:00:00+09:00,115632.8,115653.4,115448.9,115463.8,115919.2398,115390.1902,115959.716,115920.8633,115654.715,NaN,NaN,NaN,NaN,1,2,336.5375466,502.3095563,42.43874697,46.44917845,17.93755127,0.208337325,1,-64.76442347,-72.11418597
2025-09-21T20:00:00+09:00,115463.8,115639.9,115459.8,115556.1,115871.3455,115400.7045,115957.878,115896.4817,115636.025,NaN,NaN,116062.6,NaN,1,2,348.1341184,465.8289545,45.97957995,47.16827278,18.75838139,0.190732289,1,-63.94986704,-70.1498147
2025-09-21T21:00:00+09:00,115556.1,115699,115556,115616.6,115798.4423,115438.6077,115957.689,115867.4083,115618.525,NaN,NaN,NaN,NaN,1,2,346.8508477,456.6487355,48.22765793,47.63874963,19.55463646,0.168316542,1,-57.75669756,-67.78564496
2025-09-21T22:00:00+09:00,115616.6,115689.8,115579,115605.2,115778.398,115443.082,115957.376,115841.2033,115610.74,115765.7,NaN,NaN,NaN,1,2,336.3773176,446.4770736,47.8237972,47.5572858,20.61238474,0.144169906,1,-53.15570498,-63.70637832
2025-09-21T23:00:00+09:00,115605.2,115636.1,115433.3,115445.1,115781.7915,115419.1985,115956.1055,115814.36,115600.495,NaN,115271.9,NaN,NaN,1,2,521.4782504,433.1957506,42.4477695,46.41928072,21.99317566,0.154802533,1,-61.71668566,-61.33549685
2025-09-22T00:00:00+09:00,115445.1,115554,115415.7,115471.7,115780.7851,115403.4249,115954.7435,115790.0217,115592.105,NaN,NaN,NaN,NaN,1,2,528.3361919,437.9569627,43.58253468,46.63586243,23.58999437,0.143101117,1,-65.59874534,-60.20070435
2025-09-22T01:00:00+09:00,115471.7,115499.9,115156,115275.2,115802.3949,115342.3351,115951.446,115762.2917,115572.365,NaN,NaN,NaN,NaN,1,2,1240.878882,489.8427474,37.67316041,45.25634103,25.30844426,0.195006554,1,-83.56789471,-62.88540305
2025-09-22T02:00:00+09:00,115275.2,115591.9,115207.6,115576.2,115783.6221,115345.9879,115949.3755,115741.1667,115564.805,NaN,NaN,NaN,NaN,1,2,1288.08319,526.9824218,49.06585932,47.67660709,26.90790171,0.240501761,1,-72.6825514,-64.29520196
2025-09-22T03:00:00+09:00,115576.2,115622.9,115476.1,115489.6,115762.4953,115344.1947,115947.4175,115721.9767,115553.345,NaN,NaN,NaN,NaN,1,2,511.865598,541.9313921,46.43594338,47.06547099,28.32460268,0.202825072,1,-70.23411944,-65.93629885
2025-09-22T04:00:00+09:00,115489.6,115489.6,115278.2,115443.2,115754.781,115332.839,115945.0515,115698.425,115543.81,NaN,NaN,NaN,NaN,1,2,286.2187682,533.2636328,45.04287221,46.73778667,29.91307165,0.196311181,1,-71.21686797,-66.65323712
2025-09-22T05:00:00+09:00,115443.2,115464.1,115264.7,115264.7,115769.4646,115285.4654,115941.612,115671.7433,115527.465,NaN,NaN,NaN,NaN,-1,1,416.9446668,526.7633993,40.06351783,45.49389805,31.66773665,0.188741167,1,-85.41455565,-69.03820252
2025-09-22T06:00:00+09:00,115264.7,115385.2,115200.9,115358,115773.6592,115273.7208,115939.853,115653.6667,115523.69,NaN,115156,NaN,NaN,-1,1,651.0954387,540.4472829,43.57466637,46.25708829,33.42530085,0.178980183,1,-88.12197983,-72.41212278
2025-09-22T07:00:00+09:00,115358,115502.4,115134.7,115480.4,115761.3461,115270.6739,115938.5505,115636.9067,115516.01,NaN,NaN,NaN,NaN,-1,1,628.8378649,539.8670658,47.88769823,47.24631337,34.88199234,0.22532999,1,-79.47483947,-75.33647105
2025-09-22T08:00:00+09:00,115480.4,115480.5,115149,115191,115773.4799,115216.2701,115935.868,115617.5533,115494.875,NaN,NaN,NaN,NaN,-1,1,496.5889079,551.2568627,40.08579101,45.23659242,35.84553554,0.246525031,1,-94.8803581,-79.02132355
2025-09-22T09:00:00+09:00,115191,115340,114231,114350.1,116012.3753,114868.2747,115931.188,115588.0917,115440.325,NaN,NaN,NaN,NaN,-1,2,7377.488823,905.7457109,26.55024333,40.16840063,37.07545422,0.488834815,-1,-172.9492931,-90.94916219
2025-09-22T10:00:00+09:00,114350.1,114697.1,114200,114215.8,116145.3193,114594.9007,115924.637,115554.2817,115370.11,NaN,NaN,NaN,NaN,-1,2,3568.565282,1064.989302,25.0929295,39.44783615,38.62966428,0.471349322,-1,-242.8568714,-108.6479374
2025-09-22T11:00:00+09:00,114215.8,114555,114083.4,114137.6,116227.4271,114363.3429,115917.3745,115525.6933,115295.385,NaN,NaN,NaN,NaN,-1,2,3167.69047,1199.152336,24.25799036,39.03164699,40.33456249,0.452176671,-1,-301.0983429,-134.0274698
2025-09-22T12:00:00+09:00,114137.6,114600,114137.6,114599.8,116191.3724,114283.7976,115911.651,115505.2583,115237.585,NaN,NaN,NaN,NaN,-1,2,1482.199392,1256.227733,37.49591059,42.68043394,42.0901611,0.434732347,-1,-306.4271501,-160.2711398
2025-09-22T13:00:00+09:00,114599.8,114599.9,114343.8,114392.3,116185.8554,114170.6646,115904.397,115477.96,115178.26,NaN,NaN,NaN,NaN,-1,2,644.1254845,1271.597641,34.5743816,41.54106425,43.84407441,0.364973516,-1,-323.6628007,-188.3206879
2025-09-22T14:00:00+09:00,114392.3,114498.6,113590,113628.2,116267.2651,113888.7949,115893.319,115447.035,115078.03,NaN,NaN,NaN,NaN,-1,2,3254.265816,1371.628143,26.41304129,37.75254884,46.0431815,0.511493684,-1,-394.4318968,-222.6559481
2025-09-22T15:00:00+09:00,113628.2,113632.4,111549.3,112755.4,116488.5997,113396.6203,115877.9965,115403.4033,114942.61,NaN,NaN,NaN,NaN,-1,2,37763.04274,3242.953403,20.46930656,34.12371468,48.77702822,0.959452092,-1,-515.0078906,-270.0877159
2025-09-22T16:00:00+09:00,112755.4,112950,112397.5,112455.2,116646.6228,112928.5072,115860.9195,115359.555,114787.565,NaN,NaN,NaN,NaN,-1,2,3892.481848,3420.170789,18.89440015,33.00964467,51.51536825,0.805111158,-1,-627.5548044,-330.9854898
2025-09-22T17:00:00+09:00,112455.2,112726.8,112390,112577,116685.8445,112585.3255,115844.341,115313.9633,114635.585,NaN,NaN,NaN,NaN,-1,2,1776.999785,3491.678236,21.53233246,33.90341645,54.25050648,0.635884395,-1,-698.8647248,-398.0948639
2025-09-22T18:00:00+09:00,112577,112618.3,112118.6,112289.2,116707.346,112232.224,115826.2385,115261.8267,114469.785,NaN,NaN,NaN,NaN,-1,2,3086.715419,3629.195141,19.88645197,32.84635582,56.96395356,0.573346665,-1,-769.7284548,-464.4036596
2025-09-22T19:00:00+09:00,112289.2,112797,112201.6,112730.3,116646.5959,112021.4941,115810.8485,115214.6267,114334.045,NaN,NaN,NaN,NaN,-1,2,1790.058831,3692.62417,28.86161183,35.96985932,59.57735105,0.556789898,-1,-781.2891725,-524.2294709
2025-09-22T20:00:00+09:00,112730.3,112920,112618,112815,116542.1412,111860.2788,115796.774,115168.5767,114201.21,NaN,111549.3,NaN,NaN,-1,2,1215.603012,3726.987511,30.4723495,36.54837662,61.99267014,0.460146211,-1,-774.6864395,-576.8503705
2025-09-22T21:00:00+09:00,112815,112815,112450.6,112689.7,116446.6671,111697.2029,115781.722,115118.94,114071.935,NaN,NaN,NaN,NaN,-1,2,1586.036274,3744.245381,29.41141386,36.05640861,64.08783004,0.414893848,-1,-770.6804641,-628.434072
2025-09-22T22:00:00+09:00,112689.7,113099.6,112333.8,113086,116253.7624,111641.0876,115768.08,115077.395,113947.425,NaN,NaN,NaN,NaN,-1,2,2994.001171,3829.54128,36.89491981,38.719693,65.51594556,0.501354504,-1,-727.1455208,-673.2654854
2025-09-22T23:00:00+09:00,113086,113379.9,112717.2,112882.8,116053.6589,111580.5111,115754.0825,115032.9233,113817.085,NaN,NaN,NaN,NaN,-1,2,5864.480215,4097.172011,34.85452545,37.89357782,66.12328285,0.530527683,-1,-700.960075,-707.3241718
2025-09-23T00:00:00+09:00,112882.8,112986.6,112525.7,112772.7,115833.0356,111534.0844,115739.215,114989.2667,113683.56,NaN,NaN,NaN,NaN,-1,2,2301.006555,4197.9114,33.76493872,37.45160296,66.04370906,0.49026316,-1,-681.2391693,-725.7943139
2025-09-23T01:00:00+09:00,112772.7,112848.5,112528,112555.3,115622.0789,111474.1011,115722.6005,114939.8433,113548.09,NaN,NaN,NaN,NaN,-1,2,1278.089677,4240.96865,31.66031359,36.59132817,65.33005931,0.422389707,-1,-675.3673581,-731.1068199
2025-09-23T02:00:00+09:00,112555.3,112582.3,112200,112350.2,115358.0048,111437.3952,115704.3815,114884.6467,113397.7,NaN,NaN,NaN,NaN,-1,2,1713.605138,4294.094135,29.77472335,35.79936842,64.29710966,0.395532304,-1,-679.4316956,-728.9475944
2025-09-23T03:00:00+09:00,112350.2,112780.4,112315,112395.8,114998.7136,111488.2264,115686.459,114830.5017,113243.47,NaN,NaN,NaN,NaN,-1,2,1051.113732,4315.207929,30.76204847,36.11319529,62.91652846,0.401605359,-1,-671.2355875,-718.0039425
2025-09-23T04:00:00+09:00,112395.8,112559,111888,112068.6,114668.7657,111505.9343,115668.071,114766.5167,113087.35,113379.9,NaN,NaN,NaN,-1,2,3601.697203,4470.463343,27.7474909,34.86483003,61.3306808,0.46809874,-1,-683.2661513,-707.1124957
2025-09-23T05:00:00+09:00,112068.6,112925.7,111929.5,112743.3,114483.4327,111530.5873,115653.1015,114718.1517,113007.01,NaN,NaN,NaN,NaN,-1,2,1931.291516,4198.153478,40.66066736,39.28296115,59.53847298,0.604731695,-1,-631.0830757,-691.1565664
2025-09-23T06:00:00+09:00,112743.3,112925.7,112560,112925.6,114310.8087,111574.1913,115641.261,114673.3917,112942.5,NaN,NaN,NaN,NaN,-1,2,944.4044124,4066.945435,43.59403071,40.39806222,57.77303926,0.510450816,-1,-568.4646196,-668.6881392
2025-09-23T07:00:00+09:00,112925.6,112925.7,112536.6,112586.3,114125.0645,111604.8055,115627.452,114621.5983,112864.935,NaN,NaN,NaN,NaN,-1,2,579.4147201,3937.531647,39.66395354,39.03592713,55.98243668,0.456526621,-1,-539.993013,-647.8934161
2025-09-23T08:00:00+09:00,112586.3,112698.5,112542.5,112607,113744.8707,111785.7193,115614.599,114567.6967,112765.295,NaN,NaN,NaN,NaN,-1,2,446.2443987,3885.733897,40.01922254,39.16367802,54.16895333,0.350473435,-1,-509.8811501,-626.6624245
2025-09-23T09:00:00+09:00,112607,112789.1,112335,112350.1,113313.5011,112012.8689,115599.213,114509.79,112663.185,NaN,111888,NaN,NaN,-1,2,937.0484116,3900.380044,37.09959112,38.15083395,52.33108635,0.368910884,1,-500.9720707,-606.6327468
2025-09-23T10:00:00+09:00,112350.1,112465,112096,112107.5,113111.8329,112062.4671,115582.2505,114447.255,112587.15,NaN,NaN,NaN,NaN,-1,2,790.672208,3777.200363,34.53713155,37.22282955,50.73343042,0.356188924,1,-507.6356458,-587.9958899
2025-09-23T11:00:00+09:00,112107.5,112447.3,111618.4,111764,113166.3224,111908.8376,115564.41,114378.3017,112537.58,NaN,NaN,NaN,111549.3,-1,3,3238.665861,2050.981519,31.24628991,35.95856168,49.37183004,0.485406451,1,-534.4730833,-571.8893774
2025-09-23T12:00:00+09:00,111764,112405.8,111434.8,112294.4,113166.3511,111892.7289,115547.961,114317.71,112529.54,112925.7,NaN,NaN,NaN,-1,3,3091.94621,2010.954737,40.65006857,39.21297154,48.53764328,0.610306281,1,-507.0975933,-553.6518225
2025-09-23T13:00:00+09:00,112294.4,112425,111823.6,112383.7,113159.3733,111880.3767,115531.121,114257.995,112519.875,NaN,NaN,NaN,NaN,-1,3,1701.859194,2007.197708,42.08628636,39.73928951,48.16346486,0.58492455,1,-472.7470231,-530.2608083
2025-09-23T14:00:00+09:00,112383.7,112846.6,112374.5,112617.9,113168.0989,111904.5211,115514.168,114205.6117,112536.31,NaN,NaN,NaN,NaN,-1,3,2556.24349,1980.674112,45.79129502,41.10453091,47.81497762,0.5288738,1,-421.7641316,-507.0031478
2025-09-23T15:00:00+09:00,112617.9,113066.5,112555.9,112918.6,113194.1889,111897.2611,115499.0145,114160.0883,112545.725,NaN,NaN,NaN,NaN,-1,3,2385.940359,2010.468188,50.19680545,42.80297031,47.32715968,0.50237166,1,-353.0263776,-483.0655654
2025-09-23T16:00:00+09:00,112918.6,113064.6,112813.8,113036.4,113230.3422,111883.2478,115488.0835,114116.7033,112556.795,NaN,NaN,NaN,NaN,1,1,2094.604642,2054.418269,51.84777884,43.45509161,46.6157035,0.408523888,1,-285.7517682,-454.8165382
2025-09-23T17:00:00+09:00,113036.4,113108.4,112888,113072.4,113284.3354,111867.5246,115478.299,114073.41,112575.93,NaN,111434.8,NaN,NaN,1,1,1242.50274,2037.241593,52.36744998,43.65550119,45.56779183,0.337235669,1,-226.9155157,-423.3759121
2025-09-23T18:00:00+09:00,113072.4,113220,112827,112890,113251.0736,111881.1864,115466.829,114026.12,112566.13,NaN,NaN,NaN,NaN,1,1,2049.987929,1990.040931,49.45518353,42.86962908,43.97094764,0.341229199,1,-192.7832322,-389.1327079
2025-09-23T19:00:00+09:00,112890,112974.3,112777,112930.7,113258.1996,111878.8504,115454.9075,113979.6517,112568.525,NaN,NaN,NaN,NaN,1,1,1508.981828,1772.266011,50.1217374,43.10293576,41.8646576,0.285640452,1,-160.5977311,-350.5729396
2025-09-23T20:00:00+09:00,112930.7,113035,112642.4,112938,113279.8851,111873.6949,115442.6485,113934.72,112576.79,NaN,NaN,NaN,NaN,1,1,1411.230763,1727.777222,50.24846705,43.14544748,39.41231874,0.306289446,1,-132.9686606,-305.961337
2025-09-23T21:00:00+09:00,112938,113001.6,112760.9,112891.3,113309.7636,111877.4164,115427.1295,113889.715,112593.59,NaN,NaN,NaN,NaN,1,1,1039.282923,1715.836884,49.3840324,42.93594522,37.02788254,0.27534875,-1,-113.5319968,-262.2318263
2025-09-23T22:00:00+09:00,112891.3,112974.4,112669.1,112895.1,113339.3539,111902.3161,115409.275,113847.4083,112620.835,NaN,NaN,NaN,NaN,1,1,1395.927904,1699.953022,49.46022171,42.95895237,34.93838568,0.273702333,-1,-96.70689547,-220.4495899
2025-09-23T23:00:00+09:00,112895.1,113240,112524,112613.6,113342.835,111920.615,115391.9725,113797.0683,112631.725,NaN,NaN,NaN,NaN,1,1,4235.227295,1859.1587,44.15759083,41.68791032,32.84382366,0.394858479,1,-104.8786036,-185.2400868
2025-09-24T00:00:00+09:00,112613.6,113024.6,112441.1,112830.1,113336.3787,112003.2213,115377.293,113750.675,112669.8,NaN,NaN,NaN,NaN,1,1,4247.51635,1891.449658,48.71183859,43.01172172,30.85273321,0.435116958,1,-92.81508605,-156.3277211
2025-09-24T01:00:00+09:00,112830.1,112928.5,112429.7,112789.5,113340.0104,112004.2096,115367.6695,113706.4817,112672.11,NaN,NaN,NaN,NaN,1,1,4532.15846,2021.493005,47.92253316,42.82560133,29.05751362,0.437595638,1,-85.54463682,-134.0824843
2025-09-24T02:00:00+09:00,112789.5,112790.7,111850,111926.8,113353.1699,111891.1701,115353.171,113644.9267,112622.17,NaN,NaN,NaN,NaN,1,1,3309.934425,2139.769506,34.95977007,39.15078055,27.79666156,0.574132339,-1,-147.6929215,-125.2799738
2025-09-24T03:00:00+09:00,111926.8,112162,111646.3,111741.6,113405.7976,111754.0724,115338.224,113580.085,112579.935,NaN,NaN,NaN,NaN,1,1,3473.890061,2284.493273,32.90222681,38.42814693,27.01571029,0.537226336,-1,-209.4752765,-127.1346454
2025-09-24T04:00:00+09:00,111741.6,111950,111504,111617.3,113456.431,111604.469,115321.21,113511.11,112530.45,113240,NaN,NaN,NaN,1,1,1781.561335,2351.259119,31.55968476,37.9482429,26.72910915,0.491742949,-1,-265.4087423,-138.7803133
2025-09-24T05:00:00+09:00,111617.3,111959.6,111408.7,111948.1,113468.0273,111552.6727,115307.4765,113450.5983,112510.35,NaN,NaN,NaN,NaN,1,1,2607.786959,2434.796047,38.72543838,39.98443192,26.85888032,0.490894264,-1,-279.8180532,-155.0969125
2025-09-24T06:00:00+09:00,111948.1,112158.5,111850,112120.6,113467.5966,111554.4134,115294.986,113392.0617,112511.005,NaN,NaN,NaN,NaN,1,1,1172.549194,2453.889896,42.12815277,41.01478394,27.4116533,0.418476059,-1,-274.1579059,-172.9442357
2025-09-24T07:00:00+09:00,112120.6,112179.5,111953.6,112112.8,113441.6597,111615.2303,115282.4145,113336.2117,112528.445,NaN,NaN,NaN,NaN,1,1,739.0960533,2328.911406,42.01453793,40.98230675,28.25274963,0.346167947,-1,-267.2212332,-191.8902732
2025-09-24T08:00:00+09:00,112112.8,112185.2,111823.2,111952.3,113453.7963,111568.8837,115268.2075,113276.1483,112511.34,NaN,NaN,NaN,NaN,1,1,698.8308978,2209.25564,39.64524443,40.31179645,29.41990546,0.338893486,-1,-271.5446806,-210.4087262
2025-09-24T09:00:00+09:00,111952.3,112343.8,111771.4,112182.1,113453.2258,111549.2942,115256.0135,113218.9067,112501.26,NaN,NaN,NaN,NaN,1,1,1281.381682,2188.231765,44.47338741,41.70580109,30.30609299,0.395546795,-1,-253.5058468,-228.2632552
2025-09-24T10:00:00+09:00,112182.1,112460.7,112099.3,112400,113441.7292,111539.0008,115242.6455,113165.4867,112490.365,NaN,111408.7,NaN,NaN,1,1,1015.00398,2111.169789,48.66672198,42.99450887,30.72013161,0.370363405,-1,-219.1015657,-243.102914
2025-09-24T11:00:00+09:00,112400,112447.3,111850,112074.2,113394.6783,111501.6117,115226.746,113109.305,112448.145,NaN,NaN,NaN,NaN,1,1,1880.678278,2085.906685,43.39040833,41.59111878,30.81968916,0.425276866,-1,-215.6395042,-250.6525343
2025-09-24T12:00:00+09:00,112074.2,112176.5,111636.2,111645.9,113346.1431,111411.0969,115208.736,113045.5417,112378.62,NaN,NaN,NaN,NaN,1,1,2172.141387,2089.783522,37.61663037,39.84570358,30.71702588,0.445919134,-1,-244.6360144,-254.5592829
2025-09-24T13:00:00+09:00,111645.9,112327.2,111013,112120.4,113249.7732,111412.2668,115192.7215,112992.9617,112331.02,NaN,NaN,NaN,NaN,1,1,7917.423018,2423.529536,46.16365124,42.57135135,30.90033555,0.686732257,-1,-226.7143513,-250.2599061
2025-09-24T14:00:00+09:00,112120.4,112600,112080.7,112584.2,113206.5165,111424.9435,115178.353,112943.095,112315.73,NaN,NaN,NaN,NaN,1,1,2092.777003,2425.66899,52.94929808,45.05549505,31.11383238,0.609687063,-1,-173.0912323,-238.4013705
2025-09-24T15:00:00+09:00,112584.2,112718.7,112469.2,112540.9,113148.5802,111443.8998,115164.9075,112893.95,112296.24,NaN,NaN,NaN,NaN,1,1,1644.035344,2432.421666,52.28670218,44.87051658,31.17946734,0.480513486,-1,-132.5603985,-222.6683141
2025-09-24T16:00:00+09:00,112540.9,112683.1,112408,112530,113084.1572,111467.5228,115151.056,112845.3967,112275.84,NaN,NaN,NaN,NaN,1,1,764.6825777,2400.094256,52.10992254,44.82322651,31.3246091,0.401862734,-1,-100.1643276,-204.1064357
2025-09-24T17:00:00+09:00,112530,112600,112352.5,112575.4,113031.1272,111488.9628,115138.7885,112800.575,112260.045,NaN,NaN,NaN,NaN,1,1,1085.023202,2402.38127,52.82534694,45.0693809,31.6949251,0.341084662,-1,-70.01966438,-181.7147672
2025-09-24T18:00:00+09:00,112575.4,112782.5,112451.9,112689.9,112991.7033,111507.8667,115127.3975,112756.1067,112249.785,NaN,111013,NaN,NaN,1,1,1021.640118,2383.666881,54.66479737,45.69313087,31.92205888,0.324949218,1,-36.47020269,-157.5996957
2025-09-24T19:00:00+09:00,112689.9,112917.3,112610.5,112881.8,113039.8158,111486.5742,115116.923,112712.7967,112263.195,NaN,NaN,113240,NaN,1,1,1423.709838,2243.091008,57.64559267,46.72807935,31.77872173,0.306860774,-1,5.538865045,-132.6396478
2025-09-24T20:00:00+09:00,112881.8,113095.7,112811.8,112970.8,113069.4838,111470.9762,115105.5265,112675.7933,112270.23,NaN,NaN,NaN,NaN,1,1,2283.999307,2144.915156,58.99226546,47.20443496,30.94175802,0.288180642,-1,45.48854643,-103.62542
2025-09-24T21:00:00+09:00,112970.8,113029.5,112873.2,113001,113112.211,111449.399,115093.2815,112653.3083,112280.805,NaN,NaN,NaN,NaN,1,1,957.4275295,1966.178609,59.4632579,47.36746177,29.72741363,0.23817487,-1,78.67888317,-67.70154245
2025-09-24T22:00:00+09:00,113001,113171,112750,112766.8,113163.2538,111482.3562,115077.717,112629.1583,112322.805,NaN,NaN,NaN,NaN,1,1,2504.789833,1925.92138,54.25871825,46.2371775,28.38717725,0.283558627,-1,85.10346172,-33.05511879
2025-09-24T23:00:00+09:00,112766.8,113830,112766.7,113649.5,113395.1429,111441.2571,115067.3655,112621.0233,112418.2,NaN,NaN,NaN,NaN,1,2,6451.885372,2074.821145,66.24903661,50.75806556,27.27548717,0.499436126,-1,159.5819382,3.908566822
2025-09-25T00:00:00+09:00,113649.5,113852.5,113188.6,113294.9,113477.6345,111526.5255,115054.911,112599.275,112502.08,NaN,NaN,NaN,NaN,1,2,4452.096153,2208.347886,59.50128598,49.0660542,26.35316539,0.529330482,-1,187.8282439,39.50730487
2025-09-25T01:00:00+09:00,113294.9,113700,113113,113668.5,113652.4482,111523.7518,115045.1825,112587.2117,112588.1,NaN,NaN,NaN,NaN,1,2,1888.376558,2172.377366,63.6967308,50.82896579,25.70063892,0.523865122,-1,237.6208965,77.03899644
2025-09-25T02:00:00+09:00,113668.5,113888.5,113549,113688.6,113809.6359,111523.3641,115036.443,112588.2183,112666.5,NaN,NaN,NaN,NaN,1,2,1975.285407,2212.514177,63.9133303,50.92225938,25.50389445,0.448722579,-1,275.5277224,115.4331505
2025-09-25T03:00:00+09:00,113688.6,113766,113446.8,113588,113920.7316,111559.7884,115027.7095,112602.095,112740.26,NaN,NaN,NaN,NaN,1,2,1621.831437,2256.650946,61.922,50.43336263,25.72778727,0.393085195,-1,294.0618143,152.1589302
2025-09-25T04:00:00+09:00,113588,113624.4,113226.9,113363.1,113962.7633,111658.8367,115018.275,112617.2267,112810.8,NaN,NaN,NaN,NaN,1,2,1517.218114,2297.570307,57.60124275,49.3520263,26.11894211,0.379457755,-1,287.2909539,183.4647178
2025-09-25T05:00:00+09:00,113363.1,113554.2,113341.4,113449.6,114020.2615,111728.0885,115008.558,112631.77,112874.175,NaN,NaN,NaN,NaN,1,2,633.701197,2265.186283,58.79222527,49.77483675,26.545921,0.315303051,-1,285.6124626,210.145153
2025-09-25T06:00:00+09:00,113449.6,113532.5,113230.6,113284.6,114056.1266,111780.6834,114999.1635,112648.36,112918.405,NaN,NaN,NaN,NaN,1,2,658.1678107,2247.344474,55.58477009,48.97865327,26.5243717,0.29934051,-1,267.8801693,231.1675181
2025-09-25T07:00:00+09:00,113284.6,113590.8,113200,113274.2,114056.7333,111900.0767,114989.3185,112657.425,112978.405,113888.5,NaN,NaN,NaN,1,2,588.2015987,2182.72064,55.37968916,48.92829536,26.13444929,0.314579842,-1,250.1049519,249.501017
2025-09-25T08:00:00+09:00,113274.2,113371.8,113150,113254.2,113951.5822,112166.0578,114976.29,112664.745,113058.82,NaN,NaN,NaN,NaN,1,2,704.8093292,2109.354037,54.95974118,48.82973627,25.43340766,0.275037806,-1,231.732859,257.517786
2025-09-25T09:00:00+09:00,113254.2,113458.4,112917.3,113010.1,113886.54,112320.07,114961.2915,112670.085,113103.305,NaN,NaN,NaN,111013,1,2,1984.817469,1812.72376,49.9783634,47.63423936,24.40410083,0.343356842,-1,195.2255741,258.3397116
2025-09-25T10:00:00+09:00,113010.1,113316.6,112407.5,112623.2,113883.4889,112327.0211,114942.36,112662.3717,113105.255,NaN,NaN,NaN,NaN,1,2,3341.933489,1875.181584,43.28215034,45.81915446,23.51409635,0.498759232,-1,133.53439,246.7745442
2025-09-25T11:00:00+09:00,112623.2,113139.3,112460.1,112854.4,113864.9404,112376.9196,114924.787,112661.8983,113120.93,NaN,NaN,NaN,NaN,1,2,1943.219526,1890.140793,47.78432093,47.04995585,22.9658659,0.532437434,-1,102.1223866,227.5072846
2025-09-25T12:00:00+09:00,112854.4,112855.5,112166.7,112507.1,113867.4908,112372.0792,114903.5665,112657.4717,113119.785,NaN,NaN,NaN,NaN,1,2,2572.923708,1980.55285,42.34653944,45.46614918,22.86783125,0.560130025,-1,48.64321139,200.238551
2025-09-25T13:00:00+09:00,112507.1,112578.7,111536.2,111700.1,114022.1873,112129.8527,114878.1765,112643.2183,113076.02,NaN,NaN,NaN,NaN,1,2,5515.335917,2202.068485,32.96048007,42.10419414,23.48602058,0.687218751,-1,-58.18683424,161.8521301
2025-09-25T14:00:00+09:00,111700.1,111999.1,111557.4,111700.7,114137.3843,111915.7357,114852.939,112632.3933,113026.56,NaN,NaN,NaN,NaN,1,2,2886.757119,2295.324336,32.97237554,42.10744321,24.70643445,0.589953946,-1,-141.1746269,114.4313423
2025-09-25T15:00:00+09:00,111700.7,111800,111459.9,111479.3,114256.0012,111656.8688,114826.386,112617.1183,112956.435,NaN,NaN,NaN,NaN,1,2,1804.775264,2314.377607,30.80057201,41.2357434,26.55366106,0.495776757,-1,-222.2462635,59.97284981
2025-09-25T16:00:00+09:00,111479.3,111843.3,111386.2,111720.6,114300.573,111487.277,114801.346,112611.3183,112893.925,NaN,NaN,NaN,NaN,1,2,2079.631964,2304.15924,35.766456,42.55876339,28.94438623,0.466185859,-1,-263.9822038,2.852054736
2025-09-25T17:00:00+09:00,111720.6,111980,111642.3,111690.1,114328.0533,111328.7067,114777.274,112593.765,112828.38,NaN,NaN,NaN,NaN,1,2,1300.589281,2321.317327,35.42045654,42.43548706,31.33174336,0.411660263,-1,-296.1060065,-55.79670809
2025-09-25T18:00:00+09:00,111690.1,112203.3,111511.7,111511.7,114371.6256,111159.6244,114751.7495,112570.2,112765.625,NaN,NaN,NaN,NaN,1,2,2341.665419,2313.161107,33.3860213,41.71401003,33.46861471,0.481613893,-1,-332.1311396,-114.3918985
2025-09-25T19:00:00+09:00,111511.7,111816.9,111467.9,111598.4,114291.9972,111034.1428,114726.606,112553.735,112663.07,NaN,NaN,NaN,NaN,1,2,1393.588194,2060.246248,35.33004348,42.20152593,35.26136246,0.42506932,-1,-349.6547494,-168.0795807
2025-09-25T20:00:00+09:00,111598.4,111682.1,111229.4,111302.7,114267.5711,110859.3489,114701.539,112531.9967,112563.46,NaN,NaN,NaN,NaN,1,2,2292.405783,1952.261729,31.90965908,41.00733646,36.66002102,0.419708632,-1,-382.9880078,-221.9807356
2025-09-25T21:00:00+09:00,111302.7,111625,110978.7,111081.6,114175.3885,110692.8415,114675.593,112510.855,112434.115,NaN,NaN,NaN,NaN,1,2,10604.66167,2388.075985,29.6019889,40.14033793,37.80186069,0.474304199,-1,-422.3768797,-274.3163013
2025-09-25T22:00:00+09:00,111081.6,111685.7,110574.8,110967.2,114051.212,110544.878,114645.13,112491.85,112298.045,NaN,NaN,113888.5,NaN,-1,1,7170.801247,2647.851777,28.45532259,39.69702854,38.80968022,0.650230995,-1,-457.5496211,-318.6899443
2025-09-25T23:00:00+09:00,110967.2,111680,110940.1,111493.1,113874.5195,110512.0805,114616.7095,112487.335,112193.3,NaN,NaN,NaN,NaN,-1,1,3144.729964,2723.996703,39.96765451,42.66836752,39.67605831,0.652652125,-1,-437.9402349,-351.6639007
2025-09-26T00:00:00+09:00,111493.1,111537.8,110809.1,111536.3,113716.1999,110487.7201,114588.81,112474.7,112101.96,NaN,NaN,NaN,NaN,-1,1,3338.104932,2815.041044,40.81020908,42.90428083,40.62017287,0.652709528,-1,-414.1398298,-372.9854081
2025-09-26T01:00:00+09:00,111536.3,111628,110865.5,110922,113543.0994,110408.0606,114559.3165,112450.3383,111975.58,NaN,NaN,NaN,NaN,-1,1,1997.192559,2883.215612,33.59062385,40.48595852,41.7681667,0.66668954,-1,-439.7772352,-392.5181893
2025-09-26T02:00:00+09:00,110922,110932.6,108590.7,108786.2,113737.2358,109764.0842,114520.647,112386.4767,111750.66,NaN,NaN,NaN,NaN,-1,1,12745.70151,3487.592297,20.20632709,33.73676474,43.42601731,1.170770662,-1,-625.2290231,-429.0874134
2025-09-26T03:00:00+09:00,108786.2,109753.6,108577.7,109710.1,113618.9147,109525.9953,114487.552,112333.0017,111572.455,NaN,NaN,NaN,NaN,-1,1,6937.375548,3805.050995,32.69882299,38.2802669,45.43113144,1.131215761,-1,-689.6994663,-468.8172275
2025-09-26T04:00:00+09:00,109710.1,109928.6,109252.9,109314.2,113493.7211,109257.1889,114453.0375,112270.965,111375.455,NaN,NaN,NaN,NaN,-1,1,2657.155555,3902.668306,30.49557774,37.16552643,47.52333172,0.962917256,-1,-763.9324408,-514.8480821
2025-09-26T05:00:00+09:00,109314.2,109440,109000.2,109110.2,113377.463,108983.457,114417.784,112204.9283,111180.46,NaN,NaN,NaN,NaN,-1,1,1850.420977,3895.948481,29.39643343,36.60481865,49.59797388,0.777504636,-1,-829.6599,-564.4782923
2025-09-26T06:00:00+09:00,109110.2,109610.7,109018.2,109357.7,113246.171,108788.199,114384.2115,112146.0567,111017.185,NaN,NaN,NaN,NaN,-1,1,1831.315566,3820.417585,32.57176694,37.76763854,51.52915113,0.697763312,-1,-851.9573693,-612.2094578
2025-09-26T07:00:00+09:00,109357.7,109520,109208.9,109368.2,113014.4185,108671.3315,114353.169,112086.6817,110842.875,NaN,NaN,NaN,NaN,-1,1,1115.918008,3779.052509,32.7100318,37.81703508,53.29276348,0.559948205,-1,-858.8803737,-656.8017637
2025-09-26T08:00:00+09:00,109368.2,109631.7,108694.1,108933.8,112846.6171,108481.8029,114318.6575,112019.945,110664.21,NaN,108577.7,NaN,NaN,-1,1,4655.529429,3883.182795,29.97181244,36.59043438,55.09735683,0.661689499,-1,-889.169561,-706.9383555
2025-09-26T09:00:00+09:00,108933.8,109566.7,108760.2,109420.1,112742.4384,108357.9816,114287.7555,111962.0917,110550.21,NaN,NaN,NaN,NaN,-1,1,3011.84071,3758.008035,36.39133444,38.8568162,56.59161075,0.684854986,-1,-863.9742568,-756.9199585
2025-09-26T10:00:00+09:00,109420.1,109709.8,109258.9,109634.5,112607.028,108286.772,114258.333,111907.7483,110446.9,NaN,NaN,NaN,NaN,-1,1,1969.77173,3712.158765,39.04440367,39.82480682,57.67841141,0.59276901,-1,-817.2853518,-798.8653048
2025-09-26T11:00:00+09:00,109634.5,109766.9,109444,109572.2,112489.2149,108213.8751,114230.2595,111857.0583,110351.545,NaN,NaN,NaN,NaN,-1,1,1057.565155,3674.79826,38.54135818,39.63865806,58.47114621,0.493634541,-1,-776.3617328,-815.6578281
2025-09-26T12:00:00+09:00,109572.2,109586.1,109245.4,109537.2,112311.1257,108173.6243,114200.0015,111802.1767,110242.375,NaN,NaN,NaN,NaN,-1,1,1221.505479,3631.891936,38.24325405,39.53268448,59.01555195,0.432873475,-1,-738.2436639,-821.0516278
2025-09-26T13:00:00+09:00,109537.2,109580,109200.8,109299.4,112118.143,108127.537,114168.675,111744.0083,110122.84,NaN,NaN,NaN,NaN,-1,1,1007.661297,3617.245536,36.19484724,38.81297982,59.47229595,0.404855827,-1,-718.9358474,-816.0520063
2025-09-26T14:00:00+09:00,109299.4,109540,109032.6,109200.1,111933.9936,108080.5264,114134.6835,111698.5633,110007.26,NaN,NaN,NaN,NaN,-1,1,1320.926255,3566.208578,35.34352627,38.51409085,59.88928582,0.425033182,-1,-703.5370072,-802.0383515
2025-09-26T15:00:00+09:00,109200.1,109570,108962.8,109307.7,111695.878,108089.572,114098.6965,111657.9983,109892.725,NaN,NaN,NaN,NaN,-1,1,4233.498418,3708.204089,37.07074323,39.03341989,60.20735987,0.468241889,-1,-674.8713972,-782.3621324
2025-09-26T16:00:00+09:00,109307.7,109535.9,108860,109252.6,111491.3014,108089.1386,114062.98,111618.5867,109790.22,109766.9,NaN,NaN,NaN,-1,1,2872.181446,3737.192873,36.53254921,38.86183286,60.45983625,0.518538042,-1,-649.1171854,-759.0551115
2025-09-26T17:00:00+09:00,109252.6,109550,109252.5,109501.1,111308.6566,108113.7334,114028.9695,111577.8033,109711.195,NaN,NaN,NaN,NaN,-1,1,1603.547791,3287.137179,40.71303066,40.07463014,60.75884201,0.435469777,-1,-601.7186755,-727.1161242
2025-09-26T18:00:00+09:00,109501.1,109643.4,109348.7,109512.1,111129.4559,108147.4241,113993.5575,111534.3283,109638.44,NaN,NaN,NaN,NaN,-1,1,1401.659485,2998.680091,40.89860757,40.12829853,61.02527085,0.379984918,-1,-556.8484051,-692.9910296
2025-09-26T19:00:00+09:00,109512.1,109519.2,108656.8,108852.2,110766.977,108245.813,113953.4105,111479.985,109506.395,NaN,NaN,NaN,NaN,-1,1,3174.533785,3000.170282,34.01909634,38.04184065,61.39530743,0.518947995,-1,-567.9893795,-665.2914771
2025-09-26T20:00:00+09:00,108852.2,109164.3,108577.6,109091,110244.1764,108524.0836,113911.264,111432.2967,109384.13,NaN,NaN,NaN,NaN,-1,1,2464.695431,2956.499807,38.07822955,39.20947222,61.86387386,0.524477307,1,-551.195677,-640.2730265
2025-09-26T21:00:00+09:00,109091,109531,108773.4,109321.1,109795.8539,108812.3161,113869.992,111384.6133,109304.085,NaN,NaN,NaN,NaN,-1,1,5778.004403,3145.540399,41.79400726,40.31585006,62.00465523,0.579917045,1,-513.40123,-615.2905338
2025-09-26T22:00:00+09:00,109321.1,109728.7,108944,109610,109792.6295,108897.9205,113831.9475,111338.1133,109345.275,NaN,NaN,NaN,NaN,-1,1,3621.547762,2689.332711,46.16226958,41.67634844,61.66049372,0.624226313,1,-454.893316,-585.9524748
2025-09-26T23:00:00+09:00,109610,109725.6,108724.4,108807.7,109772.5539,108827.7561,113790.7205,111283.6717,109300.155,NaN,NaN,NaN,NaN,-1,1,3765.692367,2530.748552,37.70048634,39.14660098,60.9439426,0.725937878,1,-467.8709524,-559.7673576
2025-09-27T00:00:00+09:00,108807.7,109315.1,108767.8,108978.8,109775.9803,108790.7897,113750.4245,111239.22,109283.385,NaN,NaN,NaN,NaN,-1,1,2553.874491,2525.584499,40.21728391,39.94026913,59.90713915,0.650601345,1,-459.0577506,-535.7880635
2025-09-27T01:00:00+09:00,108978.8,109568.2,108978.7,109405.3,109786.7639,108809.5161,113711.49,111193.9683,109298.14,NaN,108577.6,NaN,NaN,-1,1,1621.067748,2514.116838,46.06623607,41.86949068,58.47967837,0.611650769,1,-412.8986011,-509.5415541
2025-09-27T02:00:00+09:00,109405.3,109947.1,109330,109854.1,109868.3021,108777.6179,113674.4745,111148.4667,109322.96,NaN,NaN,NaN,NaN,1,1,2789.209115,2562.011515,51.44915362,43.80840552,56.27623381,0.593349639,1,-336.2269187,-480.04247
2025-09-27T03:00:00+09:00,109854.1,110244.9,109646,109666.9,109903.3642,108772.4258,113637.0965,111100.5667,109337.895,NaN,NaN,NaN,NaN,1,1,2340.999025,2623.265566,49.24152424,43.19493281,53.52168937,0.57827774,1,-287.2581998,-450.0880028
2025-09-27T04:00:00+09:00,109666.9,109666.9,108972.5,109126.2,109891.2885,108803.7415,113597.669,111043.8367,109347.515,NaN,NaN,NaN,NaN,1,1,3066.711579,2543.824674,43.44317115,41.48214193,50.64405372,0.599537826,1,-288.7515603,-419.0615784
2025-09-27T05:00:00+09:00,109126.2,109291.8,109040.7,109242.7,109883.1801,108794.1099,113558.5165,110988.2917,109338.645,NaN,NaN,NaN,NaN,1,1,1241.471379,2455.306207,44.94737077,41.98809827,47.82515063,0.475884031,1,-277.3375086,-388.6328931
2025-09-27T06:00:00+09:00,109242.7,109481.1,109137,109416.2,109856.6334,108798.8266,113518.715,110933.73,109327.73,NaN,NaN,NaN,NaN,1,1,904.2506549,2402.030153,47.19961633,42.74075788,44.84891233,0.421582036,1,-251.3938783,-359.5209651
2025-09-27T07:00:00+09:00,109416.2,109546.7,109300,109499.9,109847.2421,108800.9879,113478.398,110877.365,109324.115,NaN,NaN,NaN,NaN,1,1,551.3589476,2376.719843,48.29849941,43.10428922,41.68908334,0.35593886,1,-221.5258616,-333.5912479
2025-09-27T08:00:00+09:00,109499.9,109624.8,109367.9,109586.6,109854.1607,108799.0093,113438.6985,110820.9617,109326.585,110244.9,NaN,NaN,NaN,1,1,546.6170968,2342.975424,49.47158158,43.48370763,38.58505315,0.315246995,1,-188.6842433,-302.5705025
2025-09-27T09:00:00+09:00,109586.6,109592.5,109412.6,109582,109879.6372,108801.7928,113399.0375,110763.9783,109340.715,NaN,NaN,NaN,NaN,1,1,765.2451389,2330.854616,49.40752823,43.46800754,35.77195952,0.264896585,1,-161.1703345,-269.4719007
2025-09-27T10:00:00+09:00,109582,109591.1,109285,109377.6,109884.7905,108814.3895,113358.246,110707.4917,109349.59,NaN,NaN,NaN,NaN,1,1,1480.345723,2338.825589,46.5249588,42.76757209,33.10020522,0.270213143,1,-154.0825673,-240.7145636
2025-09-27T11:00:00+09:00,109377.6,109417.8,109272.5,109350.1,109886.5658,108816.8542,113316.2335,110635.835,109351.71,NaN,NaN,NaN,NaN,1,1,678.2970969,2161.065523,46.13496889,42.67313131,30.56585554,0.224479387,1,-148.9672789,-219.907937
2025-09-27T12:00:00+09:00,109350.1,109688.6,109332,109500.8,109900.7164,108827.5236,113276.7515,110572.6,109364.12,NaN,NaN,NaN,NaN,1,1,2014.537446,2118.183323,48.6740112,43.37266156,28.21215081,0.258000206,1,-131.240289,-202.5726135
2025-09-27T13:00:00+09:00,109500.8,109677.9,109457.2,109596.1,109911.8762,108825.8638,113237.4215,110504.7267,109368.87,NaN,NaN,NaN,NaN,1,1,691.812716,2072.596569,50.27041299,43.81525117,26.14060382,0.238975833,1,-108.2537268,-182.5172987
2025-09-27T14:00:00+09:00,109596.1,109627.4,109543.8,109583.9,109920.1358,108824.7842,113199.133,110436.315,109372.46,NaN,NaN,NaN,NaN,1,1,290.031645,2017.015177,50.05577298,43.77054384,24.36612255,0.184764485,1,-89.98387053,-161.7002278
2025-09-27T15:00:00+09:00,109583.9,109584,109427.4,109489.1,109898.7534,108909.8566,113161.5485,110368,109404.305,NaN,NaN,NaN,NaN,1,1,525.4745507,1884.562216,48.32898477,43.41911468,22.74375926,0.170958953,1,-82.20681656,-142.9016654
2025-09-27T16:00:00+09:00,109489.1,109515,109285,109357.3,109891.5187,108943.7213,113123.24,110301.2367,109417.62,NaN,NaN,NaN,108577.6,1,1,547.528264,1788.703857,45.95535601,42.92992433,21.36511129,0.184216581,1,-85.6908134,-127.8088823
2025-09-27T17:00:00+09:00,109357.3,109357.3,109210.5,109210.5,109892.8957,108931.2843,113082.4875,110230.585,109412.09,109688.6,NaN,NaN,NaN,1,1,1205.435512,1560.075413,43.39867291,42.38693114,20.22817964,0.167782572,1,-99.15444838,-117.8611273
2025-09-27T18:00:00+09:00,109210.5,109313,109030,109266.2,109870.7311,108919.0689,113042.931,110163.6117,109394.9,NaN,NaN,NaN,NaN,1,1,1560.078907,1457.00197,44.65678397,42.66780853,19.44783768,0.198131527,1,-104.1296103,-111.523269
2025-09-27T19:00:00+09:00,109266.2,109444.4,109223.6,109394.7,109816.6896,109031.8104,113004.626,110098.9533,109424.25,NaN,NaN,NaN,NaN,1,1,930.2426665,1315.229485,47.55309279,43.31859595,18.77913813,0.199211839,1,-96.59015467,-105.1352232
2025-09-27T20:00:00+09:00,109394.7,109401.9,109241,109265.9,109782.8642,109094.3458,112966.2955,110032.4817,109438.605,NaN,NaN,NaN,NaN,1,1,386.4457605,1206.858049,45.01041733,42.82123988,18.21193169,0.182049596,1,-99.85707515,-99.67853386
2025-09-27T21:00:00+09:00,109265.9,109438.5,109188.9,109359.7,109782.0372,109090.6128,112928.399,109971.6417,109436.325,NaN,NaN,NaN,NaN,1,1,1221.268529,1186.868088,47.22363093,43.30516522,17.78745464,0.197341513,1,-93.79603478,-95.51806117
2025-09-27T22:00:00+09:00,109359.7,109363.7,109260,109272.2,109701.5276,109112.9324,112890.5415,109915.7917,109407.23,NaN,NaN,NaN,NaN,1,1,367.9909861,1065.807181,45.38845297,42.95894115,17.61318693,0.163299898,1,-94.95851273,-94.04081516
2025-09-27T23:00:00+09:00,109272.2,109349.9,109208.6,109246.3,109662.8514,109109.5486,112853.568,109855.6567,109386.2,NaN,109030,110244.9,NaN,1,1,735.6132185,985.5378909,44.83306858,42.85541031,17.61661072,0.152005997,1,-96.85323462,-94.80407784
2025-09-28T00:00:00+09:00,109246.3,109378.8,109146.6,109348.8,109647.9298,109146.7302,112816.0305,109803.0183,109397.33,NaN,NaN,NaN,NaN,1,1,881.6168437,876.2831541,47.56744377,43.40642386,17.78141561,0.172025011,1,-89.0573246,-95.5652454
2025-09-28T01:00:00+09:00,109348.8,109374.1,109262.9,109336.5,109644.2394,109159.8006,112778.385,109763.625,109402.02,NaN,NaN,NaN,NaN,1,1,566.6321689,842.5411937,47.26469522,43.3552127,17.94667933,0.148597699,1,-82.91571618,-95.25690126
2025-09-28T02:00:00+09:00,109336.5,109363,109191.6,109338.1,109641.8078,109154.4222,112742.8625,109724.2483,109398.115,NaN,NaN,NaN,NaN,1,1,559.6378709,825.3105545,47.31167232,43.36408574,18.34951217,0.151317502,1,-77.03137094,-92.79878155
2025-09-28T03:00:00+09:00,109338.1,109386,109291.8,109375.9,109631.2037,109152.6263,112707.312,109689.1917,109391.915,NaN,NaN,NaN,NaN,1,1,412.8587413,818.3855441,48.479349,43.57723961,18.91753686,0.129551807,1,-68.52789395,-88.84303529
2025-09-28T04:00:00+09:00,109375.9,109386,109332.9,109372,109603.2153,109159.1547,112672.411,109650.0483,109381.185,NaN,NaN,NaN,NaN,1,1,224.4632722,802.2778529,48.36026474,43.55997263,19.58527303,0.102554252,1,-61.3957921,-84.93255056
2025-09-28T05:00:00+09:00,109372,109379,109308.3,109339.4,109571.5217,109166.5883,112638.519,109610.87,109369.055,NaN,109146.6,NaN,NaN,1,1,200.0193106,774.0165615,47.3140393,43.41318605,20.37808275,0.089943568,1,-57.70886567,-80.24941618
2025-09-28T06:00:00+09:00,109339.4,109430,109339.4,109425.9,109575.4334,109167.5066,112604.4265,109576.1067,109371.47,NaN,NaN,NaN,NaN,1,1,265.1082836,713.2546895,50.38139637,43.92501081,21.09333864,0.087513564,1,-47.26231231,-75.07900257
2025-09-28T07:00:00+09:00,109425.9,109651.4,109425.9,109546.7,109598.7037,109163.8963,112572.8955,109541.9117,109381.3,NaN,NaN,NaN,NaN,1,1,915.5260992,725.1161396,54.37620812,44.63887667,21.55485886,0.126894134,1,-28.90262164,-67.73945911
2025-09-28T08:00:00+09:00,109546.7,109622.9,109408.3,109574.1,109612.5368,109157.3932,112541.6365,109513.1017,109384.965,NaN,NaN,NaN,NaN,1,1,567.7479058,652.7766626,55.25614891,44.80158602,21.75094038,0.149858003,1,-12.00311902,-58.31166849
2025-09-28T09:00:00+09:00,109574.1,109731.8,109489.7,109549.9,109602.411,109162.899,112509.235,109487.5733,109382.655,NaN,NaN,NaN,NaN,1,1,909.2762991,663.6498418,54.26074957,44.68318067,21.79075833,0.173592465,1,-0.556464609,-48.4782396
2025-09-28T10:00:00+09:00,109549.9,109600,109287,109304.5,109570.2633,109167.1067,112478.339,109459.8617,109368.685,NaN,NaN,NaN,NaN,1,1,1668.345824,732.5655507,45.34101636,43.49327089,21.51788147,0.211440134,1,-11.15801498,-40.50516169
2025-09-28T11:00:00+09:00,109304.5,109497,109304.5,109410.2,109559.7177,109169.7623,112448.5235,109425.1467,109364.74,NaN,NaN,NaN,NaN,1,1,545.9074781,733.5871971,49.21358186,44.1472588,20.9607366,0.199471701,1,-10.90500726,-33.15778795
2025-09-28T12:00:00+09:00,109410.2,109488.3,109362.5,109397.4,109562.1995,109171.2905,112420.08,109389.4983,109366.745,NaN,NaN,NaN,NaN,1,1,399.8641765,726.2039927,48.76302714,44.08418598,20.11073951,0.171327891,1,-11.60359088,-26.83286538
2025-09-28T13:00:00+09:00,109397.4,109437,109320.1,109324.9,109555.6024,109189.3276,112390.142,109362.88,109372.465,NaN,NaN,NaN,NaN,1,1,237.8177107,677.8231026,46.18393858,43.72299967,19.20490892,0.149937333,1,-17.80215535,-21.98912797
2025-09-28T14:00:00+09:00,109324.9,109356.2,109308.3,109310.7,109553.6426,109195.7374,112359.6085,109371.6217,109374.69,109731.8,NaN,NaN,NaN,1,1,321.5198543,615.89515,45.67439257,43.65149198,18.38675202,0.114577889,1,-23.58847048,-18.19797295
2025-09-28T15:00:00+09:00,109310.7,109400,109214,109362.2,109551.8514,109194.2786,112328.608,109365.8233,109373.065,NaN,NaN,NaN,NaN,1,1,695.9387549,604.1799544,47.91867756,43.99063056,17.84273274,0.133041638,1,-23.74483167,-15.58491954
2025-09-28T16:00:00+09:00,109362.2,109484.8,109303.1,109465.6,109559.0655,109207.0345,112298.046,109368.3467,109383.05,NaN,NaN,NaN,NaN,1,1,549.2193521,612.318634,52.18934812,44.67312492,17.18238516,0.143940052,1,-15.34830745,-14.07888463
2025-09-28T17:00:00+09:00,109465.6,109536.9,109376.5,109460.4,109566.8799,109209.2901,112267.0085,109374.1833,109388.085,NaN,NaN,NaN,NaN,1,1,668.600069,584.685211,51.95859956,44.64519622,16.52722164,0.144810264,1,-9.009739393,-13.7462869
2025-09-28T18:00:00+09:00,109460.4,109507.7,109269.4,109467.1,109571.4692,109224.1908,112236.4505,109376.0067,109397.83,NaN,NaN,NaN,NaN,1,1,929.8704724,612.7791853,52.25153551,44.69067712,16.07035082,0.169097926,1,-3.406476789,-14.06295492
2025-09-28T19:00:00+09:00,109467.1,109467.1,109308.5,109317,109565.1179,109237.6121,112205.28,109375.1533,109401.365,NaN,NaN,NaN,NaN,1,1,755.7752306,613.7872859,45.55051592,43.86641258,15.79374609,0.161247623,1,-10.95142516,-14.04000049
2025-09-28T20:00:00+09:00,109317,109399,109199.5,109326.1,109565.7299,109234.7301,112174.95,109381.6917,109400.23,NaN,NaN,NaN,NaN,1,1,1494.818049,644.4473462,46.00264217,43.93041444,15.77993563,0.168316662,1,-16.011981,-14.60744202
2025-09-28T21:00:00+09:00,109326.1,109397.1,109136.2,109263.9,109570.5033,109222.6967,112143.666,109379.0883,109396.6,NaN,NaN,NaN,NaN,1,1,920.6812245,662.1497989,43.35281854,43.58367959,16.0691797,0.191868216,1,-24.75615459,-16.06883799
2025-09-28T22:00:00+09:00,109263.9,109607.9,109263.9,109570.4,109595.457,109220.973,112113.208,109378.02,109408.215,NaN,NaN,NaN,NaN,1,1,1233.722645,695.8540377,56.61461657,45.73806029,16.02189924,0.232205471,1,-6.874738983,-14.85468061
2025-09-28T23:00:00+09:00,109570.4,109825.6,109453.8,109785.9,109677.1077,109180.3223,112083.915,109381.5817,109428.715,NaN,NaN,NaN,NaN,1,2,1537.289344,752.0755678,63.14734192,47.18563631,16.13908287,0.267386166,1,24.40414492,-9.522167791
2025-09-29T00:00:00+09:00,109785.9,109973.5,109650,109969.9,109799.2814,109117.9386,112054.226,109388.7933,109458.61,NaN,NaN,NaN,NaN,1,2,1532.278358,817.4663221,67.62921382,48.38580048,16.66479454,0.276016321,-1,63.31034575,0.1506297
2025-09-29T01:00:00+09:00,109969.9,110345.4,109944.1,110162.5,109953.1215,109046.4085,112026.8125,109403.1783,109499.765,NaN,NaN,NaN,NaN,1,2,2848.044873,949.8676002,71.53196809,49.60937837,17.61970397,0.30511585,-1,108.4350291,13.90433376
2025-09-29T02:00:00+09:00,110162.5,110316.2,110066.7,110142.3,110066.5076,109004.6624,111999.468,109418.8817,109535.585,NaN,109136.2,NaN,NaN,1,2,1248.745461,999.0494591,70.57096718,49.48378253,18.96479318,0.278956252,-1,140.9420029,30.56563845
2025-09-29T03:00:00+09:00,110142.3,110227.6,109996.4,110227.6,110180.363,108958.897,111972.1365,109434.2133,109569.63,NaN,NaN,NaN,NaN,1,2,583.1355588,982.4299321,72.26541296,50.02913941,20.36505803,0.255742864,-1,171.6088113,50.01178158
2025-09-29T04:00:00+09:00,110227.6,110321.3,110055.2,110274.2,110288.282,108920.988,111944.302,109451.24,109604.635,NaN,NaN,NaN,NaN,1,2,804.4911438,994.267094,73.17412676,50.3281948,21.79360446,0.250859053,-1,197.3972361,73.16163283
2025-09-29T05:00:00+09:00,110274.2,110875,110238.1,110734.1,110505.2064,108822.4836,111918.85,109471.79,109663.845,NaN,NaN,NaN,NaN,1,2,2991.496759,1098.378117,80.10291219,53.15275726,23.9442647,0.358265319,-1,252.0394807,102.9451286
2025-09-29T06:00:00+09:00,110734.1,110822.6,110570.2,110760.1,110685.9566,108787.2934,111893.3525,109492.59,109736.625,NaN,NaN,NaN,NaN,1,2,930.5340729,1061.487529,80.41095503,53.30599549,26.48114288,0.314747444,-1,294.0521854,138.3682775
2025-09-29T07:00:00+09:00,110760.1,111953,110760.1,111868.9,111174.3935,108544.7265,111873.191,109542.8683,109859.56,NaN,NaN,NaN,NaN,1,2,4737.520921,1271.068202,88.55129486,59.12648845,29.42661185,0.563197686,-1,412.0683821,184.9175131
2025-09-29T08:00:00+09:00,111868.9,112300,111868.9,112100,111612.3867,108376.9933,111854.0415,109593.0183,109994.69,NaN,NaN,NaN,NaN,1,2,3756.164047,1438.883195,89.52805522,60.18251312,32.5238064,0.5028802,-1,518.270606,239.7915644
2025-09-29T09:00:00+09:00,112100,112244.7,111920.5,112194.2,111985.4392,108290.8708,111835.1795,109640.9033,110138.155,NaN,NaN,NaN,NaN,1,2,2341.112544,1544.047937,89.90608578,60.60602704,35.7589333,0.431293064,-1,603.0857887,299.7666136
2025-09-29T10:00:00+09:00,112194.2,112253.7,111666.6,111799.9,112203.1924,108322.0376,111815.3745,109677.4017,110262.615,NaN,NaN,NaN,NaN,1,2,1757.04757,1615.824323,77.323457,57.97128853,38.97605528,0.463587655,-1,631.2095269,357.8526689
2025-09-29T11:00:00+09:00,111799.9,111975,111580,111702.3,112370.4663,108388.7737,111795.636,109725.645,110379.62,NaN,NaN,NaN,NaN,1,2,2037.506573,1682.902713,74.54250187,57.341394,42.02631127,0.427201311,-1,638.2647687,413.110754
2025-09-29T12:00:00+09:00,111702.3,111818.6,111531.4,111818.6,112535.6883,108458.8517,111776.5315,109772.975,110497.27,NaN,NaN,NaN,NaN,1,2,1249.490162,1717.916254,75.66560059,57.89786652,44.63013761,0.370119515,-1,645.7962001,465.7982416
2025-09-29T13:00:00+09:00,111818.6,111854.5,111702.4,111759.4,112663.0417,108561.3983,111756.9785,109812.21,110612.22,112300,NaN,NaN,NaN,1,2,862.2197371,1727.597237,73.87890993,57.50804795,46.84011195,0.292242359,-1,639.6148863,514.9335361
2025-09-29T14:00:00+09:00,111759.4,111768.8,111511.7,111697,112755.7668,108691.6632,111736.8265,109842.925,110723.715,NaN,NaN,NaN,NaN,1,2,1139.244519,1738.06594,71.9503577,57.0944186,48.27473955,0.271662508,-1,622.5051403,556.0963872
2025-09-29T15:00:00+09:00,111697,111800,111563.3,111586.6,112794.4555,108879.9345,111716.1655,109874.92,110837.195,NaN,NaN,NaN,NaN,1,2,755.2981842,1738.042087,68.54131436,56.36225122,48.98787716,0.251994936,-1,593.1991553,589.3349394
2025-09-29T16:00:00+09:00,111586.6,111821.5,111504.4,111821.5,112834.3133,109089.6167,111697.1035,109919.8417,110961.965,NaN,NaN,NaN,NaN,1,2,1446.317257,1735.617048,71.62220856,57.54479294,48.97649285,0.262169369,-1,582.216983,608.2403395
2025-09-29T17:00:00+09:00,111821.5,112375.6,111821.4,112026.6,112854.9127,109345.2873,111679.2785,109966.24,111100.1,NaN,NaN,NaN,109136.2,1,2,4955.651553,1937.365564,74.01510803,58.5460769,48.81812134,0.339360902,-1,583.3390191,615.4701632
2025-09-29T18:00:00+09:00,112026.6,112147.7,111915.4,112038.1,112874.6798,109572.2902,111662.3015,110009.9383,111223.485,NaN,NaN,NaN,NaN,1,2,1230.593399,1937.209102,74.14674502,58.60196162,48.61302944,0.295330773,-1,578.4877481,612.7370475
2025-09-29T19:00:00+09:00,112038.1,112158.2,111961.5,112026.1,112882.029,109788.961,111644.262,110052.0417,111335.495,NaN,NaN,NaN,NaN,1,2,1052.710948,1912.980182,73.72703254,58.5179277,48.42019499,0.2554363,-1,567.1371768,605.6178975
2025-09-29T20:00:00+09:00,112026.1,112054.4,111852.2,112043.5,112880.0267,109998.3233,111626.411,110092.99,111439.175,NaN,NaN,NaN,NaN,1,2,1219.496445,1897.341086,73.95722954,58.60579047,48.08557982,0.230419628,-1,553.1692115,596.1628356
2025-09-29T21:00:00+09:00,112043.5,112471.4,111870.2,111967.7,112861.1084,110197.7616,111609.044,110132.7517,111529.435,NaN,111504.4,NaN,NaN,1,2,2137.036957,1861.790691,71.03724029,58.05891533,48.00637844,0.332697267,-1,529.8750026,583.2827026
2025-09-29T22:00:00+09:00,111967.7,113400,111842.5,113156.1,113031.7549,110328.4951,111596.724,110195.7267,111680.125,NaN,NaN,NaN,NaN,1,3,6707.731079,2134.739972,82.62186401,63.50876476,48.35383876,0.678274512,-1,600.3872322,578.9240743
2025-09-29T23:00:00+09:00,113156.1,114158.2,113138.6,113946.8,113380.7388,110351.4312,111588.2975,110272.3383,111866.085,NaN,NaN,NaN,NaN,1,3,5735.255022,2392.345945,86.49297396,66.46818003,49.24874003,0.747313065,-1,711.8656201,588.8530165
2025-09-30T00:00:00+09:00,113946.8,114045.7,113613.6,113740.6,113578.872,110499.938,111578.2215,110343.0017,112039.405,NaN,NaN,NaN,NaN,1,3,3147.546819,2509.498728,81.40058633,65.06347112,50.39886755,0.625745086,-1,774.644806,609.0136444
2025-09-30T01:00:00+09:00,113740.6,113995.1,113542.2,113579,113738.0337,110625.2663,111568.2225,110409.3833,112181.65,NaN,NaN,NaN,NaN,1,3,1858.477401,2452.847761,77.54718672,63.98169881,51.71593503,0.550674694,-1,802.1117486,633.4463961
2025-09-30T02:00:00+09:00,113579,114100,113402.7,113994.4,113946.7286,110740.0014,111560.0305,110482.8917,112343.365,NaN,NaN,NaN,NaN,1,3,2101.739357,2511.408025,80.14864302,65.48745811,53.05127963,0.569677581,-1,847.6278803,662.8118251
2025-09-30T03:00:00+09:00,113994.4,114090,113801,113953.8,114179.9447,110715.2753,111552.4805,110557.3033,112447.61,NaN,NaN,NaN,NaN,1,3,930.6909399,2321.066526,79.18298826,65.21544042,54.54417051,0.464457549,-1,870.3903439,695.2454469
2025-09-30T04:00:00+09:00,113953.8,114329.8,113784.9,114193.4,114434.4464,110670.1136,111545.667,110637.905,112552.28,NaN,NaN,NaN,NaN,1,3,2091.348542,2237.82575,80.66361775,66.0646349,56.05828924,0.46804633,-1,897.4185949,731.9433822
2025-09-30T05:00:00+09:00,114193.4,114347.8,114051.3,114191,114655.6456,110648.5944,111538.539,110720.9133,112652.12,NaN,NaN,NaN,NaN,1,3,1889.354423,2215.237844,80.60177601,66.04814718,57.38596005,0.398588341,-1,908.1761295,771.3885953
2025-09-30T06:00:00+09:00,114191,114270.7,114026.9,114120.3,114828.7532,110707.5268,111531.1145,110801.815,112768.14,NaN,NaN,NaN,NaN,1,3,935.5299253,2174.161962,78.68793852,65.55614397,58.42410069,0.337101586,-1,900.6149258,812.5819201
2025-09-30T07:00:00+09:00,114120.3,114154.7,113953.6,114123,114969.4286,110808.9214,111524.504,110880.62,112889.175,NaN,NaN,NaN,NaN,1,3,793.1882741,2111.946047,78.70873027,65.56614379,59.10731713,0.283466868,-1,884.6428724,844.1658802
2025-09-30T08:00:00+09:00,114123,114336.6,114123,114246.1,115109.9667,110911.1333,111518.376,110963.6233,113010.55,NaN,NaN,NaN,NaN,1,3,1039.24735,2101.433907,79.68198352,66.02522144,59.58932307,0.251095891,-1,871.8676982,861.9438888
2025-09-30T09:00:00+09:00,114246.1,114718.9,113973.7,114461.8,115253.4344,111037.9056,111514.309,111048.6583,113145.67,NaN,NaN,NaN,NaN,1,3,3069.765704,2211.811205,81.2954103,66.81657157,60.11243304,0.384097439,-1,869.1296819,872.4422084
2025-09-30T10:00:00+09:00,114461.8,114742.4,114214.5,114449.9,115353.9092,111212.7208,111508.6775,111134.9533,113283.315,NaN,NaN,NaN,NaN,1,3,1936.974626,2251.69771,80.91366708,66.72903721,60.67802767,0.409841536,-1,856.130613,878.4443044
2025-09-30T11:00:00+09:00,114449.9,114541.5,114305.4,114405,115394.9693,111453.5007,111503.2545,111220.9317,113424.235,NaN,NaN,NaN,NaN,1,3,927.4738949,2260.306496,79.39870147,66.39401199,61.23121612,0.342125623,-1,832.6079166,876.7754196
2025-09-30T12:00:00+09:00,114405,114466.2,114248.5,114312.2,115410.4097,111687.1303,111497.5995,111303.655,113548.77,NaN,NaN,NaN,NaN,1,3,872.5724912,2231.619258,76.22220263,65.69807206,61.68469388,0.291750031,-1,797.2871954,868.6528475
2025-09-30T13:00:00+09:00,114312.2,114312.2,114030.7,114036.5,115384.0507,111914.4793,111491.4585,111381.9883,113649.265,NaN,NaN,NaN,NaN,1,3,1780.412413,2072.8573,67.57289576,63.67389775,61.77864263,0.277253849,-1,738.5352093,850.999138
2025-09-30T14:00:00+09:00,114036.5,114170.7,113775,113862,115310.8408,112170.0792,111483.9785,111457.3867,113740.46,NaN,NaN,NaN,NaN,1,3,5028.520196,2262.75364,62.7215737,62.43107384,61.35463057,0.300961155,-1,670.1678673,824.5537755
2025-09-30T15:00:00+09:00,113862,114042.1,113796.6,113846.7,115190.6814,112472.2986,111475.81,111531.9,113831.49,114742.4,NaN,NaN,NaN,1,3,1660.249105,2293.130548,62.29924457,62.32219544,60.40338111,0.27254802,-1,607.7459571,792.012779
2025-09-30T16:00:00+09:00,113846.7,113949.9,113539.3,113666.6,115002.1921,112823.0979,111468.188,111603.4767,113912.645,NaN,NaN,NaN,NaN,1,3,2218.178126,2343.064632,57.39975231,61.04295086,58.62882935,0.302397202,-1,537.5470706,753.4465788
2025-09-30T17:00:00+09:00,113666.6,113705.3,113305.7,113420,114662.0161,113308.5039,111463.5375,111671.4867,113985.26,NaN,NaN,NaN,NaN,1,3,2107.956945,2341.610632,51.43501638,59.34041745,56.27510989,0.319476058,1,456.7502556,707.3224185
2025-09-30T18:00:00+09:00,113420,113425.7,112708.2,112751,114754.648,113175.362,111456.2135,111726.905,113965.005,NaN,NaN,NaN,NaN,1,3,4184.472326,2215.447694,39.45619407,55.08555304,53.71306237,0.426367095,-1,334.8752552,647.9608156
2025-09-30T19:00:00+09:00,112751,113057.1,112630,112880.6,114832.1779,112991.2121,111449.9285,111782.47,113911.695,NaN,NaN,NaN,NaN,1,3,2482.633877,2052.816637,42.2615251,55.7135246,51.07811744,0.41003985,-1,245.9113631,580.1586767
2025-09-30T20:00:00+09:00,112880.6,113090,112763.1,113018.4,114873.4896,112877.6804,111442.0215,111839.875,113875.585,NaN,NaN,NaN,NaN,1,3,1919.739055,1991.426248,45.17061201,56.37556244,48.64162763,0.369441579,-1,184.4004919,508.1356295
2025-09-30T21:00:00+09:00,113018.4,113204.8,112930.4,112945.3,114915.0168,112772.7832,111434.7865,111896.465,113843.9,NaN,NaN,NaN,NaN,1,3,1797.561769,1988.380467,43.90681828,55.92284838,46.5501766,0.327436946,-1,128.2754448,433.8009906
2025-09-30T22:00:00+09:00,112945.3,113621,112805.2,113339.2,114901.742,112720.538,111433.3415,111963.71,113811.14,NaN,NaN,NaN,NaN,1,3,4147.578865,2090.672442,51.74190306,57.78749964,44.42092717,0.457461403,-1,114.2632233,364.4374366
2025-09-30T23:00:00+09:00,113339.2,113574,112841.6,113536.5,114885.1204,112695.4296,111437.247,112032.4817,113790.275,NaN,NaN,NaN,NaN,1,3,2747.93496,2181.534643,55.1231854,58.68127214,42.50673869,0.519470593,-1,117.7218735,303.0545484
2025-10-01T00:00:00+09:00,113536.5,113538.7,112857.3,113052.1,114856.6597,112609.7603,111440.2315,112093.3933,113733.21,NaN,112630,NaN,NaN,1,3,1784.967119,2166.215572,46.50739724,55.72420179,40.61365386,0.548707914,-1,80.44848683,244.4659405
2025-10-01T01:00:00+09:00,113052.1,113242.1,112744.3,112794.1,114836.8628,112489.8672,111441.317,112151.2133,113663.365,NaN,NaN,NaN,NaN,1,3,1815.560423,2162.525872,42.68095559,54.23813843,38.5138631,0.513753716,-1,29.74770259,188.0437885
2025-10-01T02:00:00+09:00,112794.1,113474.8,112764.8,113194,114787.8701,112446.2299,111445.841,112215.935,113617.05,NaN,NaN,NaN,NaN,1,3,3767.453928,2304.122072,49.60243589,56.09096145,36.16088702,0.550373035,-1,21.58671547,139.6922841
2025-10-01T03:00:00+09:00,113194,113657.9,113129.7,113655,114741.57,112445.73,111450.4645,112287.4817,113593.65,NaN,NaN,NaN,NaN,1,3,1296.804115,2329.302864,56.17264922,58.08794099,33.74533527,0.520340359,-1,51.72170602,108.2307786
2025-10-01T04:00:00+09:00,113655,114507.4,113655,114300.1,114750.6322,112442.0678,111457.89,112368.0567,113596.35,NaN,NaN,NaN,NaN,1,3,4767.076384,2515.694316,63.36923786,60.64477784,31.78340355,0.593521111,-1,126.2032889,94.92988147
2025-10-01T05:00:00+09:00,114300.1,114670.2,114060.6,114564.2,114771.8581,112431.0819,111467.2625,112453.12,113601.47,NaN,NaN,NaN,NaN,1,3,3460.092214,2535.210641,65.84209342,61.62320593,30.63470711,0.572136394,-1,204.1873975,97.12842653
2025-10-01T06:00:00+09:00,114564.2,114700,114063.2,114100.3,114712.877,112455.103,111472.334,112530.34,113583.99,NaN,112744.3,114742.4,NaN,1,3,2579.21815,2567.322818,58.38613959,58.99330096,30.23450434,0.569010179,-1,225.9528684,107.9814736
2025-10-01T07:00:00+09:00,114100.3,114306,113820.3,113882.4,114632.4078,112483.3122,111477.332,112606.43,113557.86,NaN,NaN,NaN,NaN,1,3,1402.751537,2591.0867,55.22287077,57.8102904,30.28789047,0.522230138,-1,223.0482901,120.0687032
2025-10-01T08:00:00+09:00,113882.4,113995.2,113700.1,113995.2,114580.3238,112503.6962,111483.4445,112684.2483,113542.01,NaN,NaN,NaN,NaN,1,3,1323.307834,2613.623467,56.53566287,58.25269646,30.55755466,0.434099105,-1,227.2290531,132.2361676
2025-10-01T09:00:00+09:00,113995.2,114250,113893.5,114171.6,114601.5165,112496.0135,111491.526,112766.0433,113548.765,NaN,NaN,NaN,NaN,1,3,2458.426776,2647.524185,58.58076923,58.94004547,31.17548848,0.393035363,-1,241.9868696,150.1848768
2025-10-01T10:00:00+09:00,114171.6,114488,114078.1,114488,114703.086,112457.044,111502.215,112848.0033,113580.065,NaN,NaN,NaN,NaN,1,3,1995.596285,2495.87799,62.0316295,60.14164834,32.07106884,0.380642374,-1,276.0314624,177.549739
2025-10-01T11:00:00+09:00,114488,114488,114209.9,114210,114749.3169,112447.1431,111511.286,112921.7383,113598.23,114700,NaN,NaN,NaN,1,3,1434.994987,2484.615284,57.49872504,58.60339305,32.82675429,0.33554554,-1,277.3822806,205.9714685
2025-10-01T12:00:00+09:00,114210,114473.7,114037.8,114128.1,114795.2252,112447.3848,111521.5835,112991.0417,113621.305,NaN,NaN,NaN,NaN,1,3,2102.83729,2478.848242,56.19588329,58.15604873,33.23587568,0.351170635,-1,268.7462289,230.0853044
2025-10-01T13:00:00+09:00,114128.1,114665.9,114088.5,114229.3,114860.672,112462.868,111529.0135,113058.8217,113661.77,NaN,NaN,NaN,NaN,1,3,2560.97707,2501.499248,57.47800249,58.55511185,33.41452625,0.402397852,-1,266.990391,245.7283157
2025-10-01T14:00:00+09:00,114229.3,114693.5,114207.3,114505.8,114925.5838,112573.4362,111536.9145,113131.5467,113749.51,NaN,NaN,NaN,NaN,1,3,1377.852863,2361.168275,60.8496948,59.62897309,33.62373367,0.409153219,-1,284.629089,254.6662814
2025-10-01T15:00:00+09:00,114505.8,114568.3,114166,114207.5,114936.789,112694.921,111545.0205,113197.8783,113815.855,NaN,NaN,NaN,112630,1,3,1531.191075,2313.596135,55.71679047,57.97462051,33.9179934,0.390899119,-1,271.408934,259.7169554
2025-10-01T16:00:00+09:00,114207.5,114534.4,114186.1,114480.4,114982.6898,112795.2202,111554.3875,113267.9817,113888.955,NaN,NaN,NaN,NaN,1,3,834.8861481,2259.35349,59.11466466,59.03601795,34.17137157,0.361392932,-1,279.7280839,266.0147103
2025-10-01T17:00:00+09:00,114480.4,116566.9,114420.8,116062.5,115410.7758,112678.8542,111572.9495,113356.7883,114044.815,NaN,NaN,NaN,NaN,1,4,17519.17411,3045.434107,72.3570799,64.36269623,34.8165037,0.854007725,-1,409.2655595,286.2409888
2025-10-01T18:00:00+09:00,116062.5,116480,115860.8,116367.7,115855.671,112536.809,111594.2505,113450.2483,114196.24,NaN,NaN,NaN,NaN,1,4,4174.001366,3046.755232,74.09983909,65.25247815,35.81777577,0.745214073,-1,530.4374783,318.2910564
2025-10-01T19:00:00+09:00,116367.7,116515,116153.9,116221.9,116178.5376,112482.4824,111616.54,113522.7983,114330.51,NaN,NaN,NaN,NaN,1,4,2529.838878,3035.850428,71.7719313,64.46751815,37.31707901,0.600998881,-1,607.6971016,355.1427941
2025-10-01T20:00:00+09:00,116221.9,116742.2,116218.8,116736.7,116542.1834,112487.2966,111638.7515,113600.0767,114514.74,NaN,NaN,NaN,NaN,1,4,2922.346546,3092.719399,74.78415817,65.94416912,39.20314639,0.548352157,-1,702.3694891,402.363595
2025-10-01T21:00:00+09:00,116736.7,116841.9,116309.2,116354.9,116709.9193,112675.6407,111658.6075,113669.4217,114692.78,NaN,NaN,NaN,NaN,1,4,4089.402597,3206.411508,68.91093224,63.93263616,41.439507,0.519375469,-1,738.0818213,454.5119942
2025-10-01T22:00:00+09:00,116354.9,116792.1,116354.9,116770,116958.3655,112784.7945,111679.368,113752.2567,114871.58,NaN,NaN,NaN,NaN,1,4,2304.817924,3133.279708,71.52894717,65.11371037,44.04082122,0.46982319,-1,790.7637702,512.7090363
2025-10-01T23:00:00+09:00,116770,117388.6,116670,117242.8,117299.1858,112802.7542,111700.989,113844.5983,115050.97,NaN,NaN,NaN,NaN,1,4,6656.433245,3401.261164,74.19449344,66.39329296,47.03919947,0.516257737,-1,860.7434878,576.7217473
2025-10-02T00:00:00+09:00,117242.8,117622.7,117024.4,117354.6,117634.6939,112772.6961,111722.58,113936.865,115203.695,NaN,NaN,NaN,NaN,1,4,3412.49634,3333.532162,74.79540619,66.68823075,49.89427007,0.513784732,-1,914.6803778,648.1963522
2025-10-02T01:00:00+09:00,117354.6,118171.4,117252.8,117489.4,117955.1971,112744.7129,111744.665,114032.365,115349.955,NaN,NaN,NaN,NaN,1,4,7238.037046,3522.429404,75.53513846,67.0442217,52.65751448,0.602749421,-1,957.2681932,723.4785865
2025-10-02T02:00:00+09:00,117489.4,117632.3,116693,116740.4,118088.0922,112875.8278,111763.917,114116.4217,115481.96,NaN,NaN,NaN,NaN,1,4,3159.558024,3551.446397,64.25137668,63.21252463,54.90195829,0.67261301,-1,919.9763884,780.2242342
2025-10-02T03:00:00+09:00,116740.4,117313.4,116738.4,117205.4,118248.8469,113047.3731,111785.2905,114210.0683,115648.11,NaN,NaN,NaN,NaN,1,4,2054.384011,3584.028021,67.49758461,64.49841383,56.64698039,0.610160237,-1,917.369118,823.2166386
2025-10-02T04:00:00+09:00,117205.4,117578.4,117180.1,117379.5,118406.2277,113228.4223,111807.498,114302.7017,115817.325,NaN,NaN,NaN,NaN,1,4,1605.51667,3598.138463,68.64559566,64.96645953,57.98190542,0.51927906,-1,918.760355,857.7792223
2025-10-02T05:00:00+09:00,117379.5,117482.9,117109.1,117478.8,118552.4047,113412.9653,111830.4355,114393.5717,115982.685,NaN,NaN,NaN,NaN,1,4,1178.333815,3534.133815,69.31139407,65.23333511,58.88809654,0.451955112,-1,917.3015195,881.660559
2025-10-02T06:00:00+09:00,117478.8,117536.1,117271.7,117498.6,118687.7414,113578.6886,111853.453,114484.58,116133.215,118171.4,NaN,NaN,NaN,1,4,732.8108727,3470.994544,69.45069249,65.28716032,59.3524066,0.376260621,-1,907.2844658,900.4608528
2025-10-02T07:00:00+09:00,117498.6,118017.9,117498.5,117688.3,118786.7522,113827.5078,111878.8265,114578.95,116307.13,NaN,NaN,NaN,NaN,1,4,4126.310265,3605.560308,70.8174128,65.80493773,59.50093699,0.397547851,-1,904.2296863,913.0681769
2025-10-02T08:00:00+09:00,117688.3,118620.8,117628.7,118546.6,118978.9131,114077.1969,111907.409,114687.335,116528.055,NaN,NaN,NaN,NaN,1,5,4759.795373,3738.408212,76.04035405,68.00892182,59.4201037,0.542075048,-1,960.0001047,924.0966898
2025-10-02T09:00:00+09:00,118546.6,119423.9,118371.4,118396.6,119076.1804,114396.6596,111935.4445,114794.4833,116736.42,NaN,NaN,NaN,NaN,1,5,6602.256976,3940.472207,73.56245067,67.23579175,59.64925197,0.658161658,-1,980.7888929,931.4420804
2025-10-02T10:00:00+09:00,118396.6,118859.1,118336.4,118580.5,119174.7557,114705.5543,111968.713,114884.89,116940.155,NaN,NaN,NaN,NaN,1,5,2222.417741,3982.700451,74.65299192,67.69540891,60.1347957,0.585026501,-1,1000.569409,936.2533266
2025-10-02T11:00:00+09:00,118580.5,118735.1,118431.1,118705.3,119145.1472,115184.9428,112003.5315,114964.1983,117165.045,NaN,NaN,NaN,NaN,1,5,2007.164712,4006.499133,75.39475652,68.00632868,60.79759816,0.474973092,-1,1014.62002,946.7692857
2025-10-02T12:00:00+09:00,118705.3,119020,118650.1,118695.5,119040.1704,115711.4296,112038.9225,115046.78,117375.8,NaN,NaN,NaN,NaN,1,5,3430.839025,4136.296777,75.20863214,67.9539005,61.7091609,0.420554126,-1,1013.283945,957.4264887
2025-10-02T13:00:00+09:00,118695.5,118893.1,118382.9,118613.1,119136.2121,115870.4479,112072.2475,115130.6817,117503.33,NaN,NaN,NaN,NaN,1,5,2030.019514,3361.839047,73.56420555,67.50719477,62.61613392,0.423943517,-1,994.1165484,965.7993991
2025-10-02T14:00:00+09:00,118613.1,118637.2,118227.7,118329.8,119184.6233,116018.2467,112103.2935,115202.9383,117601.435,119423.9,NaN,NaN,NaN,1,5,1682.172351,3237.247596,68.05474287,65.98480698,63.29306253,0.398661227,-1,945.1709634,968.896004
2025-10-02T15:00:00+09:00,118329.8,118636.1,118251.8,118602.5,119226.9893,116213.9407,112135.742,115280.4167,117720.465,NaN,NaN,NaN,NaN,1,5,1662.058273,3193.858566,70.35618489,66.72224024,63.66469762,0.373170904,-1,917.80595,970.0650578
2025-10-02T16:00:00+09:00,118602.5,118633.7,118383,118444,119272.6663,116338.9937,112168.2005,115351.26,117805.83,NaN,NaN,NaN,NaN,1,5,1148.153762,3105.148927,67.32041234,65.87487902,63.6713573,0.319667253,-1,873.2629229,966.6243063
2025-10-02T17:00:00+09:00,118444,118647,118310.5,118639.9,119268.2237,116571.9363,112200.4895,115425.4083,117920.08,NaN,NaN,NaN,NaN,1,5,1122.987162,2956.828155,69.09534044,66.41306008,63.30175356,0.307303406,-1,844.0401761,953.7398698
2025-10-02T18:00:00+09:00,118639.9,118826.9,118528,118826.7,119317.1508,116728.6792,112232.623,115503.8483,118022.915,NaN,NaN,NaN,NaN,1,5,2076.546427,2945.41458,70.72795755,66.92087506,62.65176322,0.288394474,-1,826.4275947,936.5886144
2025-10-02T19:00:00+09:00,118826.7,118897.7,118518.7,118566.6,119352.0083,116826.2017,112265.085,115577.9083,118089.105,NaN,118227.7,NaN,NaN,1,5,1509.031327,2688.044484,65.53647254,65.51294681,61.73882818,0.299235274,-1,782.4618674,912.3544431
2025-10-02T20:00:00+09:00,118566.6,118849.6,118479.7,118716.2,119401.0239,116913.3461,112300.4365,115652.41,118157.185,NaN,NaN,NaN,NaN,1,5,1019.068768,2568.373106,67.03521384,65.93375986,60.75987298,0.303099937,-1,751.0327436,883.066968
2025-10-02T21:00:00+09:00,118716.2,119350,118695.3,119350,119557.0781,116943.3519,112336.5845,115733.88,118250.215,NaN,NaN,NaN,NaN,1,5,3572.302051,2385.086356,72.49298935,67.64140733,59.99878462,0.383845121,-1,768.4095526,855.8587021
2025-10-02T22:00:00+09:00,119350,119719.8,118856,119565.2,119623.5366,117159.3734,112371.4895,115819.135,118391.455,NaN,NaN,NaN,NaN,1,6,5875.861494,2520.90153,74.06319521,68.19402855,59.51777978,0.496253175,-1,790.4340093,833.2273089
2025-10-02T23:00:00+09:00,119565.2,119749.5,118604,118762.9,119582.89,117355.77,112402.5995,115891.7667,118469.33,NaN,NaN,NaN,NaN,1,6,7592.610128,2797.812835,60.25374335,64.03218617,59.0477571,0.654579335,-1,734.6807031,809.8395022
2025-10-03T00:00:00+09:00,118762.9,119883.3,118460.3,119879.9,119751.0226,117437.6774,112439.349,115984.5617,118594.35,NaN,NaN,NaN,NaN,1,6,5370.555388,2986.064771,68.93755972,66.90296414,58.52948993,0.827993906,-1,771.7323213,793.609099
2025-10-03T01:00:00+09:00,119879.9,120281.9,119554.1,119684.4,119835.115,117574.145,112474.894,116078.6933,118704.63,NaN,NaN,NaN,NaN,1,6,5188.075038,3186.551832,66.21095295,65.96231026,58.03829231,0.755597369,-1,776.371255,782.8433581
2025-10-03T02:00:00+09:00,119684.4,119913,119304.2,119872,119920.2571,117726.3429,112510.8045,116178.86,118823.3,NaN,NaN,NaN,NaN,1,6,2708.15338,3285.318958,67.53778369,66.42473899,57.34311201,0.672234927,-1,786.1234537,776.4081667
2025-10-03T03:00:00+09:00,119872,120641,119860.1,120465,120148.5603,117775.7097,112548.7205,116289.165,118962.135,NaN,NaN,NaN,NaN,1,6,4439.960906,3301.00149,71.36546881,67.83483043,56.72491224,0.662029885,-1,832.1102367,777.0395714
2025-10-03T04:00:00+09:00,120465,120988.9,120391.5,120783.8,120483.5031,117664.4869,112587.7855,116407.785,119073.995,NaN,NaN,NaN,NaN,1,6,6993.814226,3412.702433,73.1953247,68.55949309,56.09472859,0.605055922,-1,884.0883688,788.3314049
2025-10-03T05:00:00+09:00,120783.8,120867.3,120257,120599,120704.4975,117663.7325,112625.7755,116527.435,119184.115,NaN,118460.3,NaN,NaN,1,6,3705.916332,3267.8854,70.3873713,67.6574974,55.27272539,0.572674474,-1,899.9950151,804.8827684
2025-10-03T06:00:00+09:00,120599,120724.2,120093.9,120098.5,120803.6695,117716.3605,112662.434,116649.8933,119260.015,NaN,NaN,NaN,NaN,1,6,2055.31629,3259.530328,63.3042274,65.28288273,54.40099326,0.558313767,-1,862.2752079,815.3122856
2025-10-03T07:00:00+09:00,120098.5,120370.4,120021.1,120215.8,120910.7278,117760.3522,112695.2655,116772.1467,119335.54,NaN,NaN,NaN,NaN,1,6,1394.998737,3228.922029,64.21316327,65.57197607,53.55840997,0.468699599,-1,832.2534193,819.9588867
2025-10-03T08:00:00+09:00,120215.8,120625,120204.1,120481.5,121046.5777,117803.1023,112731.1985,116896.5317,119424.84,NaN,NaN,NaN,NaN,1,6,1984.239244,3156.59204,66.25227019,66.2223634,52.69578303,0.428226725,-1,820.443147,829.4880472
2025-10-03T09:00:00+09:00,120481.5,120504.2,120036,120097,121101.0927,117896.9773,112763.341,117015.7267,119499.035,120988.9,NaN,NaN,NaN,1,6,1229.588527,3116.570491,60.84896664,64.42444372,51.88985491,0.416348997,-1,771.1679406,829.4253382
2025-10-03T10:00:00+09:00,120097,120258,119777,119832.2,121088.3527,118059.9573,112794.059,117123.9433,119574.155,NaN,NaN,NaN,NaN,1,6,1251.624307,3095.043088,57.37830228,63.21779343,50.73290257,0.411977557,-1,702.6501243,821.2341015
2025-10-03T11:00:00+09:00,119832.2,120231.9,119825,120120.1,121113.0975,118186.9725,112826.7195,117233.67,119650.035,NaN,NaN,NaN,NaN,1,6,1098.542532,3066.867301,60.04652648,63.96684473,49.18082998,0.386908197,-1,663.9270475,807.656723
2025-10-03T12:00:00+09:00,120120.1,120440.5,120120,120183.5,121106.7933,118367.2267,112860.8215,117352.5267,119737.01,NaN,NaN,NaN,NaN,1,6,1651.856604,3092.052443,60.63101776,64.13105293,47.47109744,0.346694576,-1,631.0798841,785.3200172
2025-10-03T13:00:00+09:00,120183.5,120281.9,119960,120004.4,121082.4418,118528.0282,112893.5955,117472.6983,119805.235,NaN,NaN,NaN,NaN,1,6,820.4367648,3076.924924,58.04757646,63.2991898,45.61260443,0.320888054,-1,583.8659541,751.9619711
2025-10-03T14:00:00+09:00,120004.4,120037.5,119700,119872,121053.2073,118661.7927,112926.5325,117583.9983,119857.5,NaN,NaN,NaN,NaN,1,6,2203.02608,3083.248906,56.1430932,62.68557145,43.49009946,0.308011759,-1,529.6594168,710.8135713
2025-10-03T15:00:00+09:00,119872,120050.6,119736.1,119888,120962.3946,118884.7454,112959.6015,117687.8817,119923.57,NaN,NaN,NaN,NaN,1,6,1998.306883,3107.712684,56.3295582,62.73014167,41.0500335,0.292756493,-1,482.430256,668.6085766
2025-10-03T16:00:00+09:00,119888,119986.1,119579.4,119618.2,120862.0468,119075.2932,112991.4215,117776.5167,119968.67,NaN,NaN,NaN,NaN,1,6,2024.818323,3158.000162,52.29215156,61.46633084,38.48159458,0.308944015,-1,418.4070645,622.6256483
2025-10-03T17:00:00+09:00,119618.2,120048.6,119208.6,120012.1,120848.8671,119154.6829,113026.4315,117867.315,120001.775,NaN,NaN,NaN,NaN,1,6,3490.458456,3153.907982,57.12395826,62.58963314,36.19884321,0.43859648,1,394.9004949,575.3431314
2025-10-03T18:00:00+09:00,120012.1,120333,119976.3,120270.1,120867.0058,119207.0342,113064.666,117970.145,120037.02,NaN,NaN,NaN,NaN,1,6,1951.354111,2957.682613,59.98276752,63.30487548,33.96771774,0.390631224,1,392.5645729,533.2760906
2025-10-03T19:00:00+09:00,120270.1,120489.7,120237.3,120411.2,120723.6148,119515.2552,113102.45,118078.9583,120119.435,NaN,NaN,NaN,NaN,1,6,1155.287366,2635.816475,61.49486951,63.69241921,31.62424381,0.329987335,1,397.5166047,499.3723662
2025-10-03T20:00:00+09:00,120411.2,120445.7,120101.3,120310.1,120740.0925,119541.7975,113141.465,118184.2067,120140.945,NaN,NaN,NaN,NaN,1,6,1308.880925,2432.732752,59.75266108,63.204175,29.34564618,0.315596507,1,388.8013407,468.8028432
2025-10-03T21:00:00+09:00,120310.1,120378.2,120064.5,120322.5,120738.369,119607.331,113184.577,118286.7217,120172.85,NaN,NaN,NaN,NaN,1,6,1177.898116,2232.223906,59.90270951,63.23945728,27.33285889,0.297281319,1,378.5315317,440.7419151
2025-10-03T22:00:00+09:00,120322.5,120657,120065.5,120324.9,120747.1129,119643.8771,113227.698,118384.0033,120195.495,NaN,119208.6,NaN,NaN,1,6,2794.261441,2236.529309,59.93384432,63.24642038,25.57122333,0.362045493,1,366.3630883,416.5749301
2025-10-03T23:00:00+09:00,120324.9,120943.9,119823.5,120871.2,120831.7767,119599.8333,113274.6575,118495.0233,120215.805,NaN,NaN,NaN,NaN,1,6,5981.128024,2313.587664,66.34064999,64.79590821,24.17429043,0.549251808,1,396.2338169,401.7498634
2025-10-04T00:00:00+09:00,120871.2,122358.5,120591.2,122228.5,121338.856,119237.224,113327.197,118630.03,120288.04,NaN,NaN,NaN,NaN,1,7,8773.051908,2402.549549,76.4265776,68.19655964,23.33571924,0.844067874,-1,523.3959681,406.3016092
2025-10-04T01:00:00+09:00,122228.5,123864.5,122228.5,122524.9,121815.5906,118953.0794,113381.371,118768.29,120384.335,NaN,NaN,NaN,NaN,1,7,15933.0983,3013.908647,77.97841338,68.86698034,23.40948847,1.006430258,-1,640.7042523,431.0012967
2025-10-04T02:00:00+09:00,122524.9,123095.5,121556.8,122046.1,122077.4949,118885.9351,113434.043,118893.9617,120481.715,NaN,NaN,NaN,NaN,1,7,14596.59887,3640.972776,69.96587672,66.55345273,24.05061518,1.093836765,-1,687.1161073,463.4696981
2025-10-04T03:00:00+09:00,122046.1,122718.3,121437.1,122509.8,122413.6581,118779.1719,113488.6,119032.3333,120596.415,NaN,NaN,NaN,NaN,1,7,4326.426805,3787.54418,72.87300962,67.62858794,25.1124069,1.075062355,-1,752.6386022,503.4779236
2025-10-04T04:00:00+09:00,122509.8,122931,122312,122603.2,122717.482,118687.518,113545.1025,119167.7133,120702.5,NaN,119823.5,NaN,NaN,1,7,2296.16034,3803.140234,73.43086523,67.84114572,26.5714302,0.884455839,-1,802.8475244,548.5146924
2025-10-04T05:00:00+09:00,122603.2,122678,121980.9,122387.2,122938.8062,118695.2138,113601.6305,119273.125,120817.01,NaN,NaN,NaN,NaN,1,7,1891.872674,3836.254442,69.85321291,66.80555151,28.21860437,0.780539774,-1,815.8049703,595.9595402
2025-10-04T06:00:00+09:00,122387.2,122407.1,121944.7,122251.7,123096.9608,118779.0092,113658.053,119371.1917,120937.985,123864.5,NaN,NaN,NaN,1,7,1337.790465,3840.56275,67.62728215,66.15881917,29.85304086,0.647015283,-1,805.8507758,643.4394562
2025-10-04T07:00:00+09:00,122251.7,122610.1,122251.7,122418.2,123269.3701,118836.4099,113712.6785,119474.4633,121052.89,NaN,NaN,NaN,NaN,1,7,674.6968486,3819.370465,68.93714626,66.56483714,31.08294836,0.52834583,-1,802.1504721,691.8602766
2025-10-04T08:00:00+09:00,122418.2,122418.2,122126.5,122184,123383.9412,118921.8888,113765.917,119565.2517,121152.915,NaN,NaN,NaN,NaN,1,7,569.0638616,3765.230828,64.95586564,65.4374997,31.68098323,0.432485134,-1,771.4274368,733.5484566
2025-10-04T09:00:00+09:00,122184,122256.3,121939.2,122070.5,123456.0758,119056.3642,113821.6595,119660.5117,121256.22,NaN,NaN,NaN,NaN,1,7,1167.680544,3782.593017,63.05529207,64.89377891,31.92187357,0.37518081,-1,729.5113557,756.4501663
2025-10-04T10:00:00+09:00,122070.5,122072.6,121660,121828.2,123471.4146,119236.6454,113886.8695,119744.815,121354.03,NaN,NaN,NaN,NaN,1,7,1380.356237,3741.459525,59.08102912,63.73960566,31.74695318,0.36350921,-1,669.0288266,759.5973412
2025-10-04T11:00:00+09:00,121828.2,121989,121645.8,121817.5,123465.2506,119435.7594,113947.4065,119821.06,121450.505,NaN,NaN,NaN,NaN,1,7,1297.081532,3706.398257,58.90446668,63.6885417,31.14755373,0.336271733,-1,613.1644083,751.3804858
2025-10-04T12:00:00+09:00,121817.5,122300,121792.8,122207.4,123433.4131,119726.5169,114011.8725,119901.94,121579.965,NaN,NaN,NaN,NaN,1,7,1153.555303,3662.835107,63.2180587,64.73934107,30.44414234,0.36180996,-1,593.5114948,733.6996961
2025-10-04T13:00:00+09:00,122207.4,122476.7,122179,122457,123445.1077,119959.3123,114078.6065,119984.7333,121702.21,NaN,NaN,NaN,NaN,1,7,1392.216365,3557.923002,65.70012306,65.39379086,29.72997745,0.321750245,-1,591.2613603,710.1901223
2025-10-04T14:00:00+09:00,122457,122762.1,122350.2,122475,123455.1144,120169.7956,114144.193,120080.31,121812.455,NaN,NaN,NaN,NaN,1,7,2052.061522,3562.958373,65.87894198,65.44101126,29.05475095,0.326573149,-1,584.1963106,684.4558268
2025-10-04T15:00:00+09:00,122475,122561,122332,122384.6,123438.264,120383.986,114209.275,120166.63,121911.125,NaN,NaN,NaN,NaN,1,7,959.8047475,3553.184242,64.07230101,64.98639093,28.46966646,0.280247931,-1,564.7921115,657.6715307
2025-10-04T16:00:00+09:00,122384.6,122410.6,122205.4,122265.1,123352.8753,120664.8747,114275.9315,120248.0567,122008.875,NaN,121645.8,NaN,NaN,1,7,1370.275182,3556.253954,61.66490539,64.38282708,27.97552381,0.242958571,-1,533.6202505,627.8348395
2025-10-04T17:00:00+09:00,122265.1,122486,122152.5,122227.1,123204.475,121003.735,114339.9665,120327.195,122104.105,NaN,NaN,NaN,NaN,1,7,1606.036797,3577.660889,60.88154219,64.18930346,27.74084644,0.252973653,-1,500.0853708,597.685721
2025-10-04T18:00:00+09:00,122227.1,122408.6,122146.1,122178.1,122934.6346,121458.8954,114402.6845,120405.1867,122196.765,NaN,NaN,NaN,NaN,1,7,712.2919003,3473.562412,59.82615133,63.93632767,27.74403458,0.240333502,1,464.2037942,568.2071031
2025-10-04T19:00:00+09:00,122178.1,122299.4,122072.7,122090,122682.5014,121832.9086,114465.2735,120478.5483,122257.705,122762.1,NaN,NaN,NaN,1,7,744.8684569,3211.749433,57.88327443,63.47716298,27.77113725,0.222232182,1,423.7734558,540.9565063
2025-10-04T20:00:00+09:00,122090,122177.8,121917,121934.4,122690.5731,121795.4269,114527.2595,120535.0117,122243,NaN,NaN,NaN,NaN,1,7,1423.702582,2844.281967,54.51586812,62.66575441,27.61779822,0.219639014,1,374.8554021,514.4777278
2025-10-04T21:00:00+09:00,121934.4,122067,121902.6,121974.5,122657.9924,121772.9676,114590.635,120594.6433,122215.48,NaN,NaN,123864.5,NaN,1,7,651.9316875,2080.223636,55.23858091,62.79088429,27.18752336,0.191305294,1,335.4562956,485.8049279
2025-10-04T22:00:00+09:00,121974.5,122473.3,121972,122341.8,122668.895,121791.635,114656.3435,120657.3317,122230.265,NaN,NaN,NaN,NaN,1,7,1693.167434,1435.052064,61.30366592,63.92154678,26.76438979,0.263738518,1,330.0654709,456.7831624
2025-10-04T23:00:00+09:00,122341.8,122420.1,121950.8,121950.9,122637.3529,121767.2871,114719.5595,120711.425,122202.32,NaN,NaN,NaN,NaN,1,7,960.6922605,1266.765337,53.063132,61.87875188,26.41946911,0.304664938,1,290.8975544,424.1944118
2025-10-05T00:00:00+09:00,121950.9,122082.7,121664.4,121746.2,122596.9368,121722.0032,114782.0275,120762.27,122159.47,NaN,NaN,NaN,NaN,1,7,2394.316767,1271.673158,49.32405399,60.83938395,25.85339337,0.317979334,1,240.5660238,388.1692909
2025-10-05T01:00:00+09:00,121746.2,121927.1,121551.4,121679.5,122595.329,121652.841,114842.9195,120813.3767,122124.085,NaN,NaN,NaN,NaN,1,7,1912.158006,1272.687425,48.13386734,60.50135361,25.00176378,0.315023076,1,193.0701975,350.3303961
2025-10-05T02:00:00+09:00,121679.5,121881,121625.3,121705.7,122597.6261,121595.9439,114903.8875,120869.6417,122096.785,NaN,NaN,NaN,NaN,1,7,759.9891772,1243.797361,48.6579379,60.58915813,23.95594474,0.2800025,-1,155.7481662,312.0707067
2025-10-05T03:00:00+09:00,121705.7,121790.1,121465.3,121534.8,122586.9761,121518.2539,114967.3005,120918.5133,122052.615,NaN,NaN,NaN,NaN,-1,1,1067.615528,1263.443295,45.4331289,59.70537897,22.95602171,0.276013675,-1,111.0993021,272.8368743
2025-10-05T04:00:00+09:00,121534.8,121929.1,121534.8,121929.1,122573.2468,121506.4932,115031.491,120976.5983,122039.87,NaN,NaN,NaN,NaN,-1,1,773.4124749,1273.660725,53.14829216,61.04371726,21.91530801,0.291208945,-1,106.3060405,237.562717
2025-10-05T05:00:00+09:00,121929.1,122052.4,121839.2,121839.3,122568.5084,121488.1116,115094.082,121029.9217,122028.31,NaN,NaN,NaN,NaN,-1,1,1207.770818,1275.665239,51.36700255,60.5759568,20.69400194,0.252610581,-1,94.17563846,206.3760766
2025-10-05T06:00:00+09:00,121839.3,122296.8,121822.5,122142.1,122578.2426,121509.7674,115156.7425,121085.1783,122044.005,NaN,NaN,NaN,NaN,-1,1,1403.833987,1276.839126,56.64369413,61.58910129,19.5060938,0.297428958,-1,107.7535213,181.0757683
2025-10-05T07:00:00+09:00,122142.1,122323.9,122087,122230,122594.1261,121535.1339,115223.854,121146.235,122064.63,NaN,NaN,NaN,NaN,-1,1,516.7850064,1237.8243,58.06606857,61.87940842,18.62586632,0.262748357,-1,124.1754692,158.1991015
2025-10-05T08:00:00+09:00,122230,122366.7,122149.6,122344.7,122611.6698,121531.3202,115290.6835,121206.71,122071.495,NaN,121465.3,NaN,NaN,-1,1,411.2890909,1200.71099,59.91411295,62.2593718,18.14559785,0.234151169,-1,144.7764202,141.9634199
2025-10-05T09:00:00+09:00,122344.7,122366.7,122096.4,122107.6,122565.0102,121543.0398,115354.195,121252.67,122054.025,NaN,NaN,NaN,NaN,-1,1,616.7089036,1161.935616,54.56127446,60.97683461,17.96195298,0.230191266,-1,140.3529326,130.828632
2025-10-05T10:00:00+09:00,122107.6,122347,122075.8,122325.1,122536.5642,121556.4958,115416.55,121298.6683,122046.53,NaN,NaN,NaN,NaN,-1,1,768.1453451,1097.739808,58.24647045,61.71537155,17.9338539,0.227089414,-1,152.6382008,126.3361879
2025-10-05T11:00:00+09:00,122325.1,124342.5,122280.1,124002.6,123105.3554,121149.5046,115488.2285,121385.9967,122127.43,NaN,NaN,NaN,NaN,1,1,9444.931964,1521.996168,75.05213717,66.68025945,18.82491453,0.703741886,-1,294.3416082,141.7354593
2025-10-05T12:00:00+09:00,124002.6,124140.8,123305.9,123743.3,123406.7046,120995.9754,115561.314,121450.3867,122201.34,NaN,NaN,NaN,NaN,1,1,3357.087782,1621.336798,70.3392712,65.34311093,20.4489104,0.695045434,-1,381.3235756,171.7603785
2025-10-05T13:00:00+09:00,123743.3,125798.3,123687.1,125164.8,124115.3949,120581.0551,115640.9245,121541.7267,122348.225,NaN,NaN,NaN,NaN,1,1,21947.59078,2638.414497,78.36127311,68.83997937,22.70934045,1.020346592,-1,558.5222843,222.0066279
2025-10-05T14:00:00+09:00,125164.8,125422.4,124808.3,125115.6,124631.0973,120359.1027,115719.4215,121629.12,122495.1,NaN,NaN,NaN,NaN,1,1,6020.245568,2903.812181,77.57919678,68.5954348,25.53015208,0.844107248,-1,687.0634688,287.8830535
2025-10-05T15:00:00+09:00,125115.6,125207.9,124783.3,124987.2,125024.8789,120255.0411,115796.858,121704.49,122639.96,NaN,NaN,NaN,NaN,1,1,2769.330533,3005.035285,75.46247722,67.95233786,28.81244609,0.676554531,-1,769.6998559,361.4326462
2025-10-05T16:00:00+09:00,124987.2,125149.8,124600.9,124699.6,125300.1707,120256.2693,115872.423,121769.7533,122778.22,NaN,NaN,NaN,NaN,1,1,4263.525886,3147.02645,70.80258673,66.52622847,32.44785378,0.598802544,-1,802.7295055,436.8275391
2025-10-05T17:00:00+09:00,124699.6,124835.8,124540,124587.4,125519.8794,120297.8506,115947.45,121836.2267,122908.865,NaN,NaN,NaN,NaN,1,1,1787.455283,3203.80263,69.01215045,65.97480485,36.38570848,0.478702435,-1,810.5090942,510.7978362
2025-10-05T18:00:00+09:00,124587.4,124648.4,122743.1,122998.6,125539.8544,120343.5556,116015.555,121884.5617,122941.705,125798.3,NaN,NaN,NaN,1,1,14330.05867,3835.647192,49.80561247,58.91562612,39.0384896,0.839604634,-1,680.6257623,570.8281506
2025-10-05T19:00:00+09:00,122998.6,123107.8,122471.4,123000,125552.2286,120436.0914,116083.8045,121930.965,122994.16,NaN,NaN,NaN,NaN,1,1,4726.444432,4023.9348,49.81886527,58.91958001,40.59747272,0.732196176,-1,571.2205791,617.3373038
2025-10-05T20:00:00+09:00,123000,123497.3,122805.1,123420.3,125575.9697,120579.7603,116153.402,121979.945,123077.865,NaN,NaN,NaN,NaN,1,1,3074.643943,4057.951159,53.76556367,60.09649516,40.98431978,0.673417742,-1,512.5228363,641.5796625
2025-10-05T21:00:00+09:00,123420.3,123420.3,122881.2,123036.1,125560.5216,120730.8684,116220.602,122028.93,123145.695,NaN,NaN,NaN,NaN,1,1,2443.795116,4084.533014,49.9019505,58.53171146,40.30558859,0.59640176,-1,430.0454272,646.9932015
2025-10-05T22:00:00+09:00,123036.1,123298.4,123014.4,123116.5,125539.3659,120893.1041,116288.265,122083.6683,123216.235,NaN,NaN,NaN,NaN,1,1,1346.274162,4113.847264,50.70034346,58.76109687,38.67572041,0.474233465,-1,366.9392471,625.7061974
2025-10-05T23:00:00+09:00,123116.5,123287.5,122713.1,122984.8,125484.4535,121093.0165,116355.7435,122131.4133,123288.735,NaN,NaN,NaN,121465.3,1,1,1577.128369,4139.322906,49.31396994,58.22254757,36.33845136,0.472177398,-1,302.8094564,583.0113071
2025-10-06T00:00:00+09:00,122984.8,122984.8,122609.8,122760.5,125451.7084,121208.9016,116422.7595,122174.3633,123330.305,NaN,122471.4,NaN,NaN,1,1,1368.497462,4169.077155,46.95883987,57.30936108,33.44389167,0.417184371,-1,231.2216209,523.1803921
2025-10-06T01:00:00+09:00,122760.5,123297.7,122261.5,123222.1,125409.1598,121389.7302,116492.8175,122227.9917,123399.445,NaN,NaN,NaN,NaN,1,1,5043.038614,4360.840545,52.03558428,58.67115962,31.04951141,0.557387903,-1,209.3220732,457.246233
2025-10-06T02:00:00+09:00,123222.1,123421.8,122837.9,123002.3,125378.1502,121506.7598,116561.498,122280.1633,123442.455,NaN,NaN,NaN,NaN,1,1,2701.599497,4425.72882,49.60108296,57.77530165,28.97168978,0.530491478,-1,172.2449681,386.3279967
2025-10-06T03:00:00+09:00,123002.3,123160.6,122811,122952.2,125348.2603,121608.8697,116629.2855,122331.2333,123478.565,NaN,NaN,NaN,NaN,1,1,905.2586802,4445.152504,49.0379171,57.5707602,27.22346866,0.448584474,-1,137.2364673,325.9514084
2025-10-06T04:00:00+09:00,122952.2,122975,122451.7,122546.4,125335.8127,121641.4873,116695.688,122380.0367,123488.65,NaN,NaN,NaN,NaN,1,1,1513.690394,4500.272569,44.61892468,55.93341734,25.91668021,0.442387253,-1,75.87269634,270.9127548
2025-10-06T05:00:00+09:00,122546.4,123012.6,122422.6,122664,125295.0829,121737.8571,116762.2095,122424.235,123516.47,NaN,NaN,NaN,NaN,1,1,1341.681266,4536.521187,46.13383614,56.30108753,24.98735886,0.454971659,-1,36.3122183,218.0004639
2025-10-06T06:00:00+09:00,122664,122754.7,122443.1,122682.5,125271.4109,121797.2691,116829.261,122464.4417,123534.34,NaN,122261.5,NaN,NaN,1,1,1121.870871,4554.207464,46.38231134,56.3595608,24.37731153,0.387931686,-1,6.379510796,170.9264732
2025-10-06T07:00:00+09:00,122682.5,123246.1,122682.5,123186.1,125223.009,121764.021,116898.96,122510.69,123493.515,123421.8,NaN,NaN,NaN,1,1,2461.177508,4205.019741,52.76922114,57.92410895,23.71123419,0.410070233,-1,23.02847773,132.7141655
2025-10-06T08:00:00+09:00,123186.1,123496.4,123168.5,123416.8,125203.1048,121751.2752,116969.3,122562.4683,123477.19,NaN,NaN,NaN,NaN,1,1,3459.525815,4210.141642,55.39074731,58.61790058,22.99149977,0.361430819,-1,54.21352615,105.0923954
2025-10-06T09:00:00+09:00,123416.8,124316.6,123025.1,123297.4,124926.7942,121840.8458,117039.1045,122612.05,123383.82,NaN,NaN,125798.3,NaN,1,1,11882.13948,3706.869078,53.7285758,58.11164424,22.5938176,0.590342998,-1,68.50365211,87.01262111
2025-10-06T10:00:00+09:00,123297.4,124188.9,123140.1,123981.7,124683.4405,121970.8095,117112.3225,122672.9967,123327.125,NaN,NaN,NaN,NaN,1,2,3551.83423,3583.448511,60.95931835,60.12640137,22.47784786,0.673366885,-1,133.5069855,78.58872248
2025-10-06T11:00:00+09:00,123981.7,124189.2,123423.6,124073.6,124461.0722,122101.8178,117185.811,122726.37,123281.445,NaN,NaN,NaN,NaN,1,2,4006.647255,3645.314347,61.82216765,60.38760804,22.47628681,0.654263121,-1,190.2451301,80.58874048
2025-10-06T12:00:00+09:00,124073.6,124075.2,123688.3,123783,124251.094,122220.136,117257.866,122752.2783,123235.615,NaN,NaN,NaN,NaN,1,2,1295.741903,3496.925148,57.49491939,59.13707938,22.602569,0.541387109,-1,209.3482903,88.60116527
2025-10-06T13:00:00+09:00,123783,123945.2,123521.8,123533.4,124002.89,122362.94,117328.836,122769.0867,123182.915,NaN,NaN,NaN,NaN,1,2,1911.836637,3503.144215,53.99880686,58.08246265,22.71511065,0.475901095,1,202.0183071,102.6173442
2025-10-06T14:00:00+09:00,123533.4,123708.3,123251.8,123530,124038.2397,122380.7303,117399.3565,122793.8183,123209.485,124316.6,NaN,NaN,NaN,1,2,1634.375543,2868.360059,53.95068173,58.06806269,22.93055136,0.440458082,1,193.7020148,120.1050994
2025-10-06T15:00:00+09:00,123530,124137,123529.9,123894.3,124128.1875,122380.2125,117471.0945,122816.8933,123254.2,NaN,NaN,NaN,NaN,1,2,3021.50947,2783.113311,58.24470344,59.17513536,23.31861379,0.456113461,1,214.0399395,143.1784804
2025-10-06T16:00:00+09:00,123894.3,123978.2,123223.1,123346.6,124122.2888,122378.7412,117539.957,122829.2833,123250.515,NaN,NaN,NaN,NaN,1,2,3647.201599,2811.741193,50.60459937,56.87073234,23.36027028,0.509484969,1,183.8438412,161.0468541
2025-10-06T17:00:00+09:00,123346.6,123841.9,123346.6,123801.2,124186.3177,122391.2223,117611.2135,122852.85,123288.77,NaN,NaN,NaN,NaN,1,2,1102.686322,2744.685754,55.78842299,58.24836735,23.08701227,0.471768387,-1,194.3552305,176.6181546
2025-10-06T18:00:00+09:00,123801.2,124000,123720.3,123896.2,124259.0827,122396.4273,117684.172,122880.2583,123327.755,NaN,NaN,NaN,NaN,1,2,1514.933833,2753.118737,56.8085181,58.53094334,22.61159284,0.389522264,-1,207.9541225,192.1126513
2025-10-06T19:00:00+09:00,123896.2,124096.7,123840.3,123908.9,124324.1463,122423.7737,117756.6655,122905.1033,123373.96,NaN,NaN,NaN,NaN,1,2,1902.009218,2769.36278,56.95151523,58.56920995,22.00306368,0.328630299,-1,217.251783,201.4176288
2025-10-06T20:00:00+09:00,123908.9,124512.5,123680.7,124165.3,124410.1692,122478.2308,117830.505,122938.125,123444.2,NaN,NaN,NaN,NaN,1,2,4175.406107,2909.708212,59.84218377,59.34243571,21.59244239,0.441938925,-1,242.5140323,207.2252846
2025-10-06T21:00:00+09:00,124165.3,124645.5,124124.4,124488.9,124568.4183,122446.6617,117906.325,122978.4317,123507.54,NaN,123223.1,NaN,NaN,1,3,3129.742367,2814.0434,63.20075461,60.29709997,21.60418765,0.433390603,-1,285.3569452,215.6706907
2025-10-06T22:00:00+09:00,124488.9,125024.1,124324.2,124973.3,124816.5656,122395.6144,117984.638,123030.85,123606.09,NaN,NaN,NaN,NaN,1,3,6298.554357,2993.891143,67.57270703,61.67232035,21.92289129,0.474487054,-1,354.3129944,232.5923226
2025-10-06T23:00:00+09:00,124973.3,125273.6,124291.6,124471.7,124909.4623,122454.6677,118060.1855,123075.0867,123682.065,NaN,NaN,NaN,NaN,1,3,6267.92759,3262.024588,59.66751312,59.49395294,22.78761895,0.580577556,-1,364.2869589,251.5462053
2025-10-07T00:00:00+09:00,124471.7,125377.6,124448.2,124938.1,125029.2003,122574.0997,118137.548,123120.5983,123801.65,NaN,NaN,NaN,NaN,1,3,3778.51933,3375.266035,63.89684759,60.80795084,24.17669025,0.633569612,-1,405.1555983,272.7812785
2025-10-07T01:00:00+09:00,124938.1,125463.7,124749.2,125417.9,125241.1297,122637.5603,118217.3355,123169.9467,123939.345,NaN,NaN,NaN,NaN,1,3,4254.467448,3520.905344,67.65450527,62.09911281,25.98172553,0.610662346,-1,470.8326736,304.6689265
2025-10-07T02:00:00+09:00,125417.9,125777,125065.9,125241.2,125352.6621,122781.8979,118296.206,123216.05,124067.28,NaN,NaN,NaN,NaN,1,3,5371.155362,3733.369569,64.97248203,61.33939313,28.19243014,0.596944078,-1,502.8277306,338.9436488
2025-10-07T03:00:00+09:00,125241.2,126173.6,124986.7,125970.9,125670.7995,122742.2405,118379.4755,123275.8217,124206.52,NaN,NaN,NaN,NaN,1,3,5182.538939,3869.43764,70.22235343,63.23548536,30.66156369,0.70972472,-1,580.374539,380.323695
2025-10-07T04:00:00+09:00,125970.9,126080,125189,125352.4,125801.4741,122805.1259,118459.607,123327.2767,124303.3,NaN,NaN,NaN,NaN,1,3,4613.369128,3927.129806,61.77138156,60.66122671,33.31399837,0.712416419,-1,585.1775993,421.2043413
2025-10-07T05:00:00+09:00,125352.4,125499.7,124985,125174.7,125866.445,122927.885,118539.161,123376.4033,124397.165,NaN,NaN,NaN,NaN,1,3,1788.854231,3422.465543,59.55383171,59.9454947,35.79315599,0.612680293,-1,568.0964915,457.3801701
2025-10-07T06:00:00+09:00,125174.7,125233.2,124472.8,125074.6,125936.4314,122967.1886,118616.682,123424.6783,124451.81,NaN,NaN,NaN,NaN,1,3,4408.004557,3465.27406,58.28451328,59.541514,37.62364337,0.611432814,-1,540.254638,485.7021359
2025-10-07T07:00:00+09:00,125074.6,125257.8,124742.7,125010.1,125991.6385,123005.6315,118692.803,123473.3467,124498.635,NaN,NaN,NaN,NaN,1,3,1381.28275,3334.005835,57.43504308,59.27873932,38.84786808,0.545181094,-1,507.1391728,502.6828224
2025-10-07T08:00:00+09:00,125010.1,125071,124600.9,124625.4,125997.7211,123083.7889,118766.0805,123518.1967,124540.755,126173.6,NaN,NaN,NaN,1,3,863.2896697,3312.383223,52.51855598,57.72755254,39.39201018,0.490312799,-1,444.7263249,511.6205298
2025-10-07T09:00:00+09:00,124625.4,124885.4,124560.4,124864.5,125994.0476,123220.5724,118839.5905,123566.3633,124607.31,NaN,NaN,NaN,NaN,1,3,1511.32768,3292.357775,55.0916022,58.41792511,39.20911812,0.413009989,-1,409.832768,512.1402153
2025-10-07T10:00:00+09:00,124864.5,125053.4,124400.6,124662.5,125959.5837,123368.2863,118912.1915,123605.0417,124663.935,NaN,NaN,NaN,NaN,1,3,1329.47227,3277.112611,52.50300597,57.60654456,38.38663563,0.450337435,-1,361.7100921,500.015484
2025-10-07T11:00:00+09:00,124662.5,124662.5,124092.7,124215.7,125944.6741,123415.3359,118982.132,123642.7883,124680.005,NaN,NaN,NaN,NaN,1,3,2415.006083,3246.787442,47.21813685,55.85485934,36.7496356,0.454210917,-1,284.2429234,475.7282832
2025-10-07T12:00:00+09:00,124215.7,124527,124060.2,124285.4,125852.1664,123601.7236,119052.188,123685.1083,124726.945,NaN,NaN,NaN,NaN,1,3,1493.915893,3139.123157,48.09585763,56.06759665,34.57250121,0.427833181,-1,225.870151,436.3389068
2025-10-07T13:00:00+09:00,124285.4,124630.6,124064.9,124464.1,125810.8733,123709.3067,119120.838,123731.5183,124760.09,NaN,NaN,NaN,NaN,1,3,1956.927901,3181.835236,50.37438389,56.61480028,32.38824819,0.436315468,-1,191.8177493,392.6322568
2025-10-07T14:00:00+09:00,124464.1,124595.5,124202.6,124358.6,125775.6742,123790.7458,119188.8305,123775.7333,124783.21,NaN,NaN,NaN,NaN,1,3,2411.024936,3226.639791,49.0065948,56.19297868,30.18612793,0.396437464,-1,154.5366055,346.6811583
2025-10-07T15:00:00+09:00,124358.6,124413.6,123750,123854,125782.841,123778.089,119248.756,123814.3867,124780.465,NaN,NaN,NaN,NaN,1,3,3468.671975,3304.972929,42.99357764,54.22050148,28.25964151,0.443965788,-1,83.31363984,295.9099363
2025-10-07T16:00:00+09:00,123854,124012.2,123526.3,123631.7,125844.7281,123662.8419,119306.4145,123842.7633,124753.785,NaN,NaN,NaN,NaN,1,3,3657.873501,3279.096298,40.62849896,53.37786894,26.73480464,0.427516776,-1,8.829394461,240.5421832
2025-10-07T17:00:00+09:00,123631.7,123952.3,123272.8,123819.2,125880.6142,123559.9858,119364.5395,123875.7617,124720.3,NaN,NaN,NaN,NaN,1,3,3625.538288,3303.886094,43.45396851,53.99348604,25.59229818,0.467507601,-1,-34.67056297,187.2758623
2025-10-07T18:00:00+09:00,123819.2,124206.2,123807.9,124053.2,125863.44,123485.15,119425.806,123907.6133,124674.295,NaN,NaN,NaN,NaN,1,3,1712.686713,3074.592712,46.85326069,54.75462194,24.80846651,0.418107807,-1,-49.6899534,136.2177822
2025-10-07T19:00:00+09:00,124053.2,124364.2,123962,124236.2,125864.0556,123460.9844,119488.4755,123941.05,124662.52,NaN,NaN,NaN,NaN,1,3,1707.202737,2846.55647,49.41439991,55.34442717,24.23767819,0.386240679,-1,-46.29272421,90.88413589
2025-10-07T20:00:00+09:00,124236.2,124464.2,124125,124397.9,125835.3373,123435.6827,119551.372,123975.27,124635.51,NaN,NaN,NaN,NaN,1,3,1557.136782,2735.487342,51.63236658,55.86340286,23.72101225,0.348050218,-1,-30.2043797,55.94554666
2025-10-07T21:00:00+09:00,124397.9,125093.8,124274.7,124868.4,125759.1156,123456.9544,119616.917,124021.2833,124608.035,NaN,NaN,NaN,NaN,1,3,2971.774298,2671.352685,57.47497732,57.33617511,23.47843437,0.449816053,-1,20.27742161,33.10191006
2025-10-07T22:00:00+09:00,124868.4,125000,123321.1,123850,125696.2211,123380.7289,119677.682,124046.6983,124538.475,NaN,123272.8,NaN,NaN,1,3,6753.801022,2740.484968,44.84710971,53.39901061,23.20220192,0.754207029,-1,-21.64227732,9.384129319
2025-10-07T23:00:00+09:00,123850,123943.1,122532.8,122696.3,125600.1019,123149.3881,119733.2305,124024.9267,124374.745,NaN,NaN,126173.6,NaN,-1,1,9251.982915,2943.957166,35.36708167,49.47047858,23.01923359,0.890673642,-1,-146.2717591,-24.03902231
2025-10-08T00:00:00+09:00,122696.3,122831.7,121131.9,121797.4,125782.0814,122611.9086,119783.11,123992.495,124196.995,NaN,NaN,NaN,NaN,-1,1,13489.46587,3387.762004,30.03907365,46.73571784,23.06457231,1.063363478,-1,-313.9561478,-68.18010982
2025-10-08T01:00:00+09:00,121797.4,122044.4,120741.7,121626.2,125894.989,122144.151,119831.108,123933.5183,124019.57,NaN,NaN,NaN,NaN,-1,1,7993.241026,3697.981344,29.1387199,46.23875199,23.59064561,1.066929696,-1,-455.4119379,-119.7624801
2025-10-08T02:00:00+09:00,121626.2,121775.2,121030.5,121075.9,126025.9263,121613.3437,119876.297,123866.19,123819.635,125093.8,NaN,NaN,NaN,-1,1,3922.618247,3673.712028,26.39963783,44.67977673,24.67761412,0.91954223,-1,-604.9478197,-183.1266197
2025-10-08T03:00:00+09:00,121075.9,121258.2,120530.6,120838.1,126098.6311,121123.4389,119920.357,123797.0383,123611.035,NaN,NaN,NaN,NaN,-1,1,3839.226707,3796.609226,25.29317959,44.02499045,26.41562671,0.814943869,-1,-734.1813702,-259.1812216
2025-10-08T04:00:00+09:00,120838.1,121937.7,120807.3,121552.1,126052.7,120862.04,119967.9,123744.58,123457.37,NaN,NaN,NaN,NaN,-1,1,4002.770035,3953.583244,34.20924004,46.43124375,28.19505333,0.85009511,-1,-770.1087232,-339.6052215
2025-10-08T05:00:00+09:00,121552.1,122140.3,121552.1,121882.2,125905.7588,120710.7512,120017.4725,123699.4933,123308.255,NaN,NaN,NaN,NaN,-1,1,1638.232913,3959.928506,37.89936272,47.4964603,30.02162299,0.726060879,-1,-763.1480029,-421.0434018
2025-10-08T06:00:00+09:00,121882.2,122230.7,121702.3,121948.5,125756.4201,120588.6899,120061.4345,123681.9917,123172.555,NaN,NaN,NaN,NaN,-1,1,1445.9705,3965.753417,38.64373045,47.70965221,31.60667589,0.62820998,-1,-743.7087149,-505.9307503
2025-10-08T07:00:00+09:00,121948.5,122114.3,121732.2,121949.8,125648.934,120469.586,120101.4495,123664.4883,123059.26,NaN,NaN,NaN,NaN,-1,1,924.9501644,3891.250621,38.65925629,47.71390186,32.71150869,0.523244071,-1,-719.8994868,-583.5148847
2025-10-08T08:00:00+09:00,121949.8,121950,121219.2,121285.1,125544.627,120273.863,120139.172,123628.9017,122909.245,NaN,120530.6,NaN,NaN,-1,1,2948.308069,3963.97023,33.93139428,45.77225183,33.45965988,0.551590206,-1,-746.0660518,-650.158695
2025-10-08T09:00:00+09:00,121285.1,122047.1,121223.6,121872.9,125350.5569,120208.8131,120180.6415,123609.515,122779.685,NaN,NaN,NaN,NaN,-1,1,2717.683918,4002.008031,40.8234606,47.69374307,33.83173454,0.591187886,-1,-711.1747162,-694.2940915
2025-10-08T10:00:00+09:00,121872.9,122017.2,121555,121910,125147.657,120166.853,120220.2195,123589.4067,122657.255,NaN,NaN,NaN,NaN,-1,1,1215.727453,3942.243157,41.24010384,47.81288901,33.79680019,0.520382699,-1,-672.7741003,-718.4454429
2025-10-08T11:00:00+09:00,121910,122188,121777,121994.8,125007.4211,120121.1689,120260.4245,123572.9067,122564.295,122230.7,NaN,NaN,NaN,-1,1,1211.508644,3829.38499,42.2411179,48.08879651,33.61455759,0.458980518,-1,-628.256534,-721.0353
2025-10-08T12:00:00+09:00,121994.8,121994.8,121169,121332.8,124897.0961,120001.6039,120296.1215,123549.1117,122449.35,NaN,NaN,NaN,NaN,-1,1,1824.832725,3737.732952,36.94922216,46.14460879,33.56529505,0.534525627,-1,-639.027597,-710.4626586
2025-10-08T13:00:00+09:00,121332.8,121880,121030.5,121866.2,124727.8385,119975.5615,120334.4975,123526.5133,122351.7,NaN,NaN,NaN,NaN,-1,1,1631.348845,3638.023479,43.13122826,47.87787884,33.71222117,0.587149355,-1,-597.633671,-691.2987639
2025-10-08T14:00:00+09:00,121866.2,121870,121131.1,121343.6,124495.8795,119936.5605,120370.614,123498.8683,122216.22,NaN,NaN,NaN,NaN,-1,1,1649.234084,3634.850848,39.08753385,46.3847959,34.03750062,0.596096048,-1,-600.0807811,-673.1801837
2025-10-08T15:00:00+09:00,121343.6,121808,121036.7,121748.7,124180.5341,120003.1559,120408.7425,123478.81,122091.845,NaN,NaN,NaN,NaN,-1,1,1742.389876,3636.610205,43.50878267,47.67600799,34.42110382,0.607247773,-1,-562.8438357,-653.084086
2025-10-08T16:00:00+09:00,121748.7,121837.9,121275.6,121554.3,123759.6303,120139.6997,120445.2835,123462.275,121949.665,NaN,NaN,NaN,NaN,-1,1,1161.28226,3616.817479,41.93573552,47.12009776,34.88531358,0.559676496,-1,-542.7631082,-633.4022661
2025-10-08T17:00:00+09:00,121554.3,122812,121473.7,122328.3,123062.1451,120583.1749,120484.616,123456.68,121822.66,NaN,NaN,NaN,NaN,1,1,3632.16592,3649.83706,49.72888037,49.51278398,34.88613844,0.735431265,1,-459.1014202,-601.5173071
2025-10-08T18:00:00+09:00,122328.3,122595,122320.7,122470.9,122636.4993,120870.9107,120524.721,123453.1533,121753.705,NaN,121030.5,NaN,NaN,1,1,2520.533703,3438.173694,51.03286292,49.93880373,34.56856271,0.56437383,1,-376.9470901,-564.3809042
2025-10-08T19:00:00+09:00,122470.9,123050,122437.6,122880.1,122687.5809,120838.2091,120567.0965,123448.0533,121762.895,NaN,NaN,NaN,NaN,1,1,2933.544253,3122.251761,54.66674561,51.14638388,33.97821388,0.541120279,1,-275.6427336,-520.2551968
2025-10-08T20:00:00+09:00,122880.1,123139.1,122671.7,122815.4,122846.2658,120781.3242,120609.6125,123438.03,121813.795,NaN,NaN,NaN,NaN,1,1,2499.088036,2572.732869,53.98458088,50.94801866,33.13961677,0.487793952,1,-198.2932493,-472.4814985
2025-10-08T21:00:00+09:00,122815.4,123000,122482,122575.7,122941.1042,120781.4358,120652.3085,123426.0017,121861.27,NaN,NaN,NaN,NaN,1,1,4162.433159,2381.192476,51.42432665,50.21151897,31.96392406,0.466697229,-1,-154.5534169,-418.651034
2025-10-08T22:00:00+09:00,122575.7,122721.1,121609.7,122552,122991.6325,120878.5175,120695.7585,123402.1733,121935.075,NaN,NaN,NaN,NaN,1,1,7545.254417,2562.324284,51.16594637,50.13836287,30.54650127,0.613485103,-1,-120.4136232,-365.6265843
2025-10-08T23:00:00+09:00,122552,123317.2,122035.5,122269.3,122943.3851,121069.8849,120737.8715,123372.1017,122006.635,NaN,NaN,NaN,120530.6,1,1,6979.61516,2719.343707,48.06374151,49.26436099,28.71428859,0.759355654,1,-114.8452535,-311.7115256
2025-10-09T00:00:00+09:00,122269.3,122580.5,121889.4,122135.7,122950.2033,121121.4267,120780.217,123344.6467,122035.815,NaN,NaN,NaN,NaN,1,1,2660.632918,2652.236851,46.62502936,48.85352018,27.05912408,0.695406198,1,-119.8313428,-262.4879153
2025-10-09T01:00:00+09:00,122135.7,123071.7,122050.5,122988.2,123091.3957,121090.8343,120828.058,123335.56,122091.115,NaN,NaN,NaN,NaN,1,1,3142.910711,2727.470741,55.73104202,51.48879294,25.67800404,0.737165153,1,-54.36652562,-208.2216284
2025-10-09T02:00:00+09:00,122988.2,124097.9,122891.5,123973.4,123482.3565,120902.3635,120884.17,123342.95,122192.36,NaN,NaN,NaN,NaN,1,1,8818.427795,3096.093606,63.48431024,54.26856697,24.63250404,0.811908658,-1,76.13458784,-148.7509608
2025-10-09T03:00:00+09:00,123973.4,124140.6,123351.1,123387.8,123648.9841,120879.5359,120936.706,123334.5083,122264.26,NaN,NaN,NaN,NaN,1,1,3676.917035,3233.691949,57.08452701,52.44507591,23.86686493,0.757125512,-1,130.7968894,-92.33496307
2025-10-09T04:00:00+09:00,123387.8,123700,123086.1,123382.4,123759.0065,120979.2435,120988.526,123335.105,122369.125,NaN,NaN,NaN,NaN,1,1,2227.80359,3197.666725,57.02743701,52.42849264,23.3413327,0.670625369,-1,171.7021469,-42.62997635
2025-10-09T05:00:00+09:00,123382.4,123673.2,122762,122801.8,123798.0807,121033.0593,121037.8085,123318.4483,122415.57,NaN,NaN,NaN,NaN,1,1,3477.246231,3235.644841,51.10900013,50.66994547,22.79771096,0.696533588,-1,155.4780364,-3.322055723
2025-10-09T06:00:00+09:00,122801.8,123274.1,122759,123235.2,123887.8928,121075.7672,121087.2885,123307.4317,122481.83,NaN,NaN,NaN,NaN,1,1,1115.38944,3230.62794,54.87385276,51.89937624,22.45556406,0.60204973,-1,175.5682286,33.35812711
2025-10-09T07:00:00+09:00,123235.2,123375.3,123140.1,123140.1,123954.4112,121123.7788,121135.3065,123294.6183,122539.095,NaN,NaN,NaN,NaN,1,1,676.3640024,3203.870708,53.89316879,51.61124967,22.3165597,0.465343777,-1,181.7213054,66.92867473
2025-10-09T08:00:00+09:00,123140.1,123476.3,123006,123244.7,123967.0234,121302.3566,121186.2695,123279.275,122634.69,124140.6,NaN,NaN,NaN,1,1,1120.879132,3168.673028,54.84896905,51.91100909,22.178742,0.437165408,-1,192.8153535,101.1131866
2025-10-09T09:00:00+09:00,123244.7,123291.9,122778,122778,123965.8891,121394.6709,121236.189,123250.76,122680.28,NaN,NaN,NaN,NaN,1,1,1179.232797,3146.067226,49.88049087,50.48650179,21.64229937,0.432071541,-1,162.0803159,132.4367043
2025-10-09T10:00:00+09:00,122778,122805.7,122288.4,122502.2,123873.2726,121603.1474,121282.73,123209.575,122738.21,NaN,NaN,NaN,NaN,1,1,3085.438886,3217.877466,47.16164252,49.66433276,20.90207867,0.429455578,-1,114.1519496,151.1609793
2025-10-09T11:00:00+09:00,122502.2,122502.2,121439.2,121579.4,123896.288,121563.202,121322.352,123161.37,122729.745,NaN,NaN,NaN,NaN,1,1,4547.207391,3358.118342,39.41946688,47.04741674,20.36582086,0.579918709,-1,1.686683081,142.8889899
2025-10-09T12:00:00+09:00,121579.4,122090.8,121569.2,121995.4,123842.8523,121660.7477,121360.8285,123112.325,122751.8,NaN,NaN,NaN,NaN,1,1,2214.739495,3410.791204,43.89119647,48.3010415,20.15935271,0.527813173,1,-53.26116599,122.4380948
2025-10-09T13:00:00+09:00,121995.4,122224.5,121851.1,122090.8,123854.0816,121625.7684,121398.4615,123056.8733,122739.925,NaN,NaN,NaN,NaN,1,1,1662.48741,3312.307278,44.89573678,48.58599353,20.17654235,0.453546482,-1,-88.09425382,93.57182808
2025-10-09T14:00:00+09:00,122090.8,122148.5,121746.8,122055.4,123867.5656,121570.7344,121438.237,123003.7767,122719.15,NaN,NaN,NaN,NaN,1,1,2332.849541,3302.92307,44.57681443,48.48476452,20.39360924,0.412156298,-1,-117.2051431,63.27369702
2025-10-09T15:00:00+09:00,122055.4,122124.7,121816.9,121900,123869.4251,121470.8649,121478.325,122935.9283,122670.145,NaN,NaN,NaN,NaN,1,1,1276.486868,3220.070201,43.1284555,48.03626119,20.86277952,0.359288498,-1,-151.07373,26.98014607
2025-10-09T16:00:00+09:00,121900,122010.9,121667,121854.2,123870.2706,121373.8994,121517.62,122877.625,122622.085,NaN,121439.2,NaN,NaN,1,1,1253.18629,3157.775113,42.68823073,47.90294224,21.73217969,0.333689868,-1,-179.5408709,-13.16009573
2025-10-09T17:00:00+09:00,121854.2,121918.5,121093.9,121211.7,123945.5635,121162.2065,121552.8205,122811.575,122553.885,NaN,NaN,NaN,NaN,-1,1,4515.559936,3175.431452,36.98491368,46.07180698,22.96948489,0.450404881,-1,-251.0516978,-62.478657
2025-10-09T18:00:00+09:00,121211.7,121791.5,121211.7,121752.6,123948.7633,121079.0667,121589.1435,122756.2083,122513.915,NaN,NaN,NaN,NaN,-1,1,1974.728284,2896.905146,43.7931852,47.78708632,24.27776094,0.457673135,-1,-261.0689931,-109.4952469
2025-10-09T19:00:00+09:00,121752.6,122278.9,121586,122105.5,123947.9159,121063.5341,121628.621,122707.7983,122505.725,NaN,NaN,NaN,NaN,-1,1,2567.402272,2676.294501,47.75892144,48.87022091,25.30475829,0.493386971,-1,-237.7905891,-148.5999734
2025-10-09T20:00:00+09:00,122105.5,122763.1,122105.4,122660.7,123965.3549,121098.5951,121671.284,122675.0533,122531.975,NaN,NaN,NaN,NaN,-1,1,3386.200258,2712.572868,53.33706154,50.51875435,25.89161762,0.506167353,-1,-172.5532004,-167.9599605
2025-10-09T21:00:00+09:00,122660.7,123707.3,122630.6,123499.9,124040.0266,121075.0934,121717.637,122652.31,122557.56,NaN,NaN,NaN,NaN,-1,1,6024.284849,2856.641575,60.24664371,52.86378957,26.33293088,0.625759437,-1,-52.5301386,-167.8787352
2025-10-09T22:00:00+09:00,123499.9,123587,122244.9,122360,123810.5174,121143.2626,121756.908,122613.935,122476.89,NaN,121093.9,NaN,NaN,-1,1,7360.628591,2783.751615,49.5203564,49.60405635,26.46946443,0.786674446,-1,-48.82853587,-163.5158777
2025-10-09T23:00:00+09:00,122360,122531.3,120700,121250,123736.7335,121003.2665,121792.1205,122564.5067,122370,NaN,NaN,124140.6,NaN,-1,1,11869.73812,3193.392669,41.72926633,46.73911759,26.44635802,1.03270095,-1,-133.9189778,-165.3729704
2025-10-10T00:00:00+09:00,121250,121670.3,120611.2,121098.9,123646.4957,120865.1543,121825.213,122511.3983,122255.825,NaN,NaN,NaN,NaN,-1,1,5217.454649,3342.875222,40.7885072,46.36698021,26.12544353,0.980851135,-1,-211.1126975,-172.0439668
2025-10-10T01:00:00+09:00,121098.9,121429.3,119658,119762.8,123843.1354,120364.6146,121843.7145,122433.0433,122103.875,NaN,NaN,NaN,NaN,-1,2,10790.20947,3708.523384,33.57955954,43.25799597,25.71979916,1.154198095,-1,-375.7697406,-193.8471745
2025-10-10T02:00:00+09:00,119762.8,120988,119600,120918.4,123719.0584,120257.0116,121866.468,122375.7067,121988.035,123707.3,NaN,NaN,NaN,-1,2,7386.167023,4022.062263,42.96823127,46.42945555,25.59293435,1.144738907,-1,-408.3076548,-211.3200586
2025-10-10T03:00:00+09:00,120918.4,121051.9,120329.7,120600.8,123607.8943,120114.2457,121888.3625,122321.4867,121861.07,NaN,NaN,NaN,NaN,-1,2,2607.541658,4118.621146,41.24275986,45.7126218,25.95288982,0.964780759,-1,-454.4828565,-232.8104879
2025-10-10T04:00:00+09:00,120600.8,121063.4,120600.7,120901.2,123416.5752,120071.2148,121909.185,122275.9783,121743.895,NaN,NaN,NaN,NaN,-1,2,2185.10333,4171.832356,43.55171329,46.51001333,26.46122571,0.769158792,-1,-461.5171842,-257.6689985
2025-10-10T05:00:00+09:00,120901.2,121143.9,120793.1,121057.7,123285.3205,120030.4395,121932.699,122229.9533,121657.88,NaN,NaN,NaN,NaN,-1,2,1137.94815,4169.768124,44.76939198,46.9246189,27.23450481,0.608702687,-1,-449.2846241,-288.4169344
2025-10-10T06:00:00+09:00,121057.7,121449.9,121005.6,121406.4,123186.3234,120019.8566,121955.881,122185.84,121603.09,NaN,NaN,NaN,NaN,-1,2,2179.076224,4124.44999,47.48750126,47.84413272,27.91760359,0.526623238,-1,-406.7641325,-327.7762671
2025-10-10T07:00:00+09:00,121406.4,121711.5,121340,121620.8,123188.3724,120021.9476,121977.771,122142.25,121605.16,NaN,119600,NaN,NaN,-1,2,1208.646876,3957.521965,49.14472303,48.4051793,28.37245104,0.452282458,-1,-351.7117345,-361.4299558
2025-10-10T08:00:00+09:00,121620.8,121652.4,121270,121572.5,123157.0785,120010.9515,121998.8605,122095.16,121584.015,NaN,NaN,NaN,NaN,-1,2,1859.715222,3939.770751,48.77131006,48.28572777,28.459715,0.406489704,-1,-308.4243943,-380.8194465
2025-10-10T09:00:00+09:00,121572.5,121805.8,121517.7,121669.9,123119.5259,120006.4141,122019.763,122041.8517,121562.97,NaN,NaN,NaN,NaN,-1,2,1890.291711,3951.160966,49.60291006,48.54711016,28.12339581,0.349705608,-1,-263.2252031,-386.6097249
2025-10-10T10:00:00+09:00,121669.9,121827.7,121418.1,121565.6,123078.6005,119998.3595,122043.889,122003.7783,121538.48,NaN,NaN,NaN,NaN,-1,2,1333.456935,3901.191336,48.69139575,48.28035272,27.47405079,0.345649572,-1,-233.1332418,-370.7612251
2025-10-10T11:00:00+09:00,121565.6,121588.9,120845.4,120994.8,123041.3659,119945.0741,122062.836,121975.42,121493.22,NaN,NaN,NaN,NaN,-1,2,3169.267362,3995.83036,43.93328696,46.84239297,26.76239668,0.436349868,-1,-252.434033,-353.4419338
2025-10-10T12:00:00+09:00,120994.8,121522,120845.4,120963.2,123003.9641,119893.3759,122080.7545,121961.5167,121448.67,NaN,NaN,NaN,NaN,-1,2,2590.044525,4062.673272,43.6788145,46.7636806,26.0365111,0.477423795,-1,-267.199792,-332.6327044
2025-10-10T13:00:00+09:00,120963.2,121337.6,120956.5,121191.8,123003.5996,119891.7504,122099.3195,121954.2767,121447.675,NaN,NaN,NaN,NaN,-1,2,1886.337366,3931.212144,46.11059465,47.4162095,25.45675927,0.422502238,-1,-257.4874974,-309.9627392
2025-10-10T14:00:00+09:00,121191.8,121565.4,120939.9,121531.7,122986.8653,119886.3947,122119.485,121961.8733,121436.63,NaN,NaN,NaN,NaN,-1,2,1997.486699,3932.350064,49.59542845,48.37664397,24.97835055,0.452440566,-1,-219.8292893,-284.467702
2025-10-10T15:00:00+09:00,121531.7,121711.8,121190,121307.7,122916.8426,119876.6374,122137.582,121969.7,121396.74,121827.7,NaN,NaN,NaN,-1,2,3412.923194,3974.626111,47.4191523,47.78942597,24.47037416,0.445565951,-1,-205.6887641,-262.1259944
2025-10-10T16:00:00+09:00,121307.7,121331.3,120811.2,120894.1,122726.3357,119890.4843,122149.3195,121958.7333,121308.41,NaN,NaN,NaN,NaN,-1,2,2912.281972,3950.930196,43.61365003,46.72047393,24.19499325,0.441463952,-1,-225.2597057,-248.075769
2025-10-10T17:00:00+09:00,120894.1,121612.1,120872.8,121576.9,122225.8802,120198.6398,122165.221,121953.645,121212.26,NaN,NaN,NaN,NaN,-1,2,1982.022995,3748.817104,50.65419254,48.65593517,23.90764617,0.495353899,1,-183.5576262,-234.2016836
2025-10-10T18:00:00+09:00,121576.9,121722.5,121200.1,121242.2,122023.3469,120289.3931,122178.5295,121941.8733,121156.37,NaN,NaN,NaN,NaN,-1,2,2164.079645,3488.989656,47.52182892,47.78726807,23.326245,0.474771938,1,-175.4929471,-224.4536552
2025-10-10T19:00:00+09:00,121242.2,121481.6,121156.7,121438.9,122040.7455,120290.8845,122192.1975,121933.3583,121165.815,NaN,NaN,NaN,NaN,-1,2,899.8781285,2940.496657,49.4983247,48.34058067,22.50232162,0.405182602,1,-151.4833787,-215.3814482
2025-10-10T20:00:00+09:00,121438.9,121600,121354.9,121493.3,122071.256,120299.814,122206.1865,121936.8283,121185.535,NaN,NaN,NaN,NaN,-1,2,1428.766826,2751.062266,50.05854343,48.49467818,21.37893026,0.337247291,1,-126.6065557,-201.4006174
2025-10-10T21:00:00+09:00,121493.3,121633.7,121369.1,121537.6,121884.9775,120663.5725,122220.809,121931.24,121274.275,NaN,120811.2,NaN,NaN,-1,2,1544.613364,2288.78246,50.53971282,48.62208195,20.15565118,0.297319712,1,-102.1394545,-183.0605799
2025-10-10T22:00:00+09:00,121537.6,122455,121306,121602,121912.1401,120704.7699,122237.17,121926.1067,121308.455,NaN,NaN,NaN,119600,-1,2,6905.802303,2264.764224,51.27466393,48.80999301,19.35291495,0.513070093,1,-76.66876892,-162.96961
2025-10-10T23:00:00+09:00,121602,122010.1,120413.6,120437.5,121945.0585,120655.5215,122246.345,121900.1517,121300.29,NaN,NaN,NaN,NaN,-1,3,11886.24696,2728.69949,39.76749764,45.72311064,18.3718293,0.787215219,1,-148.7339723,-155.0701304
2025-10-11T00:00:00+09:00,120437.5,120581.9,118435.5,118971.9,122400.0398,120007.6102,122248.9845,121860.8033,121203.825,NaN,NaN,NaN,NaN,-1,3,17126.43978,3475.766312,30.49241095,42.28713261,17.91837624,1.132649715,-1,-320.4143,-167.8174121
2025-10-11T01:00:00+09:00,118971.9,119394.7,118163.9,118164,122845.4859,119272.7941,122246.605,121799.1,121059.14,NaN,NaN,NaN,NaN,-1,3,9072.510774,3872.494443,26.78396902,40.57146825,18.05433553,1.107463574,-1,-515.7180975,-200.0905668
2025-10-11T02:00:00+09:00,118164,118376.7,117537.2,117592.6,123197.5792,118539.3208,122240.4345,121736.5833,120868.45,NaN,NaN,NaN,NaN,-1,3,7518.81358,4139.481311,24.51322834,39.41683694,18.79197106,0.979865092,-1,-708.4385304,-258.4106672
2025-10-11T03:00:00+09:00,117592.6,117816.3,117170.9,117179.9,123445.6015,117847.2085,122233.501,121660.4367,120646.405,122455,NaN,NaN,NaN,-1,3,4218.115957,4289.954765,22.99674419,38.60674398,20.20272352,0.839136427,-1,-884.2788862,-337.1646605
2025-10-11T04:00:00+09:00,117179.9,117290,115891,116607.3,123666.2197,117130.0703,122222.9565,121577.9867,120398.145,NaN,NaN,NaN,NaN,-1,3,14578.8879,4925.913399,21.05089372,37.51473383,22.34039814,0.962089123,-1,-1057.645787,-437.8493726
2025-10-11T05:00:00+09:00,116607.3,117138.3,112891.4,114193.8,124207.2456,115841.4344,122197.1755,121442.4117,120024.34,NaN,NaN,NaN,NaN,-1,3,23263.35257,5994.566442,15.20928417,33.44433582,24.88391064,1.89462484,-1,-1373.951527,-576.4432583
2025-10-11T06:00:00+09:00,114193.8,115059.2,101668.1,113259.5,124657.2329,114560.8371,122165.647,121288.8883,119609.035,NaN,NaN,NaN,NaN,-1,3,98601.26334,10857.95676,13.63221044,32.06928675,28.33843347,5.214629001,-1,-1680.642901,-751.8325302
2025-10-11T07:00:00+09:00,113259.5,114060.9,111154.8,113610.2,124874.7064,113604.9036,122139.8835,121134.39,119239.805,NaN,NaN,NaN,NaN,-1,3,18405.4763,11619.76721,17.10674409,33.12289066,32.11129366,4.318340392,-1,-1873.799472,-951.5137194
2025-10-11T08:00:00+09:00,113610.2,114750,112676.7,112709,125072.6582,112581.5318,122104.029,120965.95,118827.095,NaN,NaN,NaN,NaN,-1,3,8922.714274,11936.4007,15.39302799,31.8279206,36.01987865,3.515084661,-1,-2075.669726,-1165.617692
2025-10-11T09:00:00+09:00,112709,113134.1,111568.8,112429.8,125119.9715,111658.0185,122067.756,120796.8517,118388.995,NaN,NaN,NaN,NaN,-1,3,6346.844048,12159.42603,14.89518063,31.43918719,39.97682894,2.813291358,-1,-2232.44819,-1378.065902
2025-10-11T10:00:00+09:00,112429.8,112468.2,110966.5,111037.3,125147.055,110581.495,122023.5825,120604.94,117864.275,NaN,NaN,NaN,NaN,-1,3,4657.830004,12292.4432,12.69063118,29.59862785,43.93897836,2.349857719,-1,-2440.921936,-1591.97744
2025-10-11T11:00:00+09:00,111037.3,113229.5,111025,113152.6,124835.0273,110078.0127,121987.0205,120452.995,117456.52,NaN,101668.1,NaN,NaN,-1,3,5027.396673,12373.16687,29.70954608,35.45801803,47.64120945,2.186703952,-1,-2407.697413,-1780.783982
2025-10-11T12:00:00+09:00,113152.6,113278.5,111760,112271.1,124556.1823,109494.5577,121944.457,120288.585,117025.37,NaN,NaN,NaN,NaN,-1,3,3890.496522,12422.0776,27.31963906,34.24552213,50.93747943,1.920091859,-1,-2424.547745,-1951.924966
2025-10-11T13:00:00+09:00,112271.1,112935.4,111655.4,112891.4,124023.0134,109159.1766,121905.919,120120.305,116591.095,NaN,NaN,NaN,NaN,-1,3,3025.935576,12474.27323,31.49570129,35.82199444,53.70635787,1.650972085,-1,-2360.636777,-2096.701743
2025-10-11T14:00:00+09:00,112891.4,112891.4,111949,112338.7,123476.0431,108815.7969,121867.12,119926.3933,116145.92,NaN,NaN,NaN,NaN,-1,3,2980.792088,12515.10885,29.84994405,35.05748251,55.99578945,1.38569374,-1,-2327.752266,-2202.679603
2025-10-11T15:00:00+09:00,112338.7,112718.5,111948.9,112001.4,122792.4944,108555.5956,121826.048,119736.62,115674.045,NaN,NaN,NaN,NaN,-1,3,1642.008399,12552.21536,28.85887161,34.59747949,57.95980845,1.155622658,-1,-2302.368079,-2271.760178
2025-10-11T16:00:00+09:00,112001.4,112050.4,110027,110333.3,122070.0965,108161.9935,121775.307,119519.135,115116.045,NaN,NaN,NaN,NaN,-1,3,5173.413943,12739.44772,24.52258016,32.44802244,59.67569653,1.393362086,-1,-2389.310177,-2329.039145
2025-10-11T17:00:00+09:00,110333.3,111475,110115,111264.1,121084.9317,108119.8083,121731.1425,119326.84,114602.37,NaN,NaN,NaN,NaN,-1,3,4641.007044,12894.2674,30.7733223,34.75693662,61.15763505,1.328576106,-1,-2355.946748,-2360.181037
2025-10-11T18:00:00+09:00,111264.1,111825.8,111207.9,111572.1,119850.2368,108351.5132,121689.842,119132.455,114100.875,NaN,NaN,122455,NaN,-1,3,2625.826648,12680.26862,32.75775231,35.50161331,62.46576779,1.067876436,-1,-2278.389112,-2365.285584
2025-10-11T19:00:00+09:00,111572.1,112207.2,111558,112046.2,118697.7625,108664.8575,121649.4725,118947.5567,113681.31,NaN,NaN,NaN,NaN,-1,3,1729.760229,12172.44428,35.80808057,36.63802631,63.51861741,0.902039911,-1,-2153.840091,-2333.387601
2025-10-11T20:00:00+09:00,112046.2,112291.9,111604.4,112224.2,117763.8851,108923.9649,121609.676,118763.8817,113343.925,NaN,NaN,NaN,NaN,-1,3,1599.407143,11396.09265,36.96426185,37.06303521,64.3115459,0.804610439,-1,-2017.514333,-2290.033925
2025-10-11T21:00:00+09:00,112224.2,112418.7,111972.9,112313.1,116893.2041,109209.5559,121571.2195,118589.4667,113051.38,NaN,110027,NaN,NaN,-1,3,1084.224541,10996.67834,37.56906197,37.27753608,64.82833066,0.668291071,-1,-1880.623049,-2229.597848
2025-10-11T22:00:00+09:00,112313.1,112448.6,111776.3,112198.9,116020.4449,109542.9451,121532.854,118417.745,112781.695,NaN,NaN,NaN,NaN,-1,3,2023.662087,10721.92076,37.0769342,37.11167176,65.11097328,0.645715433,-1,-1761.050413,-2162.977141
2025-10-11T23:00:00+09:00,112198.9,112282,111802.7,111910.5,115066.7127,109969.7373,121492.9665,118256.5967,112518.225,NaN,NaN,NaN,NaN,-1,3,1199.438885,10570.98691,35.80148719,36.69080274,65.11743509,0.574349212,1,-1670.305465,-2089.927496
2025-10-12T00:00:00+09:00,111910.5,112341.3,111730.4,111731.6,114017.057,110531.823,121453.5335,118085.5333,112274.44,NaN,NaN,NaN,NaN,-1,3,1806.928881,9932.38896,34.99723526,36.4291918,64.88014911,0.565764788,1,-1594.445401,-2011.269421
2025-10-12T01:00:00+09:00,111731.6,112038.2,111396,111800,113667.2451,110642.2549,121412.473,117914.02,112154.75,NaN,NaN,NaN,NaN,-1,3,2199.179305,8879.180297,35.59297249,36.60561273,64.55232434,0.568418635,1,-1511.384149,-1913.722085
2025-10-12T02:00:00+09:00,111800,112134.3,111659.7,111942,113515.4938,110662.2562,121370.8325,117745.4633,112088.875,NaN,NaN,NaN,101668.1,-1,3,1343.41612,4016.287936,36.88616859,36.97627936,64.20360912,0.519788244,1,-1417.756284,-1809.4787
2025-10-12T03:00:00+09:00,111942,111976.7,111775.9,111905.9,113248.6519,110758.6681,121328.306,117578.895,112003.66,112448.6,NaN,NaN,NaN,-1,3,748.0944761,3133.418844,36.68450969,36.92025575,63.8606106,0.40644944,1,-1331.124124,-1704.227034
2025-10-12T04:00:00+09:00,111905.9,111975.7,110785.6,111112.8,113182.322,110665.378,121282.3195,117399.8717,111923.85,NaN,NaN,NaN,NaN,-1,3,2677.098434,2821.138052,32.48291402,35.70693388,63.67321942,0.629924967,1,-1311.347656,-1610.616764
2025-10-12T05:00:00+09:00,111112.8,111300.7,109600,110182.4,113256.6707,110366.2893,121231.619,117216.05,111811.48,NaN,NaN,NaN,NaN,-1,3,3233.441044,2665.467902,28.37687939,34.35487294,63.70071547,0.938006596,1,-1355.129082,-1537.018403
2025-10-12T06:00:00+09:00,110182.4,110943.4,109470.5,110839.5,113270.3524,110332.8276,121184.192,117034.165,111801.59,NaN,NaN,NaN,NaN,-1,3,2302.732275,2547.713016,34.65891529,36.09935128,63.93188902,1.064583281,1,-1321.569469,-1474.901338
2025-10-12T07:00:00+09:00,110839.5,111237,110571.6,110972.8,113064.4895,110320.7105,121134.7,116848.62,111692.6,NaN,NaN,NaN,NaN,-1,3,2616.006794,2427.143522,35.88741159,36.44908574,64.20020796,0.908738469,1,-1269.582086,-1420.293746
2025-10-12T08:00:00+09:00,110972.8,111063.7,110571.1,110574.9,113034.7546,110180.8254,121076.432,116647.19,111607.79,NaN,NaN,NaN,NaN,-1,3,955.8098051,2280.409186,33.84203867,35.85117659,64.46775,0.756502319,-1,-1246.124369,-1373.162513
2025-10-12T09:00:00+09:00,110574.9,110609.4,109497.9,109573.1,112998.9809,109884.7691,121011.673,116415.0767,111441.875,NaN,NaN,NaN,NaN,-1,4,2468.500577,2252.537436,29.31231005,34.40080561,64.87780767,0.847076325,-1,-1293.460638,-1339.719762
2025-10-12T10:00:00+09:00,109573.1,110249.2,109563.9,109903.8,112956.4574,109683.8026,120950.9615,116207.4733,111320.13,NaN,NaN,NaN,NaN,-1,4,2655.815336,2236.288598,32.52307702,35.28307572,65.41742499,0.770866757,-1,-1289.426539,-1315.057805
2025-10-12T11:00:00+09:00,109903.8,110635.4,109514.5,110035.9,112917.7202,109525.9898,120888.592,116020.5717,111221.855,NaN,109470.5,NaN,NaN,-1,4,2658.413691,2287.108863,33.81628813,35.63607115,65.76670062,0.85285006,-1,-1261.033709,-1297.644186
2025-10-12T12:00:00+09:00,110035.9,111283.7,109908.6,110612.5,112906.6041,109565.0259,120828.6385,115845.7983,111235.815,NaN,NaN,NaN,NaN,-1,4,7516.517402,2404.264036,39.28594287,37.16325577,65.56397329,0.97999246,-1,-1178.421279,-1280.677203
2025-10-12T13:00:00+09:00,110612.5,111884.9,110530.7,111456.8,112919.0006,109571.8994,120773.9865,115707.365,111245.45,NaN,NaN,NaN,NaN,-1,4,2147.164385,2279.571903,46.28602192,39.31555846,64.62806783,1.053379222,-1,-1032.915571,-1249.740304
2025-10-12T14:00:00+09:00,111456.8,111738.9,111111.1,111625.1,112923.8775,109572.3225,120720.8535,115552.4767,111248.1,NaN,NaN,NaN,NaN,-1,4,1364.604393,2216.51079,47.583365,39.73560042,63.16632713,0.88866678,-1,-893.7186136,-1198.472475
2025-10-12T15:00:00+09:00,111625.1,112059.4,111526.2,111606.2,112870.6512,109581.5488,120666.7935,115402.5667,111226.1,NaN,NaN,NaN,NaN,-1,4,1692.127137,2214.629136,47.44477933,39.70409516,61.10822251,0.75179526,-1,-775.9840333,-1137.851871
2025-10-12T16:00:00+09:00,111606.2,111857.4,111395.2,111439.2,112770.5886,109603.1114,120613.0695,115244.8667,111186.85,NaN,NaN,NaN,NaN,-1,4,1429.622526,2206.139905,46.16534326,39.42215738,58.4496649,0.640199691,-1,-688.2206553,-1073.256156
2025-10-12T17:00:00+09:00,111439.2,111719,111209.9,111219.7,112629.7783,109634.5817,120558.8155,115080.9,111132.18,NaN,NaN,NaN,NaN,-1,4,1240.368004,2213.947078,44.46795929,39.05009738,55.30285744,0.580222997,-1,-629.127175,-1004.700912
2025-10-12T18:00:00+09:00,111219.7,111830.5,111050,111748.1,112554.9987,109664.2813,120508.415,114919.9283,111109.64,NaN,NaN,NaN,NaN,-1,4,1381.641074,2181.846027,49.30055231,40.43166201,51.959784,0.617801571,-1,-533.5077568,-920.2617035
2025-10-12T19:00:00+09:00,111748.1,111950,111354.9,111572.3,112507.8107,109677.6493,120457.189,114752.4533,111092.73,NaN,NaN,NaN,NaN,-1,4,1026.036177,2173.175892,47.80983738,40.12277471,48.66919519,0.590308716,-1,-466.5363294,-828.829458
2025-10-12T20:00:00+09:00,111572.3,112050,111391.1,111767.5,112512.9299,109676.1201,120404.9895,114589.0367,111094.525,112059.4,NaN,NaN,NaN,-1,4,1423.469727,2154.002934,49.63101232,40.63683175,45.59937202,0.589360957,-1,-393.1776745,-732.4010097
2025-10-12T21:00:00+09:00,111767.5,112148.8,111458.9,111702.9,112499.0185,109680.3215,120351.219,114422.92,111089.67,NaN,NaN,NaN,NaN,-1,4,1733.199172,2130.703927,49.02135511,40.51930974,42.67906416,0.599008028,-1,-336.375564,-638.8403747
2025-10-12T22:00:00+09:00,111702.9,111860.5,111175.8,111230.8,112410.5375,109697.6825,120294.998,114250.6733,111054.11,NaN,NaN,NaN,NaN,-1,4,1695.233949,2148.294819,44.69994271,39.66355877,40.13300076,0.60622258,-1,-325.699545,-560.2608163
2025-10-12T23:00:00+09:00,111230.8,112930,111104.2,112230.2,112474.0244,109666.6256,120244.226,114104.5967,111070.325,NaN,NaN,NaN,NaN,1,1,8439.7359,2532.87689,53.95382532,42.29711778,37.88786488,0.942827763,-1,-233.8992505,-486.9475538
2025-10-13T00:00:00+09:00,112230.2,113640,111979.9,113096.4,112828.318,109510.692,120198.3825,113973.4833,111169.505,NaN,NaN,NaN,NaN,1,1,9671.380209,2882.590979,60.17432247,44.44266674,36.05132007,1.113025398,-1,-90.21184878,-410.7506444
2025-10-13T01:00:00+09:00,113096.4,114592,113096.4,113963.7,113352.3875,109364.7525,120157.0655,113853.015,111358.57,NaN,NaN,NaN,NaN,1,1,7590.67977,3100.452915,65.23806211,46.47684333,34.72188924,1.173819182,-1,92.5781309,-323.9952237
2025-10-13T02:00:00+09:00,113963.7,114354.2,113413.4,113701.6,113723.7153,109279.6347,120114.683,113722.5133,111501.675,NaN,NaN,NaN,109470.5,1,1,5093.201426,3239.976373,62.64577937,45.95773453,33.91120059,1.060159676,-1,213.8263699,-230.3337187
2025-10-13T03:00:00+09:00,113701.6,114130,113430.9,113773,114057.2375,109226.1325,120073.098,113596.935,111641.685,NaN,NaN,NaN,NaN,1,1,1984.127127,3208.382389,63.07621029,46.12507251,33.62207522,0.911152625,-1,312.0803877,-136.3794804
2025-10-13T04:00:00+09:00,113773,114303.2,113714,114251.9,114439.8664,109211.2036,120034.6855,113486.2317,111825.535,NaN,NaN,NaN,NaN,1,1,1570.327047,3239.108251,65.91334209,47.24357707,33.89300535,0.77678981,-1,423.7064086,-37.46362063
2025-10-13T05:00:00+09:00,114251.9,115381.2,114246.1,114840.7,114801.9952,109375.8348,119999.0165,113373.9617,112088.915,NaN,NaN,NaN,NaN,1,1,3411.320634,3286.249254,69.06099761,48.58335436,34.72248998,0.844675635,-1,553.3039303,67.70100212
2025-10-13T06:00:00+09:00,114840.7,115555.9,114164.5,114809.7,115099.2984,109569.1216,119961.356,113266.7533,112334.21,NaN,NaN,NaN,NaN,1,1,4128.100539,3359.863514,68.70129279,48.51713254,36.08074824,0.967241973,-1,646.0620578,176.8607379
2025-10-13T07:00:00+09:00,114809.7,115698.4,114809.6,115135.6,115399.6676,109778.7224,119927.2795,113161.6983,112589.195,NaN,NaN,NaN,NaN,1,1,3218.197095,3387.852685,70.44415912,49.25937695,37.74511274,0.900322523,-1,737.3709946,294.9796867
2025-10-13T08:00:00+09:00,115135.6,115274.9,114655,114873.9,115627.0963,109977.4337,119892.918,113051.375,112802.265,NaN,NaN,NaN,NaN,1,1,1935.231099,3108.788369,67.20776658,48.6840102,39.40663968,0.781460795,-1,779.6298939,407.5940361
2025-10-13T09:00:00+09:00,114873.9,115811.9,114671.3,115181.1,115922.8766,110054.0834,119860.426,112945.4333,112988.48,NaN,NaN,NaN,NaN,1,1,2418.854876,3122.372894,69.00776166,49.39235435,41.14537386,0.849673249,-1,828.3600299,509.6575782
2025-10-13T10:00:00+09:00,115181.1,115645,114967.6,115603.2,116261.1485,110113.6215,119829.9135,112845.4533,113187.385,NaN,NaN,NaN,NaN,1,1,1466.23824,3127.454586,71.335943,50.35358688,42.95429644,0.759703881,-1,890.7707059,598.3456421
2025-10-13T11:00:00+09:00,115603.2,115867.6,114902.2,115236.5,116476.3067,110261.4933,119798.422,112758.77,113368.9,NaN,NaN,NaN,NaN,1,1,1736.799423,3129.688201,66.6515396,49.5194477,44.82472676,0.787332715,-1,900.2643044,674.6165237
2025-10-13T12:00:00+09:00,115236.5,115528,114520.3,114732.2,116562.4948,110504.6052,119762.4375,112688.1083,113533.55,NaN,NaN,NaN,NaN,1,1,2172.692141,3166.841681,60.74393345,48.39398174,46.32780849,0.819964325,-1,857.2138268,735.1869058
2025-10-13T13:00:00+09:00,114732.2,114924.7,114338.1,114642.5,116573.9277,110835.4523,119726.4535,112629.4167,113704.69,NaN,NaN,NaN,NaN,1,1,2640.485621,3236.847562,59.72983339,48.19508958,47.36345812,0.717629797,-1,806.5604461,777.7262433
2025-10-13T14:00:00+09:00,114642.5,114769.1,114441.6,114557,116589.8141,111100.4559,119688.528,112578.8233,113845.135,NaN,NaN,NaN,NaN,1,1,1101.063664,3222.818692,58.72348564,48.00312357,47.95612942,0.574071562,-1,750.8626641,799.6772137
2025-10-13T15:00:00+09:00,114557,115322,114356.9,115156.5,116615.7883,111432.9017,119653.1605,112545.1,114024.345,NaN,NaN,NaN,NaN,1,1,1975.538358,3270.293801,63.38211147,49.4444692,48.38510116,0.660080939,-1,746.491323,810.836021
2025-10-13T16:00:00+09:00,115156.5,115510.4,114955.7,115350,116636.5827,111770.3573,119618.187,112524.145,114203.47,115867.6,NaN,NaN,NaN,1,1,2266.184994,3312.429564,64.76444364,49.90203921,48.6272155,0.599610522,-1,749.995357,812.2387279
2025-10-13T17:00:00+09:00,115350,115373.4,115069.3,115182.5,116554.625,112200.275,119583.5615,112540.6233,114377.45,NaN,NaN,NaN,NaN,1,1,1404.874738,3296.013342,62.56276673,49.50609297,48.69945947,0.488326923,-1,730.8319037,806.816729
2025-10-13T18:00:00+09:00,115182.5,115194.9,114703.3,115053.9,116213.3439,112923.8661,119547.2055,112570.53,114568.605,NaN,114338.1,NaN,NaN,1,1,1473.429484,3284.923119,60.85233772,49.20013259,48.32173387,0.468341162,-1,697.230544,792.2467861
2025-10-13T19:00:00+09:00,115053.9,115090.8,114674.4,114756.9,115941.8511,113448.0289,119500.977,112589.6417,114694.94,NaN,NaN,NaN,NaN,1,1,1091.68592,2917.52062,56.97800836,48.49355335,47.76896124,0.433986844,1,639.2667374,764.3019007
2025-10-13T20:00:00+09:00,114756.9,114756.9,113550,114131.9,115793.8069,113699.6231,119452.92,112613.3567,114746.715,NaN,NaN,NaN,NaN,-1,1,6315.768872,2749.740053,49.79345487,47.0422406,46.92861474,0.643395842,1,536.7108578,723.9070733
2025-10-13T21:00:00+09:00,114131.9,114711.8,113871.8,114369.6,115767.2972,113766.7228,119398.944,112645.6867,114767.01,NaN,NaN,NaN,NaN,-1,1,2740.344719,2507.223301,52.25902656,47.65050653,45.82683745,0.672859396,1,469.20627,680.7951226
2025-10-13T22:00:00+09:00,114369.6,115484.6,114172.6,115303.2,115744.5328,113949.6472,119349.882,112716.785,114847.09,NaN,NaN,NaN,NaN,-1,1,10867.21978,2795.924219,60.47009096,49.95518063,44.34029076,0.824230723,1,485.4461938,645.1157612
2025-10-13T23:00:00+09:00,115303.2,115423.4,113730,113970.1,115710.2348,114003.6552,119294.7965,112730.41,114856.945,NaN,NaN,NaN,NaN,-1,1,5646.092438,2979.022484,47.82205731,46.94271585,42.32341387,1.05119056,1,386.293471,604.6080731
2025-10-14T00:00:00+09:00,113970.1,114680.8,113921.9,114265.6,115708.9956,114006.2644,119242.6265,112763.6517,114857.63,NaN,NaN,NaN,NaN,-1,1,2649.136882,3032.962976,50.30340958,47.65696535,39.82441861,0.920366195,1,327.7801585,558.0846104
2025-10-14T01:00:00+09:00,114265.6,115109.9,114208.3,114597.1,115704.3725,113986.5275,119192.675,112792.08,114845.45,NaN,113550,NaN,NaN,-1,1,3654.694565,3045.131672,53.00349654,48.45166038,37.27906853,0.874054669,1,304.6454532,508.6012877
2025-10-14T02:00:00+09:00,114597.1,115000,114144.4,114977.5,115714.4782,113993.2018,119152.5695,112836.06,114853.84,NaN,NaN,NaN,NaN,-1,1,2258.114478,2951.632369,55.96039386,49.35242653,34.68133167,0.828823786,1,313.393528,462.219246
2025-10-14T03:00:00+09:00,114977.5,115307.5,114644.6,115096.4,115710.1178,113993.6422,119113.0515,112887.6433,114851.88,115484.6,NaN,NaN,NaN,-1,1,2801.452822,2930.795156,56.87374643,49.63325264,32.39406809,0.743962376,1,326.1608968,420.9892852
2025-10-14T04:00:00+09:00,115096.4,115832,115005.3,115716.1,115831.4106,113956.5694,119074.5305,112977.3567,114893.99,NaN,NaN,NaN,NaN,1,1,4492.85144,3058.676173,61.37049401,51.07653248,30.55808554,0.731459098,1,381.8816456,392.3909416
2025-10-14T05:00:00+09:00,115716.1,115800,115323.1,115642.1,115902.9809,113931.0991,119037.5605,113050.3233,114917.04,NaN,NaN,NaN,NaN,1,1,1686.09759,3022.038309,60.55847423,50.89873781,29.13587108,0.625415797,1,415.2824414,378.8988954
2025-10-14T06:00:00+09:00,115642.1,115711.9,115484.3,115635.9,115909.2595,113928.0905,119000.1575,113118.0533,114918.675,NaN,NaN,NaN,NaN,1,1,570.7920948,2977.266001,60.48626239,50.88358861,28.22860202,0.482574449,1,436.2240057,375.2341993
2025-10-14T07:00:00+09:00,115635.9,115769,115356.2,115429.3,115934.71,113921.92,118962.38,113174.4383,114928.315,NaN,NaN,115867.6,NaN,1,1,851.2423107,2932.988146,58.00418068,50.37357811,27.70318454,0.441499289,1,431.1790888,369.204521
2025-10-14T08:00:00+09:00,115429.3,115429.4,114934,115124.8,115953.5884,113942.3016,118924.2015,113222.7817,114947.945,NaN,NaN,NaN,NaN,1,1,2070.905771,2927.898827,54.45721936,49.62520951,27.14302781,0.438549897,1,398.0221985,370.507713
2025-10-14T09:00:00+09:00,115124.8,115369.1,114817.6,114908.4,115957.365,113965.115,118882.633,113266.0367,114961.24,115832,NaN,NaN,NaN,1,1,1371.92753,2864.470923,52.02253156,49.096053,26.5189225,0.452899696,1,350.2460344,373.0039214
2025-10-14T10:00:00+09:00,114908.4,114942.2,114079,114215.9,115978.3638,113910.0062,118838.701,113299.6533,114944.185,NaN,NaN,NaN,NaN,1,1,1813.741203,2900.1048,45.07721425,47.44342471,26.02847784,0.555684334,1,253.5809936,367.3300925
2025-10-14T11:00:00+09:00,114215.9,114246,113562.6,113587.8,116050.5952,113680.9048,118791.879,113327.6083,114865.75,NaN,NaN,NaN,NaN,1,1,3603.516626,2981.503713,39.87704714,46.00945637,25.64735341,0.57305442,-1,124.8516199,346.3809916
2025-10-14T12:00:00+09:00,113587.8,113651.8,113221.9,113445.9,116083.5177,113457.5723,118746.3765,113356.18,114770.545,NaN,NaN,NaN,NaN,-1,1,2983.889194,3017.388923,38.7883677,45.69096163,25.4521782,0.508829853,-1,11.25280443,311.3912036
2025-10-14T13:00:00+09:00,113445.9,113550.6,112730.5,113020.8,116164.3082,113160.6118,118698.1605,113376.5267,114662.46,NaN,NaN,NaN,NaN,-1,1,5285.699043,3211.430138,35.64849779,44.74374128,25.53245659,0.582368677,-1,-111.7884648,256.5389691
2025-10-14T14:00:00+09:00,113020.8,113639.1,112318.4,112451.7,116302.8529,112761.8471,118647.0065,113385.0217,114532.35,NaN,NaN,NaN,NaN,-1,1,7245.274014,3500.022365,31.9229101,43.51099953,26.02434093,0.781697231,-1,-252.3126675,182.3617348
2025-10-14T15:00:00+09:00,112451.7,112662,111302.9,111948.6,116484.991,112298.879,118590.819,113385.7333,114391.935,NaN,NaN,NaN,NaN,-1,1,6672.500244,3779.063081,29.03414025,42.45541391,27.28023941,0.928153233,-1,-399.6679527,89.48485053
2025-10-14T16:00:00+09:00,111948.6,112167.3,111407.7,111676.3,116673.7329,111864.5771,118532.1165,113395.125,114269.155,NaN,NaN,NaN,NaN,-1,1,3984.830411,3662.516158,27.57943871,41.8938581,29.2931028,0.847004273,-1,-532.2845669,-17.56666678
2025-10-14T17:00:00+09:00,111676.3,112101.6,111477,111769.7,116777.6893,111500.6307,118474.478,113421.58,114139.16,NaN,NaN,NaN,NaN,-1,1,2817.945967,3666.39622,28.8954102,42.16173126,31.68447968,0.750473538,-1,-622.6698395,-130.9768932
2025-10-14T18:00:00+09:00,111769.7,111964,111000,111251.6,116799.1462,111074.0138,118410.8275,113428.4483,113936.58,NaN,NaN,NaN,NaN,-1,1,3995.719366,3322.8212,26.06591496,41.08908819,34.32068113,0.791480465,-1,-727.7184736,-250.7507274
2025-10-14T19:00:00+09:00,111251.6,111297.9,110000.9,110584,116980.8964,110553.6536,118343.3795,113421.9683,113767.275,NaN,NaN,NaN,NaN,-1,1,7427.124732,3411.872814,22.94769598,39.75855721,37.18083296,0.921793799,-1,-854.984287,-373.9246475
2025-10-14T20:00:00+09:00,110584,111575.9,110562.3,111243.2,117001.4967,110230.8133,118280.6805,113433.1067,113616.155,NaN,NaN,NaN,NaN,-1,1,5133.128947,3536.072418,31.64330932,41.6627043,39.97779741,0.914606588,-1,-892.3648042,-486.9486946
2025-10-14T21:00:00+09:00,111243.2,111290,110668.7,110742.1,116997.1308,109849.6792,118216.724,113452.59,113423.405,NaN,NaN,NaN,NaN,-1,1,3471.087557,3526.892067,28.96714841,40.66525535,42.64240579,0.799507827,-1,-951.4559238,-593.9163311
2025-10-14T22:00:00+09:00,110742.1,111279.1,109796.7,110956.9,116875.2576,109569.4924,118153.8585,113470.1417,113222.375,NaN,NaN,NaN,NaN,-1,1,8182.97971,3823.135329,31.63616516,41.28041931,45.14253135,0.977311465,-1,-969.7745399,-689.2481172
2025-10-14T23:00:00+09:00,110956.9,112142.8,110864.8,111368,116667.7436,109404.1664,118091.227,113492.3433,113035.955,NaN,NaN,NaN,NaN,-1,1,6358.729885,4000.999182,36.55001055,42.44621841,47.06847785,1.031651525,-1,-940.2808682,-765.6890284
2025-10-15T00:00:00+09:00,111368,112833.1,110987,112829.5,116309.0002,109474.2498,118038.6415,113529.2933,112891.625,NaN,NaN,NaN,NaN,-1,1,7354.627087,4144.087964,50.24267886,46.31438265,48.21035768,1.2242541,-1,-789.8709446,-809.0449164
2025-10-15T01:00:00+09:00,112829.5,113144.2,112117.1,112256.6,115905.3464,109539.3536,117980.9185,113542.6233,112722.35,NaN,NaN,NaN,NaN,-1,1,6832.112877,4401.388729,46.04770544,45.10139641,48.47700779,1.125320489,-1,-708.7284581,-828.6497932
2025-10-15T02:00:00+09:00,112256.6,112849.8,111616,112673.2,115463.2319,109685.1981,117924.8035,113560.0917,112574.215,NaN,NaN,NaN,NaN,-1,1,5524.248414,4649.061545,49.35889988,46.14836623,47.98187255,1.112448225,-1,-603.8455588,-826.5582065
2025-10-15T03:00:00+09:00,112673.2,113376.7,112568.6,112763.9,115020.1443,109861.7457,117869.0785,113579.3867,112440.945,NaN,109796.7,NaN,NaN,-1,1,3732.583576,4793.128608,50.07726599,46.37565488,46.77866043,0.979912314,-1,-507.5555887,-802.0956637
2025-10-15T04:00:00+09:00,112763.9,113468.1,111938.8,112539.6,114580.3338,110043.0362,117810.95,113597.7267,112311.685,NaN,NaN,NaN,NaN,-1,1,7579.634766,5068.565058,48.2542724,45.88672927,45.08509111,1.107543385,-1,-444.2234971,-756.4555759
2025-10-15T05:00:00+09:00,112539.6,112951.2,112166.9,112941,114172.5706,110254.0594,117753.2105,113626.415,112213.315,NaN,NaN,NaN,NaN,-1,1,1888.522754,5094.394819,51.64664774,46.90925555,42.85313271,0.967215859,-1,-357.5214482,-697.0285364
2025-10-15T06:00:00+09:00,112941,113139,112647,113076.1,113937.4767,110375.1733,117693.7245,113648.5483,112156.325,NaN,NaN,NaN,NaN,-1,1,1578.594119,5082.637465,52.7689748,47.25171712,40.48584991,0.789075241,-1,-274.740966,-621.8379855
2025-10-15T07:00:00+09:00,113076.1,113527.8,112775,113160.2,113856.108,110413.782,117637.167,113675.0133,112134.945,NaN,NaN,NaN,NaN,-1,1,1602.28554,4982.57591,53.49264357,47.46705492,38.11732901,0.747409725,-1,-200.0446798,-536.3124455
2025-10-15T08:00:00+09:00,113160.2,113467.2,112956.1,112977.8,113772.4346,110450.6454,117577.3655,113695.185,112111.54,NaN,NaN,NaN,NaN,-1,1,1418.582955,4904.310598,51.64444103,47.04186772,35.85255991,0.649874187,-1,-153.7926643,-448.9248673
2025-10-15T09:00:00+09:00,112977.8,113070.4,112550,112935.5,113759.2222,110455.3278,117514.9535,113715.7283,112107.275,NaN,NaN,NaN,NaN,-1,1,2258.868793,4752.969086,51.20261847,46.94232195,33.69563174,0.587009729,-1,-119.1770663,-374.4033253
2025-10-15T10:00:00+09:00,112935.5,112960.6,112257.4,112680,113783.1074,110454.2726,117452.1475,113739.8817,112118.69,NaN,NaN,NaN,NaN,-1,1,1738.616549,4477.636213,48.50343725,46.33770794,31.90155748,0.600249895,-1,-111.0802066,-307.997964
2025-10-15T11:00:00+09:00,112680,113568.7,112610.3,112758.7,113844.3832,110474.0068,117386.0865,113748.69,112159.195,NaN,NaN,NaN,NaN,-1,1,2331.55831,4260.589116,49.38846701,46.55416223,30.03923534,0.683206163,-1,-97.19257924,-251.7031885
2025-10-15T12:00:00+09:00,112758.7,112812.9,111764,111978.2,113847.27,110501.31,117319.2155,113730.0533,112174.29,NaN,NaN,NaN,NaN,-1,1,2608.391471,4191.767169,41.72897138,44.72763588,28.36115048,0.770878848,-1,-147.46646,-211.6932853
2025-10-15T13:00:00+09:00,111978.2,112433,111681.1,112306.1,113864.4563,110537.7637,117254.8725,113702.4267,112201.11,NaN,NaN,NaN,NaN,-1,1,1808.642194,4141.30198,45.54955125,45.64227972,26.94224158,0.735588574,-1,-159.0170337,-180.0036782
2025-10-15T14:00:00+09:00,112306.1,112619.9,112131.8,112380.7,113863.8368,110651.2932,117191.403,113680.4117,112257.565,NaN,NaN,NaN,NaN,-1,1,1915.333182,4037.282671,46.4104241,45.85038905,25.82068736,0.634842601,-1,-160.3034714,-158.0905697
2025-10-15T15:00:00+09:00,112380.7,112537.5,111836.3,112408.1,113759.8702,110937.6698,117128.393,113657.6633,112348.77,NaN,NaN,NaN,NaN,-1,1,2038.313788,3767.842124,46.74347209,45.92800827,25.05550347,0.631058058,-1,-157.298789,-145.0414389
2025-10-15T16:00:00+09:00,112408.1,112644.8,112175,112520.4,113730.3271,111094.9329,117067.868,113628.805,112412.63,113568.7,NaN,NaN,NaN,-1,1,1016.429835,3562.007168,48.16534438,46.25036261,24.42905733,0.559460254,1,-144.1937098,-138.8357756
2025-10-15T17:00:00+09:00,112520.4,113473.9,112487.2,112890.1,113605.225,111434.835,117007.996,113596.295,112520.03,NaN,NaN,NaN,NaN,-1,1,3175.444426,3547.225012,52.6474821,47.30607645,23.65893196,0.663097364,1,-102.7912265,-133.1689492
2025-10-15T18:00:00+09:00,112890.1,113069.2,112323,112506.7,113412.9891,111782.0509,116947.217,113557.9117,112597.52,NaN,111681.1,NaN,109796.7,-1,1,1998.520374,3238.002045,48.01095634,46.34245336,22.94211438,0.664654506,1,-99.76658885,-131.0122294
2025-10-15T19:00:00+09:00,112506.7,112599,111979.6,112218.2,113259.8641,112020.1959,116887.2295,113509.2883,112640.03,NaN,NaN,NaN,NaN,-1,1,3506.654921,3095.398297,44.81282849,45.62849162,22.12508581,0.628228963,1,-119.2741623,-131.922669
2025-10-15T20:00:00+09:00,112218.2,112556.1,111634.3,111853.9,113292.0328,111890.4672,116825.072,113458.955,112591.25,NaN,NaN,NaN,NaN,-1,1,3591.076017,2907.220743,41.09065537,44.73998645,21.30813686,0.694886952,1,-162.2595927,-139.1523371
2025-10-15T21:00:00+09:00,111853.9,112043.3,111320,111671,113358.6137,111765.3263,116761.1065,113400.4533,112561.97,NaN,NaN,NaN,NaN,-1,2,2897.784148,2710.504307,39.32462558,44.29789078,20.6637237,0.679918783,1,-208.6788377,-145.9537124
2025-10-15T22:00:00+09:00,111671,111967.6,110678,111336.7,113451.4722,111538.8178,116695.997,113329.345,112495.145,113473.9,NaN,NaN,NaN,-1,2,5192.10382,2693.897077,36.2573137,43.49594191,20.2524878,0.840736316,1,-269.3368919,-158.2114745
2025-10-15T23:00:00+09:00,111336.7,112196.2,110739.4,111006.9,113552.8168,111261.7732,116631.7615,113258.8517,112407.295,NaN,NaN,NaN,NaN,-1,2,6064.532407,2810.494519,33.48263956,42.71712608,19.99402645,0.999606372,1,-340.100474,-178.1889192
2025-10-16T00:00:00+09:00,111006.9,111533.3,110333.3,110756.4,113667.9542,110968.3158,116567.385,113192.5883,112318.135,NaN,NaN,NaN,NaN,-1,2,4424.785745,2652.752067,31.51017615,42.13218525,20.15575471,1.029064413,-1,-411.6491441,-206.4500698
2025-10-16T01:00:00+09:00,110756.4,111062.1,110537.7,110703.7,113694.7742,110717.7658,116501.8075,113126.9417,112206.27,NaN,NaN,NaN,NaN,-1,2,2071.822593,2661.917059,31.09515563,42.00864561,20.76031426,0.844268498,-1,-467.2186247,-242.341727
2025-10-16T02:00:00+09:00,110703.7,111148.4,110100,111148.3,113610.2199,110609.5401,116437.283,113070.13,112109.88,NaN,NaN,NaN,NaN,-1,2,4324.955559,2799.235131,38.45933641,43.43700796,21.7740205,0.875009013,-1,-469.9648716,-283.1387986
2025-10-16T03:00:00+09:00,111148.3,111452.8,110775.9,111396.2,113471.2097,110572.1503,116373.083,113007.4583,112021.68,NaN,NaN,NaN,NaN,-1,2,1716.858567,2804.963783,42.17054638,44.21903732,22.88151672,0.784591481,-1,-446.9852659,-321.7186516
2025-10-16T04:00:00+09:00,111396.2,111500,111020,111214,113353.9346,110513.0454,116307.1635,112938.525,111933.49,NaN,NaN,NaN,NaN,-1,2,1702.400253,2819.154648,40.2493627,43.76504889,23.95472615,0.667784689,-1,-438.4219251,-357.1795142
2025-10-16T05:00:00+09:00,111214,111499,110448.9,111032.9,113232.2293,110444.4907,116237.986,112869.365,111838.36,NaN,NaN,NaN,NaN,-1,2,4494.936789,2930.958047,38.37784061,43.31383026,24.98832992,0.761167824,-1,-441.1632174,-388.1688058
2025-10-16T06:00:00+09:00,111032.9,111369.1,110428.9,110791.1,113152.7696,110335.0604,116172.6915,112798.3183,111743.915,NaN,NaN,NaN,NaN,-1,2,2785.057327,2983.280086,35.9727465,42.71359921,26.09997059,0.791427416,-1,-457.5723413,-415.8236395
2025-10-16T07:00:00+09:00,110791.1,111342.9,110600,110607.6,113047.3467,110225.3733,116112.248,112729.1633,111636.36,NaN,110100,113568.7,NaN,-1,2,1213.280038,2927.366173,34.22008871,42.25991352,27.18215255,0.752378161,-1,-479.8521696,-439.214226
2025-10-16T08:00:00+09:00,110607.6,110967.5,110539,110711.2,113029.9396,110116.0804,116056.817,112672.1517,111573.01,NaN,NaN,NaN,NaN,-1,2,1328.170715,2863.355135,36.11263655,42.61122665,28.25563296,0.630130421,-1,-483.5750872,-455.1558496
2025-10-16T09:00:00+09:00,110711.2,110808.4,110310.7,110385.2,112980.4409,109973.4891,116000.612,112605.745,111476.965,NaN,NaN,NaN,NaN,-1,2,1531.106947,2849.478373,32.90450969,41.79436709,29.28377917,0.571619475,-1,-506.9867738,-465.7489196
2025-10-16T10:00:00+09:00,110385.2,111285.5,110371.7,111258.7,112867.9419,109973.7881,115951.526,112538.3367,111420.865,NaN,NaN,NaN,NaN,-1,2,1698.110051,2838.617216,46.59462982,44.69433462,30.10276405,0.651864109,-1,-449.8707246,-463.8213752
2025-10-16T11:00:00+09:00,111258.7,111500,110963.8,111457.8,112748.2489,109998.4511,115904.6245,112496.465,111373.35,NaN,NaN,NaN,NaN,-1,2,1504.89844,2811.946449,49.14185577,45.32813891,30.63041041,0.594159424,-1,-384.1123302,-454.2822039
2025-10-16T12:00:00+09:00,111457.8,111800,111205.9,111271.3,112581.2031,110040.5869,115853.2205,112446.56,111310.895,NaN,NaN,NaN,NaN,-1,2,1688.313284,2845.540621,46.88596702,44.83679841,30.57785839,0.574743606,-1,-343.092365,-442.7385482
2025-10-16T13:00:00+09:00,111271.3,111611.4,110750.5,110912.3,112264.4135,110159.5965,115798.371,112385.1467,111212.005,NaN,NaN,NaN,NaN,-1,2,1574.596409,2765.49822,42.8118764,43.90168071,30.19578956,0.643135571,1,-335.6825078,-431.3230574
2025-10-16T14:00:00+09:00,110912.3,111420,110669,110883.7,112006.9441,110254.7659,115743.047,112316.9167,111130.855,NaN,110310.7,NaN,NaN,-1,2,1687.715027,2749.957953,42.4950782,43.82734401,29.54715142,0.654629703,1,-328.3331039,-418.7863781
2025-10-16T15:00:00+09:00,110883.7,111664.3,110853.6,111600.6,111855.8758,110344.0742,115691.301,112258.6533,111099.975,NaN,NaN,NaN,NaN,-1,2,1557.108691,2652.480641,52.06940956,46.16012285,28.4973312,0.67575959,1,-261.6447321,-397.0166438
2025-10-16T16:00:00+09:00,111600.6,111718.5,110512,110532.1,111744.3287,110323.4413,115637.536,112172.2533,111033.885,NaN,NaN,NaN,NaN,-1,2,4283.74524,2687.114103,41.08877856,43.4167983,27.16525573,0.818707421,1,-291.6507687,-376.105377
2025-10-16T17:00:00+09:00,110532.1,110856.7,110326.2,110766.4,111644.1501,110333.1599,115582.0035,112090.9917,110988.655,111800,NaN,NaN,NaN,-1,2,1799.848159,2632.217303,43.88337213,44.15966494,25.98378939,0.70429571,1,-293.1455179,-354.946536
2025-10-16T18:00:00+09:00,110766.4,111606.6,109477.5,111106.9,111615.6907,110338.6393,115527.988,112015.5083,110977.165,NaN,NaN,NaN,NaN,-1,2,17111.47472,3228.185848,47.76165556,45.22649089,25.32190863,1.106845751,1,-263.8135349,-327.9272872
2025-10-16T19:00:00+09:00,111106.9,111667.1,110981.3,111420.5,111665.0307,110330.6593,115475.1165,111948.695,110997.845,NaN,NaN,NaN,NaN,-1,2,2907.505661,3070.334511,51.1127539,46.19298287,25.25563612,0.940989017,1,-212.8096903,-301.5871723
2025-10-16T20:00:00+09:00,111420.5,111528,110955.2,111362.7,111703.7527,110352.5673,115425.266,111885.9933,111028.16,NaN,NaN,NaN,NaN,-1,2,1703.265485,2934.258498,50.47011278,46.04013096,25.53526149,0.799103391,1,-175.0350577,-278.3563643
2025-10-16T21:00:00+09:00,111362.7,111947.2,111284.1,111465.2,111750.174,110382.296,115373.261,111828.6067,111066.235,NaN,NaN,NaN,NaN,-1,2,3454.367278,3003.385732,51.63151441,46.36143992,25.82517122,0.73054377,1,-135.2682082,-255.2647913
2025-10-16T22:00:00+09:00,111465.2,111511.6,110634.7,110805.1,111741.0909,110357.0591,115320.5685,111771.76,111049.075,NaN,NaN,NaN,NaN,-1,2,3511.121674,2962.694038,44.40945458,44.61492295,26.47161985,0.753727085,1,-155.2278764,-235.2142767
2025-10-16T23:00:00+09:00,110805.1,111350,109638.3,110447.5,111721.4768,110281.8032,115264.0625,111719.4217,111001.64,NaN,109477.5,NaN,NaN,-1,2,9251.212249,3339.411722,41.05883372,43.70441483,27.50195882,1.020707002,1,-197.6233102,-220.6909663
2025-10-17T00:00:00+09:00,110447.5,110666.7,108271,108486,112169.2395,109561.2405,115198.721,111636.7567,110865.24,NaN,NaN,NaN,NaN,-1,3,11816.95759,3845.139589,28.40100847,39.22230557,28.97836074,1.428875841,1,-385.0599229,-234.4037653
2025-10-17T01:00:00+09:00,108486,109208,107525.5,109183.1,112264.8942,109280.6058,115132.995,111572.795,110772.75,NaN,NaN,NaN,NaN,-1,3,8950.031341,4067.894317,35.95737577,41.4025126,30.66794237,1.460165077,-1,-471.9147057,-254.4330916
2025-10-17T02:00:00+09:00,109183.1,109193.4,108144.8,108221.4,112504.9828,108783.5472,115061.7475,111502.29,110644.265,111947.2,NaN,NaN,NaN,-1,3,4822.064765,4169.744689,31.08358896,39.41149194,32.58947262,1.305073671,-1,-611.3021886,-289.7838328
2025-10-17T03:00:00+09:00,108221.4,108600,107614.6,108599.5,112607.3255,108480.3945,114990.3445,111446.4717,110543.86,NaN,NaN,NaN,NaN,-1,3,5933.527805,4405.757077,34.82398906,40.55874427,34.75679643,1.169476838,-1,-683.3806758,-336.402404
2025-10-17T04:00:00+09:00,108599.5,108695.4,107633.5,108146.8,112725.555,108105.725,114917.0015,111387.6467,110415.64,NaN,NaN,NaN,NaN,-1,3,5819.907471,4630.343915,32.54634364,39.6413092,37.36859778,1.110216852,-1,-768.1774316,-398.1099308
2025-10-17T05:00:00+09:00,108146.8,108379.9,107344.4,107799.3,112862.7184,107709.9716,114843.1195,111321.4733,110286.345,NaN,NaN,NaN,NaN,-1,3,3495.961462,4728.58664,30.87690539,38.95089856,40.20448089,1.062724278,-1,-853.5802753,-473.5038439
2025-10-17T06:00:00+09:00,107799.3,108416.5,107536.4,108386.7,112805.047,107480.443,114772.293,111273.725,110142.745,NaN,NaN,NaN,NaN,-1,3,1657.887608,4726.575518,36.78008354,40.73209986,43.01343509,0.975309906,-1,-863.9058049,-554.4635768
2025-10-17T07:00:00+09:00,108386.7,108459,107726,107748.1,112741.362,107173.158,114699.687,111226.46,109957.26,NaN,NaN,NaN,NaN,-1,3,1915.055141,4747.083353,33.4368429,39.45454208,45.60006411,0.880823712,-1,-913.0929771,-638.6708102
2025-10-17T08:00:00+09:00,107748.1,108378.5,107677.3,108135,112623.8554,106977.0346,114629.6835,111174.6567,109800.445,NaN,NaN,NaN,NaN,-1,3,2131.46472,4769.240925,37.16351602,40.60668401,47.92731416,0.801264354,-1,-910.3604997,-717.8638313
2025-10-17T09:00:00+09:00,108135,108788.3,107880.7,108730.6,112503.0708,106879.6492,114558.3955,111141.1317,109691.36,NaN,NaN,NaN,NaN,-1,3,2119.297514,4796.47598,42.50045727,42.33123433,49.74140315,0.809491354,-1,-850.3329405,-769.5608332
2025-10-17T10:00:00+09:00,108730.6,109051.3,108451,108773.8,112368.8937,106802.8363,114482.3975,111104.7467,109585.865,NaN,107344.4,NaN,NaN,-1,3,1584.22326,4791.301392,42.87941167,42.45495155,50.88814031,0.723406314,-1,-790.1662438,-804.9221152
2025-10-17T11:00:00+09:00,108773.8,109000.4,108330.7,108906.5,112088.0413,106814.2787,114409.991,111063.7217,109451.16,NaN,NaN,NaN,NaN,-1,3,2057.981362,4816.345026,44.09817784,42.83947931,51.51188068,0.686660293,-1,-723.4365954,-817.3814938
2025-10-17T12:00:00+09:00,108906.5,109166.7,108824.1,109101.6,111972.5932,106786.6768,114338.587,111001.59,109379.635,NaN,NaN,NaN,NaN,-1,3,1313.784084,4667.846968,45.92499596,43.40705427,51.52911227,0.561627994,-1,-647.3477075,-813.3778306
2025-10-17T13:00:00+09:00,109101.6,109166.7,108712,108720.8,111803.9687,106750.7413,114268.182,110942.66,109277.355,NaN,NaN,NaN,NaN,-1,3,1216.898967,4638.699508,42.97316782,42.56493513,51.05442396,0.515139162,-1,-610.7339325,-795.8841085
2025-10-17T14:00:00+09:00,108720.8,108857,108242.1,108329.7,111550.3016,106726.6884,114193.6545,110870.2683,109138.495,NaN,NaN,NaN,NaN,-1,3,1982.21354,3882.236449,40.12091308,41.71640777,50.30105728,0.533872317,-1,-606.286856,-768.4070619
2025-10-17T15:00:00+09:00,108329.7,108476.9,106587.6,106706.9,111297.7372,106507.8928,114111.4885,110769.3183,108902.815,NaN,NaN,NaN,NaN,-1,4,9328.381977,4203.280265,30.94346803,38.46817268,49.57052966,0.951511276,-1,-725.3475584,-753.0117012
2025-10-17T16:00:00+09:00,106706.9,106866.1,105491.3,105590.3,111141.4051,106086.9849,114023.2165,110653.4967,108614.195,NaN,NaN,NaN,NaN,-1,4,8356.458225,4535.939902,26.45872816,36.47335272,49.23684035,1.075053413,-1,-899.4361707,-751.4942783
2025-10-17T17:00:00+09:00,105590.3,105661.3,104424.6,104843.6,110960.0846,105606.1454,113933.5445,110518.54,108283.115,NaN,NaN,111947.2,NaN,-1,4,9485.753523,4837.509214,23.9580753,35.22633402,49.48935387,1.114995494,-1,-1085.14621,-770.9149127
2025-10-17T18:00:00+09:00,104843.6,105588.7,104482,104485.4,110861.8193,105072.4407,113843.4605,110375.3617,107967.13,109166.7,NaN,NaN,NaN,-1,4,3704.024826,4847.154372,22.84276129,34.64625409,50.24124035,1.098942319,-1,-1246.853548,-814.972758
2025-10-17T19:00:00+09:00,104485.4,104876.3,103469.3,104710.1,110670.4524,104690.0676,113759.114,110234.5267,107680.26,NaN,NaN,NaN,NaN,-1,4,6950.694039,4732.128461,25.19529745,35.32822758,51.60317422,1.178959354,-1,-1341.413389,-876.2224408
2025-10-17T20:00:00+09:00,104710.1,106560.4,104623,105611.6,110632.4496,104440.6304,113677.195,110111.7567,107536.54,NaN,NaN,NaN,NaN,-1,4,8792.4378,4580.902471,33.90273665,37.97888775,52.87709179,1.390749702,-1,-1328.297442,-943.4292015
2025-10-17T21:00:00+09:00,105611.6,106000,105152.3,105285,110488.7541,104194.5159,113593.166,109984.2483,107341.635,NaN,NaN,NaN,NaN,-1,4,2420.5293,4254.427369,32.42993987,37.41179625,53.92981182,1.198425234,-1,-1328.937683,-1019.161421
2025-10-17T22:00:00+09:00,105285,106121.8,104802.4,105771.6,110410.1556,104028.1344,113511.747,109869.1083,107219.145,NaN,NaN,NaN,NaN,-1,4,5358.6453,4281.256396,36.83285133,38.80162583,54.55005939,1.211076198,-1,-1275.477614,-1093.02183
2025-10-17T23:00:00+09:00,105771.6,105940.1,104479,105114.1,110295.4496,103794.3004,113427.8175,109741.6983,107044.875,NaN,NaN,NaN,NaN,-1,4,5867.4825,4277.954131,33.64287752,37.64845225,54.7247064,1.275772183,-1,-1271.507729,-1166.93526
2025-10-18T00:00:00+09:00,105114.1,106788.6,105043.6,106741.1,110187.3899,103761.7901,113352.252,109654.4133,106974.59,NaN,103469.3,NaN,NaN,-1,4,4061.0622,4190.011867,46.08601011,42.00256982,54.15262853,1.382483066,-1,-1124.11813,-1211.243102
2025-10-18T01:00:00+09:00,106741.1,107507.6,106190.5,106326.7,110102.2599,103699.6601,113277.827,109554.7567,106900.96,NaN,NaN,NaN,NaN,-1,4,4586.4108,4244.534334,43.83153354,41.2535365,52.70802681,1.338157228,-1,-1028.889036,-1225.626753
2025-10-18T02:00:00+09:00,106326.7,106676.2,106019.8,106398.3,109934.882,103668.198,113201.0555,109455.05,106801.54,NaN,NaN,NaN,NaN,-1,4,1342.0593,4228.742919,44.33818805,41.43773719,50.45622517,1.097146866,-1,-936.8424341,-1209.148556
2025-10-18T03:00:00+09:00,106398.3,107050,106398.3,106593.9,109847.6886,103639.9714,113123.4975,109358.1467,106743.83,NaN,NaN,NaN,NaN,-1,4,1426.16655,4204.298489,45.77712705,41.94537853,47.97447483,0.933884343,-1,-838.4464649,-1163.769991
2025-10-18T04:00:00+09:00,106593.9,106831.3,106170.4,106404.2,109697.0236,103617.5564,113042.215,109256.21,106657.29,NaN,NaN,NaN,NaN,-1,4,953.67765,4145.409136,44.57362681,41.58846309,45.34133972,0.830740229,-1,-766.933424,-1099.938884
2025-10-18T05:00:00+09:00,106404.2,107122.6,106296.1,106971.4,109462.2598,103676.4002,112959.5725,109157.565,106569.33,NaN,NaN,NaN,NaN,-1,4,806.3901,4079.763765,48.89952376,43.06712225,42.43512051,0.80843571,-1,-656.9179825,-1025.341166
2025-10-18T06:00:00+09:00,106971.4,107382.1,106950.3,107240.9,109224.6822,103760.6878,112883.977,109069.8017,106492.685,107507.6,NaN,NaN,NaN,-1,4,1122.76665,4056.690935,50.86191313,43.7576958,39.29588359,0.671817684,-1,-541.738728,-937.8746158
2025-10-18T07:00:00+09:00,107240.9,107366.8,106743.3,106927.4,108903.1393,103884.3207,112812.364,108981.6217,106393.73,NaN,NaN,NaN,NaN,-1,4,617.52645,3984.668189,48.52732617,43.13636347,36.15416667,0.643560229,-1,-470.3334576,-848.414154
2025-10-18T08:00:00+09:00,106927.4,106931.6,106323.6,106381.3,108438.6904,104076.7396,112738.776,108890.4117,106257.715,NaN,NaN,NaN,NaN,-1,4,680.79855,3953.018912,44.68007473,42.07400083,33.32585262,0.62175227,-1,-452.5927647,-757.4236024
2025-10-18T09:00:00+09:00,106381.3,106793.5,106261.3,106780,108047.5203,104273.8297,112673.862,108808.895,106160.675,NaN,NaN,NaN,NaN,-1,4,867.17985,3935.532956,47.9260378,43.11807759,30.76355864,0.579089809,-1,-401.730481,-677.1583081
2025-10-18T10:00:00+09:00,106780,107247.5,106761.7,107094.2,107765.7175,104432.0825,112604.741,108738.1867,106098.9,NaN,NaN,NaN,NaN,-1,4,807.9078,3876.817669,50.39617883,43.93108746,28.42182781,0.536133671,-1,-332.2386008,-599.7527042
2025-10-18T11:00:00+09:00,107094.2,107243.4,106450,106541.8,107746.9383,104434.3517,112534.446,108663.7683,106090.645,NaN,NaN,NaN,NaN,-1,4,1546.37895,3487.717518,46.24301168,42.83234542,26.28671083,0.6075037,-1,-318.0732975,-531.0005779
2025-10-18T12:00:00+09:00,106541.8,107080.5,106521.4,107020.2,107849.0326,104475.2474,112465.041,108601.4983,106162.14,NaN,NaN,NaN,NaN,-1,4,780.32265,3108.910739,50.07990226,44.06905657,24.42385623,0.577333611,-1,-265.1873955,-467.3051257
2025-10-18T13:00:00+09:00,107020.2,107032,106400,106434.8,107818.8641,104664.5359,112391.9265,108530.35,106241.7,NaN,NaN,NaN,NaN,-1,4,1322.3712,2700.741623,45.77449466,42.90951091,22.79179319,0.584936246,-1,-267.4290689,-411.8046418
2025-10-18T14:00:00+09:00,106434.8,106793.6,106434.7,106764.6,107724.3331,104986.9869,112318.7175,108457.2883,106355.66,NaN,NaN,NaN,NaN,-1,4,640.31565,2547.556164,48.4626567,43.76054697,21.43496664,0.500806274,-1,-239.8289092,-365.4614115
2025-10-18T15:00:00+09:00,106764.6,106903.4,106663.8,106802.6,107612.6122,105307.9578,112244.6265,108380.7283,106460.285,NaN,NaN,NaN,103469.3,-1,4,595.98075,2229.8205,48.77774203,43.85898259,20.14989453,0.408531762,1,-212.4404203,-328.8727106
2025-10-18T16:00:00+09:00,106802.6,107448,106588.4,106651.9,107598.728,105425.872,112170.0235,108304.6933,106512.3,NaN,NaN,NaN,NaN,-1,4,2874.8385,1933.940535,47.53652444,43.55038843,19.01150207,0.54140154,1,-200.5828816,-298.9004244
2025-10-18T17:00:00+09:00,106651.9,106937.5,106572.5,106675,107511.8785,105651.7215,112095.049,108232.0617,106581.8,NaN,NaN,NaN,NaN,-1,4,1529.5383,1889.390985,47.75597982,43.61247044,18.12017993,0.474909791,1,-187.1642072,-269.4083625
2025-10-18T18:00:00+09:00,106675,106893.3,106576.6,106839.9,107492.9281,105777.5019,112021.4205,108166.2083,106635.215,NaN,NaN,NaN,NaN,-1,4,480.42965,1645.480203,49.38367522,44.06078692,17.38970578,0.414926146,1,-161.3636595,-242.7009378
2025-10-18T19:00:00+09:00,106839.9,107090.2,106734.5,106872.2,107226.3463,106219.8937,111950.8075,108103.9517,106723.12,NaN,NaN,NaN,NaN,-1,4,482.4537,1376.228763,49.714158,44.14957708,16.89746066,0.387476306,1,-136.7340148,-220.9782061
2025-10-18T20:00:00+09:00,106872.2,107162.2,106713.2,107150.1,107280.1906,106206.9494,111881.742,108044.6,106743.57,NaN,NaN,NaN,NaN,-1,4,529.9864,1199.674973,52.58272823,44.91747444,16.61025034,0.397327023,1,-93.71040131,-196.0489954
2025-10-18T21:00:00+09:00,107150.1,107234,106890.9,106988,107287.3028,106265.9672,111810.723,107987.98,106776.635,107448,NaN,NaN,NaN,-1,4,569.301,998.8194825,50.76364848,44.55272029,16.54388796,0.372182738,1,-71.86557134,-174.5687927
2025-10-18T22:00:00+09:00,106988,107028.5,106740.4,106821.4,107278.1698,106317.4102,111737.1715,107914.025,106797.79,NaN,NaN,NaN,NaN,-1,4,388.3564,951.1343375,48.89158983,44.17634464,16.61526957,0.338409637,1,-67.22172368,-152.3235321
2025-10-18T23:00:00+09:00,106821.4,107070.1,106661.5,106969.2,107292.9144,106340.1956,111665.479,107839.215,106816.555,NaN,NaN,NaN,NaN,-1,4,679.9848,913.82525,50.63101187,44.60019234,16.65002813,0.352621073,1,-51.02700858,-131.3455431
2025-10-19T00:00:00+09:00,106969.2,107085.4,106760.6,106887.3,107278.4063,106403.0137,111595.445,107766.1483,106840.71,NaN,NaN,NaN,NaN,-1,4,527.0831,892.4955225,49.6231726,44.40945692,16.67014458,0.336551328,1,-44.29067044,-112.6622376
2025-10-19T01:00:00+09:00,106887.3,107018.8,106417.3,106601.1,107267.4741,106376.9159,111520.566,107694.295,106822.195,NaN,NaN,NaN,NaN,-1,4,907.0282,897.5274275,46.16491663,43.74213537,16.63222783,0.413054292,1,-61.33894489,-97.19068908
2025-10-19T02:00:00+09:00,106601.1,106898.2,106509.3,106819.3,107202.9046,106399.3254,111448.4515,107626.555,106801.115,NaN,NaN,NaN,NaN,-1,4,275.4183,855.16001,49.07860247,44.39246463,16.44955007,0.396164625,1,-56.59056794,-82.68250694
2025-10-19T03:00:00+09:00,106819.3,106869.1,106670.5,106788.1,107191.7492,106396.5508,111375.1975,107546.3467,106794.15,NaN,NaN,NaN,NaN,-1,4,168.9634,832.7318575,48.67295425,44.31768526,16.10201784,0.32617884,1,-54.71431173,-70.83257941
2025-10-19T04:00:00+09:00,106788.1,107040.4,106704.9,107012.2,107185.5907,106465.7993,111302.792,107487.6817,106825.695,NaN,NaN,NaN,NaN,-1,4,275.7074,812.4773,51.75728584,44.99704635,15.50814911,0.321502399,1,-34.74386242,-59.50034026
2025-10-19T05:00:00+09:00,107012.2,107287.6,106932,106951.8,107197.593,106470.977,111229.863,107424.105,106834.285,NaN,NaN,NaN,NaN,-1,4,565.0747,797.3720425,50.87001457,44.84650289,14.99696788,0.325284717,1,-23.51979117,-51.70138358
2025-10-19T06:00:00+09:00,106951.8,107165.4,106778.3,107106.1,107199.9235,106469.8365,111157.3835,107357.425,106834.88,NaN,106417.3,NaN,NaN,-1,4,299.6184,771.9575725,53.08275806,45.32355083,14.47950266,0.33701651,1,-2.149139442,-43.95511337
2025-10-19T07:00:00+09:00,107106.1,107222,107000,107050,107210.6473,106509.9327,111090.446,107284.5833,106860.29,NaN,NaN,NaN,NaN,-1,4,188.6976,704.073505,52.16288551,45.17851587,13.9907295,0.293921993,1,10.14352661,-35.35897445
2025-10-19T08:00:00+09:00,107050,107140.9,106946.2,107118,107226.875,106503.485,111031.1765,107213.8383,106865.18,NaN,NaN,NaN,NaN,-1,4,196.9973,674.9072375,53.22105525,45.39473007,13.51905796,0.256410994,1,25.08343846,-26.90225811
2025-10-19T09:00:00+09:00,107118,107200,106692.5,106841,107189.2083,106581.7717,110974.5615,107136.7683,106885.49,NaN,NaN,NaN,NaN,-1,4,598.4585,638.7116025,48.5133707,44.66224349,13.12790954,0.329718821,1,14.40578035,-20.38043024
2025-10-19T10:00:00+09:00,106841,106938.4,106685,106925.4,107192.4981,106594.5619,110921.2255,107072.1067,106893.53,107287.6,NaN,NaN,NaN,-1,4,286.7567,621.033655,49.96561539,44.93859323,12.81614647,0.298634927,1,12.60868889,-12.16402649
2025-10-19T11:00:00+09:00,106925.4,106949.8,106758.8,106806.1,107192.464,106594.946,110869.3565,107011.4167,106893.705,NaN,NaN,NaN,NaN,-1,4,153.1272,598.8909775,47.90858204,44.6170854,12.62554975,0.25892191,1,1.540213374,-5.705050788
2025-10-19T12:00:00+09:00,106806.1,107329.2,106752.2,107203.3,107227.3672,106615.1828,110822.3365,106990.0383,106921.275,NaN,NaN,NaN,NaN,-1,4,720.1942,491.1587625,54.60888476,45.93181815,12.43849297,0.35138495,1,24.53624864,3.100567031
2025-10-19T13:00:00+09:00,107203.3,107221.9,106947,106995.7,107223.0397,106651.5803,110786.346,106953.5817,106937.31,NaN,NaN,NaN,NaN,-1,4,506.0918,439.9864375,50.92218265,45.35732865,12.39794504,0.320353224,1,25.71278626,9.817972441
2025-10-19T14:00:00+09:00,106995.7,107133.5,106773.7,106861,107222.8012,106653.9288,110754.3535,106930.9083,106938.365,NaN,NaN,NaN,NaN,-1,4,305.8573,431.25782,48.62821141,44.98465564,12.25899659,0.326071049,1,15.59625265,14.16419953
2025-10-19T15:00:00+09:00,106861,106870,106522.5,106743.5,107227.6616,106636.1984,110720.02,106899.975,106931.93,NaN,NaN,NaN,NaN,-1,4,528.7003,433.57015,46.65386419,44.65791434,12.24002809,0.32613557,1,-1.880760902,14.19401937
2025-10-19T16:00:00+09:00,106743.5,106881.8,106666,106749.8,107199.9592,106623.8708,110690.224,106876.6917,106911.915,NaN,NaN,NaN,NaN,-1,4,267.8162,420.46164,46.77863375,44.67990712,12.25241785,0.284795864,1,-15.04958051,11.39478525
2025-10-19T17:00:00+09:00,106749.8,107171.3,106228.7,106407.1,107242.5988,106523.1412,110660.1105,106853.4883,106882.87,107329.2,NaN,NaN,NaN,-1,5,2560.6767,520.030425,41.14166352,43.71522192,12.58010086,0.485756442,1,-52.53341831,2.770690049
2025-10-19T18:00:00+09:00,106407.1,108169.8,106063.2,107350,107321.0002,106497.5998,110641.674,106836.21,106909.3,NaN,NaN,NaN,NaN,1,1,5515.3943,776.38232,56.62787336,46.93333656,12.9744452,0.975115257,1,-6.085332057,0.493899782
2025-10-19T19:00:00+09:00,107350,107824.2,106938.1,107824.2,107525.5285,106378.5715,110615.032,106837.4783,106952.05,NaN,NaN,NaN,NaN,1,1,1569.1044,820.8383,62.03755742,48.44661381,13.3488853,0.921151423,1,68.20288746,6.671032956
2025-10-19T20:00:00+09:00,107824.2,108187,107580,107728.8,107658.6744,106329.5756,110592.3205,106830.7083,106994.125,NaN,NaN,NaN,NaN,1,1,1890.5241,889.01035,60.40523015,48.16453804,13.86638534,0.802462079,1,118.0184112,19.61305493
2025-10-19T21:00:00+09:00,107728.8,107807.9,107387.7,107602.4,107733.1791,106355.2009,110565.8755,106811.905,107044.19,NaN,NaN,NaN,NaN,1,1,593.2424,873.32106,58.21946189,47.78820132,14.56207021,0.66577373,1,145.6195376,33.0667537
2025-10-19T22:00:00+09:00,107602.4,108172.5,107317.3,108037.8,107909.5997,106300.6303,110544.371,106799.6383,107105.115,NaN,NaN,NaN,NaN,1,1,892.3938,904.169835,63.16402351,49.18438504,15.4172735,0.705918677,-1,200.3176333,52.46729226
2025-10-19T23:00:00+09:00,108037.8,108465.9,107826.6,108355.8,108140.2453,106226.7547,110526.143,106790.46,107183.5,NaN,106063.2,NaN,NaN,1,1,1334.1175,962.42754,66.30088696,50.17770953,16.53350347,0.665898216,-1,266.2569661,80.31848265
2025-10-20T00:00:00+09:00,108355.8,108566,108269,108429.3,108349.7155,106158.9945,110516.623,106779.255,107254.355,NaN,NaN,NaN,NaN,1,1,1067.2951,1002.006925,67.00037033,50.40644539,17.62719604,0.534934954,-1,320.7478169,116.1661024
2025-10-20T01:00:00+09:00,108429.3,108918.5,108179.6,108569,108560.3728,106110.0572,110503.1475,106776.725,107335.215,NaN,NaN,NaN,NaN,1,1,1185.1369,1033.010035,68.34527416,50.84431842,19.03994949,0.583024759,-1,370.9289928,159.0526105
2025-10-20T02:00:00+09:00,108569,109374.8,108557.9,109043.3,108859.1337,106005.0163,110490.5035,106788.6183,107432.075,NaN,NaN,NaN,NaN,1,1,2069.802,1121.519215,72.45050193,52.30386419,20.85201,0.636709852,-1,443.8535152,214.2067143
2025-10-20T03:00:00+09:00,109043.3,109385.8,108962.4,109308.2,109176.0198,105913.9502,110476.8135,106831.9733,107544.985,NaN,NaN,NaN,NaN,1,1,790.7902,1151.623845,74.44395435,53.09786381,22.86834187,0.552559603,-1,517.0615768,272.3341486
2025-10-20T04:00:00+09:00,109308.2,109308.3,108727.4,108845.9,109343.8142,105918.9458,110459.922,106886.2333,107631.38,NaN,NaN,NaN,NaN,1,1,704.1354,1176.98075,65.53201317,51.56847412,25.00937909,0.547834419,-1,531.6472481,323.8279664
2025-10-20T05:00:00+09:00,108845.9,108930.8,108738.6,108779.8,109470.0648,105986.5752,110442.2555,106951.8367,107728.32,NaN,NaN,NaN,NaN,1,1,227.2399,1158.41982,64.34590033,51.35258249,27.11052186,0.424340612,-1,531.7431758,369.7973847
2025-10-20T06:00:00+09:00,108779.8,108807.9,108541.9,108672.2,109562.7741,106068.5459,110424.622,107021.6167,107815.66,NaN,NaN,NaN,NaN,1,1,469.6447,1167.56422,62.36700474,50.99779477,28.9025374,0.364764781,-1,517.1751057,411.0813368
2025-10-20T07:00:00+09:00,108672.2,109311.6,108672.2,109079.5,109694.6459,106164.0141,110410.467,107094.44,107929.33,NaN,NaN,NaN,NaN,1,1,850.6372,1202.43972,66.55940567,52.27199178,30.56600428,0.437661163,-1,532.3588103,447.9748009
2025-10-20T08:00:00+09:00,109079.5,109079.6,108420,108595.3,109753.9921,106243.8679,110394.7855,107144.1683,107998.93,109385.8,NaN,NaN,NaN,1,1,747.126,1203.78631,58.25142235,50.67294089,31.81304335,0.495539315,-1,499.5624671,473.8976343
2025-10-20T09:00:00+09:00,108595.3,108595.3,107376.5,108012.6,109743.4826,106356.0674,110375.8485,107189.6283,108049.775,NaN,NaN,NaN,NaN,1,1,2255.8965,1291.276545,50.14034707,48.83757604,32.33604405,0.708270705,-1,421.6911159,485.1135564
2025-10-20T10:00:00+09:00,108012.6,108242.8,107850.1,108002.8,109711.0509,106502.6791,110356.1525,107226.815,108106.865,NaN,NaN,NaN,NaN,1,1,766.1671,1314.292035,50.01421339,48.80722551,32.19840843,0.593423877,-1,355.0934349,483.35405
2025-10-20T11:00:00+09:00,108002.8,108925,107794.5,108714.1,109700.9129,106709.8771,110340.1935,107286.815,108205.395,NaN,NaN,NaN,NaN,1,1,1534.394,1364.57672,58.22795283,51.06069456,31.65365006,0.739655299,-1,355.6109961,473.5493256
2025-10-20T12:00:00+09:00,108714.1,110397.7,108504,110089.6,109925.2293,106819.5407,110335.0775,107342.6233,108372.385,NaN,NaN,NaN,NaN,1,2,2581.0671,1480.239265,68.87805166,54.97337976,31.11947656,1.060323955,-1,461.6904415,467.3969773
2025-10-20T13:00:00+09:00,110089.6,110475,109868.3,110369,110080.1767,107060.7833,110336.0105,107409.995,108570.48,NaN,NaN,NaN,NaN,1,2,1958.3657,1450.123715,70.52210118,55.70766756,30.77910282,0.888326977,-1,561.8280077,470.750395
2025-10-20T14:00:00+09:00,110369,111050,110232.1,110954.9,110479.4264,107022.0236,110336.5875,107485.9383,108750.725,NaN,107376.5,NaN,106063.2,1,2,1669.1883,1257.813415,73.66391929,57.20175115,30.53162272,0.834806215,-1,680.619229,487.2921787
2025-10-20T15:00:00+09:00,110954.9,111296,110928,111210.5,110897.9549,106942.1251,110337.776,107562.8817,108920.04,NaN,NaN,NaN,NaN,1,2,1449.8473,1251.85056,74.91977014,57.835167,30.60112588,0.665559697,-1,786.3226732,517.197464
2025-10-20T16:00:00+09:00,111210.5,111354.9,110985.5,111111,111204.3344,106973.9656,110340.4565,107641.3283,109089.15,NaN,NaN,NaN,NaN,1,2,1361.5061,1225.39966,73.45140541,57.49700467,31.20473754,0.554923915,-1,852.2404979,552.7398737
2025-10-20T17:00:00+09:00,111111,111600,110875,111022.4,111419.42,107100.88,110347.703,107708.845,109260.15,NaN,NaN,NaN,NaN,1,2,1429.9585,1267.235465,72.09638352,57.19302692,32.33514877,0.587918301,-1,887.1055686,595.8002183
2025-10-20T18:00:00+09:00,111022.4,111139,110645.8,110919.1,111602.1739,107206.2561,110352.7795,107770.1483,109404.215,NaN,NaN,NaN,NaN,1,2,1174.9459,1281.36307,70.46421094,56.8353945,33.81662723,0.540526689,-1,896.0715862,648.5091595
2025-10-20T19:00:00+09:00,110919.1,111060.2,110612.4,110694.4,111732.3468,107309.9432,110356.072,107832.9317,109521.145,NaN,NaN,NaN,NaN,1,2,701.0777,1249.71108,66.91553,56.05703271,35.21647039,0.495928333,-1,874.9598155,706.2720906
2025-10-20T20:00:00+09:00,110694.4,110990.6,110570,110982.2,111887.7075,107409.8725,110357.9205,107909.6133,109648.79,NaN,NaN,NaN,NaN,1,2,777.045,1235.198575,69.06448866,56.83004567,36.49988425,0.456088089,-1,871.4066069,763.5827141
2025-10-20T21:00:00+09:00,110982.2,111190.8,110677.2,110794.5,111994.4697,107525.6603,110354.609,107976.5217,109760.065,NaN,NaN,NaN,NaN,1,2,1059.4384,1228.91365,66.0511866,56.17216536,37.62861668,0.459094146,-1,843.718975,806.0303289
2025-10-20T22:00:00+09:00,110794.5,111150,110527.5,111106.6,112145.7446,107580.7154,110352.0165,108043.395,109863.23,111600,NaN,NaN,NaN,1,2,1327.4671,1191.796905,68.51130868,57.01676773,38.47023337,0.491960612,-1,837.308221,836.6392415
2025-10-20T23:00:00+09:00,111106.6,111337.9,110665.3,111149.9,112288.8631,107621.7669,110349.735,108120.1967,109955.315,NaN,NaN,NaN,NaN,1,2,1585.1001,1231.5124,68.84858715,57.13376254,39.0992388,0.529555557,-1,826.1977075,852.814628
2025-10-21T00:00:00+09:00,111149.9,111648.7,110938.5,111072.1,112390.2361,107743.0139,110347.8995,108187.7283,110066.625,NaN,NaN,NaN,NaN,1,2,1942.7747,1293.444365,67.45062198,56.84994181,39.58111675,0.566419153,-1,801.871263,854.5422491
2025-10-21T01:00:00+09:00,111072.1,111260.5,110057.6,110640.1,112417.7703,107901.5097,110345.0015,108257.8167,110159.64,NaN,NaN,NaN,NaN,1,2,3793.572,1471.76097,60.14751233,55.29297192,39.53784286,0.741493454,-1,739.2124102,841.9835727
2025-10-21T02:00:00+09:00,110640.1,111050,109800.7,110238.2,112390.4658,108085.4142,110337.452,108315.71,110237.94,NaN,NaN,NaN,NaN,1,2,2203.7179,1558.46463,54.26136021,53.89126358,38.92301543,0.873888905,-1,649.6362446,815.5980922
2025-10-21T03:00:00+09:00,110238.2,110916.7,110160,110882.4,112429.4018,108226.7682,110334.0025,108383.7067,110328.085,NaN,NaN,NaN,NaN,1,2,778.5123,1554.858385,60.87128861,55.72770597,37.81622,0.806686122,-1,623.4413998,785.3058493
2025-10-21T04:00:00+09:00,110882.4,111018.7,110472.1,110738.8,112385.3407,108485.1793,110328.859,108451.8217,110435.26,NaN,NaN,NaN,NaN,1,2,553.1588,1545.160025,58.83033454,55.22716983,36.25790146,0.703019437,-1,584.3583572,753.0167984
2025-10-21T05:00:00+09:00,110738.8,111200,110587.3,111025.8,112200.8232,108971.0168,110325.4735,108524.335,110585.92,111648.7,NaN,NaN,NaN,1,2,715.5775,1468.144075,61.60140881,56.03287225,34.48302974,0.651419333,-1,569.9729723,719.5241723
2025-10-21T06:00:00+09:00,111025.8,111186.4,110390.3,110502.4,111811.9566,109609.8434,110321.8315,108585.3767,110710.9,NaN,NaN,NaN,NaN,1,2,763.5809,1468.014765,54.4089457,54.2165267,32.34127604,0.676482155,1,510.4542465,682.494758
2025-10-21T07:00:00+09:00,110502.4,110800,110348.8,110735,111423.6306,110200.2594,110314.3555,108649.7567,110811.945,NaN,109800.7,NaN,NaN,1,2,381.0157,1410.34585,56.8217006,54.88004827,29.7548704,0.585860548,1,476.5606095,642.4116901
2025-10-21T08:00:00+09:00,110735,110772.4,110466,110479,111370.3556,110292.4744,110301.2685,108705.2383,110831.415,NaN,NaN,NaN,NaN,1,2,328.8022,1297.732605,53.46786803,54.00076,27.28991493,0.483924654,1,424.1532232,597.7400807
2025-10-21T09:00:00+09:00,110479,110485.6,110111.7,110401.7,111366.5402,110299.5598,110283.4585,108762.1333,110833.05,NaN,NaN,NaN,NaN,1,2,539.0953,1226.769085,52.46096503,53.73537799,25.24675021,0.435733096,1,372.0932684,549.9869702
2025-10-21T10:00:00+09:00,110401.7,110444.2,109502.8,109806.1,111467.9756,110083.2444,110263.981,108811.8783,110775.61,NaN,NaN,NaN,NaN,1,2,1644.3354,1225.52644,45.37115661,51.73555855,23.84189598,0.577840846,1,279.5529246,498.913694
2025-10-21T11:00:00+09:00,109806.1,109867.5,109263,109469.6,111555.9573,109821.1727,110242.464,108853.5517,110688.565,NaN,NaN,NaN,NaN,-1,1,1492.656,1227.666875,41.9238901,50.64842808,23.04582634,0.570480753,1,177.0207132,446.4008572
2025-10-21T12:00:00+09:00,109469.6,109573.9,109020,109020,111692.9686,109475.0614,110216.3045,108889.0967,110584.015,NaN,NaN,NaN,NaN,-1,1,860.0861,1202.595875,37.79223977,49.23724819,22.78818295,0.551246253,-1,58.80635135,383.6636296
2025-10-21T13:00:00+09:00,109020,109020.1,107604.8,107750,112060.695,108780.095,110180.851,108908.245,110420.395,NaN,NaN,NaN,NaN,-1,1,4304.9445,1346.345175,29.07554326,45.57556529,23.39397816,0.809663521,-1,-135.7924376,303.6468746
2025-10-21T14:00:00+09:00,107750,107944.2,107403.4,107503.4,112305.3202,108193.8998,110144.3195,108919.6467,110249.61,NaN,NaN,NaN,NaN,-1,1,3001.0178,1437.64877,27.73773368,44.91348914,24.83273687,0.708698481,-1,-306.3801789,206.2743022
2025-10-21T15:00:00+09:00,107503.4,108176,107461.3,107882.6,112395.4718,107822.5682,110108.0545,108937.8883,110109.02,NaN,NaN,NaN,NaN,-1,1,1455.2214,1475.355955,32.85392783,46.14166043,26.88111609,0.691631435,-1,-406.2904585,104.4137795
2025-10-21T16:00:00+09:00,107882.6,108146.5,107609.1,108026.4,112381.0372,107541.4228,110073.817,108954.7917,109961.23,NaN,NaN,NaN,NaN,-1,1,1024.5948,1487.733445,34.740842,46.60253182,29.28654793,0.626297507,-1,-468.4664273,-0.589224621
2025-10-21T17:00:00+09:00,108026.4,108050.9,107426.2,107652,112389.5169,107218.6931,110036.1715,108966.4617,109804.105,NaN,NaN,NaN,NaN,-1,1,1405.6309,1505.04307,32.20340665,45.56619403,31.79579451,0.612415716,-1,-541.7078112,-107.9071173
2025-10-21T18:00:00+09:00,107652,107824,107487.7,107707.9,112300.3207,106968.0193,109996.695,108976.4917,109634.17,NaN,NaN,NaN,NaN,-1,1,686.3379,1472.98661,32.99036644,45.75006866,34.32170981,0.512143038,-1,-588.4580941,-214.6350465
2025-10-21T19:00:00+09:00,107707.9,108767.9,107516.2,108446.1,112117.7715,106880.1885,109962.743,108999.76,109498.98,NaN,107403.4,NaN,NaN,-1,1,2187.4349,1503.10335,42.48489681,48.11288375,36.20531846,0.723842542,-1,-559.4919842,-307.8622586
2025-10-21T20:00:00+09:00,108446.1,108588,108101.8,108523.9,111918.7941,106824.3459,109931.7015,109023.1917,109371.57,NaN,NaN,111648.7,NaN,-1,1,933.0137,1452.6153,43.39518697,48.35488643,37.24293823,0.631553054,-1,-524.2154937,-385.7773927
2025-10-21T21:00:00+09:00,108523.9,109429.9,108414.9,108729.9,111768.5239,106783.5961,109902.1385,109054.6733,109276.06,NaN,NaN,NaN,NaN,-1,1,2762.4004,1401.05672,45.83947895,48.99785764,37.45314512,0.731406298,-1,-474.1702035,-444.9970099
2025-10-21T22:00:00+09:00,108729.9,108851.1,107850.4,108379.1,111663.7458,106702.4642,109871.249,109078.9017,109183.105,NaN,NaN,NaN,NaN,-1,1,3775.7681,1479.65923,42.47577273,47.95988097,36.95810455,0.796960138,-1,-457.5413271,-480.7468865
2025-10-21T23:00:00+09:00,108379.1,112266.6,108350,112120,111944.2093,106545.7607,109856.0665,109167.4667,109244.985,NaN,NaN,NaN,NaN,1,1,8692.564,1875.361815,68.7828577,57.71200024,36.38551912,1.677986814,-1,-140.8794858,-462.3579206
2025-10-22T00:00:00+09:00,112120,113464.6,111656.8,113348.5,112559.6774,106191.2626,109846.059,109269.8867,109375.47,NaN,NaN,NaN,NaN,1,1,7287.766,2212.092175,73.12887567,60.21160341,35.81898844,1.638168314,-1,206.8228627,-394.2342182
2025-10-22T01:00:00+09:00,113348.5,113935.7,112400,112502.1,112844.5505,106054.0195,109832.657,109361.66,109449.285,NaN,NaN,NaN,NaN,1,1,5444.1334,2448.51997,66.28218985,57.80834859,35.29569419,1.555342351,-1,409.3631886,-296.6975942
2025-10-22T02:00:00+09:00,112502.1,112950,111733.2,111972.4,113066.4597,105979.1103,109817.2495,109446.85,109522.785,NaN,NaN,NaN,NaN,1,1,4217.1164,2621.196745,62.34801945,56.37092763,35.20065468,1.404032188,-1,521.1282509,-178.6046985
2025-10-22T03:00:00+09:00,111972.4,112261,111280.4,111940.1,113246.0847,105919.9953,109803.1655,109533.46,109583.04,NaN,NaN,NaN,NaN,1,1,1934.6174,2698.87683,62.10594624,56.28381035,35.36968572,1.228292952,-1,600.178049,-46.5340159
2025-10-22T04:00:00+09:00,111940.1,112157.4,111508.8,111732.2,113409.3977,105882.0023,109791.167,109616.5,109645.7,NaN,NaN,NaN,NaN,1,1,1042.9065,2734.582045,60.47829898,55.71802509,35.81281459,1.013884006,-1,638.6874002,86.59702681
2025-10-22T05:00:00+09:00,111732.2,111750.2,110508,110737,113442.4354,105882.4946,109773.004,109688.665,109662.465,NaN,NaN,NaN,NaN,1,1,2686.1906,2841.93681,53.27997075,53.10917903,36.33608745,1.055916213,-1,582.1908816,209.5310685
2025-10-22T06:00:00+09:00,110737,111076.1,110063.3,110764,113520.5503,105900.1697,109750.308,109745.565,109710.36,113935.7,NaN,NaN,NaN,1,1,1679.1765,2843.678865,53.44187775,53.16990662,36.26398929,1.008564719,-1,533.4464197,321.4884711
2025-10-22T07:00:00+09:00,110764,110764,108188,109000.1,113508.4876,105865.2824,109725.458,109765.1633,109686.885,NaN,NaN,NaN,NaN,1,1,7038.1136,3120.951745,42.96615726,48.94272104,35.73250858,1.471024109,-1,348.4671812,411.044972
2025-10-22T08:00:00+09:00,109000.1,109370.2,107983.3,108252,113511.3311,105785.6389,109695.39,109773.8833,109648.485,NaN,NaN,NaN,NaN,1,1,2556.4896,3205.77192,39.43546745,47.3141127,34.77591934,1.414519054,-1,139.8917986,442.2417814
2025-10-22T09:00:00+09:00,108252,108582,107778.4,107936.9,113503.1241,105812.5359,109662.089,109779.4583,109657.83,NaN,NaN,NaN,NaN,1,1,1896.7728,3085.363335,38.01836919,46.64670213,33.66105558,1.193935325,-1,-50.25235363,413.6778684
2025-10-22T10:00:00+09:00,107936.9,108427.1,107936.8,108323.5,113468.0968,105929.5732,109628.819,109784.22,109698.835,NaN,NaN,NaN,107403.4,1,1,1144.5775,2992.54132,40.82786471,47.57294763,32.52755784,0.943991395,-1,-167.8131298,349.5471664
2025-10-22T11:00:00+09:00,108323.5,108640.6,108160.2,108160.2,113457.0843,105968.3457,109594.138,109780.96,109712.715,NaN,NaN,NaN,NaN,1,1,742.6789,2956.914195,40.0030294,47.21946742,31.3135645,0.778329748,-1,-271.0335313,261.5291906
2025-10-22T12:00:00+09:00,108160.2,108183,107810,108177.6,113451.5827,105988.9673,109556.4455,109776.765,109720.275,NaN,NaN,NaN,NaN,1,1,1349.9113,2973.18002,40.14179506,47.2620906,30.36472908,0.633737491,-1,-347.4274809,156.2396873
2025-10-22T13:00:00+09:00,108177.6,108590.8,108116,108573.1,113416.2372,106116.4228,109521.1005,109776.8333,109766.33,NaN,NaN,NaN,NaN,1,1,942.9775,2950.04735,43.34910821,48.23211924,29.63234343,0.566722333,-1,-371.7711453,43.96651557
2025-10-22T14:00:00+09:00,108573.1,108597.8,107848.7,108132.2,113394.0213,106181.0687,109483.582,109761.6483,109787.545,NaN,107778.4,NaN,NaN,1,1,1333.6762,2982.414265,40.72911059,47.24322547,28.96383876,0.610276437,-1,-421.7786185,-67.58565111
2025-10-22T15:00:00+09:00,108132.2,108298.1,107906,107959.3,113411.8901,106114.5199,109446.232,109739.1667,109763.205,NaN,NaN,NaN,NaN,1,1,1035.6817,2924.826605,39.71538802,46.85862257,28.32316361,0.528566683,-1,-469.9442615,-179.0735046
2025-10-22T16:00:00+09:00,107959.3,108292.3,107574.6,108292.3,113417.3996,106085.8504,109412.0695,109729.94,109751.625,NaN,NaN,NaN,NaN,1,1,2218.0146,2989.07665,42.67472396,47.69579269,27.75579118,0.572208668,-1,-475.7612837,-270.6544451
2025-10-22T17:00:00+09:00,108292.3,108328.9,108050.1,108185.6,113428.0087,106020.8113,109378.4555,109720.0367,109724.41,NaN,NaN,NaN,NaN,1,1,730.0433,2887.458795,41.96388961,47.45127862,27.23967965,0.467750438,-1,-483.4086795,-339.9100538
2025-10-22T18:00:00+09:00,108185.6,108240,107719.9,107910.6,113444.0396,105957.9304,109346.929,109707.3433,109700.985,NaN,NaN,NaN,NaN,1,1,947.4701,2746.043895,40.10951264,46.81977445,26.9169179,0.473285984,-1,-505.8286201,-390.529639
2025-10-22T19:00:00+09:00,107910.6,108064,107589.7,107612.9,113151.0907,105800.1693,109317.0545,109682.9,109475.63,NaN,NaN,NaN,NaN,-1,1,934.7465,2358.15302,38.14441526,46.14116817,26.73341683,0.463312326,-1,-541.3778201,-432.0368268
2025-10-22T20:00:00+09:00,107612.9,108180.8,106674.9,107510.2,112491.42,105876.01,109287.376,109664.815,109183.715,NaN,NaN,NaN,NaN,-1,1,8249.6705,2406.248245,37.46253187,45.90684649,26.99412939,0.776071375,-1,-571.2528021,-465.3945235
2025-10-22T21:00:00+09:00,107510.2,108338,107401.4,107988.2,111927.9821,105988.0579,109262.213,109664.4083,108958.02,NaN,NaN,113935.7,NaN,-1,1,1595.2696,2213.805055,42.60525795,47.18129968,27.52106482,0.804196438,-1,-550.0180696,-487.9045889
2025-10-22T22:00:00+09:00,107988.2,108965.3,107556.5,108716.8,111423.7425,106166.7375,109243.5385,109676.3083,108795.24,NaN,NaN,NaN,NaN,-1,1,4340.8919,2219.99383,49.43146453,49.04917931,28.00855517,0.964485868,-1,-468.9912213,-498.7068196
2025-10-22T23:00:00+09:00,108716.8,108982.1,107432.8,108913.5,110844.4078,106443.4122,109228.363,109679.6317,108643.91,NaN,NaN,NaN,NaN,-1,1,8395.5098,2543.03845,51.12161001,49.54095856,28.41359467,1.115997663,-1,-384.4728505,-494.5617343
2025-10-23T00:00:00+09:00,108913.5,109139,107700,108364.9,110159.8448,106791.2452,109211.806,109650.8867,108475.545,NaN,NaN,NaN,NaN,-1,1,4389.8473,2710.38549,46.45782315,48.21595786,28.68938062,1.190405205,-1,-357.6362596,-482.0830674
2025-10-23T01:00:00+09:00,108364.9,108769.9,107811,108178,109676.5991,107018.5909,109193.8475,109614.37,108347.595,NaN,106674.9,NaN,NaN,-1,1,3909.606,2771.55626,44.95318248,47.77160308,28.76447,1.090444397,1,-347.4442155,-467.8256154
2025-10-23T02:00:00+09:00,108178,108293.9,107516.7,107730.7,108959.1811,107432.6789,109176.243,109560.6333,108195.93,NaN,NaN,NaN,NaN,-1,1,1709.8222,2773.088545,41.48988018,46.71968149,28.72203944,0.970457471,1,-371.1815687,-455.3559364
2025-10-23T03:00:00+09:00,107730.7,108167.8,107410,107983.9,108817.3395,107472.9005,109163.2425,109506.8567,108145.12,NaN,NaN,NaN,NaN,-1,1,1241.3028,2483.248005,44.11457031,47.38911707,28.41866416,0.879378393,1,-365.3509301,-439.7473042
2025-10-23T04:00:00+09:00,107983.9,108375,107660.2,107828.2,108807.9519,107439.9081,109146.1675,109452.1433,108123.93,NaN,NaN,NaN,NaN,-1,1,1861.0874,2448.477895,42.84187309,47.01827548,27.83751746,0.808067577,1,-369.0397355,-420.5986281
2025-10-23T05:00:00+09:00,107828.2,108034.3,107469.3,107650.6,108820.163,107399.067,109130.71,109395.9467,108109.615,109139,NaN,NaN,NaN,-1,1,1029.8126,2405.129885,41.37556245,46.59370844,27.35656073,0.714549182,1,-381.8917654,-399.5585129
2025-10-23T06:00:00+09:00,107650.6,107701.5,106621.5,107153.6,108866.4944,107235.7456,109111.6935,109333.1883,108051.12,NaN,NaN,NaN,NaN,-1,1,4944.663,2595.13416,37.50685173,45.42201433,27.17912086,0.814541917,1,-427.2557004,-385.9182497
2025-10-23T07:00:00+09:00,107153.6,107637,106868.6,107141.2,108904.4172,107095.9228,109090.5595,109273.9683,108000.17,NaN,NaN,NaN,NaN,-1,1,1484.1033,2632.20538,37.41285922,45.39294095,27.34728158,0.782152268,1,-458.9174079,-384.7989371
2025-10-23T08:00:00+09:00,107141.2,107900,107112.4,107537.6,108890.1597,107046.1803,109064.1,109216.5583,107968.17,NaN,NaN,NaN,NaN,-1,1,1273.8819,2628.40391,42.38364491,46.5102326,27.66615351,0.763644422,1,-446.8721086,-391.732188
2025-10-23T09:00:00+09:00,107537.6,107950,107469.8,107820.2,108811.1993,107049.8507,109041.918,109166.9867,107930.525,NaN,NaN,NaN,NaN,-1,1,470.1263,2604.76135,45.69497978,47.29503914,27.99405801,0.656218954,1,-409.7987588,-397.5280212
2025-10-23T10:00:00+09:00,107820.2,108450,107779.1,108102.1,108808.4126,107049.6274,109019.0625,109116.9117,107929.02,NaN,NaN,NaN,NaN,-1,1,2596.8266,2667.91887,48.8527958,48.07089404,28.01519607,0.64321081,1,-353.5948665,-398.2114269
2025-10-23T11:00:00+09:00,108102.1,108356.7,108006.7,108356.7,108847.862,107049.918,108997.0265,109070.3583,107948.89,NaN,106621.5,NaN,NaN,-1,1,407.5427,2636.51192,51.59073225,48.76624391,27.87600405,0.535468745,1,-285.2209352,-388.6602454
2025-10-23T12:00:00+09:00,108356.7,108647.4,108257.4,108303.1,108849.2391,107049.6209,108975.844,109024.2083,107949.43,NaN,NaN,NaN,NaN,-1,1,814.23,2566.32269,50.97211054,48.62630933,27.48785396,0.477189334,1,-232.6770183,-373.9186996
2025-10-23T13:00:00+09:00,108303.1,108868.4,108283.1,108578,108904.9888,107033.1112,108954.029,108989.84,107969.05,NaN,NaN,NaN,NaN,-1,1,610.2836,2560.334705,54.01748576,49.3866973,26.73126318,0.497007277,1,-166.9291972,-351.4619732
2025-10-23T14:00:00+09:00,108578,108923.9,108564.1,108882,109033.7683,107001.4717,108933.0585,108967.2367,108017.62,NaN,NaN,NaN,NaN,-1,1,661.5318,2546.03779,57.18471826,50.2184921,25.66556015,0.44056291,1,-89.26433225,-318.9478139
2025-10-23T15:00:00+09:00,108882,110251.4,108782.8,110180.9,109513.4291,106778.6109,108918.162,108955.545,108146.02,NaN,NaN,NaN,NaN,1,1,3357.0239,2667.15166,67.4887595,53.54823516,24.90060295,0.734545768,-1,76.21742044,-263.006356
2025-10-23T16:00:00+09:00,110180.9,110211.7,109144,109219.3,109642.1947,106820.7553,108899.3695,108930.22,108231.475,NaN,NaN,NaN,NaN,1,1,1924.6656,2350.901415,56.62415467,50.97164748,24.43998212,0.819866781,-1,128.2909598,-197.7609819
2025-10-23T17:00:00+09:00,109219.3,109866.7,109200,109467.2,109809.3606,106801.4894,108882.028,108904.2433,108305.425,NaN,NaN,NaN,NaN,1,1,1166.0547,2329.44067,58.47985607,51.58473014,24.53674684,0.748353698,-1,187.4028101,-127.2859909
2025-10-23T18:00:00+09:00,109467.2,109498.4,109083,109392.5,109907.5713,106770.8487,108865.5905,108885.745,108339.21,NaN,NaN,NaN,NaN,1,1,966.4442,2160.718285,57.67908702,51.38706755,25.05726883,0.62582099,-1,225.6208945,-56.68380719
2025-10-23T19:00:00+09:00,109392.5,109673.9,109325.1,109386.1,109978.6239,106747.0561,108848.7275,108863.2633,108362.84,NaN,NaN,NaN,NaN,1,1,629.6118,1772.423385,57.60630651,51.3698518,26.04745247,0.523528569,-1,252.4821185,10.65808003
2025-10-23T20:00:00+09:00,109386.1,109612.1,109054,109213,110062.99,106747.5,108834.9015,108842.1633,108405.245,110251.4,NaN,NaN,NaN,1,1,861.24,1595.99302,55.5641313,50.89903334,27.166196,0.51991215,-1,256.8414009,70.88722849
2025-10-23T21:00:00+09:00,109213,109213,108624.8,109127.6,110135.9161,106769.5339,108819.009,108820.9283,108452.725,NaN,NaN,NaN,NaN,1,1,1686.4358,1484.83451,54.53692169,50.66516561,28.11612889,0.526546695,-1,250.5172899,124.575485
2025-10-23T22:00:00+09:00,109127.6,109585.3,108758,109449.9,110241.0902,106836.2798,108804.355,108814.9917,108538.685,NaN,NaN,NaN,NaN,1,1,1569.5926,1477.82303,57.71413847,51.52329179,28.64715893,0.601954423,-1,268.4181456,172.9474119
2025-10-23T23:00:00+09:00,109449.9,109778.3,108666.7,109541,110352.4281,106880.6519,108790.0195,108816.1817,108616.54,NaN,NaN,NaN,NaN,1,1,2216.7178,1526.59378,58.59495216,51.76537757,28.86865437,0.739229155,-1,286.6513727,214.7158236
2025-10-24T00:00:00+09:00,109541,110050,109423.3,109840.7,110491.4884,106942.8416,108776.621,108829.86,108717.165,NaN,NaN,NaN,NaN,1,1,1486.9565,1507.887235,61.4405453,52.56097815,28.9023253,0.681659293,-1,321.5776746,241.9780741
2025-10-24T01:00:00+09:00,109840.7,110525.1,109575,110185.3,110657.0598,107030.7402,108763.097,108870.4483,108843.9,NaN,NaN,NaN,NaN,1,1,1741.0323,1543.44822,64.46462755,53.46198365,28.98591388,0.740443199,-1,372.7663422,269.1420054
2025-10-24T02:00:00+09:00,110185.3,111230,109563.3,111171.6,110952.238,107137.362,108756.4215,108931.585,109044.8,NaN,108624.8,NaN,106621.5,1,2,3328.8477,1462.657455,71.38250385,55.90875126,29.21326996,0.988987331,-1,487.3025764,302.4642017
2025-10-24T03:00:00+09:00,111171.6,111222.2,110196.2,110512.5,111010.7946,107415.9354,108747.893,108975.4167,109213.365,NaN,NaN,NaN,NaN,1,2,1957.248,1486.31469,62.61072604,53.97296134,29.76637787,0.972724376,-1,518.9078588,335.0516422
2025-10-24T04:00:00+09:00,110512.5,110567.3,110031.2,110134.4,111007.9401,107678.4699,108739.2955,109010.55,109343.205,NaN,NaN,NaN,NaN,1,2,821.6749,1463.70434,58.19292569,52.90033839,30.76017629,0.812965508,-1,507.5945289,363.3974656
2025-10-24T05:00:00+09:00,110134.4,110136.2,109281.8,109467.6,110936.6639,107914.4861,108728.2785,109040.81,109425.575,NaN,NaN,NaN,NaN,1,2,1919.8594,1536.190995,51.31614789,51.07305285,31.57546194,0.805446655,-1,439.7542331,383.7211136
2025-10-24T06:00:00+09:00,109467.6,109679.3,109325.4,109493.8,110878.8634,108111.4566,108719.064,109070.575,109495.16,NaN,NaN,NaN,NaN,1,2,749.2435,1443.81184,51.55837563,51.14074766,32.1571771,0.644574166,-1,383.6815884,398.5171468
2025-10-24T07:00:00+09:00,109493.8,110128.4,109466.2,109898.9,110862.322,108282.218,108713.524,109094.7883,109572.27,111230,NaN,NaN,NaN,1,2,844.2821,1465.64881,55.26463309,52.18495695,32.59070355,0.628983395,-1,367.693259,409.5477149
2025-10-24T08:00:00+09:00,109898.9,110060.8,109796.5,110029.4,110822.2293,108494.9407,108709.889,109119.88,109658.585,NaN,NaN,NaN,NaN,1,2,413.3157,1445.603095,56.42134099,52.51866506,32.75180266,0.498894436,-1,361.3868099,417.8516524
2025-10-24T09:00:00+09:00,110029.4,110664,109946.3,110452.7,110853.008,108651.632,108708.634,109148.5933,109752.32,NaN,NaN,NaN,NaN,1,2,970.7576,1463.626795,60.03139827,53.59116067,32.69615091,0.547915114,1,386.0950129,425.0202455
2025-10-24T10:00:00+09:00,110452.7,110616,110086.8,110540.7,110910.81,108759.7,108705.596,109184.62,109835.255,NaN,109281.8,NaN,NaN,1,2,867.3794,1473.919175,60.75917382,53.81256479,32.44345293,0.524565182,1,408.0732914,428.9432399
2025-10-24T11:00:00+09:00,110540.7,110780.1,110300,110504.9,110956.6968,108746.2132,108701.1395,109157.7017,109851.455,NaN,NaN,NaN,NaN,1,2,443.7743,1328.256695,60.27830724,53.70615924,32.17338408,0.49464354,-1,417.7864921,421.2192305
2025-10-24T12:00:00+09:00,110504.9,110590.8,110222,110405.1,111001.1022,108820.3878,108697.095,109108.645,109910.745,NaN,NaN,NaN,NaN,1,2,722.4535,1268.14609,58.87933901,53.40564152,32.25631815,0.44140796,-1,412.6741965,409.4154903
2025-10-24T13:00:00+09:00,110405.1,111445.3,110288.7,111111,111180.6362,108805.2338,108697.4855,109085.46,109992.935,NaN,NaN,NaN,NaN,1,2,2713.9597,1345.54134,65.05676124,55.21508581,32.87384893,0.639382779,-1,460.2771079,404.157999
2025-10-24T14:00:00+09:00,111111,111250,110872.9,111181,111342.8528,108821.8672,108699.435,109072.27,110082.36,NaN,NaN,NaN,NaN,1,2,942.4697,1344.342615,65.60850545,55.39045343,33.81965805,0.5390457,-1,497.9115586,410.6199241
2025-10-24T15:00:00+09:00,111181,111426,111050,111391.4,111522.1739,108843.0761,108703.354,109063.125,110182.625,NaN,NaN,NaN,NaN,1,3,709.1945,1348.32175,67.2807887,55.92006941,35.10088075,0.471201188,-1,538.5070792,427.8227564
2025-10-24T16:00:00+09:00,111391.4,111490.4,110695.1,110990.2,111577.3211,108965.6489,108704.749,109050.7583,110271.485,NaN,NaN,NaN,NaN,1,3,1418.353,1376.1774,61.17255963,54.6569378,36.24379849,0.554119553,-1,532.1712952,446.0980937
2025-10-24T17:00:00+09:00,110990.2,111182.5,110639.6,111040.7,111602.1509,109132.1291,108708.0265,109055.82,110367.14,NaN,NaN,NaN,NaN,1,3,1063.0037,1345.005795,61.64458578,54.78816334,37.22216511,0.532218307,-1,525.1712218,464.2963617
2025-10-24T18:00:00+09:00,111040.7,111437.5,110942.8,111277.5,111678.9036,109238.1364,108708.1205,109064.3783,110458.52,NaN,NaN,NaN,NaN,1,3,938.1825,1313.43529,63.86305656,55.40593744,38.08713971,0.502245248,-1,532.5920051,480.5738053
2025-10-24T19:00:00+09:00,111277.5,111277.5,111014,111055.3,111704.3913,109364.0787,108706.108,109098.6317,110534.235,NaN,NaN,NaN,NaN,1,3,788.1406,1242.00643,60.3364744,54.6901178,38.90652938,0.414589822,-1,514.6112284,492.4113539
2025-10-24T20:00:00+09:00,111055.3,111221.7,110530.8,111015.4,111735.5864,109450.3536,108704.8285,109144.6883,110592.97,NaN,NaN,NaN,NaN,1,3,1219.6565,1228.64143,59.69896785,54.56090292,39.12346337,0.483941249,-1,491.4763039,500.5991107
2025-10-24T21:00:00+09:00,111015.4,112105.7,110825,111262.9,111808.9526,109484.7474,108706.5815,109200.1217,110646.85,NaN,NaN,NaN,NaN,1,3,7743.1723,1528.74843,62.35594668,55.23069678,39.09677131,0.705595674,-1,487.4933709,508.9123523
2025-10-24T22:00:00+09:00,111262.9,111409.1,110306.8,110885.1,111775.303,109489.747,108706.5885,109242.815,110632.525,NaN,NaN,NaN,NaN,1,3,2410.2446,1482.818275,56.25870905,53.99055636,38.53639186,0.803363848,-1,448.6794677,507.6237256
2025-10-24T23:00:00+09:00,110885.1,110885.2,109651.7,110181.9,111774.6926,109457.2974,108699.495,109276.51,110615.995,NaN,NaN,NaN,NaN,1,3,3314.9084,1550.701295,47.03904082,51.78135401,37.564884,0.912164827,-1,357.0608316,491.9736449
2025-10-25T00:00:00+09:00,110181.9,110590.9,109842.7,110008.1,111780.1248,109439.2352,108696.875,109307.0183,110609.68,NaN,NaN,NaN,NaN,1,3,1567.1639,1587.975745,45.07297806,51.25223151,36.25844237,0.835781206,-1,267.3463922,461.8446796
2025-10-25T01:00:00+09:00,110008.1,110347.8,109764.2,110231.9,111711.7435,109584.0465,108694.2025,109334.665,110647.895,NaN,NaN,NaN,NaN,1,3,819.6521,1532.96538,48.08217364,51.89834381,34.59686886,0.732532673,-1,211.8636103,426.2549369
2025-10-25T02:00:00+09:00,110231.9,110539.1,110144.2,110180.4,111633.2154,109731.2346,108689.57,109368.8017,110682.225,112105.7,NaN,NaN,NaN,1,3,715.6364,1531.285025,47.43811762,51.73725749,32.55458752,0.608054114,1,161.8715322,385.8883047
2025-10-25T03:00:00+09:00,110180.4,110595.7,110119,110566.1,111598.7093,109832.4607,108685.298,109412.2483,110715.585,NaN,NaN,NaN,NaN,1,3,389.0669,1508.524265,52.56299952,52.85599673,30.54018386,0.547670251,1,151.6273509,343.5588987
2025-10-25T04:00:00+09:00,110566.1,110898,110463.7,110569,111571.4947,109913.6353,108681.3295,109450.1933,110742.565,NaN,109651.7,NaN,NaN,1,3,698.9879,1522.807875,52.60042096,52.86438301,28.38492192,0.496032726,1,142.1046749,302.1692816
2025-10-25T05:00:00+09:00,110569,110972,110421.9,110847.3,111581.4145,109943.1755,108678.24,109494.555,110762.295,NaN,NaN,NaN,NaN,1,3,414.5114,1494.995565,56.17347958,53.67172765,26.40925329,0.495281,1,155.2250323,264.8080292
2025-10-25T06:00:00+09:00,110847.3,111060.2,110588.6,111038.4,111608.0976,109966.2624,108679.4065,109546.685,110787.18,NaN,NaN,NaN,NaN,1,3,818.7226,1492.562725,58.48754806,54.22136337,24.82441481,0.471191718,1,178.9800127,230.5287672
2025-10-25T07:00:00+09:00,111038.4,111080,110870.7,110968,111624.1924,109996.4776,108682.009,109602.6033,110810.335,NaN,NaN,NaN,NaN,1,3,262.979,1483.52296,57.28750785,53.98052109,23.60443191,0.377198078,1,189.9358519,201.7794765
2025-10-25T08:00:00+09:00,110968,111066.2,110819.9,110964.2,111632.7267,110043.8533,108694.4,109660.17,110838.29,NaN,NaN,NaN,NaN,1,3,206.5559,1457.72808,57.21926294,53.96731243,22.64451899,0.325461823,1,196.0518416,183.8895888
2025-10-25T09:00:00+09:00,110964.2,110994.2,110565.5,110711.4,111604.3628,110032.2572,108702.0415,109705.5567,110818.31,NaN,NaN,NaN,NaN,1,3,688.6247,1356.46133,52.71978504,53.08516078,21.79071464,0.346544324,1,178.4429806,174.0114319
2025-10-25T10:00:00+09:00,110711.4,111181.1,110694.4,111015.7,111584.0537,110036.0363,108716.013,109743.8717,110810.045,NaN,NaN,NaN,NaN,1,3,557.7195,1337.22382,57.09351867,54.00893461,21.12272054,0.376531771,1,186.8879701,171.2363608
2025-10-25T11:00:00+09:00,111015.7,111067,110900,110970.1,111520.3099,110057.6501,108727.866,109778.1483,110788.98,NaN,NaN,NaN,NaN,1,3,158.154,1309.671795,56.25372662,53.84674143,20.48578556,0.301287994,1,187.7370306,174.1103051
2025-10-25T12:00:00+09:00,110970.1,111072.3,110936.4,110962.5,111517.4988,110057.6912,108741.9445,109821.4417,110787.595,NaN,NaN,NaN,NaN,1,3,259.1676,1251.712525,56.1056029,53.81924299,19.8483468,0.241697022,1,185.6565278,177.8913247
2025-10-25T13:00:00+09:00,110962.5,111380,110962.4,111156,111532.9266,110053.7934,108758.728,109871.075,110793.36,NaN,NaN,NaN,NaN,1,3,886.9322,1242.90895,59.06129683,54.42417351,19.36624956,0.286080259,1,197.3466577,184.0293228
2025-10-25T14:00:00+09:00,111156,111384.1,111020,111320.7,111540.959,110050.081,108773.398,109930.9083,110795.52,NaN,NaN,NaN,NaN,1,3,526.4693,1222.32329,61.44126146,54.93707189,19.01821483,0.299462348,1,217.3950882,190.9371068
2025-10-25T15:00:00+09:00,111320.7,111438.5,111191.1,111304.4,111578.2693,110037.6807,108791.1795,109986.25,110807.975,NaN,NaN,NaN,NaN,1,3,699.4065,1217.886585,61.06291243,54.87468151,18.86565606,0.273761913,1,229.3248262,196.530975
2025-10-25T16:00:00+09:00,111304.4,111754.5,111304.3,111439.9,111643.3328,110015.0672,108807.704,110046.445,110829.2,NaN,NaN,NaN,NaN,1,3,1324.543,1223.13091,63.09727036,55.30541984,19.25073619,0.316947553,-1,246.8672155,202.856682
2025-10-25T17:00:00+09:00,111439.9,111754.3,111434.3,111725.8,111737.6859,109967.0041,108822.68,110114.365,110852.345,NaN,NaN,112105.7,NaN,1,3,895.8821,880.7664,67.01343176,56.20582768,20.00858517,0.306229499,-1,280.6047887,212.2514539
2025-10-25T18:00:00+09:00,111725.8,111791.5,111439,111466.9,111806.5105,109956.3595,108836.1455,110186.2533,110881.435,NaN,NaN,NaN,NaN,1,3,1234.9444,822.00139,60.72854384,55.17822583,21.12503906,0.310039637,-1,283.1865935,223.8896331
2025-10-25T19:00:00+09:00,111466.9,111666.2,111324.1,111508.1,111852.6475,110042.8425,108849.1535,110259.035,110947.745,NaN,NaN,NaN,NaN,1,3,471.0879,679.810365,61.34975293,55.31095447,22.40671884,0.308881341,-1,285.268787,234.820835
2025-10-25T20:00:00+09:00,111508.1,111620,111423.2,111513,111849.7411,110196.2389,108861.2105,110325.2917,111022.99,NaN,NaN,NaN,NaN,1,3,389.209,620.91262,61.42790089,55.32701553,23.64265938,0.264739067,-1,284.0400921,245.5211752
2025-10-25T21:00:00+09:00,111513,111896.8,111475,111859,111923.8941,110284.7959,108876.9015,110392.605,111104.345,NaN,NaN,NaN,NaN,1,3,879.4723,623.90363,66.56821451,56.45510938,25.00969894,0.301640742,-1,307.4416549,259.052856
2025-10-25T22:00:00+09:00,111859,111875.3,111461.4,111630.1,111908.399,110445.261,108893.4035,110451.405,111176.83,NaN,NaN,NaN,NaN,1,3,760.4924,626.14643,60.79596037,55.50847109,26.44152104,0.325098886,-1,304.0127749,270.9046468
2025-10-25T23:00:00+09:00,111630.1,111720.3,111464.1,111543.9,111917.0825,110534.3575,108917.5885,110504.525,111225.72,NaN,NaN,NaN,NaN,1,3,292.1816,621.302165,58.73063083,55.15294959,27.76048222,0.293461864,-1,290.9854442,279.081353
2025-10-26T00:00:00+09:00,111543.9,111543.9,111255.3,111330.2,111886.7687,110640.7913,108946.288,110554.9767,111263.78,NaN,NaN,NaN,NaN,1,3,498.6432,611.28493,53.84684268,54.27322977,28.65923207,0.282426396,-1,260.4154791,282.53587
2025-10-26T01:00:00+09:00,111330.2,111431,111092.7,111323.4,111880.7696,110694.4004,108978.687,110600.7333,111287.585,NaN,NaN,NaN,NaN,1,3,774.6007,629.289395,53.69383766,54.24512399,28.95720038,0.289592228,-1,232.9545039,280.9900131
2025-10-26T02:00:00+09:00,111323.4,111407.9,111232.6,111323.6,111883.9922,110719.6978,109012.878,110641.4267,111301.845,111896.8,NaN,NaN,NaN,1,3,263.2646,601.516495,53.69800492,54.2458354,28.86610565,0.245550757,-1,208.8006971,273.0117807
2025-10-26T03:00:00+09:00,111323.6,111690.6,111262.1,111670.8,111919.1286,110754.8414,109047.6815,110666.2583,111336.985,NaN,NaN,NaN,NaN,1,3,481.6969,612.45239,60.36625164,55.47273675,28.68843218,0.291097251,-1,215.1941453,265.4570643
2025-10-26T04:00:00+09:00,111670.8,111679.9,111533.3,111584.5,111933.2455,110802.7545,109077.546,110705.6783,111368,NaN,NaN,NaN,NaN,1,3,161.2619,610.18769,58.12549654,55.09785043,28.25697217,0.238008343,-1,210.8665718,257.1901515
2025-10-26T05:00:00+09:00,111584.5,111612.2,111309,111394,111880.4118,110923.8482,109108.091,110737.7917,111402.13,NaN,NaN,NaN,NaN,1,3,222.7147,586.89219,53.41235204,54.27137518,27.33218448,0.249672585,-1,189.8764036,246.7275194
2025-10-26T06:00:00+09:00,111394,111436.8,111293.3,111431.2,111867.1239,110978.6861,109136.389,110771.77,111422.905,NaN,111092.7,NaN,NaN,1,3,229.1208,570.462255,54.19344788,54.40770456,25.94098444,0.209319161,-1,174.2348029,231.9267581
2025-10-26T07:00:00+09:00,111431.2,111644.9,111358.7,111581.1,111850.4385,111056.4715,109168.724,110808.3533,111453.455,NaN,NaN,NaN,NaN,1,3,199.1066,572.509885,57.30017436,54.96005248,24.65295124,0.224856989,1,171.9522405,217.2533654
2025-10-26T08:00:00+09:00,111581.1,111633.6,111479.3,111596.1,111815.9576,111154.3124,109192.999,110848.0717,111485.135,NaN,NaN,NaN,NaN,1,3,184.3514,568.769075,57.60999701,55.01572316,23.6577532,0.195973337,1,169.4009196,203.7439738
2025-10-26T09:00:00+09:00,111596.1,111865,111490.7,111669.9,111814.0862,111207.5738,109219.715,110890.4433,111510.83,NaN,NaN,NaN,NaN,1,3,517.5834,550.301635,59.17933655,55.29326058,23.12485518,0.242290657,1,171.3587062,193.8487768
2025-10-26T10:00:00+09:00,111669.9,111790.9,111471,111594.1,111816.6878,111232.3122,109245.694,110926.18,111524.5,NaN,NaN,NaN,NaN,1,3,317.3332,539.84483,56.85129175,54.93787455,22.71549922,0.257191455,1,164.8930551,186.2863936
2025-10-26T11:00:00+09:00,111594.1,111637.5,111364.7,111406.7,111809.5358,111249.6942,109269.758,110957.275,111529.615,NaN,NaN,NaN,NaN,1,3,305.1004,520.129525,51.46131172,54.06094044,22.26018685,0.253372247,1,142.9989632,178.9750898
2025-10-26T12:00:00+09:00,111406.7,111458,111208.3,111211.1,111828.84,111207.51,109293.7925,110980.115,111518.175,NaN,NaN,NaN,NaN,1,3,378.2813,472.81644,46.5052908,53.15685701,21.84246834,0.244054571,1,108.6124358,167.1326777
2025-10-26T13:00:00+09:00,111211.1,111432.2,111209.2,111381.2,111801.7041,111200.1859,109315.8415,111000.0467,111500.945,NaN,NaN,NaN,NaN,1,3,252.6042,440.652545,50.9309697,53.8421259,21.4768587,0.229192343,1,94.00290649,154.147826
2025-10-26T14:00:00+09:00,111381.2,111599.9,111309.1,111561.6,111807.1271,111204.2329,109337.445,111006.5467,111505.68,111865,NaN,NaN,NaN,1,3,272.0698,392.508815,55.16722027,54.56177929,21.13660008,0.239435542,1,95.87631906,143.7033721
2025-10-26T15:00:00+09:00,111561.6,111629.1,111488.5,111574,111811.893,111206.057,109360.678,111024.2383,111508.975,NaN,NaN,NaN,NaN,1,3,155.038,376.70632,55.45191084,54.61143441,20.84940593,0.201610962,1,97.24065861,135.1484672
2025-10-26T16:00:00+09:00,111574,111677.9,111562.6,111674.4,111828.4429,111205.6471,109387.1435,111049.905,111517.045,NaN,NaN,NaN,NaN,1,3,258.6486,370.1783,57.78912485,55.01773819,20.46586948,0.168701997,1,105.2105468,127.7327234
2025-10-26T17:00:00+09:00,111674.4,111795.4,111674.3,111719.3,111795.6615,111224.4585,109411.84,111087.4333,111510.06,NaN,111208.3,111896.8,NaN,1,3,451.1898,348.764175,58.82941328,55.20081864,20.14005054,0.14855502,1,113.8375469,121.5590154
2025-10-26T18:00:00+09:00,111719.3,112750,111651.4,112474.4,112059.7671,111044.7829,109438.741,111137.11,111552.275,NaN,NaN,NaN,NaN,1,4,3128.1489,467.147,71.53477118,58.12666296,20.47401383,0.423956994,-1,179.5351961,122.4675142
2025-10-26T19:00:00+09:00,112474.4,112512.6,112134.3,112436.9,112234.1628,110959.6872,109468.2165,111179.41,111596.925,NaN,NaN,NaN,NaN,1,4,648.3085,484.953345,70.37327157,57.93483912,21.61141538,0.394884055,-1,225.9702751,129.253872
2025-10-26T20:00:00+09:00,112436.9,113412.5,112377,113220.1,112631.1358,110751.7042,109499.216,111232.5883,111691.42,NaN,NaN,NaN,NaN,1,4,2644.9546,592.268915,78.29857935,60.69997377,23.63851136,0.566298381,-1,322.2533681,149.1710281
2025-10-26T21:00:00+09:00,113220.1,113772.4,113210.8,113506.2,113011.7648,110589.3552,109534.573,111283.48,111800.56,NaN,NaN,NaN,NaN,1,4,2052.7189,656.174825,80.36489012,61.64027972,26.32487749,0.54150557,-1,416.8392287,183.4184495
2025-10-26T22:00:00+09:00,113506.2,113991.3,113211.4,113647.9,113348.567,110484.983,109568.9895,111335.2667,111916.775,NaN,NaN,NaN,NaN,1,4,2076.5756,746.840375,81.31388353,62.09877663,29.60065148,0.589301046,-1,497.4983591,228.2512776
2025-10-26T23:00:00+09:00,113647.9,113824.8,113474.1,113511.4,113593.9281,110423.6819,109602.5335,111385.375,112008.805,NaN,NaN,NaN,NaN,1,4,1186.1891,782.064985,77.43152907,61.37735889,33.3607473,0.496325047,-1,544.1344486,278.0577364
2025-10-27T00:00:00+09:00,113511.4,113692.3,113373.8,113646.5,113835.4185,110388.3915,109637.5065,111439.3983,112111.905,NaN,NaN,NaN,NaN,1,4,705.5983,809.281805,78.52443423,61.82543869,37.33238212,0.423908353,-1,585.248941,332.2808789
2025-10-27T01:00:00+09:00,113646.5,113719.8,113230.8,113467.9,114002.2603,110428.9397,109671.471,111478.68,112215.6,NaN,NaN,NaN,NaN,1,4,991.9693,847.744535,73.45987871,60.87239084,40.88854606,0.426703356,-1,596.5443531,386.8735241
2025-10-27T02:00:00+09:00,113467.9,113717.4,113400,113400.1,114133.6441,110494.4459,109704.272,111515.665,112314.045,NaN,NaN,NaN,NaN,1,4,351.8046,853.878725,71.57268384,60.51091084,44.06700919,0.377936961,-1,593.1872617,440.1346035
2025-10-27T03:00:00+09:00,113400.1,113759.9,113400,113546.1,114274.6803,110549.9097,109737.6415,111551.5767,112412.295,113991.3,NaN,NaN,NaN,1,4,421.3451,864.99065,73.1710562,61.01975695,46.75480105,0.357288591,-1,595.4438167,486.3466724
2025-10-27T04:00:00+09:00,113546.1,113676.7,113460.7,113559.6,114397.2536,110623.6864,109769.689,111594.4,112510.47,NaN,NaN,NaN,NaN,1,4,234.2984,867.488,73.32043414,61.0671115,48.9585242,0.301566908,-1,591.5030114,526.9614209
2025-10-27T05:00:00+09:00,113559.6,113559.6,113258.4,113268.1,114463.3186,110717.4414,109801.0895,111631.5233,112590.38,NaN,NaN,NaN,NaN,1,4,360.2498,859.62132,64.91573225,59.47450798,50.42982011,0.290201256,-1,558.4211497,553.2022856
2025-10-27T06:00:00+09:00,113268.1,113547.4,112854.6,113457.3,114534.2099,110832.8701,109834.269,111667.8533,112683.54,NaN,NaN,NaN,NaN,1,4,1054.7898,896.49415,67.51830693,60.16288379,50.82500961,0.396686947,-1,541.2314158,567.0236397
2025-10-27T07:00:00+09:00,113457.3,115496.6,113457.3,114642.7,114784.8914,110905.7886,109872.6365,111727.6433,112845.34,NaN,NaN,NaN,NaN,1,5,5976.3731,1180.057785,78.35300602,64.06672984,50.97924492,0.854667182,-1,616.1576195,580.2080019
2025-10-27T08:00:00+09:00,114642.7,114932.3,114325.8,114492.2,114923.157,111095.633,109910.661,111785.59,113009.395,NaN,NaN,NaN,NaN,1,5,1124.1235,1217.349895,74.93540384,63.26323589,51.07316562,0.747103898,-1,655.8330485,592.6189575
2025-10-27T09:00:00+09:00,114492.2,115130,114309.2,114707.9,115072.7265,111278.7335,109951.195,111843.0067,113175.73,NaN,NaN,NaN,NaN,1,5,1126.9218,1261.065775,76.51639329,63.92518208,51.14575221,0.735651563,-1,696.650743,604.9969355
2025-10-27T10:00:00+09:00,114707.9,115330,114644,115220,115302.7389,111414.5611,109993.1985,111915.255,113358.65,NaN,NaN,NaN,NaN,1,5,889.594,1291.941985,79.77767724,65.43464446,51.21986066,0.686715535,-1,761.5426604,623.3300807
2025-10-27T11:00:00+09:00,115220,115393.6,114765.4,114820.3,115382.2511,111659.6789,110033.3595,111992.5617,113520.965,NaN,112854.6,NaN,NaN,1,5,1087.3544,1338.557805,71.4385517,63.3235032,51.30595372,0.641775969,-1,771.8204571,643.1782136
2025-10-27T12:00:00+09:00,114820.3,115200,114766.4,114912.2,115433.4832,111932.2268,110072.8595,112074.2967,113682.855,115496.6,NaN,NaN,NaN,1,5,554.8296,1353.366855,72.15914099,63.59915272,51.67521718,0.553285664,-1,778.4082413,663.5075941
2025-10-27T13:00:00+09:00,114912.2,115230,114894.6,115200,115479.4751,112234.3049,110114.1005,112157.0983,113856.89,NaN,NaN,NaN,NaN,1,5,505.3243,1356.07358,74.3422995,64.45323479,52.71812322,0.464984218,-1,797.6572661,686.4136224
2025-10-27T14:00:00+09:00,115200,115598.8,115200,115500,115651.017,112365.323,110156.07,112245.7583,114008.17,NaN,NaN,NaN,NaN,1,6,1564.2607,1277.87917,76.41814818,65.31912624,53.81711206,0.424278106,-1,827.5799235,716.3201528
2025-10-27T15:00:00+09:00,115500,116072.2,115305.9,115988,115877.7684,112493.6816,110200.76,112336.1233,114185.725,NaN,NaN,NaN,NaN,1,6,2191.3807,1355.03278,79.34550577,66.66742352,55.03444018,0.50188595,-1,880.5212657,754.019025
2025-10-27T16:00:00+09:00,115988,116350.6,115450,115508.2,116024.6469,112575.6131,110242.711,112418.4433,114300.13,NaN,NaN,NaN,NaN,1,6,2180.2707,1331.798585,70.12798104,64.16373372,56.35818957,0.59587543,-1,873.690451,782.6337841
2025-10-27T17:00:00+09:00,115508.2,115554.2,114850.3,114980,116082.2161,112665.4239,110283.406,112487.3217,114373.82,NaN,NaN,NaN,NaN,1,6,1704.4493,1314.385105,61.63874511,61.5653907,57.28019724,0.603139667,-1,816.2464742,800.457498
2025-10-27T18:00:00+09:00,114980,115317,114763.3,115201.1,116162.0294,112740.9306,110324.7845,112556.7,114451.48,NaN,NaN,NaN,NaN,1,6,1437.3243,1282.42254,63.62378746,62.21915871,57.76826762,0.561533984,-1,779.5761622,809.6714335
2025-10-27T19:00:00+09:00,115201.1,115513.2,115066.5,115410.1,116248.4635,112844.3665,110367.8045,112630.735,114546.415,NaN,NaN,NaN,NaN,1,6,636.6104,1254.943605,65.44408186,62.82927776,57.92005058,0.502696226,-1,758.6341666,809.3482675
2025-10-27T20:00:00+09:00,115410.1,115478.7,115067.4,115296.5,116308.29,112949.54,110408.2705,112702.94,114628.915,NaN,NaN,NaN,NaN,1,6,823.7975,1260.853565,63.58168214,62.27129887,57.76016624,0.454371825,-1,724.5191083,804.0925621
2025-10-27T21:00:00+09:00,115296.5,115384.8,114938.9,115014.1,116305.1231,113107.3269,110448.3625,112774.6517,114706.225,116350.6,NaN,NaN,NaN,1,6,706.941,1246.60215,59.08058536,60.89881963,57.14589269,0.432888844,-1,667.0065229,791.7145934
2025-10-27T22:00:00+09:00,115014.1,115384.9,114534,115222.7,116292.4849,113302.2251,110490.171,112844.7683,114797.355,NaN,NaN,NaN,NaN,1,6,2360.9661,1347.060225,61.26209322,61.53804452,55.76574788,0.534231078,-1,630.986047,773.195569
2025-10-27T23:00:00+09:00,115222.7,115325.2,114451,114768.1,116239.5864,113477.3236,110530.294,112908.0683,114858.455,NaN,NaN,NaN,NaN,1,6,1867.2543,1419.355685,54.44937983,59.37849598,53.60454124,0.611468095,-1,559.3097647,743.3877736
2025-10-28T00:00:00+09:00,114768.1,115187.2,114733.2,114929.5,116172.8883,113681.0117,110571.1925,112974.185,114926.95,NaN,NaN,NaN,NaN,1,6,932.6978,1454.275655,56.3071724,59.88866645,51.19886112,0.538747849,-1,509.6544465,702.1803493
2025-10-28T01:00:00+09:00,114929.5,115596.1,114802.8,115451.5,116040.791,114031.449,110616.4145,113045.7767,115036.12,NaN,NaN,NaN,NaN,1,6,1582.3711,1515.38172,61.74190218,61.48566154,48.84035947,0.586584098,1,506.583705,661.3907108
2025-10-28T02:00:00+09:00,115451.5,115666,115250,115650,115879.3214,114412.1886,110657.9145,113117.9317,115145.755,NaN,NaN,NaN,NaN,1,6,689.0847,1497.096465,63.59623952,62.0718576,46.4984295,0.510286865,1,514.2395775,627.834389
2025-10-28T03:00:00+09:00,115650,115740.9,115260.3,115280.6,115875.557,114479.743,110695.1965,113184.2017,115177.65,NaN,NaN,NaN,NaN,1,6,780.5859,1237.307105,57.96561128,60.32753323,44.20689775,0.48024661,1,484.9096818,595.0936689
2025-10-28T04:00:00+09:00,115280.6,115280.6,114723.8,114896.6,115836.0458,114559.6942,110731.0355,113241.8133,115197.87,NaN,114451,NaN,NaN,1,6,1154.3948,1238.82067,52.73838543,58.58060316,41.67423023,0.482770986,1,425.771904,558.1089731
2025-10-28T05:00:00+09:00,114896.6,114896.6,114247.2,114407.1,115878.1089,114487.5511,110765.059,113286.5017,115182.83,NaN,NaN,NaN,NaN,-1,1,1353.3728,1250.14322,46.92878446,56.45331786,39.44024887,0.512431745,1,335.5383526,514.8888891
2025-10-28T06:00:00+09:00,114407.1,114586.9,114080.1,114253.1,115938.6411,114330.3289,110796.1355,113332.9383,115134.485,NaN,NaN,NaN,NaN,-1,1,1176.594,1264.49322,45.24029778,55.80251635,37.60174791,0.489940491,1,248.7338511,468.4141478
2025-10-28T07:00:00+09:00,114253.1,114559,114017.6,114084.8,116015.2517,114180.1683,110824.7805,113375.8833,115097.71,NaN,NaN,NaN,NaN,-1,1,687.6812,1244.50956,43.40240486,55.09394886,36.14972322,0.485295265,-1,164.4644114,416.5784105
2025-10-28T08:00:00+09:00,114084.8,114190.3,113800,114074.1,116074.3978,114037.2122,110853.0045,113418.5683,115055.805,115740.9,NaN,NaN,NaN,-1,1,1055.7463,1269.555395,43.28201593,55.04858311,34.92948331,0.437609199,-1,95.7135466,365.0677196
2025-10-28T09:00:00+09:00,114074.1,114343.6,113735.3,113942.6,116117.8383,113868.0317,110879.8725,113453.295,114992.935,NaN,NaN,NaN,NaN,-1,1,1052.8389,1296.931125,41.74934436,54.48571884,33.7683304,0.470031259,-1,30.26812776,311.8025731
2025-10-28T10:00:00+09:00,113942.6,114503.8,113942.6,114389.4,116066.343,113808.467,110906.603,113499.2833,114937.405,NaN,NaN,NaN,NaN,-1,1,922.5791,1264.847045,48.43124973,56.04459661,32.50581702,0.475665191,-1,14.29045627,257.1033232
2025-10-28T11:00:00+09:00,114389.4,114436.2,113529.9,113895.1,115940.5635,113724.9565,110929.5375,113538.47,114832.76,NaN,NaN,NaN,NaN,-1,1,1177.7352,1214.16477,42.60814903,53.95747255,31.73663847,0.583730443,-1,-37.82185565,195.763164
2025-10-28T12:00:00+09:00,113895.1,114069.1,113661.2,113870,115888.6238,113613.0762,110954.658,113580.8,114750.85,NaN,NaN,116350.6,NaN,-1,1,684.2432,1139.363395,42.32982998,53.85351249,31.18348088,0.508644578,-1,-80.22185097,132.9707715
2025-10-28T13:00:00+09:00,113870,114040,113713.5,113928.9,115884.9287,113511.6613,110980.4035,113624.225,114698.295,NaN,NaN,NaN,NaN,-1,1,328.8471,1070.583285,43.2663504,54.06551946,30.75523622,0.434448492,-1,-107.8284359,73.68184481
2025-10-28T14:00:00+09:00,113928.9,113954.3,113416.3,113574.2,115875.4359,113358.4641,111004.9135,113661.735,114616.95,NaN,NaN,NaN,NaN,-1,1,936.3366,1045.5339,39.14385489,52.58048409,30.54913638,0.44843658,-1,-156.5238693,19.0082646
2025-10-28T15:00:00+09:00,113574.2,114149.7,113574.1,114076.6,115774.4412,113326.1088,111029.899,113701.8317,114550.275,NaN,NaN,NaN,NaN,-1,1,1022.7778,1064.84227,46.86627335,54.39183383,30.27590183,0.465832174,-1,-152.8143214,-25.60819901
2025-10-28T16:00:00+09:00,114076.6,114314,114053.7,114124.3,115678.9994,113304.3306,111057.544,113744.1617,114491.665,NaN,NaN,NaN,NaN,-1,1,1053.7418,1076.339485,47.54684513,54.56006501,29.92436235,0.386453195,-1,-144.3613785,-59.92217567
2025-10-28T17:00:00+09:00,114124.3,114420,114045.3,114361.5,115622.7811,113295.2889,111089.2885,113793.62,114459.035,NaN,NaN,NaN,NaN,-1,1,590.3695,1070.51091,50.9138491,55.39527541,29.53645232,0.366316172,-1,-117.1716212,-83.57608321
2025-10-28T18:00:00+09:00,114361.5,114595.7,114131.9,114460.8,115530.8336,113311.0464,111121.5785,113844.1133,114420.94,NaN,NaN,NaN,NaN,-1,1,845.1536,994.720285,52.29442534,55.74291593,28.81512409,0.379066993,-1,-86.61244819,-96.56281387
2025-10-28T19:00:00+09:00,114460.8,114551.2,114361.6,114542.2,115509.7315,113309.5585,111150.719,113893.465,114409.645,NaN,113416.3,NaN,NaN,-1,1,424.9679,922.605965,53.45021533,56.02968946,27.79068838,0.307707909,-1,-55.18959241,-104.2828193
2025-10-28T20:00:00+09:00,114542.2,114619.9,114232.8,114284.1,115452.1435,113302.6065,111171.6915,113938.265,114377.375,NaN,NaN,NaN,NaN,-1,1,635.3763,907.73989,49.36619638,54.87868137,26.5651921,0.318507654,-1,-50.53077842,-105.6949218
2025-10-28T21:00:00+09:00,114284.1,114466.9,114078.1,114397.4,115280.3621,113368.9779,111191.8335,113983.7233,114324.67,NaN,NaN,NaN,NaN,-1,1,763.9008,866.816375,51.13139987,55.29026585,25.13624025,0.325417422,-1,-37.26668452,-100.9221255
2025-10-28T22:00:00+09:00,114397.4,115457.1,114397.4,115457.1,115219.5442,113410.5058,111214.3445,114048.1067,114315.025,NaN,NaN,NaN,NaN,-1,1,2646.0329,964.663785,63.83183082,58.87222247,23.89779507,0.520897124,-1,58.08457634,-82.4873464
2025-10-28T23:00:00+09:00,115457.1,116050.5,114160.2,115020.4,115156.7206,113447.3094,111233.394,114108.335,114302.015,NaN,NaN,NaN,NaN,-1,1,5925.5735,1221.913165,57.23091506,56.95272372,23.15932227,0.896399081,1,97.29158041,-54.28562977
2025-10-29T00:00:00+09:00,115020.4,115377.8,114459.8,114582.6,115107.6401,113464.9899,111250.752,114164.5267,114286.315,NaN,NaN,NaN,NaN,-1,1,2103.5262,1269.369735,51.48302808,55.1137121,22.96029695,0.866938965,1,91.97636617,-27.08666448
2025-10-29T01:00:00+09:00,114582.6,115450,114471.7,115291.7,115261.1318,113399.9582,111272.0985,114229.7017,114330.545,NaN,NaN,NaN,NaN,-1,1,1732.3669,1288.31944,58.71541802,57.38871113,23.37840409,0.857252347,-1,143.3302426,4.879071191
2025-10-29T02:00:00+09:00,115291.7,115549.6,115159.2,115235.9,115389.1734,113370.1966,111293.6825,114290.94,114379.685,NaN,NaN,NaN,NaN,-1,1,662.9498,1262.63723,57.98293138,57.15600334,24.38843965,0.68470607,-1,177.480086,37.61814977
2025-10-29T03:00:00+09:00,115235.9,115317.8,114561.6,114967,115454.7559,113392.8341,111315.0455,114347.49,114423.795,NaN,NaN,NaN,NaN,-1,1,896.2509,1273.065715,54.45723868,56.03816294,25.41304183,0.676789689,-1,180.762384,67.32646446
2025-10-29T04:00:00+09:00,114967,115033.4,113507,113648.8,115478.0474,113327.0126,111328.3785,114380.3967,114402.53,116050.5,NaN,NaN,NaN,-1,1,2920.1839,1366.287595,41.22392017,51.04247798,26.41143214,0.90412147,-1,76.11845924,81.91624797
2025-10-29T05:00:00+09:00,113648.8,113655.4,112276,112755.7,115624.8843,113061.4857,111338.1845,114397.67,114343.185,NaN,NaN,NaN,NaN,-1,2,5207.3504,1574.01317,35.01555044,48.07810967,27.48391964,1.015306071,-1,-77.97941297,78.86639969
2025-10-29T06:00:00+09:00,112755.7,113186.2,112133.6,112949.1,115689.012,112853.328,111347.397,114405.5817,114271.17,NaN,NaN,NaN,NaN,-1,2,2273.8357,1641.576,37.2204438,48.73625524,28.46012775,0.986353126,-1,-182.3947896,62.74105468
2025-10-29T07:00:00+09:00,112949.1,113261.4,112783,113186,115723.156,112748.274,111357.5775,114418.0667,114235.715,NaN,NaN,NaN,NaN,-1,2,558.7929,1610.628885,39.9099585,49.53611814,29.31000581,0.797081487,-1,-243.2251298,29.26219844
2025-10-29T08:00:00+09:00,113186,113186,112733.5,112866.1,115782.6493,112588.3907,111366.5475,114412.1667,114185.52,NaN,NaN,NaN,NaN,-1,2,845.7847,1618.70596,37.56937817,48.49310626,30.03426446,0.66653297,-1,-313.6315203,-16.39592386
2025-10-29T09:00:00+09:00,112866.1,112866.1,112390,112390,115885.8616,112331.2884,111375.297,114393.5633,114108.575,NaN,NaN,NaN,NaN,-1,2,1235.2284,1664.025025,34.34141151,46.98992679,30.68848836,0.587442399,-1,-403.198561,-71.41536021
2025-10-29T10:00:00+09:00,112390,112928.5,112050.1,112440.7,115961.1275,112142.6725,111386.3095,114373.4433,114051.9,NaN,NaN,NaN,NaN,-1,2,2327.8323,1733.59981,34.98206422,47.16795666,31.79469749,0.651855607,-1,-464.7328685,-138.9779281
2025-10-29T11:00:00+09:00,112440.7,112742.9,112358.8,112610.1,115988.3707,111968.7793,111394.948,114358.4217,113978.575,NaN,NaN,NaN,NaN,-1,2,771.8203,1721.051935,37.18736717,47.76629329,33.2363935,0.547612815,-1,-494.134017,-213.6017173
2025-10-29T12:00:00+09:00,112610.1,112610.2,112271.7,112465.1,116008.8172,111782.4128,111403.5795,114338.7317,113895.615,NaN,NaN,NaN,NaN,-1,2,387.292,1687.729445,36.05991265,47.29823221,34.70536694,0.465873318,-1,-523.1048995,-291.8091933
2025-10-29T13:00:00+09:00,112465.1,112815.8,112450,112756.1,115973.154,111657.536,111412.231,114326.8683,113815.345,NaN,NaN,NaN,NaN,-1,2,478.8055,1682.151245,39.99199376,48.3354114,36.02085063,0.417919676,-1,-516.6278997,-357.6698998
2025-10-29T14:00:00+09:00,112756.1,113315.2,112750,112976.1,115907.1294,111575.0906,111424.5995,114319.8017,113741.11,NaN,NaN,NaN,NaN,-1,2,958.522,1687.819665,42.85323996,49.10837574,36.91988282,0.444831505,-1,-488.1159723,-403.2406286
2025-10-29T15:00:00+09:00,112976.1,113310.6,112903.1,113232.9,115819.894,111531.396,111437.089,114314.5817,113675.645,NaN,112050.1,NaN,NaN,-1,2,1138.8201,1723.512275,46.08481436,49.9997616,37.42931512,0.415841029,-1,-439.7295223,-431.8333767
2025-10-29T16:00:00+09:00,113232.9,113530,113165.9,113509.7,115763.7233,111510.1267,111452.2425,114313.75,113636.925,NaN,NaN,NaN,NaN,-1,2,967.5919,1740.123055,49.40588634,50.94518635,37.3790818,0.383473164,-1,-374.7278362,-446.4447885
2025-10-29T17:00:00+09:00,113509.7,113571.9,112876,113005.6,115681.0875,111453.5825,111465.262,114309.375,113567.335,NaN,NaN,NaN,NaN,-1,2,1296.1353,1766.73478,44.0805233,49.21513487,36.88189013,0.462059248,-1,-359.743292,-451.5683187
2025-10-29T18:00:00+09:00,113005.6,113040.2,112700,112920,115382.939,111498.021,111480.8315,114300.42,113440.48,NaN,NaN,NaN,NaN,-1,2,1161.9037,1692.52832,43.22844041,48.92711834,36.05019985,0.40869809,-1,-350.7321158,-445.7387137
2025-10-29T19:00:00+09:00,112920,113136.8,112660,112806.2,115147.833,111511.707,111497.5145,114269.8117,113329.77,NaN,NaN,116050.5,NaN,-1,2,736.8218,1433.090735,42.06430892,48.5415902,34.83057704,0.41363086,-1,-348.753193,-432.8520831
2025-10-29T20:00:00+09:00,112806.2,113200,112689.9,113082.2,114981.3602,111528.1398,111517.8255,114246.3117,113254.75,NaN,NaN,NaN,NaN,-1,2,959.1167,1375.87026,45.87154336,49.52626661,33.3660574,0.425443471,-1,-321.2112655,-413.638444
2025-10-29T21:00:00+09:00,113082.2,113279.7,113003.8,113096.3,114596.9349,111693.0251,111544.557,114219.4517,113144.98,NaN,NaN,NaN,NaN,-1,2,1069.3019,1342.71701,46.06653521,49.57658588,31.93650911,0.364910751,-1,-294.8475187,-388.2765128
2025-10-29T22:00:00+09:00,113096.3,113591.6,112630,112817.3,114118.0164,111930.0836,111571.1265,114179.4067,113024.05,NaN,NaN,NaN,NaN,-1,2,2445.8291,1431.860975,42.78236693,48.5979376,30.72853498,0.527992638,-1,-293.0884861,-363.4388002
2025-10-29T23:00:00+09:00,112817.3,112860.1,112187.8,112457,113564.1772,112232.9228,111593.9985,114140.0183,112898.55,NaN,NaN,NaN,NaN,-1,2,2203.6516,1497.23101,38.92320349,47.3653282,30.02299166,0.552399014,1,-317.1121673,-344.4383774
2025-10-30T00:00:00+09:00,112457,112537.6,111355.1,111461.8,113623.1694,111955.2306,111611.1755,114082.5117,112789.2,NaN,NaN,NaN,NaN,-1,3,5497.7818,1626.110905,30.68869663,44.20399615,29.85862486,0.725187977,1,-411.7094997,-341.3250416
2025-10-30T01:00:00+09:00,111461.8,111474.2,110912,111080,113824.1079,111586.7221,111628.3155,114013.845,112705.415,NaN,NaN,NaN,NaN,-1,3,3166.8454,1524.085655,28.22194094,43.0779783,30.19316694,0.653827615,-1,-511.5893526,-356.5318768
2025-10-30T02:00:00+09:00,111080,111888,110968.7,111839,113823.5407,111476.2793,111648.971,113952.8283,112649.91,NaN,NaN,NaN,NaN,-1,3,1974.4876,1509.11825,38.76026464,45.87589736,30.78078372,0.706921983,-1,-523.4657121,-374.7232568
2025-10-30T03:00:00+09:00,111839,111983.6,109105.5,110736.1,113938.9547,111115.8753,111660.421,113865.2967,112527.415,113591.6,NaN,NaN,NaN,-1,3,24317.6844,2697.062825,31.51877114,42.7582703,31.9343767,1.342329181,-1,-614.7857576,-404.0625503
2025-10-30T04:00:00+09:00,110736.1,111379,110077.4,110582.9,114048.3698,110778.1402,111670.716,113783.2083,112413.255,NaN,NaN,NaN,NaN,-1,3,3058.0237,2807.674775,30.66183806,42.35016507,33.66060728,1.288471053,-1,-691.547779,-442.1508376
2025-10-30T05:00:00+09:00,110582.9,111489.6,110339.1,111374.7,114059.2231,110665.7569,111683.94,113723.12,112362.49,NaN,NaN,NaN,NaN,-1,3,2125.6933,2852.19802,39.7754879,45.11407934,35.65878141,1.19720706,-1,-680.6445447,-482.0878687
2025-10-30T06:00:00+09:00,111374.7,111745.9,111318,111558.6,114050.1895,110586.5805,111699.8375,113662.4117,112318.385,NaN,NaN,NaN,NaN,-1,3,765.9413,2774.10347,41.69237391,45.73095797,37.59599976,0.924677417,-1,-649.6754062,-521.5131895
2025-10-30T07:00:00+09:00,111558.6,111559.5,110900,110968.4,114058.2954,110414.3046,111694.0795,113588.3833,112236.3,NaN,NaN,NaN,NaN,-1,3,721.6445,2771.59468,37.5604189,44.10684192,39.33557297,0.817834735,-1,-665.0896093,-562.8466476
2025-10-30T08:00:00+09:00,110968.4,111020.7,109684.7,109984.1,114176.7414,110047.7586,111677.2575,113499.8433,112112.25,NaN,109105.5,NaN,NaN,-1,3,2153.3042,2859.89529,31.8849953,41.59206009,40.96797929,0.95500963,-1,-748.1065535,-610.7349128
2025-10-30T09:00:00+09:00,109984.1,110539.9,109675.6,110517.5,114153.8632,109846.7768,111667.3345,113424.9,112000.32,NaN,NaN,NaN,NaN,-1,3,1114.6312,2891.686575,37.40474608,43.37797243,42.76986501,0.894282955,-1,-762.0724608,-649.6641307
2025-10-30T10:00:00+09:00,110517.5,110686,110202.4,110419,114082.0003,109662.9297,111659.5675,113344.8383,111872.465,NaN,NaN,NaN,NaN,-1,3,750.6715,2881.29405,36.81150912,43.12937338,44.35497574,0.742709838,-1,-772.1873743,-678.6194664
2025-10-30T11:00:00+09:00,110419,110974.2,110300,110935.3,113910.4332,109604.7368,111654.5435,113280.9583,111757.585,NaN,NaN,NaN,NaN,-1,3,980.7855,2873.39232,42.00371873,44.82145456,45.58799427,0.695416023,-1,-730.1259832,-701.5817188
2025-10-30T12:00:00+09:00,110935.3,110955,110480,110707,113657.7854,109577.1146,111649.4175,113210.5833,111617.45,NaN,NaN,NaN,NaN,-1,3,1054.9116,2877.758305,40.42203069,44.22745819,46.55978308,0.607586904,-1,-707.0633436,-711.8347839
2025-10-30T13:00:00+09:00,110707,110707,107877.5,108503.3,113740.6227,109044.0473,111638.249,113094.78,111392.335,NaN,NaN,NaN,NaN,-1,4,8984.9881,3262.200945,29.0505185,39.11902967,47.73564876,1.282536251,-1,-856.7303543,-730.1884033
2025-10-30T14:00:00+09:00,108503.3,110360.9,108366,110186.5,113549.9552,108961.3648,111635.3615,113003.7217,111255.66,NaN,NaN,NaN,NaN,-1,4,2299.401,3319.07581,42.38319147,44.14898899,49.02642511,1.445454846,-1,-829.9551592,-746.7784716
2025-10-30T15:00:00+09:00,110186.5,110900,109922.7,110701.3,113341.331,108959.499,111643.8675,112927.4,111150.415,NaN,NaN,NaN,NaN,-1,4,1972.8686,3380.87815,45.74151959,45.55345392,50.03850043,1.253430691,-1,-758.4525971,-758.8648262
2025-10-30T16:00:00+09:00,110701.3,111543.7,110581.8,111307,113068.4297,109054.8803,111659.1425,112867.5733,111061.655,NaN,NaN,NaN,NaN,-1,4,1674.4631,3416.64547,49.47315997,47.14970483,50.55400422,1.119135406,-1,-645.4707881,-756.6849571
2025-10-30T17:00:00+09:00,111307,111367.6,110608.1,110652.1,112720.7351,109158.1549,111672.7185,112804.99,110939.445,NaN,NaN,NaN,NaN,-1,4,1949.7638,3460.668565,45.80500877,45.67178437,50.69740918,0.979301219,-1,-601.8392194,-740.4330311
2025-10-30T18:00:00+09:00,110652.1,110750,110062.3,110122,112394.876,109214.484,111681.711,112736.1383,110804.68,NaN,107877.5,NaN,NaN,-1,4,1747.5422,3425.75422,43.02427966,44.51872296,50.75217071,0.864173289,1,-603.0835548,-722.7675971
2025-10-30T19:00:00+09:00,110122,110194.4,109780,110073.7,112111.2626,109259.7674,111691.2785,112669.2867,110685.515,NaN,NaN,NaN,NaN,-1,4,1098.1969,3370.481485,42.76950634,44.41442576,50.77166353,0.701860002,1,-601.0387058,-703.7510784
2025-10-30T20:00:00+09:00,110073.7,110116.8,109652.7,109669.9,112040.3639,109151.4761,111698.74,112595.8833,110595.92,NaN,NaN,NaN,NaN,-1,4,1005.3027,3145.85753,40.60469302,43.54380231,50.47582877,0.610689152,1,-624.799138,-692.0480956
2025-10-30T21:00:00+09:00,109669.9,109745,108231.4,108344.2,112185.0368,108733.2232,111697.5955,112502.5767,110459.13,111543.7,NaN,NaN,NaN,-1,4,4408.1547,3207.922995,34.4411855,40.85949008,50.07565961,0.877784063,-1,-742.0484893,-695.935334
2025-10-30T22:00:00+09:00,108344.2,108702.7,107356,107595.2,112261.454,108232.426,111694.9105,112389.34,110246.94,NaN,NaN,NaN,NaN,-1,5,5298.2455,3374.11089,31.52922034,39.4566184,49.88968615,1.006474961,-1,-885.2034114,-699.099007
2025-10-30T23:00:00+09:00,107595.2,108320.1,107583.9,108225.1,112304.2613,107938.5187,111696.2395,112294.84,110121.39,NaN,NaN,NaN,NaN,-1,5,2035.7437,2260.013855,36.39938737,41.19010327,50.14071021,0.893827616,-1,-937.0256049,-710.9957232
2025-10-31T00:00:00+09:00,108225.1,108299.9,107266,107674.6,112391.5708,107560.3792,111693.151,112191.5833,109975.975,NaN,NaN,NaN,NaN,-1,5,1672.915,2190.75842,34.11556881,40.16413862,50.8163285,0.919000911,-1,-1010.863214,-739.0413473
2025-10-31T01:00:00+09:00,107674.6,108186.4,107519.5,108099.9,112269.9789,107354.4911,111692.7225,112094.4333,109812.235,NaN,NaN,NaN,NaN,-1,5,1111.7114,2140.059325,37.38425922,41.31691574,51.78333733,0.815899956,-1,-1023.266318,-781.0186284
2025-10-31T02:00:00+09:00,108099.9,108114.8,106755,107446.7,112132.6291,107080.6509,111690.403,111992.3083,109606.64,NaN,NaN,NaN,NaN,-1,5,3892.5903,2296.391775,34.54918597,40.10549957,53.03350808,0.969092605,-1,-1073.429818,-833.4175839
2025-10-31T03:00:00+09:00,107446.7,107509.2,106725.7,106790.7,112121.9273,106673.5827,111686.292,111870.8767,109397.755,NaN,NaN,NaN,NaN,-1,5,1254.8402,2323.05156,31.93027625,38.93513893,54.52265695,0.894589775,-1,-1152.829372,-894.5004524
2025-10-31T04:00:00+09:00,106790.7,107116.1,106237.6,106502.6,112208.2287,106239.1313,111681.254,111743.8483,109223.68,NaN,NaN,NaN,NaN,-1,5,3536.2309,2392.197895,30.82514972,38.43232569,56.08350667,0.872960649,-1,-1224.881678,-963.8163382
2025-10-31T05:00:00+09:00,106502.6,107598.3,106270,107455.6,112087.9026,106053.2674,111678.591,111628.75,109070.585,NaN,NaN,NaN,NaN,-1,5,2277.4294,2450.337805,38.41788495,41.00499919,57.37898717,0.988858523,-1,-1191.351358,-1026.766585
2025-10-31T06:00:00+09:00,107455.6,107906.3,107338.5,107867.5,111937.1613,105948.8587,111674.3445,111518.8617,108943.01,NaN,NaN,NaN,NaN,-1,5,894.6342,2457.53594,41.41117231,42.0729882,58.28471063,0.832183842,-1,-1118.646391,-1068.610796
2025-10-31T07:00:00+09:00,107867.5,107889.8,107412.7,107864.2,111672.0837,105906.8263,111669.098,111407.5617,108789.455,NaN,NaN,NaN,NaN,-1,5,622.3522,2439.614275,41.39381285,42.06675992,58.80878575,0.702244678,-1,-1049.198951,-1086.832523
2025-10-31T08:00:00+09:00,107864.2,108287.4,107550,108254,111418.4086,105915.2014,111668.5435,111307.06,108666.805,NaN,NaN,NaN,NaN,-1,5,1391.044,2456.420895,44.36077625,43.08275333,58.7890288,0.693535946,-1,-951.7367231,-1088.467091
2025-10-31T09:00:00+09:00,108254,109537.2,108218,109254.2,111466.4767,105942.2233,111673.9245,111221.34,108704.35,NaN,106237.6,NaN,NaN,-1,5,2142.1208,2114.27753,51.18911561,45.58253035,57.84526983,0.860610944,-1,-784.7433912,-1063.342667
2025-10-31T10:00:00+09:00,109254.2,109991.5,109115.2,109576.7,111382.8212,105964.8988,111683.1545,111123.3333,108673.86,NaN,NaN,NaN,NaN,-1,5,2387.6285,2118.688905,53.18416812,46.35799165,56.18069741,0.838623297,-1,-619.2387194,-1018.450711
2025-10-31T11:00:00+09:00,109576.7,109641.6,108510,108806.3,111125.4732,106032.7468,111687.2665,111019.765,108579.11,NaN,NaN,NaN,NaN,-1,5,1942.4202,2117.166485,48.12394027,44.80112262,53.6775192,0.909711867,-1,-543.9693757,-959.6217732
2025-10-31T12:00:00+09:00,108806.3,109274.4,108571.4,109176.1,110713.449,106231.681,111694.006,110929.6567,108472.565,NaN,NaN,NaN,NaN,-1,5,1572.9526,2112.09096,50.55579921,45.69478703,50.66537618,0.819058276,-1,-449.2988714,-881.4517176
2025-10-31T13:00:00+09:00,109176.1,110175.3,109046.4,110028.1,110574.7966,106307.9334,111705.8935,110841.93,108441.365,NaN,NaN,NaN,NaN,-1,5,2298.7144,2129.53849,55.70758853,47.68675968,47.54872222,0.883814154,-1,-302.0407968,-778.9138419
2025-10-31T14:00:00+09:00,110028.1,110028.1,109631.5,109829.5,110517.47,106336.01,111719.273,110751.8233,108426.74,NaN,NaN,NaN,NaN,-1,5,1058.1569,2095.069225,54.28765458,47.27413054,44.33705833,0.710643268,-1,-199.0683361,-668.6601728
2025-10-31T15:00:00+09:00,109829.5,109902.2,109454.5,109573.8,110423.9485,106379.5415,111731.436,110661.9367,108401.745,NaN,NaN,NaN,NaN,-1,5,1007.4833,2090.533545,52.4345188,46.7425358,41.16960815,0.611062102,-1,-136.5210426,-559.5351341
2025-10-31T16:00:00+09:00,109573.8,109741,109194.8,109394.6,110378.9742,106396.9858,111740.721,110591.0333,108387.98,NaN,NaN,NaN,NaN,-1,5,1165.3601,2098.536415,51.11757169,46.36949903,38.31183657,0.574473185,-1,-100.2561142,-454.0970412
2025-10-31T17:00:00+09:00,109394.6,110064.2,109140.8,110022.7,110586.1336,106357.6764,111751.7335,110545.4833,108471.905,NaN,NaN,NaN,NaN,-1,5,1737.9357,1965.025465,55.35051965,47.85841183,35.71745799,0.660556196,-1,-20.59605779,-350.6369672
2025-10-31T18:00:00+09:00,110022.7,110431.5,109752.4,109800,110731.6557,106432.6343,111760.223,110492.9983,108582.145,NaN,NaN,NaN,NaN,-1,5,1628.5839,1781.542385,53.57894119,47.38228823,33.61716632,0.647426692,-1,24.28513803,-260.7449084
2025-10-31T19:00:00+09:00,109800,110055.3,109644.8,109756,110860.2918,106457.0882,111767.2195,110435.8317,108658.69,NaN,NaN,NaN,NaN,-1,5,810.998,1720.3051,53.21652935,47.28740396,31.91848184,0.556461307,-1,55.66174286,-185.7559682
2025-10-31T20:00:00+09:00,109756,110500,109402.2,110359.2,111064.4041,106521.4359,111777.5,110394.05,108792.92,NaN,NaN,NaN,NaN,-1,5,2348.4988,1754.08429,57.46424768,48.72438986,30.50546418,0.700530433,-1,127.7287496,-111.1228432
2025-10-31T21:00:00+09:00,110359.2,110644.8,109566.5,109609.7,111143.1002,106593.7198,111782.6585,110347.7117,108868.41,NaN,NaN,NaN,NaN,-1,5,2695.4429,1833.270865,51.23897096,47.09589533,29.39178029,0.798134825,-1,122.9467321,-47.53999833
2025-10-31T22:00:00+09:00,109609.7,110188.4,109315,110111,111239.433,106763.817,111788.8035,110308.8833,109001.625,NaN,NaN,NaN,NaN,-1,5,2829.661,1780.1244,54.76846922,48.27624544,28.48868114,0.794067312,-1,157.7887784,3.55217669
2025-10-31T23:00:00+09:00,110111,111011,109530.4,110732.2,111313.829,107083.571,111791.56,110277.585,109198.7,NaN,NaN,NaN,NaN,-1,5,5208.9152,1977.82815,58.75278011,49.69599781,28.0943482,0.972108359,-1,232.8429311,51.5423175
2025-11-01T00:00:00+09:00,110732.2,111167.3,110083.6,110168,111135.1204,107628.8196,111796.3035,110239.3,109381.97,NaN,NaN,NaN,106237.6,-1,5,3776.8127,1989.85724,54.09226997,48.46264826,28.09422887,0.979284349,-1,243.9851542,93.82078381
2025-11-01T01:00:00+09:00,110168,110280.7,108622.3,108816.5,110991.6982,107908.3318,111793.05,110173.64,109450.015,NaN,NaN,NaN,NaN,-1,5,3160.3431,2034.002925,44.90357903,45.68982571,27.85779879,1.168975895,-1,142.1223927,120.751729
2025-11-01T02:00:00+09:00,108816.5,109397.8,108600,109275.3,110885.0303,108155.7797,111792.464,110111.96,109520.405,NaN,NaN,NaN,NaN,-1,5,1545.5543,2066.54893,48.12514742,46.74574673,27.46069828,1.019406126,-1,97.29518761,133.8507563
2025-11-01T03:00:00+09:00,109275.3,109775.1,108938.3,109416,110734.5242,108461.4658,111792.6135,110048.345,109597.995,NaN,NaN,NaN,NaN,-1,5,1438.6651,2107.364575,49.10791225,47.06792386,26.81415294,0.933659369,1,72.28931255,139.1845534
2025-11-01T04:00:00+09:00,109416,110207.7,109067.6,109792.8,110631.1488,108718.7212,111795.5125,109986.3967,109674.935,NaN,NaN,NaN,NaN,-1,5,1229.6626,2099.295505,51.7444931,47.92912952,26.02680679,0.966440262,1,81.93212483,142.1034848
2025-11-01T05:00:00+09:00,109792.8,109792.8,109387.3,109441.7,110627.4268,108741.1932,111797.083,109926.9983,109684.31,111167.3,NaN,NaN,NaN,-1,5,751.9364,2029.786285,49.18738449,47.19867607,25.23928941,0.769866101,1,60.5453581,134.6386635
2025-11-01T06:00:00+09:00,109441.7,109705.5,109270.6,109518.1,110626.1785,108736.5815,111797.424,109870.3,109681.38,NaN,NaN,NaN,NaN,-1,5,594.4158,1940.12565,49.76909016,47.37682672,24.18136822,0.645253798,1,49.19395558,126.4439106
2025-11-01T07:00:00+09:00,109518.1,109757.9,109428,109533.3,110577.1434,108858.3166,111797.3855,109815.7517,109717.73,NaN,108600,NaN,NaN,-1,5,427.3052,1864.3699,49.89199635,47.41286194,22.86123688,0.530505152,1,40.95232733,113.4620827
2025-11-01T08:00:00+09:00,109533.3,109635.3,109464,109555.1,110563.5851,108909.7749,111795.9575,109756.9667,109736.68,NaN,NaN,NaN,NaN,-1,5,283.9288,1799.91871,50.08065173,47.46553181,21.78932653,0.405719618,1,35.76754934,91.56481802
2025-11-01T09:00:00+09:00,109555.1,109713.8,109335.1,109680,110535.4966,108903.0534,111793.431,109700.0283,109719.275,NaN,NaN,NaN,NaN,-1,5,545.4124,1712.25361,51.21396063,47.77148234,20.86764418,0.385264122,1,41.2613267,69.0399483
2025-11-01T10:00:00+09:00,109680,110005,109651,109679,110526.5418,108896.9582,111785.968,109647.7233,109711.75,NaN,NaN,NaN,NaN,-1,5,526.8558,1685.688555,51.20393746,47.76920857,20.1819909,0.364431774,1,45.01558159,58.25030263
2025-11-01T11:00:00+09:00,109679,109832.3,109423.3,109738.3,110532.3481,108907.6019,111782.097,109602.4117,109719.975,NaN,NaN,NaN,NaN,-1,5,750.4617,1672.837475,51.80628401,47.91926866,19.45744829,0.36705819,1,52.17443563,53.23688574
2025-11-01T12:00:00+09:00,109738.3,110272,109738.3,110184.1,110581.4145,108937.4855,111782.3455,109581.1167,109759.45,NaN,NaN,NaN,NaN,-1,5,663.7045,1647.754695,56.18507091,49.04279793,18.88062056,0.405172445,1,92.75103711,55.51041069
2025-11-01T13:00:00+09:00,110184.1,110531.5,110061.6,110238,110611.1098,108929.3202,111786.1975,109567.0833,109770.215,NaN,NaN,NaN,NaN,-1,5,710.4887,1596.382345,56.69735539,49.17811782,18.58004195,0.412069408,1,127.784545,60.60512404
2025-11-01T14:00:00+09:00,110238,110331.7,109997.3,110082.2,110636.1449,108932.5051,111789.1395,109537.8033,109784.325,NaN,NaN,NaN,NaN,-1,5,417.7569,1535.840995,54.70627142,48.79575853,18.47114513,0.376359408,1,141.3477258,69.5831649
2025-11-01T15:00:00+09:00,110082.2,110121,109885.5,109954.4,110649.1299,108939.3601,111789.417,109524.775,109794.245,NaN,NaN,NaN,NaN,-1,5,482.3052,1519.406355,53.06021814,48.48012603,18.46300933,0.322591132,1,140.1684775,79.69144511
2025-11-01T16:00:00+09:00,109954.4,110209,109941.5,110021.2,110599.63,108955.06,111789.376,109515.4133,109777.345,NaN,NaN,NaN,NaN,-1,5,390.9521,1421.52902,53.84199727,48.65733207,18.65469971,0.295975166,1,142.9759783,91.02740633
2025-11-01T17:00:00+09:00,110021.2,110227.6,110021.1,110199.4,110645.0902,108968.5698,111788.1095,109495.825,109806.83,NaN,NaN,NaN,NaN,-1,5,412.6759,1307.39067,55.94969277,49.13378417,18.91055357,0.259460233,1,157.761616,104.5823026
2025-11-01T18:00:00+09:00,110199.4,110207,109929,109951.9,110628.4124,108969.3376,111785.1655,109469.0467,109798.875,110531.5,NaN,NaN,NaN,-1,5,363.4096,1184.0781,52.3727004,48.4957168,19.27823303,0.257642126,1,147.8043621,116.4204177
2025-11-01T19:00:00+09:00,109951.9,110134.1,109792.7,110115.7,110496.1901,109039.9099,111783.2195,109454.835,109768.05,NaN,NaN,NaN,NaN,-1,5,614.9661,954.380645,54.44832147,48.94366674,19.45613602,0.274851762,1,151.3853813,128.2392843
2025-11-01T20:00:00+09:00,110115.7,110195.7,109956.6,110093.2,110484.9241,109043.6959,111781.66,109456.6533,109764.31,NaN,NaN,111167.3,NaN,-1,5,404.3112,785.75557,54.0995515,48.88404883,19.40928859,0.255665165,1,150.6709618,139.1833428
2025-11-01T21:00:00+09:00,110093.2,110167.6,109964.9,109986.1,110402.2504,109243.3296,111776.0355,109447.7967,109822.79,NaN,NaN,NaN,NaN,-1,5,251.4245,640.30964,52.37962992,48.59641083,19.19895672,0.232041419,1,139.8505937,144.4166268
2025-11-01T22:00:00+09:00,109986.1,110025.9,109672.9,109907.9,110377.1745,109331.6655,111769.67,109439.2783,109854.42,NaN,NaN,NaN,NaN,-1,5,566.315,591.347675,51.10214415,48.38420621,18.82795823,0.26186368,1,123.5411817,143.945142
2025-11-01T23:00:00+09:00,109907.9,109952.5,109693.3,109897.4,110361.0683,109395.9117,111762.2,109421.98,109878.49,NaN,NaN,NaN,NaN,-1,5,505.6181,544.695325,50.92255872,48.35526399,18.27150656,0.253211251,1,108.5176688,140.2973579
2025-11-02T00:00:00+09:00,109897.4,110321.7,109865.9,110253.2,110408.8315,109394.1885,111758.515,109414.4167,109901.51,NaN,NaN,NaN,NaN,-1,5,715.9469,519.00954,56.50099664,49.40222634,17.66369908,0.306066751,-1,123.8933477,138.4890102
2025-11-02T01:00:00+09:00,110253.2,110479,110142.8,110418,110459.1578,109441.4922,111755.4015,109446.3283,109950.325,NaN,NaN,NaN,NaN,-1,5,756.9886,519.26215,58.83496583,49.88262241,17.18110174,0.305233076,-1,147.6743685,139.0110535
2025-11-02T02:00:00+09:00,110418,110443.6,110131.5,110148.1,110456.5893,109507.0607,111749.7545,109445.6883,109981.825,NaN,NaN,NaN,NaN,-1,5,391.1257,509.097645,53.74853862,49.10319034,16.90937034,0.298435929,1,143.0928392,137.3811894
2025-11-02T03:00:00+09:00,110148.1,110316.9,110132,110284.5,110464.1834,109574.5866,111745.9005,109438.7417,110019.385,NaN,109672.9,NaN,NaN,-1,5,178.1916,496.641965,55.82694713,49.51019466,16.78906864,0.254596978,1,148.7535461,137.4866543
2025-11-02T04:00:00+09:00,110284.5,110284.5,110159.1,110245.1,110454.0874,109653.6826,111742.049,109421.0433,110053.885,NaN,NaN,NaN,NaN,-1,5,115.7177,488.23141,55.05730832,49.3937239,16.80643032,0.207707495,1,148.3503558,137.1494293
2025-11-02T05:00:00+09:00,110245.1,110468.4,110245,110348.3,110468.1854,109706.4146,111737.476,109415.98,110087.3,NaN,NaN,NaN,NaN,-1,5,261.2328,474.02243,56.73960177,49.7100549,17.17176413,0.205825455,1,154.5763422,137.5833604
2025-11-02T06:00:00+09:00,110348.3,110375.9,109792.4,109810.9,110450.0373,109737.7527,111732.105,109410.795,110093.895,110479,NaN,NaN,NaN,-1,5,572.2485,476.292065,46.8954925,48.11138767,17.46441657,0.315011163,1,114.8231824,134.8025369
2025-11-02T07:00:00+09:00,109810.9,110049,109810.8,110049,110427.2123,109791.6477,111731.4405,109410.3833,110109.43,NaN,NaN,NaN,NaN,-1,5,253.6859,451.453275,50.9555003,48.85531568,17.56493493,0.281702753,1,101.3627503,132.3382668
2025-11-02T08:00:00+09:00,110049,110104.9,109911.4,110050.7,110419.5917,109785.9283,111731.6535,109416.73,110102.76,NaN,NaN,NaN,NaN,-1,5,150.1753,425.776815,50.98431438,48.86065958,17.36623329,0.246408284,1,89.79730913,130.2582268
2025-11-02T09:00:00+09:00,110050.7,110088.6,109854.7,109938.2,110405.9548,109769.5852,111730.185,109443.2967,110087.77,NaN,NaN,NaN,NaN,-1,5,226.1823,401.561495,48.93539058,48.51819088,16.9368893,0.235358921,1,70.73837595,124.3521188
2025-11-02T10:00:00+09:00,109938.2,110060.2,109878,109938.1,110405.3848,109755.7452,111728.9735,109482.345,110080.565,NaN,NaN,NaN,NaN,-1,5,110.683,386.2078,48.93350811,48.5178823,16.29787045,0.212149298,1,54.99205079,114.0540835
2025-11-02T11:00:00+09:00,109938.1,110230.3,109851.9,109978.9,110404.8775,109758.7025,111726.0375,109511.575,110081.79,NaN,109792.4,NaN,NaN,-1,5,303.4622,377.26565,49.78230984,48.6538963,15.56587606,0.256069063,1,45.28319716,103.1863455
2025-11-02T12:00:00+09:00,109978.9,110051,109928.5,110017.5,110404.8353,109758.3747,111723.28,109550.6233,110081.605,NaN,NaN,NaN,NaN,-1,5,99.5451,362.6953,50.61857817,48.78457655,14.6120744,0.207768121,1,40.23969991,91.12925152
2025-11-02T13:00:00+09:00,110017.5,110754.7,109984.6,110621,110500.3213,109705.0487,111722.1485,109592.6417,110102.685,NaN,NaN,NaN,NaN,1,1,810.9736,382.610185,61.43253562,50.78377357,14.32250083,0.369810007,1,83.97212002,83.97611421
2025-11-02T14:00:00+09:00,110621,110666.5,110230.5,110456.5,110547.5079,109708.3221,111719.239,109642.805,110127.915,NaN,NaN,NaN,NaN,1,1,943.1489,411.59715,57.72200688,50.23810176,14.63677097,0.378482346,1,104.1559578,78.37384927
2025-11-02T15:00:00+09:00,110456.5,110672.4,110250,110607,110621.0086,109683.9514,111717.434,109706.41,110152.48,NaN,NaN,NaN,NaN,1,1,439.4203,402.81986,60.09666882,50.73251759,15.52989837,0.379275785,1,130.7882414,80.14774471
2025-11-02T16:00:00+09:00,110607,110979.8,110369.7,110838.1,110744.0556,109635.3944,111716.8035,109778.6683,110189.725,NaN,NaN,NaN,NaN,1,1,778.9431,421.551455,63.48800699,51.488066,17.05298385,0.435804155,-1,168.598854,87.6184229
2025-11-02T17:00:00+09:00,110838.1,110954.5,110660,110799.9,110836.0798,109624.7502,111717.246,109834.4067,110230.415,NaN,NaN,NaN,NaN,1,1,376.357,427.79808,62.54181229,51.35517231,19.1487585,0.379234425,-1,193.2539054,99.11360027
2025-11-02T18:00:00+09:00,110799.9,110996.4,110461.6,110653.9,110881.1719,109654.2581,111715.437,109880.8467,110267.715,NaN,NaN,NaN,NaN,1,1,1004.5916,449.71191,58.92706611,50.84316669,21.3886694,0.414259454,-1,198.7214938,113.3339467
2025-11-02T19:00:00+09:00,110653.9,110810.7,110308.1,110441.7,110888.2211,109701.6389,111712.795,109923.805,110294.93,NaN,NaN,NaN,NaN,1,1,913.6284,470.112425,54.03843449,50.10203855,23.57411562,0.428397512,-1,183.8129492,127.6473798
2025-11-02T20:00:00+09:00,110441.7,111185,110431.9,111142.8,111037.6283,109641.1917,111713.6965,109971.9517,110339.41,NaN,NaN,NaN,NaN,1,1,1083.1144,488.4708,64.51346619,52.44028038,25.45587316,0.509662341,-1,225.9659361,147.7232397
2025-11-02T21:00:00+09:00,111142.8,111198,110628,110679.2,111065.69,109639.25,111711.3125,109995.7017,110352.47,NaN,NaN,NaN,NaN,1,1,1035.4706,502.3949,55.5051797,50.83235764,27.06818979,0.512865408,-1,219.4343341,167.6337546
2025-11-02T22:00:00+09:00,110679.2,110716.2,110123,110512.9,111080.7425,109660.6775,111707.2735,110011.305,110370.71,NaN,NaN,NaN,NaN,1,1,1658.022,565.739715,52.66436957,50.26794726,27.94695079,0.521348085,-1,198.550209,180.3646534
2025-11-02T23:00:00+09:00,110512.9,110621.8,110141.3,110370.2,111083.9282,109666.0618,111702.6025,110037.37,110374.995,NaN,NaN,NaN,NaN,1,1,858.8516,599.772715,50.28603737,49.78374273,28.02507173,0.493132438,-1,168.5418465,187.5186411
2025-11-03T00:00:00+09:00,110370.2,110518.7,110028.7,110070.5,111085.6052,109646.9248,111695.7555,110052.2767,110366.265,NaN,NaN,NaN,NaN,1,1,1022.5285,645.113255,45.62574612,48.77642774,27.39949351,0.478039837,-1,119.2026241,186.2313502
2025-11-03T01:00:00+09:00,110070.5,110099.1,109689,110074.9,111083.0859,109622.1041,111687.501,110053.0567,110352.595,NaN,NaN,NaN,NaN,1,1,1622.9047,713.19685,45.70530226,48.7919565,26.64480257,0.442868652,-1,79.5391008,176.3358221
2025-11-03T02:00:00+09:00,110074.9,110231.8,109982.5,110150.2,111063.8019,109675.3181,111680.9175,110058.4017,110369.56,111198,NaN,NaN,NaN,1,1,335.1728,701.343065,47.13093923,49.0617355,25.83914964,0.370486376,-1,53.56409995,160.8147326
2025-11-03T03:00:00+09:00,110150.2,110299.7,110125.9,110299.7,111061.6299,109702.5601,111674.8755,110070.5,110382.095,NaN,NaN,NaN,NaN,1,1,220.6401,699.690775,49.94129952,49.59988451,24.70442519,0.29917971,-1,44.52882463,143.6822138
2025-11-03T04:00:00+09:00,110299.7,110299.7,109909.8,110134.3,111058.5947,109713.9553,111667.982,110082.8283,110386.275,NaN,NaN,NaN,NaN,1,1,320.1847,708.191245,46.96669392,49.01504465,23.4140227,0.317760118,-1,23.74815224,125.8972364
2025-11-03T05:00:00+09:00,110134.3,110177.5,109843.5,110044.3,111051.2286,109731.9314,111658.9085,110083.1883,110391.58,NaN,NaN,NaN,NaN,1,1,164.2424,705.09425,45.38270683,48.69610219,22.51067692,0.313184709,-1,0.016877269,100.7917854
2025-11-03T06:00:00+09:00,110044.3,110089.2,109923.2,109944.1,111050.7083,109733.0517,111650.4785,110085.59,110391.88,NaN,109689,NaN,NaN,1,1,164.9837,707.809285,43.61891862,48.33861769,21.95920089,0.259308698,-1,-26.56935671,73.45804197
2025-11-03T07:00:00+09:00,109944.1,109980,109412.7,109865.6,111060.9075,109711.5225,111642.087,110087.4167,110386.215,NaN,NaN,NaN,NaN,1,1,1025.4141,743.90688,42.23405984,48.05647312,21.98399315,0.345115374,-1,-53.35835078,45.46820199
2025-11-03T08:00:00+09:00,109865.6,110707.3,109865.6,110500,111064.772,109755.908,111637.936,110089.7633,110410.34,NaN,NaN,NaN,NaN,1,1,1888.4239,833.35082,54.74015792,50.44281391,21.720125,0.482662489,1,-23.13139912,24.1711747
2025-11-03T09:00:00+09:00,110500,110715.5,109704.2,109704.2,111079.1518,109649.8482,111629.84,110091.3383,110364.5,NaN,NaN,NaN,NaN,1,1,911.5053,838.377405,42.35326631,47.64015772,21.40451403,0.631390017,1,-62.66832987,3.963290935
2025-11-03T10:00:00+09:00,109704.2,109848,109321.5,109615.7,111106.1087,109538.8113,111621.3005,110083.0833,110322.46,NaN,NaN,NaN,NaN,-1,1,1415.2823,861.984075,41.23574915,47.34154581,21.29096971,0.581371323,-1,-99.99021773,-15.98441112
2025-11-03T11:00:00+09:00,109615.7,109709.2,108630,109008.2,111200.5424,109284.4976,111607.9875,110054.35,110242.52,NaN,NaN,NaN,NaN,-1,1,2583.5361,969.189865,34.5053422,45.34965388,21.45426622,0.719746615,-1,-176.5530619,-41.55298466
2025-11-03T12:00:00+09:00,109008.2,109131.5,107854.1,107905.7,111457.1566,108734.6434,111589.5935,110016.645,110095.9,NaN,NaN,NaN,NaN,-1,1,3310.1197,1095.748695,26.16032014,42.07031527,22.00391714,0.87933744,-1,-322.4749134,-82.33117777
2025-11-03T13:00:00+09:00,107905.7,107962.8,107444,107862.8,111581.521,108316.569,111571.9375,110000.75,109949.045,NaN,NaN,NaN,NaN,-1,1,2200.9351,1186.9776,25.89785698,41.94981836,22.97552402,0.746785249,-1,-436.5484448,-133.4752441
2025-11-03T14:00:00+09:00,107862.8,108038.2,107353,107560.8,111694.57,107894.21,111552.5855,109972.175,109794.39,110715.5,NaN,NaN,NaN,-1,1,1364.1529,1204.955665,24.06728529,41.10378698,24.06510899,0.711599691,-1,-545.0385512,-194.0369584
2025-11-03T15:00:00+09:00,107560.8,107668.7,106960.7,107454.2,111774.0825,107515.9475,111531.951,109939.4783,109645.015,NaN,NaN,NaN,NaN,-1,1,2224.1572,1270.482105,23.437533,40.80723647,25.90382894,0.694498878,-1,-632.3303605,-261.3437366
2025-11-03T16:00:00+09:00,107454.2,107783.9,107222.5,107430.4,111679.1565,107239.6335,111511.1225,109900.105,109459.395,NaN,NaN,NaN,NaN,-1,1,1374.2055,1285.03666,23.29100008,40.74024568,28.25088375,0.637292122,-1,-695.4139107,-332.6832432
2025-11-03T17:00:00+09:00,107430.4,107671.3,106906.2,107558.9,111595.7085,107011.0515,111490.5675,109868.725,109303.38,NaN,NaN,111198,NaN,-1,1,1679.7705,1317.251655,25.98174794,41.27162772,30.92557312,0.661464231,-1,-726.6626875,-410.8533864
2025-11-03T18:00:00+09:00,107558.9,107890.2,107055.4,107176.6,111535.6298,106737.5002,111468.48,109829.7,109136.565,NaN,NaN,NaN,NaN,-1,1,1507.9345,1309.74728,23.35677183,40.17745604,33.49872094,0.702182908,-1,-773.3611572,-489.8192561
2025-11-03T19:00:00+09:00,107176.6,107589,106700,106934.4,111475.3525,106454.1975,111446.1185,109786.385,108964.775,NaN,NaN,NaN,NaN,-1,1,2045.4456,1369.07698,21.85059883,39.50019239,35.87580739,0.746299143,-1,-820.4558425,-569.8709922
2025-11-03T20:00:00+09:00,106934.4,107863.7,106932.1,107746.7,111358.8071,106338.3629,111428.7965,109756.245,108848.585,NaN,NaN,NaN,NaN,-1,1,1446.7532,1390.288215,36.61388868,42.80129257,37.81741133,0.78198869,-1,-783.2046034,-637.276719
2025-11-03T21:00:00+09:00,107746.7,108209.6,107654.7,107714.4,111220.9416,106240.1784,111410.4625,109723.485,108730.56,NaN,NaN,NaN,NaN,-1,1,2079.4109,1413.113525,36.32007301,42.70670335,39.1379644,0.693201656,-1,-747.6703893,-684.5206608
2025-11-03T22:00:00+09:00,107714.4,108014.5,107513.1,107853.3,111044.724,106186.706,111391.921,109693.0567,108615.715,NaN,NaN,NaN,NaN,-1,1,1097.92,1451.250885,38.60182769,43.25719427,39.87955685,0.616502852,-1,-700.2293909,-713.8185437
2025-11-03T23:00:00+09:00,107853.3,108273,107314,108004.8,110815.036,106186.904,111374.075,109664.165,108500.97,NaN,NaN,NaN,NaN,-1,1,2083.487,1544.39323,41.0816033,43.85781578,40.02294865,0.706399882,-1,-642.9952253,-724.7026186
2025-11-04T00:00:00+09:00,108004.8,108109.1,105469.8,105711.9,110766.1231,105793.5769,111344.2625,109589.6283,108279.85,NaN,NaN,NaN,NaN,-1,1,16609.2342,2358.845705,24.77354483,37.69351236,40.01037264,1.31337833,-1,-773.7354634,-740.4142967
2025-11-04T01:00:00+09:00,105711.9,106762.8,105268.4,106643.1,110554.9906,105664.5894,111318.8815,109529.7133,108109.79,NaN,NaN,NaN,NaN,-1,1,4480.2858,2574.647875,35.90215305,41.12423991,40.04189255,1.335043203,-1,-793.066015,-751.2645305
2025-11-04T02:00:00+09:00,106643.1,107716.7,106493.9,107436.4,110293.9228,105674.8872,111293.6915,109485.6167,107984.405,NaN,NaN,NaN,NaN,-1,1,3040.6088,2718.42913,43.56201475,43.81469079,39.63276143,1.262844162,-1,-735.8900538,-752.2897934
2025-11-04T03:00:00+09:00,107436.4,107550,106761,106908.2,110020.6309,105652.4391,111266.048,109434.8467,107836.535,NaN,NaN,NaN,NaN,-1,1,1430.988,2738.707825,40.12385709,42.49479376,39.00955869,1.092061105,-1,-724.8434739,-746.8989397
2025-11-04T04:00:00+09:00,106908.2,107351.7,106401.9,107040.6,109496.1843,105830.9457,111235.1505,109385.17,107663.565,108273,NaN,NaN,NaN,-1,1,1212.0724,2704.89025,41.37293705,42.93467659,38.48746747,1.022915835,-1,-697.3665983,-733.222357
2025-11-04T05:00:00+09:00,107040.6,107120.3,106262.6,106609.9,109137.331,105880.369,111200.669,109325.345,107508.85,NaN,NaN,NaN,NaN,-1,1,1043.7308,2711.501525,38.55525749,41.87105898,38.04303627,0.952872886,-1,-702.2497686,-724.2273754
2025-11-04T06:00:00+09:00,106609.9,107054.1,106024.6,106848.4,108702.7186,106038.2514,111166.6715,109273.62,107370.485,NaN,105268.4,NaN,NaN,-1,1,1222.7007,2701.872445,40.95336472,42.67384261,37.87785224,0.955002185,1,-679.047127,-716.6025685
2025-11-04T07:00:00+09:00,106848.4,106848.4,105767.4,106442.5,108401.8669,106082.5331,111131.327,109212.4,107242.2,NaN,NaN,NaN,NaN,-1,1,1463.2503,2645.858155,38.21945769,41.67394344,37.58228697,0.977619876,1,-685.5094775,-714.9670225
2025-11-04T08:00:00+09:00,106442.5,106710,105988.6,106532.6,108330.5382,106016.5518,111095.7575,109153.0567,107173.545,NaN,NaN,NaN,NaN,-1,1,615.5412,2511.12923,39.18987926,41.98199106,37.13843816,0.876916572,1,-675.5730344,-718.5867791
2025-11-04T09:00:00+09:00,106532.6,106769.2,105810,106428,108256.8807,105946.7293,111060.558,109093.755,107101.805,NaN,NaN,NaN,NaN,-1,1,1827.6476,2492.464855,38.43508575,41.72085301,37.01040207,0.885607813,1,-668.4333935,-706.8865491
2025-11-04T10:00:00+09:00,106428,107239.6,106222.2,106983.6,108209.3989,105936.4911,111028.4755,109045.0167,107072.945,NaN,NaN,NaN,NaN,-1,1,1506.8132,2499.59787,44.54468397,43.62236631,36.89972329,0.904334672,1,-610.9008156,-686.6459714
2025-11-04T11:00:00+09:00,106983.6,107180,106407.3,106428.7,108177.0704,105866.2696,110992.8885,108987.205,107021.67,NaN,NaN,NaN,NaN,-1,1,1054.1279,2441.096405,40.24864862,42.21796631,36.71933558,0.848041796,1,-603.1291284,-671.8947575
2025-11-04T12:00:00+09:00,106428.7,107180,106167.2,107098,108145.9262,105864.1738,110960.5805,108934.6183,107005.05,NaN,105767.4,NaN,NaN,-1,1,992.6516,2422.01871,46.90064486,44.4211568,36.52510745,0.877053327,1,-536.7754804,-650.9983137
2025-11-04T13:00:00+09:00,107098,107239,106650,106696.2,108080.7911,105843.0389,110927.721,108872.5883,106961.915,NaN,NaN,NaN,NaN,-1,1,566.4019,2366.35028,43.75164636,43.40686801,36.22517044,0.770915661,1,-510.7243261,-630.2602835
2025-11-04T14:00:00+09:00,106696.2,106696.3,104144.8,104169.9,108458.1925,105164.9675,110881.284,108772.9517,106811.58,NaN,NaN,NaN,NaN,-1,2,6388.8859,2610.39785,30.07761204,37.85850293,36.25330429,1.342862455,-1,-686.0218625,-628.4571828
2025-11-04T15:00:00+09:00,104169.9,105186.2,104137.9,104703.7,108583.4428,104816.6472,110831.589,108679.9383,106700.045,107239.6,NaN,NaN,NaN,-1,2,3488.1101,2682.531075,34.72019272,39.52584563,36.58040502,1.22441294,-1,-772.962988,-638.8922785
2025-11-04T16:00:00+09:00,104703.7,104886.6,104261.2,104436.1,108594.5098,104474.5202,110781.3085,108583.1217,106534.515,NaN,NaN,NaN,NaN,-1,2,2733.0356,2746.845195,33.51869612,38.99046342,37.13562234,1.017978554,-1,-853.617568,-657.5709552
2025-11-04T17:00:00+09:00,104436.1,104594.8,103697,104022.4,108606.2369,104093.5931,110727.881,108477.69,106349.915,NaN,NaN,NaN,NaN,-1,2,3710.7185,2828.410575,31.69276398,38.17442698,38.23070768,0.969045834,-1,-940.0823521,-686.9608794
2025-11-04T18:00:00+09:00,104022.4,104114.6,103605.7,103819.9,108547.5089,103748.9811,110670.8805,108377.84,106148.245,NaN,NaN,NaN,NaN,-1,2,1701.0317,2858.56616,30.80808361,37.77933356,39.82609467,0.810682559,-1,-1013.266074,-725.2756216
2025-11-04T19:00:00+09:00,103819.9,104053.5,103568,103785.3,108387.9369,103486.6031,110615.7055,108273.445,105937.27,NaN,NaN,NaN,NaN,-1,2,1622.0652,2835.49507,30.65064847,37.71125597,41.79850935,0.696566099,-1,-1061.816669,-775.3773831
2025-11-04T20:00:00+09:00,103785.3,104658.9,103737.6,104540.2,108403.015,103354.355,110563.8455,108181.6033,105878.685,NaN,NaN,NaN,NaN,-1,2,1819.3383,2096.000275,38.08481363,40.11472274,43.79232292,0.754786653,-1,-1027.534467,-822.5335319
2025-11-04T21:00:00+09:00,104540.2,104595.8,103790.2,103913.3,108379.126,103105.264,110507.412,108081.1883,105742.195,NaN,NaN,NaN,NaN,-1,2,2058.368,1974.904385,34.7530355,38.84409809,45.32326038,0.764647372,-1,-1038.974515,-878.3334246
2025-11-04T22:00:00+09:00,103913.3,104195,103520,103870.1,108200.7536,102927.0064,110449.2625,107980.055,105563.88,NaN,NaN,NaN,NaN,-1,2,1573.9566,1901.571775,34.5288659,38.75773817,46.49362631,0.726593645,-1,-1039.543503,-937.091111
2025-11-04T23:00:00+09:00,103870.1,104650,102888,104460.3,108044.4292,102838.5408,110391.624,107888.0783,105441.485,NaN,NaN,NaN,NaN,-1,2,6878.2421,2173.93448,40.20376269,40.59955807,47.45605594,1.043914001,-1,-981.0611608,-969.8732552
2025-11-05T00:00:00+09:00,104460.3,104799.9,103144,103159.9,107922.2234,102572.6766,110329.8825,107773.785,105247.45,NaN,NaN,NaN,NaN,-1,2,4170.8809,2321.874905,33.34558304,38.02724735,48.07665311,1.23977482,-1,-1027.79709,-998.1881555
2025-11-05T01:00:00+09:00,103159.9,103467.7,102127.7,102225.1,107929.5569,102126.8631,110266.108,107633.8533,105028.21,NaN,NaN,NaN,NaN,-1,2,4850.0159,2512.18916,29.45568901,36.33775288,48.54009007,1.271018869,-1,-1127.271712,-1028.594171
2025-11-05T02:00:00+09:00,102225.1,102231.3,100745.1,101062.8,107989.3698,101488.4902,110195.4165,107477.2917,104738.93,NaN,NaN,NaN,NaN,-1,2,7144.7967,2808.29396,25.47627124,34.39798712,48.99063654,1.347281301,-1,-1285.080356,-1066.927283
2025-11-05T03:00:00+09:00,101062.8,101475.6,99962,101329.1,107954.4051,101012.1149,110125.0115,107322.66,104483.26,NaN,NaN,NaN,NaN,-1,2,6890.5073,3079.65681,27.88031186,35.20694784,49.84054496,1.393742572,-1,-1372.831512,-1106.878998
2025-11-05T04:00:00+09:00,101329.1,101678.9,100357.3,100498.8,107925.8999,100437.2401,110051.023,107150.3383,104181.57,NaN,NaN,NaN,NaN,-1,2,1799.619,3138.8607,25.15554408,33.87729664,50.96005078,1.375185113,-1,-1492.172372,-1154.696299
2025-11-05T05:00:00+09:00,100498.8,101070.5,99500,100709.8,107780.8081,100010.5119,109979.5015,106982.17,103895.66,104799.9,NaN,NaN,NaN,-1,2,8552.2918,3475.09291,27.10521113,34.51884287,52.32720708,1.434679668,-1,-1551.836323,-1212.95206
2025-11-05T06:00:00+09:00,100709.8,100789.8,98888,100263.6,107480.6407,99638.67934,109904.706,106808.9983,103559.66,NaN,NaN,NaN,NaN,-1,2,6711.9935,3735.351925,25.58726461,33.8106799,53.83717427,1.592976264,-1,-1616.491142,-1277.120575
2025-11-05T07:00:00+09:00,100263.6,101864.1,100042.2,101250.2,107112.0817,99489.38829,109837.1165,106655.8067,103300.735,NaN,NaN,NaN,NaN,-1,2,3965.9311,3880.942085,34.34279206,36.74003693,55.15193337,1.651437297,-1,-1570.021942,-1336.062623
2025-11-05T08:00:00+09:00,101250.2,101667.1,100838.3,101424.2,106484.7353,99549.35469,109769.59,106493.83,103017.045,NaN,NaN,NaN,NaN,-1,2,2302.9798,3946.458495,35.77798987,37.24010551,56.12612148,1.371456757,-1,-1501.842118,-1393.927174
2025-11-05T09:00:00+09:00,101424.2,101691.6,100294.2,100515.2,105899.7716,99516.2184,109694.9085,106324.43,102707.995,NaN,NaN,NaN,NaN,-1,2,2869.762,4061.6265,31.85991058,35.73367935,56.72847291,1.385985433,-1,-1503.822689,-1446.818907
2025-11-05T10:00:00+09:00,100515.2,100968.7,98913.8,100717.2,105765.4445,99305.27545,109620.2445,106161.1683,102535.36,NaN,NaN,NaN,NaN,-1,2,5081.8421,3996.27431,33.60010138,36.31805964,57.08234,1.602226187,-1,-1472.122877,-1485.135703
2025-11-05T11:00:00+09:00,100717.2,101888.3,100709.9,101634.5,105474.0217,99289.77834,109552.014,106015.5733,102381.9,NaN,98888,NaN,NaN,-1,2,3937.0172,4018.719665,40.97226547,38.89385799,57.00709081,1.444993156,-1,-1357.335584,-1493.164062
2025-11-05T12:00:00+09:00,101634.5,102224.9,101409.9,102093,105210.7695,99318.72051,109487.996,105882.615,102264.745,NaN,NaN,NaN,NaN,-1,2,1936.0813,3978.87195,44.30106107,40.12949604,56.3802364,1.225099709,-1,-1215.35881,-1475.667095
2025-11-05T13:00:00+09:00,102093,102199.7,101472.6,101947.7,104996.1907,99325.82927,109425.699,105747.1617,102161.01,NaN,NaN,NaN,NaN,-1,2,1369.4047,3861.80626,43.46453967,39.8686889,55.21439262,1.055633458,-1,-1101.864085,-1432.299508
2025-11-05T14:00:00+09:00,101947.7,102321,101540.1,101766.2,104792.7106,99323.93938,109363.2645,105607.4283,102058.325,NaN,NaN,NaN,NaN,-1,2,1219.1068,3837.710015,42.38782711,39.54099435,53.93339409,0.960793158,-1,-1014.865494,-1372.636082
2025-11-05T15:00:00+09:00,101766.2,102099.4,101426.2,102065.1,104589.7172,99354.91276,109303.166,105470.185,101972.315,NaN,NaN,NaN,NaN,-1,2,1058.5176,3809.532635,44.81242635,40.36502326,52.57008824,0.858512647,-1,-911.2949114,-1294.280946
2025-11-05T16:00:00+09:00,102065.1,102096.3,101550,101945.5,104180.2727,99504.88734,109242.523,105333.705,101842.58,NaN,NaN,NaN,NaN,-1,2,663.6374,3751.74759,44.01423176,40.14154481,51.05998793,0.751638075,-1,-829.3054814,-1211.979117
2025-11-05T17:00:00+09:00,101945.5,101946.1,101126,101646.8,103865.4962,99593.01381,109181.044,105193.7467,101729.255,NaN,NaN,NaN,NaN,-1,2,1878.0583,3742.732105,42.00203969,39.58282243,49.3650159,0.771502362,-1,-779.4458941,-1131.71287
2025-11-05T18:00:00+09:00,101646.8,102174.3,101557.6,101945.9,103535.4762,99730.61379,109118.8265,105060.4433,101633.045,NaN,NaN,NaN,NaN,-1,2,1254.9595,3726.78225,44.72697032,40.43036777,47.69882917,0.714468794,-1,-707.6397114,-1043.248094
2025-11-05T19:00:00+09:00,101945.9,101946.1,101233.2,101350.1,102870.3194,100084.7506,109056.1015,104918.5183,101477.535,102321,NaN,NaN,NaN,-1,2,860.8054,3425.910415,40.6317521,39.30903674,46.23160055,0.713580379,1,-690.8452412,-956.4394681
2025-11-05T20:00:00+09:00,101350.1,102059,101331.7,102025.4,102612.8412,100228.7788,108996.8785,104777.275,101420.81,NaN,NaN,NaN,NaN,-1,2,880.138,3261.37327,46.59978869,41.19608701,44.89170703,0.710192055,1,-615.9442147,-874.0626493
2025-11-05T21:00:00+09:00,102025.4,102746.1,101867.5,102620.7,102696.7525,100184.4275,108940.3375,104659.2167,101440.59,NaN,NaN,NaN,NaN,1,1,2101.724,3123.958675,51.25198466,42.79665755,43.41691758,0.756102349,1,-502.7534479,-794.8842757
2025-11-05T22:00:00+09:00,102620.7,103199.7,102238.5,102919.8,102930.7685,100136.1115,108887.0655,104547.6183,101533.44,NaN,101126,NaN,NaN,1,1,1892.1142,2861.32455,53.44647083,43.58425498,41.73323259,0.813913697,1,-384.4820102,-715.1751563
2025-11-05T23:00:00+09:00,102919.8,103397.6,102102.6,103127,103178.8858,100067.7842,108832.3175,104449.5983,101623.335,NaN,NaN,NaN,NaN,1,1,2492.8704,2641.442705,54.95912871,44.12826045,39.92385682,0.960096676,1,-270.9088665,-632.5133088
2025-11-06T00:00:00+09:00,103127,103723.8,102750,103655.1,103481.9775,100080.3225,108779.9715,104378.755,101781.15,NaN,NaN,NaN,NaN,1,1,2250.3979,2663.98165,58.64723756,45.49572095,38.01181446,0.949957374,-1,-136.7121429,-546.4485567
2025-11-06T01:00:00+09:00,103655.1,103971.4,103000,103859.5,103790.1094,100087.1606,108727.4615,104312.0333,101938.635,NaN,NaN,NaN,NaN,1,1,1586.6084,2315.69748,60.01205767,46.01774819,36.17959247,0.943825884,-1,-13.70887356,-455.8267114
2025-11-06T02:00:00+09:00,103859.5,103948.8,103330,103852.6,103981.0537,100255.1163,108674.4205,104250.23,102118.085,NaN,NaN,NaN,98888,1,1,1138.1325,2037.00443,59.94013902,46.00256484,34.34513678,0.827873893,-1,82.26700842,-360.0808333
2025-11-06T03:00:00+09:00,103852.6,104380,103701.7,104297.8,104314.3241,100226.6059,108623.1985,104197.6233,102270.465,NaN,NaN,NaN,NaN,1,1,1036.0293,1890.50934,63.01953875,47.15108668,32.69055236,0.766343146,-1,192.0388019,-260.1165541
2025-11-06T04:00:00+09:00,104297.8,104485.8,103916.9,103949.1,104526.0149,100267.4051,108571.5235,104139.6017,102396.71,NaN,NaN,NaN,NaN,1,1,868.9061,1818.805655,59.18220771,46.36261574,31.51993644,0.695038272,-1,248.0373432,-155.7962669
2025-11-06T05:00:00+09:00,103949.1,104477,103560.6,103773.9,104584.2591,100535.0309,108518.406,104076.5183,102559.645,NaN,NaN,NaN,NaN,1,1,1245.5135,1737.59323,57.29450392,45.96834923,30.65952494,0.758499024,-1,275.1081395,-56.79044979
2025-11-06T06:00:00+09:00,103773.9,103773.9,103411,103608.2,104590.0519,100818.3381,108459.1615,104017.045,102704.195,NaN,NaN,NaN,NaN,1,1,579.3273,1512.46749,55.49171885,45.59400345,29.94055681,0.623228675,-1,279.9640837,30.17816483
2025-11-06T07:00:00+09:00,103608.2,103721.7,103225.7,103649,104666.5204,100943.3196,108402.3045,103962.2883,102804.92,NaN,NaN,NaN,NaN,1,1,661.7179,1348.702525,55.86000518,45.70514213,29.15463083,0.574834948,-1,283.8328253,104.4353688
2025-11-06T08:00:00+09:00,103649,104044.5,103600,103830.1,104774.3832,101009.1668,108348.542,103897.0117,102891.775,NaN,NaN,NaN,NaN,1,1,636.6857,1283.732745,57.53947838,46.20309572,28.36788425,0.525255955,-1,298.0760522,167.6559153
2025-11-06T09:00:00+09:00,103830.1,103840.7,103260,103623.4,104831.6132,101119.5068,108290.2005,103828.8283,102975.56,104485.8,NaN,NaN,NaN,1,1,866.5301,1258.589015,54.9687094,45.71459867,27.40859058,0.53766735,-1,289.3495086,214.9960988
2025-11-06T10:00:00+09:00,103623.4,103623.5,102668,103301.2,104827.1535,101277.4665,108230.527,103752.96,103052.31,NaN,NaN,NaN,NaN,1,1,1558.639,1275.565625,51.13363708,44.95821895,26.32142475,0.667884587,-1,253.5124787,244.6873602
2025-11-06T11:00:00+09:00,103301.2,103520,102804.6,103267.7,104829.9873,101394.8927,108172.0305,103674.0083,103112.44,NaN,NaN,NaN,NaN,1,1,583.13,1251.796245,50.73727771,44.87940444,25.08847336,0.676321698,-1,219.8736377,259.9769856
2025-11-06T12:00:00+09:00,103267.7,103896.5,103267.7,103596.2,104837.283,101552.667,108121.7675,103638.7467,103194.975,NaN,NaN,NaN,NaN,1,1,793.0017,1258.26446,54.46467861,45.83001189,23.73099071,0.651775427,-1,217.2178662,262.7746595
2025-11-06T13:00:00+09:00,103596.2,104186.2,103525.7,103981.6,104824.0143,101799.4157,108077.897,103594.3883,103311.715,NaN,NaN,NaN,NaN,1,1,750.7519,1201.89914,58.43792868,46.92623361,22.43477553,0.644642626,-1,243.4058758,262.260052
2025-11-06T14:00:00+09:00,103981.6,103981.6,103017.1,103094.9,104751.25,101987.08,108028.626,103522.03,103369.165,NaN,NaN,NaN,NaN,1,1,973.7708,1187.839705,48.04977169,44.79706964,21.28604136,0.745306649,-1,190.4157879,252.8497907
2025-11-06T15:00:00+09:00,103094.9,103548.2,102940.6,103265.9,104494.6462,102435.2638,107979.0255,103461.325,103464.955,NaN,102668,NaN,NaN,1,1,752.3378,1182.416325,49.89942562,45.28579821,20.16847913,0.69217631,1,160.3703824,239.5616017
2025-11-06T16:00:00+09:00,103265.9,103526.3,102862.2,103132.8,104330.0177,102710.6323,107930.359,103396.195,103520.325,NaN,NaN,NaN,NaN,1,1,1609.0661,1218.86273,48.45334207,44.96945392,19.28390643,0.676688759,1,124.3852882,221.8452087
2025-11-06T17:00:00+09:00,103132.8,103396.8,102929,103153.7,104266.5437,102827.4063,107884.1775,103338.5917,103546.975,NaN,NaN,NaN,NaN,1,1,902.9283,1158.922945,48.70472059,45.03100545,18.45378758,0.602200447,1,96.44157873,199.4413783
2025-11-06T18:00:00+09:00,103153.7,103211.1,102760,102760,104289.1317,102788.8383,107835.774,103270.4517,103538.985,104186.2,NaN,NaN,NaN,1,1,639.5768,1096.296075,44.32009848,44.08285193,17.75215289,0.549333102,1,42.04304188,171.962882
2025-11-06T19:00:00+09:00,102760,103242.3,102585.3,103079.1,104292.2682,102780.9118,107788.119,103214.395,103536.59,NaN,NaN,NaN,NaN,1,1,1054.1264,1024.358875,48.37661859,45.04032682,17.43102757,0.577546561,1,24.39925327,146.5058569
2025-11-06T20:00:00+09:00,103079.1,103269.8,102684.1,103188,104281.5851,102744.8849,107741.7335,103158.6517,103513.235,NaN,NaN,NaN,NaN,1,1,971.4733,960.412645,49.72282545,45.3662381,17.33670279,0.573826283,1,18.98489749,124.1848858
2025-11-06T21:00:00+09:00,103188,103299.5,102343.4,102518.6,104310.0543,102582.3257,107690.546,103093.495,103446.19,NaN,NaN,NaN,NaN,-1,1,1904.8056,976.322505,42.40294652,43.73869047,17.59930195,0.695919156,1,-38.87290145,95.73035603
2025-11-06T22:00:00+09:00,102518.6,103607.3,102518.6,103271.2,104263.2712,102570.9688,107642.0215,103031.6217,103417.12,NaN,NaN,NaN,NaN,-1,1,1852.9703,1012.064395,51.11613016,45.96364104,17.92513314,0.811969892,1,-23.72362255,66.04930066
2025-11-06T23:00:00+09:00,103271.2,103539.9,102150.6,102596.1,104145.0364,102521.7936,107588.9755,102968.205,103333.415,NaN,NaN,NaN,NaN,-1,1,1908.3931,1055.682585,44.59855608,44.35731208,18.43468269,NaN,1,-65.43830577,37.62106803
