time,open,high,low,close,bb1 Upper,bb1 Lower,SMA 200,SMA 60,SMA 20,IT_High,IT_Low,LT_High,LT_Low,Market_Struct,BOS_Count,PivHigh_Dist,PivLow_Dist,Divergence,Volume,Volume MA, rsi, rsi2 ,ADX,ATR,ATR2,ATR3,SqueezeState,MACD,Signal
2025-07-10T20:00:00+09:00,111049.80 ,111139.30 ,110924.40 ,110983.80 ,112178.8771,109485.8529,108749.8595,109339.59,110832.365,,,,,1,5,0.49 ,2.27 ,0,946,3619,59.45 ,58.14 ,46.36 ,0.22 ,0.73 ,1.37 ,-1,470.65 ,579.06 
2025-07-10T21:00:00+09:00,110983.80 ,110983.80 ,110702.80 ,110822.10 ,112067.8592,109744.4708,108772.325,109382.5517,110906.165,,,,,1,5,0.64 ,2.12 ,0,2774,3542,56.16 ,57.23 ,45.82 ,0.23 ,0.72 ,1.34 ,-1,424.43 ,553.72 
2025-07-10T22:00:00+09:00,110822.10 ,110994.10 ,110450.00 ,110761.10 ,111810.9977,110167.2023,108793.238,109434.4033,110989.1,,,,,1,5,0.69 ,2.07 ,0,5515,3643,54.93 ,56.89 ,44.68 ,0.32 ,0.71 ,1.32 ,-1,378.51 ,524.44 
2025-07-10T23:00:00+09:00,110761.10 ,111265.00 ,110600.00 ,111195.10 ,111525.0335,110624.0765,108814.469,109491.9583,111074.555,,,,,1,5,0.30 ,2.45 ,0,5391,3713,61.42 ,58.68 ,43.11 ,0.41 ,0.71 ,1.32 ,1,372.85 ,496.72 
2025-07-11T00:00:00+09:00,111195.10 ,111356.10 ,110906.70 ,111340.90 ,111423.9672,110688.3428,108836.12,109549.9717,111056.155,,,112000,,1,5,0.17 ,2.58 ,0,4265,2546,63.33 ,59.25 ,41.25 ,0.41 ,0.66 ,1.23 ,1,375.79 ,470.60 
2025-07-11T01:00:00+09:00,111340.90 ,112668.20 ,111274.30 ,112580.00 ,111883.1229,110418.7771,108860.6315,109626.4983,111150.95,,,,,1,6,0.93 ,3.65 ,0,14726,2810,74.77 ,63.66 ,39.70 ,0.68 ,0.63 ,1.17 ,-1,472.66 ,457.12 
2025-07-11T02:00:00+09:00,112580.00 ,113752.00 ,112520.00 ,113673.10 ,112598.5653,109991.8347,108891.151,109718.3567,111295.2,,,,,1,6,1.89 ,4.58 ,0,11171,3186,80.54 ,66.89 ,38.79 ,0.81 ,0.62 ,1.15 ,-1,630.36 ,463.27 
2025-07-11T03:00:00+09:00,113673.10 ,113700.00 ,112951.50 ,113387.70 ,112989.0418,109806.5682,108919.1865,109804.21,111397.805,,110450,,,1,6,1.64 ,2.59 ,0,5903,3380,75.67 ,65.34 ,38.42 ,0.76 ,0.61 ,1.15 ,-1,723.97 ,483.95 
2025-07-11T04:00:00+09:00,113387.70 ,113636.50 ,113055.50 ,113239.70 ,113277.8583,109722.4417,108948.185,109884.5167,111500.15,,,,,1,6,1.51 ,2.46 ,0,3876,3489,73.20 ,64.55 ,38.78 ,0.68 ,0.62 ,1.16 ,-1,777.26 ,514.05 
2025-07-11T05:00:00+09:00,113239.70 ,113527.70 ,113206.50 ,113429.80 ,113567.0643,109689.7457,108978.6265,109971.6267,111628.405,,,,,1,6,1.68 ,2.63 ,0,1828,3502,74.36 ,65.10 ,39.98 ,0.55 ,0.62 ,1.16 ,-1,825.31 ,553.46 
2025-07-11T06:00:00+09:00,113429.80 ,117500.00 ,113323.90 ,116465.30 ,114741.8078,109047.6522,109022.3475,110105.87,111894.73,,,,,1,6,4.24 ,5.16 ,0,29527,4896,85.29 ,72.18 ,42.03 ,1.55 ,0.70 ,1.30 ,-1,1095.70 ,628.05 
2025-07-11T07:00:00+09:00,116465.30 ,116473.20 ,115768.80 ,115984.10 ,115469.1585,108801.5715,109061.851,110226.1817,112135.365,,,,,1,6,3.84 ,4.77 ,0,7093,5139,79.50 ,69.89 ,44.81 ,1.24 ,0.76 ,1.41 ,-1,1256.67 ,725.62 
2025-07-11T08:00:00+09:00,115984.10 ,116077.70 ,115626.00 ,115973.20 ,116066.5391,108698.1009,109098.2495,110347.46,112382.32,,,,,1,6,3.83 ,4.76 ,0,2896,5230,79.37 ,69.84 ,47.70 ,0.96 ,0.80 ,1.49 ,-1,1367.60 ,836.15 
2025-07-11T09:00:00+09:00,115973.20 ,116045.30 ,115189.60 ,115555.20 ,116486.0996,108722.7504,109129.276,110458.3983,112604.425,,,,,1,6,3.48 ,4.42 ,0,4154,5391,74.30 ,67.88 ,50.30 ,0.89 ,0.84 ,1.57 ,-1,1405.58 ,950.57 
2025-07-11T10:00:00+09:00,115555.20 ,116038.50 ,115466.90 ,115921.80 ,116916.2611,108778.8589,109163.4815,110574.2333,112847.56,,,,,1,6,3.79 ,4.72 ,0,4180,5550,75.76 ,68.67 ,52.66 ,0.75 ,0.88 ,1.64 ,-1,1448.56 ,1059.00 
2025-07-11T11:00:00+09:00,115921.80 ,116757.30 ,115675.30 ,116608.70 ,117424.7571,108811.2129,109199.0965,110712.0833,113117.985,117500,,,,1,6,0.76 ,5.28 ,0,4524,5719,78.26 ,70.07 ,54.85 ,0.81 ,0.92 ,1.72 ,-1,1520.52 ,1157.91 
2025-07-11T12:00:00+09:00,116608.70 ,116924.00 ,116315.30 ,116826.90 ,117898.3634,108901.6466,109235.186,110855.5283,113400.005,,,,,1,6,0.58 ,5.46 ,0,3162,5796,79.00 ,70.49 ,56.90 ,0.71 ,0.95 ,1.78 ,-1,1576.98 ,1252.69 
2025-07-11T13:00:00+09:00,116826.90 ,116867.90 ,116432.70 ,116844.90 ,118299.8289,109064.6711,109273.9605,110996.425,113682.25,,,,,1,6,0.56 ,5.47 ,0,3262,5907,79.06 ,70.53 ,58.57 ,0.60 ,0.98 ,1.83 ,-1,1604.68 ,1344.62 
2025-07-11T14:00:00+09:00,116844.90 ,118393.10 ,116844.90 ,117817.40 ,118802.1975,109243.8625,109316.077,111144.3967,114023.03,,,,,1,7,0.27 ,6.25 ,0,15071,6607,82.19 ,72.35 ,60.00 ,0.83 ,1.02 ,1.91 ,-1,1685.68 ,1440.22 
2025-07-11T15:00:00+09:00,117817.40 ,118350.00 ,117574.90 ,117616.00 ,119170.3813,109532.2987,109358.6465,111286.4067,114351.34,,,,,1,7,0.10 ,6.09 ,0,5546,6790,79.54 ,71.42 ,61.27 ,0.78 ,1.06 ,1.99 ,-1,1713.86 ,1508.90 
2025-07-11T16:00:00+09:00,117616.00 ,118090.10 ,117433.40 ,117519.50 ,119425.2702,109930.9798,109402.2105,111432.8983,114678.125,,,,,1,7,0.02 ,6.02 ,0,5416,7014,78.24 ,70.97 ,62.52 ,0.70 ,1.10 ,2.05 ,-1,1708.70 ,1559.13 
2025-07-11T17:00:00+09:00,117519.50 ,118095.00 ,117519.50 ,117943.00 ,119637.0399,110431.3001,109447.448,111588.9483,115034.17,,,,,1,7,0.38 ,6.35 ,0,3705,7061,79.80 ,71.76 ,63.76 ,0.63 ,1.13 ,2.11 ,-1,1718.98 ,1598.17 
2025-07-11T18:00:00+09:00,117943.00 ,118862.90 ,117861.10 ,118463.80 ,119811.7693,111026.8407,109495.0145,111749.2217,115419.305,,,,,1,7,0.81 ,6.76 ,0,8048,7187,81.55 ,72.70 ,64.98 ,0.70 ,1.16 ,2.16 ,-1,1748.99 ,1636.33 
2025-07-11T19:00:00+09:00,118463.80 ,118463.80 ,117930.00 ,117965.80 ,119827.6637,111688.0163,109541.443,111900.985,115757.84,,,,,1,7,0.39 ,6.37 ,0,2705,7053,74.87 ,70.42 ,66.17 ,0.62 ,1.17 ,2.19 ,-1,1712.84 ,1665.69 
2025-07-11T20:00:00+09:00,117965.80 ,118096.60 ,117583.10 ,117792.60 ,119696.1404,112464.7096,109587.402,112049.7767,116080.425,,,,,1,7,0.25 ,6.23 ,0,2300,6955,72.64 ,69.64 ,67.12 ,0.56 ,1.19 ,2.21 ,-1,1651.18 ,1680.21 
2025-07-11T21:00:00+09:00,117792.60 ,118228.80 ,117701.40 ,117837.10 ,119654.4148,113032.1452,109632.8645,112199.0617,116343.28,,,,,1,7,0.29 ,6.27 ,0,1910,6314,72.86 ,69.73 ,67.77 ,0.52 ,1.17 ,2.19 ,-1,1587.61 ,1681.39 
2025-07-11T22:00:00+09:00,117837.10 ,118166.70 ,117249.30 ,117969.30 ,119701.632,113414.548,109676.229,112353.0883,116558.09,,,,,1,7,0.40 ,6.37 ,0,4994,6005,73.55 ,69.99 ,67.90 ,0.61 ,1.16 ,2.16 ,-1,1530.25 ,1673.12 
2025-07-11T23:00:00+09:00,117969.30 ,118157.10 ,117379.60 ,117850.80 ,119610.8402,113951.6498,109718.383,112507.74,116781.245,118862.9,,,,1,7,0.86 ,6.28 ,0,3119,5866,71.78 ,69.44 ,67.61 ,0.62 ,1.15 ,2.14 ,-1,1458.42 ,1647.87 
2025-07-12T00:00:00+09:00,117850.80 ,117959.70 ,116740.10 ,116917.10 ,119281.6985,114648.5315,109756.8305,112650.9167,116965.115,,,,,1,7,1.66 ,5.53 ,0,5029,5923,59.63 ,65.30 ,66.62 ,0.77 ,1.15 ,2.16 ,-1,1311.04 ,1603.11 
2025-07-12T01:00:00+09:00,116917.10 ,117457.60 ,116618.60 ,117408.50 ,118821.725,115506.375,109797.281,112799.3483,117164.05,,,,,1,7,1.24 ,5.93 ,0,4768,6070,63.17 ,66.38 ,64.88 ,0.75 ,1.17 ,2.18 ,-1,1219.83 ,1548.79 
2025-07-12T02:00:00+09:00,117408.50 ,117746.80 ,117250.50 ,117633.70 ,118859.7539,115585.1861,109835.9685,112947.72,117222.47,,,,,1,7,1.04 ,6.11 ,0,2527,4720,64.69 ,66.86 ,62.55 ,0.64 ,1.10 ,2.06 ,-1,1152.44 ,1485.84 
2025-07-12T03:00:00+09:00,117633.70 ,117738.00 ,117291.90 ,117699.50 ,118854.2258,115762.2542,109875.467,113096.2317,117308.24,,,,,1,7,0.99 ,6.16 ,0,1747,4453,65.15 ,67.00 ,59.90 ,0.55 ,1.05 ,1.96 ,-1,1091.75 ,1412.82 
2025-07-12T04:00:00+09:00,117699.50 ,118123.70 ,117405.10 ,118076.70 ,118865.126,115961.704,109918.0355,113253.2633,117413.415,,,,,1,7,0.67 ,6.46 ,0,2527,4435,67.71 ,67.80 ,57.06 ,0.57 ,1.02 ,1.91 ,-1,1061.85 ,1340.49 
2025-07-12T05:00:00+09:00,118076.70 ,118076.70 ,117617.90 ,117617.90 ,118692.4274,116340.6726,109960.5245,113403.36,117516.55,,,,,1,7,1.06 ,6.09 ,0,1377,4296,61.76 ,65.82 ,54.32 ,0.51 ,0.99 ,1.85 ,-1,989.73 ,1266.99 
2025-07-12T06:00:00+09:00,117617.90 ,117856.90 ,117439.30 ,117590.60 ,118520.4736,116679.5064,109997.4095,113551.535,117599.99,,116618.6,,,1,7,1.08 ,0.83 ,0,1370,4155,61.41 ,65.70 ,51.54 ,0.46 ,0.97 ,1.81 ,1,919.76 ,1192.79 
2025-07-12T07:00:00+09:00,117590.60 ,117630.20 ,117133.00 ,117589.00 ,118449.7378,116848.2722,110037.024,113697.535,117649.005,,,,,1,7,1.08 ,0.83 ,0,2935,4076,61.39 ,65.69 ,48.89 ,0.45 ,0.94 ,1.76 ,1,854.34 ,1117.69 
2025-07-12T08:00:00+09:00,117589.00 ,117649.80 ,117413.90 ,117499.90 ,118393.9348,116971.3752,110079.0895,113839.2767,117682.655,,,,,1,7,1.16 ,0.75 ,0,620,3949,60.12 ,65.30 ,46.42 ,0.37 ,0.92 ,1.71 ,1,786.23 ,1043.00 
2025-07-12T09:00:00+09:00,117499.90 ,117627.40 ,117103.40 ,117365.90 ,118327.4978,117089.9122,110119.745,113974.0317,117708.705,,,,,1,7,1.28 ,0.64 ,0,1770,3874,58.16 ,64.70 ,43.92 ,0.39 ,0.90 ,1.68 ,1,713.23 ,976.57 
2025-07-12T10:00:00+09:00,117365.90 ,117647.30 ,117365.90 ,117608.80 ,118316.4196,117080.1304,110160.3415,114115.0117,117698.275,,,,,1,7,1.07 ,0.84 ,0,1055,3173,60.66 ,65.29 ,41.39 ,0.34 ,0.87 ,1.61 ,1,667.28 ,915.18 
2025-07-12T11:00:00+09:00,117608.80 ,117766.50 ,117536.60 ,117563.50 ,118315.6131,117075.6869,110200.004,114260.2333,117695.65,,,,,1,7,1.11 ,0.80 ,0,661,2929,59.94 ,65.08 ,38.72 ,0.29 ,0.83 ,1.55 ,1,620.06 ,856.02 
2025-07-12T12:00:00+09:00,117563.50 ,117800.00 ,117563.40 ,117733.70 ,118321.1601,117091.5599,110239.9825,114405.6167,117706.36,,,,,1,7,0.96 ,0.95 ,0,550,2686,61.77 ,65.50 ,35.93 ,0.26 ,0.80 ,1.49 ,1,589.57 ,800.23 
2025-07-12T13:00:00+09:00,117733.70 ,117840.00 ,117531.80 ,117611.60 ,118295.9889,117084 ,110278.6005,114543.375,117689.79,,,,,1,7,1.06 ,0.84 ,0,614,2531,59.66 ,64.93 ,33.19 ,0.26 ,0.77 ,1.43 ,1,549.23 ,743.27 
2025-07-12T14:00:00+09:00,117611.60 ,117673.30 ,117453.10 ,117644.30 ,118140.0958,117157.5342,110318.126,114685.74,117648.815,,117103.4,118862.9,,1,7,1.04 ,0.46 ,0,1779,2218,60.06 ,65.02 ,30.59 ,0.24 ,0.73 ,1.37 ,1,513.98 ,690.41 
2025-07-12T15:00:00+09:00,117644.30 ,117936.30 ,117617.00 ,117800.00 ,118115.4539,117165.5961,110358.894,114824.3067,117640.525,,,,,1,7,0.90 ,0.59 ,0,1504,2158,61.96 ,65.41 ,28.31 ,0.25 ,0.71 ,1.32 ,1,492.91 ,642.98 
2025-07-12T16:00:00+09:00,117800.00 ,118015.90 ,117590.00 ,117696.20 ,118106.2994,117165.1106,110399.679,114924.095,117635.705,,,,,1,7,0.99 ,0.50 ,0,1616,2123,59.91 ,64.91 ,26.45 ,0.29 ,0.68 ,1.28 ,1,462.52 ,599.45 
2025-07-12T17:00:00+09:00,117696.20 ,117886.70 ,117683.00 ,117874.70 ,118111.6701,117163.4999,110441.9615,115043.9383,117637.585,,,,,1,7,0.84 ,0.65 ,0,717,2064,62.22 ,65.38 ,24.99 ,0.25 ,0.66 ,1.24 ,1,447.67 ,561.83 
2025-07-12T18:00:00+09:00,117874.70 ,118167.10 ,117820.80 ,118109.10 ,118141.5856,117147.5644,110485.2025,115165.955,117644.575,,,,,1,7,0.64 ,0.85 ,0,1716,1900,65.07 ,65.98 ,24.05 ,0.26 ,0.64 ,1.19 ,1,449.63 ,532.54 
2025-07-12T19:00:00+09:00,118109.10 ,118109.10 ,117838.40 ,118018.30 ,118168.8641,117137.0359,110529.544,115277.3333,117652.95,,,,,1,7,0.72 ,0.78 ,0,5912,2040,63.09 ,65.53 ,23.57 ,0.25 ,0.61 ,1.14 ,1,438.81 ,507.15 
2025-07-12T20:00:00+09:00,118018.30 ,118050.00 ,117580.10 ,117770.00 ,118087.179,117304.011,110572.348,115386.9533,117695.595,,,,,1,7,0.93 ,0.57 ,0,2172,1897,57.89 ,64.30 ,23.20 ,0.30 ,0.58 ,1.07 ,1,405.51 ,483.32 
2025-07-12T21:00:00+09:00,117770.00 ,117814.00 ,117260.80 ,117500.70 ,118080.1591,117320.2509,110615.124,115497.5533,117700.205,,,,,1,7,1.16 ,0.34 ,0,3172,1817,52.80 ,62.98 ,22.95 ,0.36 ,0.55 ,1.02 ,1,353.33 ,457.07 
2025-07-12T22:00:00+09:00,117500.70 ,117543.00 ,117200.00 ,117470.40 ,118084.1828,117299.8972,110657.637,115603.08,117692.04,,,,,1,7,1.19 ,0.31 ,0,5462,1964,52.25 ,62.84 ,22.66 ,0.34 ,0.52 ,0.98 ,1,306.00 ,430.04 
2025-07-12T23:00:00+09:00,117470.40 ,117688.90 ,117290.10 ,117353.10 ,118093.6961,117255.7439,110699.468,115706.1083,117674.72,118167.1,,,,1,7,0.69 ,0.21 ,0,4458,2099,50.05 ,62.26 ,22.15 ,0.34 ,0.51 ,0.95 ,1,256.07 ,401.38 
2025-07-13T00:00:00+09:00,117353.10 ,117429.80 ,116888.00 ,117076.70 ,118077.212,117172.228,110741.479,115806.8183,117624.72,,,,,-1,1,0.93 ,0.02 ,0,3327,2139,45.23 ,60.92 ,21.73 ,0.38 ,0.49 ,0.92 ,1,191.98 ,367.95 
2025-07-13T01:00:00+09:00,117076.70 ,117355.00 ,117016.50 ,117154.20 ,118098.3924,117104.6776,110783.6435,115907.5033,117601.535,,,,,-1,1,0.86 ,0.04 ,0,1284,2135,46.78 ,61.16 ,21.21 ,0.35 ,0.48 ,0.90 ,1,145.77 ,332.75 
2025-07-13T02:00:00+09:00,117154.20 ,117510.00 ,117146.50 ,117442.50 ,118095.8097,117092.4503,110826.1395,116013.8933,117594.13,,,,,-1,1,0.62 ,0.29 ,0,797,2106,52.19 ,62.04 ,20.45 ,0.34 ,0.47 ,0.88 ,1,130.90 ,297.56 
2025-07-13T03:00:00+09:00,117442.50 ,117468.00 ,117333.20 ,117456.20 ,118092.7679,117082.2121,110869.1905,116118.16,117587.49,,,,,-1,1,0.61 ,0.30 ,0,451,1982,52.44 ,62.08 ,19.75 ,0.26 ,0.46 ,0.86 ,1,118.85 ,260.80 
2025-07-13T04:00:00+09:00,117456.20 ,117597.10 ,117402.20 ,117518.10 ,118093.1089,117083.6911,110912.5405,116223.6867,117588.4,,,,,-1,1,0.55 ,0.35 ,0,788,1990,53.61 ,62.28 ,19.03 ,0.23 ,0.45 ,0.84 ,-1,112.99 ,224.60 
2025-07-13T05:00:00+09:00,117518.10 ,117521.50 ,116972.70 ,116972.70 ,118133.6303,117003.8497,110954.0335,116319.8983,117568.74,,116888,,,-1,1,1.02 ,0.07 ,0,620,1933,43.47 ,59.56 ,18.55 ,0.31 ,0.44 ,0.82 ,-1,63.61 ,186.61 
2025-07-13T06:00:00+09:00,116972.70 ,117514.90 ,116957.10 ,117438.50 ,118127.572,116992.878,111001.566,116427.1767,117560.225,,,,,-1,1,0.62 ,0.47 ,0,714,1916,51.85 ,61.04 ,18.44 ,0.36 ,0.44 ,0.83 ,-1,61.35 ,154.17 
2025-07-13T07:00:00+09:00,117438.50 ,117514.90 ,117271.80 ,117338.80 ,118124.4736,116973.5064,111049.3875,116531.9933,117548.99,,,,,-1,1,0.71 ,0.38 ,0,312,1898,50.13 ,60.56 ,18.39 ,0.31 ,0.45 ,0.83 ,-1,50.93 ,125.83 
2025-07-13T08:00:00+09:00,117338.80 ,117422.00 ,117168.70 ,117372.60 ,118104.7612,116957.1088,111098.5365,116638.4733,117530.935,,,,,-1,1,0.68 ,0.41 ,0,464,1894,50.73 ,60.67 ,18.46 ,0.28 ,0.45 ,0.83 ,-1,44.88 ,102.36 
2025-07-13T09:00:00+09:00,117372.60 ,117414.60 ,117210.40 ,117272.80 ,118097.2223,116930.7677,111146.893,116745.985,117513.995,,,,,-1,1,0.76 ,0.33 ,0,587,1893,48.88 ,60.17 ,18.79 ,0.24 ,0.45 ,0.83 ,-1,31.67 ,84.55 
2025-07-13T10:00:00+09:00,117272.80 ,117614.80 ,117177.10 ,117506.10 ,118087.2398,116926.9302,111195.271,116858.4017,117507.085,,,,,-1,1,0.56 ,0.53 ,0,961,1852,53.18 ,60.93 ,19.10 ,0.29 ,0.45 ,0.84 ,-1,39.57 ,72.75 
2025-07-13T11:00:00+09:00,117506.10 ,117761.00 ,117358.30 ,117571.00 ,118061.0662,116930.2038,111245.822,116964.6667,117495.635,,116957.1,,,-1,1,0.51 ,0.52 ,0,606,1807,54.33 ,61.14 ,19.35 ,0.31 ,0.45 ,0.85 ,-1,50.48 ,63.82 
2025-07-13T12:00:00+09:00,117571.00 ,117766.00 ,117555.10 ,117700.10 ,118062 ,116930.1197,111297.1455,117070.6533,117495.83,,,,,-1,1,0.40 ,0.63 ,0,576,1755,56.62 ,61.57 ,19.27 ,0.26 ,0.45 ,0.84 ,-1,68.76 ,58.25 
2025-07-13T13:00:00+09:00,117700.10 ,117846.70 ,117642.20 ,117840.20 ,118055.3767,116932.8333,111348.094,117158.3233,117494.105,,,,,-1,1,0.28 ,0.75 ,0,513,1745,59.02 ,62.02 ,18.94 ,0.23 ,0.45 ,0.84 ,-1,93.47 ,56.08 
2025-07-13T14:00:00+09:00,117840.20 ,117868.40 ,117655.00 ,117720.80 ,117972.8391,116976.5409,111397.372,117225.785,117474.69,,,118167.1,,-1,1,0.38 ,0.65 ,0,912,1704,56.17 ,61.39 ,18.42 ,0.22 ,0.45 ,0.83 ,1,102.24 ,60.37 
2025-07-13T15:00:00+09:00,117720.80 ,117944.80 ,117700.00 ,117838.70 ,117929.637,117001.783,111445.63,117299.9683,117465.71,,,,,-1,1,0.28 ,0.75 ,0,806,1449,58.31 ,61.78 ,17.74 ,0.21 ,0.44 ,0.83 ,1,117.35 ,66.59 
2025-07-13T16:00:00+09:00,117838.70 ,118026.80 ,117803.60 ,117939.90 ,117965.5219,116982.8881,111495.6705,117378.305,117474.205,,,,,-1,1,0.19 ,0.83 ,0,826,1382,60.11 ,62.12 ,17.01 ,0.21 ,0.44 ,0.82 ,1,135.92 ,76.04 
2025-07-13T17:00:00+09:00,117939.90 ,117957.10 ,117706.10 ,117848.00 ,118009.2478,116973.8922,111544.2105,117451.9417,117491.57,,,,,-1,1,0.27 ,0.76 ,0,639,1255,57.67 ,61.61 ,16.33 ,0.21 ,0.43 ,0.79 ,-1,141.60 ,86.78 
2025-07-13T18:00:00+09:00,117848.00 ,117854.30 ,117650.00 ,117695.00 ,118027.8457,116977.7543,111593.0115,117472.4367,117502.8,,,,,-1,1,0.40 ,0.63 ,0,608,1012,53.77 ,60.77 ,15.77 ,0.20 ,0.41 ,0.77 ,-1,132.22 ,97.96 
2025-07-13T19:00:00+09:00,117695.00 ,117799.30 ,117690.50 ,117704.20 ,118047.679,116993.031,111641.4665,117501.105,117520.355,,,,,-1,1,0.39 ,0.63 ,0,351,807,53.97 ,60.81 ,15.30 ,0.16 ,0.40 ,0.75 ,-1,124.10 ,107.35 
2025-07-13T20:00:00+09:00,117704.20 ,118047.60 ,117704.10 ,118029.20 ,118098.4673,117037.4927,111691.162,117535.3717,117567.98,,,,116888,-1,1,0.12 ,0.91 ,0,878,685,60.53 ,61.96 ,15.14 ,0.20 ,0.39 ,0.73 ,-1,142.26 ,117.55 
2025-07-13T21:00:00+09:00,118029.20 ,118643.00 ,117935.00 ,118359.90 ,118226.6498,117029.8802,111742.5855,117582.1167,117628.265,,,,,1,1,0.16 ,1.19 ,0,4282,834,65.86 ,63.08 ,15.60 ,0.34 ,0.39 ,0.72 ,-1,181.24 ,130.04 
2025-07-13T22:00:00+09:00,118359.90 ,118719.40 ,118100.00 ,118560.00 ,118399.8917,116968.3883,111794.957,117626.0867,117684.14,,,,,1,1,0.33 ,1.35 ,0,3641,977,68.62 ,63.74 ,16.56 ,0.40 ,0.39 ,0.73 ,-1,225.67 ,144.73 
2025-07-13T23:00:00+09:00,118560.00 ,119385.40 ,118319.40 ,118722.80 ,118585.1032,116909.8368,111847.4485,117661.3217,117747.47,,,,,1,1,0.47 ,1.49 ,0,11396,1524,70.70 ,64.28 ,18.08 ,0.56 ,0.41 ,0.77 ,-1,270.91 ,163.47 
2025-07-14T00:00:00+09:00,118722.80 ,119080.20 ,118486.00 ,118626.00 ,118715.6606,116890.0694,111900.6,117691.3067,117802.865,,,,,1,1,0.39 ,1.41 ,0,2858,1627,67.82 ,63.71 ,20.25 ,0.54 ,0.44 ,0.82 ,-1,295.53 ,183.27 
2025-07-14T01:00:00+09:00,118626.00 ,118945.50 ,118463.50 ,118472.70 ,118751.1329,117004.5971,111953.147,117718.4367,117877.865,,,,,1,1,0.26 ,1.28 ,0,1422,1667,63.42 ,62.81 ,23.08 ,0.50 ,0.45 ,0.84 ,-1,299.23 ,201.42 
2025-07-14T02:00:00+09:00,118472.70 ,118787.70 ,118330.10 ,118630.00 ,118844.5967,117030.2833,112006.152,117731.98,117937.44,,,,,1,1,0.39 ,1.41 ,0,1081,1686,65.87 ,63.35 ,26.31 ,0.46 ,0.46 ,0.86 ,-1,311.27 ,220.27 
2025-07-14T03:00:00+09:00,118630.00 ,119000.00 ,118527.80 ,118933.30 ,118978.509,117055.821,112060.658,117753.935,118017.165,,,,,1,1,0.64 ,1.66 ,0,1878,1764,70.03 ,64.37 ,29.69 ,0.44 ,0.47 ,0.88 ,-1,341.35 ,243.51 
2025-07-14T04:00:00+09:00,118933.30 ,119450.00 ,118858.10 ,118916.00 ,119083.7033,117104.9667,112114.9655,117777.21,118094.335,,,,,1,1,0.63 ,1.65 ,0,3364,1909,69.51 ,64.27 ,32.95 ,0.46 ,0.48 ,0.90 ,-1,359.64 ,269.68 
2025-07-14T05:00:00+09:00,118916.00 ,119338.50 ,118774.60 ,119033.10 ,119176.9027,117187.7973,112169.6855,117795.3783,118182.35,,,,,1,1,0.73 ,1.74 ,0,1267,1943,71.08 ,64.66 ,35.97 ,0.46 ,0.50 ,0.93 ,-1,379.22 ,296.01 
2025-07-14T06:00:00+09:00,119033.10 ,119033.20 ,118439.50 ,118593.70 ,119195.7322,117277.7278,112222.2745,117797.5433,118236.73,,,,,1,1,0.36 ,1.38 ,0,2193,2005,58.85 ,62.04 ,38.24 ,0.48 ,0.51 ,0.96 ,-1,355.18 ,315.33 
2025-07-14T07:00:00+09:00,118593.70 ,118726.80 ,118193.10 ,118457.00 ,119193.6634,117368.3966,112273.857,117805.73,118281.03,,,,,1,1,0.24 ,1.27 ,0,2219,2085,55.65 ,61.25 ,39.60 ,0.47 ,0.53 ,0.98 ,-1,321.40 ,325.97 
2025-07-14T08:00:00+09:00,118457.00 ,119150.00 ,118327.80 ,119027.90 ,119274.4239,117420.4161,112328.916,117826.3183,118347.42,,,,,1,1,0.72 ,1.74 ,0,1741,2144,64.38 ,63.24 ,40.38 ,0.54 ,0.55 ,1.02 ,-1,336.81 ,333.29 
2025-07-14T09:00:00+09:00,119027.90 ,119431.00 ,118872.30 ,119017.60 ,119346.4216,117466.1584,112383.7795,117845.9933,118406.29,119450,,,,1,1,0.36 ,1.73 ,-1,1921,2214,64.13 ,63.18 ,40.90 ,0.52 ,0.57 ,1.06 ,-1,344.22 ,338.70 
2025-07-14T10:00:00+09:00,119017.60 ,119198.50 ,118870.00 ,119052.50 ,119397.8892,117547.8608,112438.9045,117864.0467,118472.875,,,,,1,1,0.33 ,1.76 ,0,1308,2234,64.62 ,63.30 ,41.13 ,0.44 ,0.58 ,1.09 ,-1,348.89 ,344.22 
2025-07-14T11:00:00+09:00,119052.50 ,120010.00 ,118924.20 ,119628.40 ,119567.4635,117557.2565,112497.328,117893.6733,118562.36,,,,,1,2,0.15 ,2.23 ,0,7493,2568,71.55 ,65.22 ,41.19 ,0.59 ,0.61 ,1.14 ,-1,394.51 ,353.47 
2025-07-14T12:00:00+09:00,119628.40 ,121625.00 ,119568.00 ,120742.40 ,120045.8824,117359.0876,112560.6195,117957.4283,118702.485,,118193.1,,,1,2,1.07 ,2.11 ,0,24440,3749,79.80 ,68.46 ,41.42 ,0.96 ,0.67 ,1.25 ,-1,514.63 ,372.72 
2025-07-14T13:00:00+09:00,120742.40 ,121399.40 ,120540.60 ,121375.40 ,120600.2373,117157.4727,112627.334,118023.5433,118878.855,,,,,1,2,1.59 ,2.62 ,0,4478,3941,82.84 ,70.09 ,42.16 ,0.87 ,0.72 ,1.34 ,-1,653.37 ,405.36 
2025-07-14T14:00:00+09:00,121375.40 ,122717.70 ,121114.30 ,122444.70 ,121352.4769,116880.2031,112699.401,118103.7267,119116.34,,,,,1,2,2.45 ,3.47 ,0,12493,4535,86.53 ,72.52 ,43.67 ,1.01 ,0.78 ,1.46 ,-1,839.92 ,456.55 
2025-07-14T15:00:00+09:00,122444.70 ,122451.40 ,122025.30 ,122111.00 ,121826.8364,116846.5236,112769.3,118177.2517,119336.68,,,,,1,2,2.18 ,3.21 ,0,3750,4705,80.70 ,70.69 ,45.67 ,0.79 ,0.83 ,1.54 ,-1,949.89 ,522.63 
2025-07-14T16:00:00+09:00,122111.00 ,123240.00 ,122084.20 ,122724.10 ,122388.0684,116754.7816,112842.192,118254.7083,119571.425,,,,,1,2,2.67 ,3.69 ,0,9120,5117,82.97 ,72.01 ,48.06 ,0.84 ,0.88 ,1.63 ,-1,1074.13 ,606.26 
2025-07-14T17:00:00+09:00,122724.10 ,122770.60 ,122285.10 ,122565.80 ,122824.1339,116739.3061,112914.243,118337.1733,119781.72,,,,,1,2,2.54 ,3.57 ,0,2802,5043,80.34 ,71.16 ,50.80 ,0.69 ,0.90 ,1.68 ,-1,1146.60 ,696.24 
2025-07-14T18:00:00+09:00,122565.80 ,122575.80 ,121872.80 ,121981.40 ,123084.6298,116820.9502,112983.408,118410.3533,119952.79,,,,,1,2,2.08 ,3.11 ,0,3918,5057,71.35 ,68.14 ,53.40 ,0.66 ,0.92 ,1.72 ,-1,1143.69 ,785.07 
2025-07-14T19:00:00+09:00,121981.40 ,122148.90 ,121643.30 ,121911.90 ,123301.5654,116922.9246,113052.966,118482.4017,120112.245,,,,,1,2,2.02 ,3.05 ,0,2906,4633,70.34 ,67.79 ,55.51 ,0.58 ,0.92 ,1.72 ,-1,1122.84 ,871.06 
2025-07-14T20:00:00+09:00,121911.90 ,121912.00 ,121365.50 ,121490.00 ,123422.083,117088.807,113120.4595,118548.9033,120255.445,,,,,1,2,1.68 ,2.71 ,0,3227,4651,64.40 ,65.70 ,57.03 ,0.54 ,0.92 ,1.72 ,-1,1060.05 ,945.01 
2025-07-14T21:00:00+09:00,121490.00 ,121915.90 ,121423.00 ,121901.50 ,123559.9814,117293.7886,113190.2815,118624.4967,120426.885,123240,,,,1,2,1.10 ,3.04 ,0,1941,4677,67.30 ,66.72 ,57.94 ,0.49 ,0.92 ,1.72 ,-1,1031.60 ,1002.45 
2025-07-14T22:00:00+09:00,121901.50 ,122110.00 ,121164.60 ,121690.10 ,123645.1852,117514.5948,113258.9805,118692.5183,120579.89,,,,,1,2,1.27 ,2.87 ,0,4266,4836,64.39 ,65.69 ,58.13 ,0.59 ,0.93 ,1.74 ,-1,980.69 ,1038.82 
2025-07-14T23:00:00+09:00,121690.10 ,121960.30 ,120633.30 ,121178.00 ,123671.2093,117713.0407,113324.5215,118752.76,120692.125,,,,,1,2,1.70 ,2.46 ,0,6020,5043,57.88 ,63.28 ,57.37 ,0.76 ,0.95 ,1.78 ,-1,888.77 ,1044.25 
2025-07-15T00:00:00+09:00,121178.00 ,121178.00 ,119593.00 ,119876.70 ,123632.8704,117847.4496,113383.929,118788.4767,120740.16,,,,,1,2,2.81 ,1.40 ,0,7612,5256,45.32 ,57.79 ,55.75 ,0.95 ,0.99 ,1.85 ,-1,702.83 ,1016.80 
2025-07-15T01:00:00+09:00,119876.70 ,120305.70 ,119236.40 ,120276.10 ,123597.4097,118007.2103,113445.4685,118832.885,120802.31,,,,,1,2,2.46 ,1.73 ,0,7757,5580,48.98 ,58.91 ,53.69 ,0.93 ,1.03 ,1.92 ,-1,580.99 ,962.01 
2025-07-15T02:00:00+09:00,120276.10 ,120515.00 ,119752.50 ,119880.00 ,123510.5948,118222.6552,113505.855,118870.1467,120866.625,,,,,1,2,2.80 ,1.41 ,0,3483,5645,45.71 ,57.37 ,51.28 ,0.83 ,1.05 ,1.97 ,-1,447.32 ,884.31 
2025-07-15T03:00:00+09:00,119880.00 ,120167.90 ,119588.00 ,119623.00 ,123400 ,118450.0426,113564.277,118900.53,120924.925,,,,,1,2,3.02 ,1.20 ,0,1854,5626,43.68 ,56.39 ,48.75 ,0.72 ,1.07 ,2.00 ,-1,316.99 ,792.45 
2025-07-15T04:00:00+09:00,119623.00 ,120074.60 ,119567.20 ,119920.60 ,123335.7947,118603.3253,113623.787,118937.6033,120969.56,,,,,1,2,2.77 ,1.44 ,0,2044,5642,46.64 ,57.25 ,46.10 ,0.62 ,1.08 ,2.01 ,-1,235.01 ,693.81 
2025-07-15T05:00:00+09:00,119920.60 ,120420.00 ,119500.00 ,120143.80 ,123253.1395,118798.6005,113683.5585,118975.4217,121025.87,,,,,1,2,2.58 ,1.62 ,0,2240,5658,48.81 ,57.89 ,43.35 ,0.67 ,1.09 ,2.03 ,-1,185.91 ,596.68 
2025-07-15T06:00:00+09:00,120143.80 ,120220.80 ,119810.20 ,120018.10 ,123165.9645,118982.3355,113740.11,119007.2383,121074.15,,119236.4,,,1,2,2.68 ,0.65 ,0,1097,5647,47.64 ,57.40 ,40.76 ,0.56 ,1.10 ,2.05 ,-1,135.29 ,497.09 
2025-07-15T07:00:00+09:00,120018.10 ,120278.10 ,119900.00 ,120030.10 ,123137.2827,119051.1873,113795.9325,119040.7683,121094.235,,,,,1,2,2.67 ,0.66 ,0,753,5310,47.77 ,57.43 ,38.29 ,0.48 ,1.09 ,2.03 ,-1,95.05 ,398.68 
2025-07-15T08:00:00+09:00,120030.10 ,120038.70 ,119739.00 ,119827.70 ,123161 ,118936.2165,113850.8715,119075.0633,121048.5,,,,,1,2,2.85 ,0.49 ,0,994,4138,45.71 ,56.63 ,35.90 ,0.40 ,1.05 ,1.96 ,-1,46.29 ,305.08 
2025-07-15T09:00:00+09:00,119827.70 ,119914.90 ,119046.90 ,119440.40 ,123169.8852,118733.6148,113904.132,119107.3917,120951.75,,,,,1,2,3.18 ,0.17 ,0,2698,4049,41.99 ,55.12 ,33.93 ,0.51 ,1.02 ,1.91 ,-1,-23.33 ,224.39 
2025-07-15T10:00:00+09:00,119440.40 ,119494.60 ,118385.10 ,118485.90 ,123106.1931,118401 ,113952.3045,119124.3167,120753.81,,,,,-1,1,4.01 ,0.63 ,0,4832,3666,34.53 ,51.66 ,32.46 ,0.66 ,0.99 ,1.86 ,-1,-153.76 ,142.75 
2025-07-15T11:00:00+09:00,118485.90 ,118874.60 ,117842.80 ,118270.10 ,123062.0752,118061.4548,114001.558,119139.6,120561.765,,,,,-1,1,4.20 ,0.82 ,0,7023,3829,33.10 ,50.92 ,31.56 ,0.73 ,0.99 ,1.85 ,-1,-271.41 ,62.89 
2025-07-15T12:00:00+09:00,118270.10 ,118270.10 ,116880.00 ,117202.60 ,122981.6761,117589.7039,114045.078,119141.6983,120285.69,,,123240,,-1,1,5.15 ,1.74 ,0,9052,3826,27.11 ,47.49 ,31.46 ,0.89 ,0.99 ,1.85 ,-1,-445.64 ,-21.84 
2025-07-15T13:00:00+09:00,117202.60 ,117530.10 ,116297.50 ,117499.90 ,122775.3956,117289.3944,114089.546,119147.46,120032.395,,,,,-1,1,4.89 ,1.48 ,0,7427,4057,30.86 ,48.48 ,32.16 ,0.94 ,1.01 ,1.89 ,-1,-553.36 ,-109.44 
2025-07-15T14:00:00+09:00,117499.90 ,117764.70 ,116978.00 ,117339.50 ,122628.5844,116972.0156,114130.439,119145.7433,119800.3,,,,,-1,1,5.03 ,1.62 ,0,3297,4026,29.97 ,47.98 ,33.49 ,0.85 ,1.03 ,1.91 ,-1,-644.24 ,-201.68 
2025-07-15T15:00:00+09:00,117339.50 ,117339.60 ,116751.60 ,117048.20 ,122452.9183,116661.3117,114169.8185,119138.9433,119557.115,,,,,-1,1,5.29 ,1.87 ,0,3837,4073,28.36 ,47.09 ,35.36 ,0.74 ,1.04 ,1.94 ,-1,-731.34 ,-297.97 
2025-07-15T16:00:00+09:00,117048.20 ,117265.00 ,116390.60 ,116777.00 ,122315.1504,116327.7796,114208.004,119126.5917,119321.465,,,,,-1,1,5.53 ,2.11 ,0,3414,4082,26.91 ,46.27 ,37.49 ,0.74 ,1.05 ,1.97 ,-1,-812.88 ,-398.85 
2025-07-15T17:00:00+09:00,116777.00 ,116870.40 ,116315.00 ,116766.80 ,122009.6319,116119.8281,114247.9495,119123.16,119064.73,,,,,-1,1,5.54 ,2.11 ,0,2930,4132,26.85 ,46.24 ,39.71 ,0.65 ,1.06 ,1.99 ,-1,-868.32 ,-500.48 
2025-07-15T18:00:00+09:00,116766.80 ,117217.40 ,116701.70 ,116771.40 ,121665.5247,115972.0653,114286.9145,119112.0417,118818.795,,116297.5,,,-1,1,5.54 ,0.41 ,0,2173,4027,26.92 ,46.26 ,41.69 ,0.58 ,1.06 ,1.99 ,-1,-901.49 ,-598.05 
2025-07-15T19:00:00+09:00,116771.40 ,117225.50 ,116746.10 ,117062.60 ,121340.3276,115885.7224,114325.7405,119107.4383,118613.025,,,,,-1,1,5.28 ,0.65 ,0,1296,3791,31.60 ,47.30 ,43.30 ,0.52 ,1.05 ,1.95 ,-1,-893.97 ,-680.30 
2025-07-15T20:00:00+09:00,117062.60 ,117170.00 ,116340.60 ,117115.90 ,121211.9287,115738.0413,114364.587,119103.16,118474.985,,,,,-1,1,5.23 ,0.70 ,0,2937,3557,32.45 ,47.49 ,44.60 ,0.59 ,1.02 ,1.90 ,-1,-873.64 ,-747.21 
2025-07-15T21:00:00+09:00,117115.90 ,117462.30 ,116400.10 ,117180.20 ,120981.2998,115659.0802,114405.109,119101.6167,118320.19,,,,,-1,1,5.17 ,0.75 ,0,8043,3571,33.53 ,47.73 ,45.56 ,0.69 ,1.00 ,1.87 ,-1,-842.63 ,-791.32 
2025-07-15T22:00:00+09:00,117180.20 ,118450.90 ,117138.80 ,118066.40 ,120793.6657,115665.3543,114450.2715,119110.955,118229.51,,,,,-1,1,4.38 ,1.50 ,0,8344,3814,46.23 ,50.80 ,45.73 ,0.83 ,1.00 ,1.87 ,-1,-738.04 ,-811.84 
2025-07-15T23:00:00+09:00,118066.40 ,118438.60 ,115687.00 ,115975.40 ,120706.0178,115388.2422,114486.4725,119084.3617,118047.13,,,,,-1,2,6.26 ,0.28 ,0,12655,4354,31.12 ,44.50 ,45.47 ,1.35 ,1.05 ,1.96 ,-1,-814.49 ,-830.76 
2025-07-16T00:00:00+09:00,115975.40 ,116747.00 ,115754.70 ,116391.90 ,120476.6778,115264.7122,114523.3205,119062.5583,117870.695,,,,,-1,2,5.88 ,0.08 ,0,7331,4619,35.63 ,45.86 ,44.82 ,1.18 ,1.09 ,2.04 ,-1,-831.87 ,-841.93 
2025-07-16T01:00:00+09:00,116391.90 ,117721.70 ,116367.00 ,117190.20 ,120123.6654,115322.3646,114564.435,119051.725,117723.015,,,,,-1,2,5.16 ,0.76 ,0,8001,4907,43.30 ,48.35 ,43.68 ,1.17 ,1.13 ,2.11 ,-1,-772.33 ,-837.42 
2025-07-16T02:00:00+09:00,117190.20 ,117578.40 ,117127.30 ,117420.60 ,119751.9499,115434.3301,114607.471,119046.7217,117593.14,,,,,-1,2,4.96 ,0.96 ,0,1747,4939,45.33 ,49.04 ,42.11 ,0.91 ,1.16 ,2.16 ,-1,-698.50 ,-818.55 
2025-07-16T03:00:00+09:00,117420.60 ,117436.00 ,116045.20 ,116735.00 ,119302.2605,115554.5095,114647.968,119028.3267,117428.385,118450.9,,,,-1,2,1.47 ,0.37 ,0,6532,5228,40.67 ,47.13 ,40.32 ,1.00 ,1.19 ,2.23 ,-1,-687.39 ,-794.76 
2025-07-16T04:00:00+09:00,116735.00 ,117229.20 ,116300.00 ,116430.60 ,118821.7891,115695.2709,114687.0905,119003.1717,117258.53,,115687,,,-1,2,1.74 ,0.64 ,1,3362,5347,38.77 ,46.31 ,38.50 ,0.94 ,1.23 ,2.30 ,-1,-695.14 ,-772.67 
2025-07-16T05:00:00+09:00,116430.60 ,116705.70 ,116188.00 ,116412.40 ,118349.3727,115864.8873,114727.65,118979.245,117107.13,,,,,-1,2,1.75 ,0.62 ,0,2456,5334,38.65 ,46.26 ,37.13 ,0.77 ,1.25 ,2.34 ,1,-694.73 ,-752.79 
2025-07-16T06:00:00+09:00,116412.40 ,117582.90 ,116344.10 ,117536.70 ,118150.9361,115968.4039,114772.874,118976.6067,117059.67,,,,,-1,2,0.78 ,1.57 ,0,2183,5202,48.87 ,49.62 ,35.53 ,0.86 ,1.27 ,2.37 ,1,-596.81 ,-725.48 
2025-07-16T07:00:00+09:00,117536.70 ,117842.80 ,117230.00 ,117803.00 ,118039.3901,116033.2399,114821.016,118978.2533,117036.315,,,,,-1,2,0.55 ,1.80 ,0,2256,4964,50.96 ,50.37 ,33.65 ,0.75 ,1.27 ,2.37 ,1,-492.05 ,-698.15 
2025-07-16T08:00:00+09:00,117803.00 ,117956.50 ,117485.40 ,117734.40 ,118109.4546,116016.3554,114868.4525,118973.34,117062.905,,,,,-1,2,0.61 ,1.74 ,0,2150,4619,50.39 ,50.18 ,31.89 ,0.63 ,1.25 ,2.34 ,1,-409.83 ,-653.18 
2025-07-16T09:00:00+09:00,117734.40 ,118181.50 ,117406.10 ,118109.20 ,118221.336,115965.404,114919.309,118969.1617,117093.37,,,,,-1,2,0.29 ,2.05 ,0,2008,4348,53.45 ,51.24 ,30.31 ,0.64 ,1.23 ,2.30 ,1,-310.85 ,-595.29 
2025-07-16T10:00:00+09:00,118109.20 ,118200.00 ,117575.10 ,117730.40 ,118270.423,115955.407,114968.4325,118955.335,117112.915,,,,,-1,2,0.61 ,1.74 ,0,1446,4255,50.08 ,50.14 ,28.64 ,0.60 ,1.21 ,2.26 ,1,-259.98 ,-538.36 
2025-07-16T11:00:00+09:00,117730.40 ,117767.00 ,117019.70 ,117330.90 ,118287.9511,115966.1489,115015.187,118932.1367,117127.05,,,,,-1,2,0.95 ,1.40 ,0,2469,4187,46.74 ,49.00 ,26.87 ,0.62 ,1.20 ,2.24 ,1,-249.02 ,-488.42 
2025-07-16T12:00:00+09:00,117330.90 ,117533.90 ,117227.70 ,117489.50 ,118322.1498,116003.2002,115062.6285,118913.195,117162.675,,,,,-1,2,0.82 ,1.53 ,0,923,4062,48.22 ,49.47 ,24.96 ,0.50 ,1.18 ,2.21 ,1,-224.95 ,-437.04 
2025-07-16T13:00:00+09:00,117489.50 ,117704.00 ,117271.30 ,117614.50 ,118365.5261,116044.5939,115111.5885,118898.8917,117205.06,,,,,-1,2,0.71 ,1.64 ,0,1112,3971,49.41 ,49.83 ,23.17 ,0.45 ,1.17 ,2.18 ,1,-193.56 ,-381.31 
2025-07-16T14:00:00+09:00,117614.50 ,117999.70 ,117614.50 ,117859.30 ,118435.3972,116083.5128,115160.335,118886.0467,117259.455,,,,,-1,2,0.50 ,1.84 ,0,1932,3959,51.75 ,50.55 ,21.64 ,0.41 ,1.16 ,2.16 ,1,-147.23 ,-320.48 
2025-07-16T15:00:00+09:00,117859.30 ,118284.90 ,117744.40 ,118263.40 ,118569.3957,116069.5943,115211.8035,118874.8817,117319.495,,,,,-1,2,0.16 ,2.18 ,0,1582,3974,55.42 ,51.71 ,20.42 ,0.43 ,1.15 ,2.14 ,1,-77.02 ,-262.72 
2025-07-16T16:00:00+09:00,118263.40 ,118280.00 ,117861.90 ,118151.00 ,118667.9872,116074.5128,115261.492,118862.1317,117371.25,,,,,-1,2,0.25 ,2.09 ,0,2087,3931,54.18 ,51.37 ,19.41 ,0.40 ,1.13 ,2.12 ,1,-30.09 ,-211.39 
2025-07-16T17:00:00+09:00,118151.00 ,118761.60 ,118114.80 ,118673.40 ,118856.9556,116034.8644,115313.637,118856.1367,117445.91,,,,,1,1,0.19 ,2.52 ,0,2816,3670,58.78 ,52.86 ,18.75 ,0.45 ,1.12 ,2.08 ,-1,48.68 ,-160.45 
2025-07-16T18:00:00+09:00,118673.40 ,119182.30 ,118673.30 ,119174.20 ,119082.1774,115920.4226,115371.258,118865.8117,117501.3,,,,,1,1,0.61 ,2.93 ,0,4575,3481,62.64 ,54.22 ,18.57 ,0.44 ,1.09 ,2.03 ,-1,149.80 ,-109.26 
2025-07-16T19:00:00+09:00,119174.20 ,119285.90 ,118708.20 ,118710.00 ,119138.3332,116137.7268,115426.099,118870.0283,117638.03,,,,115687,1,1,0.22 ,2.55 ,0,2259,2961,57.28 ,52.78 ,18.86 ,0.46 ,1.02 ,1.90 ,-1,190.28 ,-59.23 
2025-07-16T20:00:00+09:00,118710.00 ,118891.90 ,118614.90 ,118741.10 ,119214.4304,116296.5496,115480.504,118865.2483,117755.49,,,,,1,1,0.24 ,2.57 ,0,1589,2674,57.54 ,52.86 ,19.58 ,0.38 ,0.96 ,1.79 ,-1,222.31 ,-6.86 
2025-07-16T21:00:00+09:00,118741.10 ,119061.10 ,118555.00 ,118583.50 ,119302.4173,116347.8927,115533.4795,118858.0133,117825.155,,,,,1,1,0.11 ,2.44 ,0,2584,2403,55.68 ,52.37 ,20.66 ,0.40 ,0.90 ,1.68 ,-1,232.30 ,43.94 
2025-07-16T22:00:00+09:00,118583.50 ,118914.70 ,118144.10 ,118660.70 ,119395.0789,116379.2411,115585.975,118851.4833,117887.16,,,,,1,1,0.18 ,2.51 ,0,5480,2590,56.42 ,52.59 ,21.68 ,0.48 ,0.87 ,1.63 ,-1,243.64 ,92.52 
2025-07-16T23:00:00+09:00,118660.70 ,119230.00 ,118175.40 ,119013.20 ,119487.6823,116514.4577,115639.8585,118841.23,118001.07,,,,,1,1,0.47 ,2.79 ,0,5445,2536,59.75 ,53.60 ,22.76 ,0.62 ,0.84 ,1.57 ,-1,277.87 ,139.75 
2025-07-17T00:00:00+09:00,119013.20 ,119755.10 ,118311.60 ,119059.40 ,119500.5917,116764.4283,115693.049,118813.18,118132.51,,,,,1,1,0.51 ,2.83 ,0,12368,2986,60.18 ,53.73 ,23.90 ,0.81 ,0.83 ,1.55 ,-1,305.20 ,182.22 
2025-07-17T01:00:00+09:00,119059.40 ,119288.90 ,118444.00 ,119253.80 ,119478.9946,117070.1654,115748.302,118777.82,118274.58,,,,,1,1,0.67 ,2.99 ,0,3768,3052,62.01 ,54.28 ,24.95 ,0.78 ,0.83 ,1.55 ,-1,338.65 ,223.19 
2025-07-17T02:00:00+09:00,119253.80 ,119672.80 ,118944.00 ,119046.30 ,119549.2442,117150.8758,115801.48,118721.18,118350.06,,,,,1,1,0.50 ,2.82 ,0,3064,3096,58.89 ,53.58 ,26.01 ,0.72 ,0.82 ,1.53 ,-1,344.44 ,256.05 
2025-07-17T03:00:00+09:00,119046.30 ,119887.00 ,118850.10 ,119478.10 ,119700.5521,117167.0779,115855.0435,118677.2983,118433.815,,,,,1,1,0.86 ,3.17 ,0,3137,3140,63.06 ,54.82 ,27.18 ,0.77 ,0.82 ,1.54 ,-1,379.50 ,281.58 
2025-07-17T04:00:00+09:00,119478.10 ,119607.00 ,118800.00 ,119193.70 ,119772.0769,117241.4831,115907.5295,118618.4583,118506.78,,,,,1,1,0.62 ,2.94 ,0,2433,3154,58.83 ,53.85 ,28.36 ,0.74 ,0.83 ,1.55 ,-1,379.95 ,302.65 
2025-07-17T05:00:00+09:00,119193.70 ,119909.60 ,118902.40 ,119875.00 ,119978.0331,117212.1069,115962.41,118573.6117,118595.07,,,,,1,1,1.19 ,3.49 ,0,2106,3159,64.90 ,55.76 ,29.91 ,0.77 ,0.84 ,1.57 ,-1,430.33 ,325.76 
2025-07-17T06:00:00+09:00,119875.00 ,120043.10 ,119176.50 ,119264.40 ,120024 ,117319.3185,116013.8735,118528.3283,118671.77,,,,,1,1,0.68 ,3.00 ,0,2648,3219,56.82 ,53.73 ,31.69 ,0.76 ,0.85 ,1.59 ,-1,416.18 ,346.19 
2025-07-17T07:00:00+09:00,119264.40 ,119469.00 ,118552.50 ,118631.60 ,119942.1859,117531.4241,116065.343,118473.6567,118736.805,,,,,1,1,0.15 ,2.48 ,0,2269,3209,49.88 ,51.73 ,33.08 ,0.77 ,0.86 ,1.61 ,-1,349.88 ,358.00 
2025-07-17T08:00:00+09:00,118631.60 ,118809.00 ,118380.50 ,118602.40 ,119856.8825,117728.0175,116117.254,118425.53,118792.45,,,,,1,1,0.13 ,2.46 ,0,1785,3252,49.58 ,51.64 ,34.02 ,0.63 ,0.87 ,1.63 ,1,291.61 ,359.53 
2025-07-17T09:00:00+09:00,118602.40 ,119149.20 ,118591.40 ,118864.50 ,119771.9651,117937.9349,116169.621,118374.9133,118854.95,,,,,1,1,0.35 ,2.67 ,0,1500,3271,52.36 ,52.40 ,34.58 ,0.58 ,0.88 ,1.65 ,1,263.55 ,354.90 
2025-07-17T10:00:00+09:00,118864.50 ,119049.10 ,117668.90 ,118115.50 ,119735 ,118000.9534,116215.503,118315 ,118867.76,,,,,1,1,0.28 ,2.06 ,0,4757,3413,44.77 ,50.10 ,34.50 ,0.78 ,0.91 ,1.70 ,1,178.81 ,337.14 
2025-07-17T11:00:00+09:00,118115.50 ,118489.70 ,117974.80 ,118296.70 ,119731.6978,118007.1522,116261.5095,118267.315,118869.425,120043.1,,,,1,1,1.48 ,2.21 ,0,1779,3422,46.78 ,50.64 ,33.89 ,0.66 ,0.93 ,1.73 ,1,124.83 ,312.74 
2025-07-17T12:00:00+09:00,118296.70 ,118320.00 ,117720.90 ,118091.50 ,119738.9668,117993.9332,116308.317,118238 ,118866.45,,,,,1,1,1.65 ,2.04 ,0,1857,3411,44.79 ,50.02 ,32.81 ,0.61 ,0.94 ,1.76 ,1,64.75 ,277.77 
2025-07-17T13:00:00+09:00,118091.50 ,118469.10 ,117928.60 ,118469.00 ,119742.2364,117970.2236,116357.762,118207.4433,118856.23,,,,,1,1,1.33 ,2.35 ,0,1255,3333,49.08 ,51.14 ,31.19 ,0.56 ,0.95 ,1.78 ,1,47.06 ,240.78 
2025-07-17T14:00:00+09:00,118469.00 ,118618.40 ,118188.80 ,118557.00 ,119707.9145,117942.8255,116406.31,118185.3933,118825.37,,,,,1,1,1.25 ,2.42 ,0,1153,3162,50.05 ,51.40 ,29.46 ,0.49 ,0.96 ,1.79 ,1,39.68 ,197.37 
2025-07-17T15:00:00+09:00,118557.00 ,118747.90 ,118310.40 ,118443.30 ,119709.0896,117914.9804,116454.2265,118165.7317,118812.035,,117668.9,,,1,1,1.35 ,0.65 ,0,1654,3132,48.75 ,51.04 ,27.71 ,0.45 ,0.96 ,1.79 ,1,24.37 ,153.84 
2025-07-17T16:00:00+09:00,118443.30 ,118539.70 ,117818.40 ,118287.90 ,119714.8965,117863.8535,116501.3405,118138.52,118789.375,,,,,1,1,1.48 ,0.52 ,0,3134,3209,46.96 ,50.55 ,25.98 ,0.50 ,0.97 ,1.80 ,1,-0.29 ,114.93 
2025-07-17T17:00:00+09:00,118287.90 ,118414.60 ,118068.30 ,118307.40 ,119720.9857,117830.1543,116548.4775,118107.9133,118775.57,,,,,1,1,1.47 ,0.54 ,0,1258,3143,47.22 ,50.61 ,24.52 ,0.43 ,0.97 ,1.81 ,1,-18.06 ,80.52 
2025-07-17T18:00:00+09:00,118307.40 ,119198.90 ,118225.90 ,118753.90 ,119724.2527,117836.2073,116598.6085,118086.8433,118780.23,,,,,1,1,1.09 ,0.91 ,0,2832,3010,52.96 ,52.00 ,23.27 ,0.56 ,0.97 ,1.82 ,1,3.85 ,51.67 
2025-07-17T19:00:00+09:00,118753.90 ,118862.60 ,118224.30 ,118328.50 ,119703.3078,117788.6822,116647.3925,118058.4833,118745.995,,,,,1,1,1.45 ,0.56 ,0,1959,2836,47.65 ,50.62 ,22.11 ,0.56 ,0.97 ,1.81 ,1,-12.97 ,30.36 
2025-07-17T20:00:00+09:00,118328.50 ,118392.00 ,117958.30 ,117985.90 ,119692.734,117691.906,116695.6895,118027.7867,118692.32,,,,,1,1,1.74 ,0.27 ,0,2154,2325,43.83 ,49.53 ,20.96 ,0.49 ,0.95 ,1.77 ,1,-53.33 ,10.56 
2025-07-17T21:00:00+09:00,117985.90 ,118171.80 ,117422.00 ,117846.50 ,119652.0295,117591.8805,116742.409,118001.2217,118621.955,,,,,1,1,1.86 ,0.15 ,0,4549,2364,42.35 ,49.10 ,20.08 ,0.54 ,0.93 ,1.73 ,1,-95.46 ,-7.24 
2025-07-17T22:00:00+09:00,117846.50 ,118429.00 ,117504.70 ,118260.20 ,119604.9188,117560.3812,116790.053,117997.46,118582.65,,,,,1,1,1.51 ,0.50 ,0,3627,2392,47.98 ,50.42 ,19.33 ,0.62 ,0.92 ,1.72 ,1,-94.38 ,-22.95 
2025-07-17T23:00:00+09:00,118260.20 ,118820.90 ,118125.20 ,118747.60 ,119486.7486,117605.5014,116839.847,118005.4183,118546.125,119198.9,,,,1,1,0.38 ,0.91 ,0,3627,2417,53.72 ,51.92 ,18.54 ,0.61 ,0.91 ,1.70 ,1,-53.57 ,-33.31 
2025-07-18T00:00:00+09:00,118747.60 ,119079.20 ,118323.70 ,118869.70 ,119435.901,117623.949,116890.9215,118033.2033,118529.925,,,,,1,1,0.28 ,1.01 ,0,2807,2436,55.05 ,52.29 ,17.82 ,0.62 ,0.90 ,1.68 ,1,-11.26 ,-37.27 
2025-07-18T01:00:00+09:00,118869.70 ,118940.00 ,118320.00 ,118544.20 ,119127.6723,117799.0977,116940.582,118050.6083,118463.385,,,,,1,1,0.55 ,0.74 ,0,2748,2468,50.84 ,51.22 ,17.19 ,0.59 ,0.89 ,1.65 ,1,-3.94 ,-37.68 
2025-07-18T02:00:00+09:00,118544.20 ,119339.70 ,118487.80 ,119250.60 ,119123.6732,117802 ,116993.3345,118082.46,118462.695,,117422,120043.1,,1,2,0.04 ,1.53 ,0,4423,2556,58.30 ,53.34 ,16.80 ,0.63 ,0.88 ,1.63 ,1,58.19 ,-29.21 
2025-07-18T03:00:00+09:00,119250.60 ,119774.80 ,119190.00 ,119575.40 ,119328.36,117691.41,117047.0665,118124.58,118509.885,,,,,1,2,0.31 ,1.80 ,0,3615,2624,61.22 ,54.27 ,16.90 ,0.58 ,0.86 ,1.61 ,1,132.12 ,-14.95 
2025-07-18T04:00:00+09:00,119575.40 ,119870.00 ,118796.40 ,118945.60 ,119366.6766,117687.4134,117096.8175,118160.7233,118527.045,,,,,1,2,0.21 ,1.28 ,0,2582,2664,53.42 ,52.20 ,17.06 ,0.69 ,0.87 ,1.62 ,1,138.29 ,1.85 
2025-07-18T05:00:00+09:00,118945.60 ,119424.20 ,118360.60 ,119413.60 ,119469.0419,117639.9581,117147.4825,118204.8367,118554.5,,,,,1,2,0.18 ,1.67 ,0,3098,2743,57.73 ,53.54 ,17.18 ,0.75 ,0.88 ,1.64 ,1,178.88 ,27.65 
2025-07-18T06:00:00+09:00,119413.60 ,120945.00 ,119405.80 ,120259.60 ,119816.4103,117506.9997,117203.0305,118262.9733,118661.705,,,,,1,2,0.88 ,2.36 ,0,8729,2942,64.18 ,55.83 ,17.67 ,0.93 ,0.89 ,1.66 ,-1,276.13 ,68.94 
2025-07-18T07:00:00+09:00,120259.60 ,120699.80 ,119464.40 ,119759.90 ,119970.3792,117499.3508,117257.579,118307.9283,118734.865,,,,,1,2,0.47 ,1.95 ,0,3220,3014,58.50 ,54.22 ,18.39 ,0.96 ,0.91 ,1.70 ,-1,309.32 ,113.80 
2025-07-18T08:00:00+09:00,119759.90 ,119879.30 ,119147.80 ,119169.20 ,120001.1141,117576.3859,117308.3715,118342.15,118788.75,,,,,1,2,0.02 ,1.47 ,0,2504,3046,52.58 ,52.40 ,19.19 ,0.85 ,0.93 ,1.74 ,-1,284.67 ,151.38 
2025-07-18T09:00:00+09:00,119169.20 ,119781.70 ,119002.90 ,119740.30 ,120122.8685,117581.7615,117360.3425,118384.8183,118852.315,,,,,1,2,0.45 ,1.94 ,0,2263,3097,57.10 ,53.93 ,19.82 ,0.78 ,0.95 ,1.77 ,-1,307.68 ,186.82 
2025-07-18T10:00:00+09:00,119740.30 ,120782.20 ,119650.00 ,120342.30 ,120358.9727,117524.1873,117416.542,118422.75,118941.58,,,,,1,2,0.95 ,2.43 ,0,3523,3215,61.29 ,55.46 ,20.42 ,0.83 ,0.97 ,1.82 ,-1,370.22 ,228.39 
2025-07-18T11:00:00+09:00,120342.30 ,120389.90 ,119876.10 ,120074.10 ,120502.7384,117543.5016,117469.4825,118491.0617,119023.12,120945,,,,1,2,0.73 ,2.21 ,0,1564,3211,58.55 ,54.63 ,21.21 ,0.70 ,0.99 ,1.85 ,-1,393.60 ,265.65 
2025-07-18T12:00:00+09:00,120074.10 ,120475.90 ,119935.90 ,120211.90 ,120644.6996,117593.9404,117511.9975,118554.7283,119119.32,,,,,1,2,0.61 ,2.32 ,0,1649,3137,59.55 ,54.99 ,22.41 ,0.61 ,1.00 ,1.87 ,-1,418.43 ,297.47 
2025-07-18T13:00:00+09:00,120211.90 ,120470.00 ,119716.30 ,120389.90 ,120796.4824,117650.4076,117560.5265,118608.0567,119223.445,,,,,1,2,0.46 ,2.47 ,0,1608,3154,60.86 ,55.44 ,23.43 ,0.62 ,1.01 ,1.89 ,-1,447.31 ,331.80 
2025-07-18T14:00:00+09:00,120389.90 ,120628.20 ,120200.00 ,120577.40 ,120977.0698,117652.1702,117609.473,118660.67,119314.62,,,,,1,2,0.30 ,2.62 ,0,3807,3203,62.26 ,55.93 ,24.33 ,0.53 ,1.01 ,1.89 ,-1,479.80 ,365.24 
2025-07-18T15:00:00+09:00,120577.40 ,120826.10 ,120075.00 ,120252.80 ,121056.5142,117765.1558,117654.059,118719.3,119410.835,,,,,1,2,0.58 ,2.35 ,0,1891,3199,58.38 ,54.88 ,25.33 ,0.56 ,1.01 ,1.89 ,-1,473.89 ,387.21 
2025-07-18T16:00:00+09:00,120252.80 ,120382.80 ,119293.00 ,119366.90 ,120991.0059,117968.7641,117694.9295,118768.2383,119479.885,,,,,1,2,1.32 ,1.63 ,0,3480,3266,49.36 ,52.16 ,26.07 ,0.68 ,1.03 ,1.92 ,-1,393.19 ,396.53 
2025-07-18T17:00:00+09:00,119366.90 ,119481.40 ,118408.10 ,118653.20 ,120891.3768,118149.0632,117733.872,118805.585,119520.22,,,,117422,1,2,1.93 ,1.04 ,0,6354,3356,43.52 ,50.11 ,26.43 ,0.76 ,1.04 ,1.95 ,-1,268.55 ,394.74 
2025-07-18T18:00:00+09:00,118653.20 ,118989.00 ,118459.50 ,118895.10 ,120831.2871,118272.6429,117772.6535,118828.225,119551.965,,,,,1,2,1.72 ,1.24 ,0,3292,3339,45.86 ,50.78 ,26.43 ,0.65 ,1.04 ,1.95 ,-1,187.14 ,381.35 
2025-07-18T19:00:00+09:00,118895.10 ,119263.30 ,118519.60 ,119255.80 ,120811.1596,118343.5904,117813.0755,118852.4383,119577.375,,,,,1,2,1.42 ,1.54 ,0,1949,3255,49.23 ,51.76 ,25.98 ,0.64 ,1.05 ,1.96 ,1,149.99 ,356.88 
2025-07-18T20:00:00+09:00,119255.80 ,119289.90 ,118780.00 ,119173.90 ,120798.2785,118386.8915,117853.7745,118876.43,119592.585,120826.1,,,,1,2,1.39 ,1.47 ,0,1306,3180,48.49 ,51.52 ,25.22 ,0.57 ,1.04 ,1.95 ,1,112.65 ,325.66 
2025-07-18T21:00:00+09:00,119173.90 ,119507.20 ,119123.80 ,119424.50 ,120746.4539,118526.7461,117895.3315,118898.3517,119636.6,,,,,1,2,1.17 ,1.68 ,0,1529,3119,50.92 ,52.21 ,24.10 ,0.49 ,1.04 ,1.93 ,1,102.09 ,290.51 
2025-07-18T22:00:00+09:00,119424.50 ,119424.60 ,118500.00 ,118775.40 ,120773.8962,118451.7838,117933.913,118915.7683,119612.84,,118408.1,,,1,2,1.73 ,0.31 ,0,4790,3138,45.00 ,50.32 ,22.78 ,0.59 ,1.03 ,1.93 ,1,40.88 ,245.35 
2025-07-18T23:00:00+09:00,118775.40 ,119255.40 ,117300.80 ,118124.50 ,120870.615,118209.975,117968.5345,118928.995,119540.295,,,,,-1,1,2.29 ,0.24 ,0,11703,3542,39.99 ,48.53 ,21.98 ,0.94 ,1.06 ,1.98 ,1,-59.46 ,185.44 
2025-07-19T00:00:00+09:00,118124.50 ,118247.30 ,117443.10 ,117828.70 ,120991.9166,117976.9834,118001.7455,118934.6483,119484.45,,,,,-1,1,2.54 ,0.49 ,0,4620,3644,37.92 ,47.74 ,21.57 ,0.86 ,1.07 ,2.00 ,-1,-161.00 ,114.89 
2025-07-19T01:00:00+09:00,117828.70 ,118049.40 ,117460.60 ,117545.40 ,121119.7774,117662.3026,118033.4725,118933.4967,119391.04,,,,,-1,1,2.79 ,0.73 ,0,2471,3613,36.00 ,46.99 ,21.53 ,0.74 ,1.07 ,2.00 ,-1,-261.32 ,42.17 
2025-07-19T02:00:00+09:00,117545.40 ,117981.10 ,117329.10 ,117581.30 ,121106.7067,117407.5433,118066.37,118928.8633,119257.125,,,120945,,-1,1,2.76 ,0.70 ,0,2761,3314,36.44 ,47.10 ,21.95 ,0.68 ,1.05 ,1.97 ,-1,-334.07 ,-24.79 
2025-07-19T03:00:00+09:00,117581.30 ,117713.40 ,117217.00 ,117299.90 ,121153.042,117115.208,118097.6205,118912.805,119134.125,,,,,-1,1,3.01 ,0.94 ,0,1607,3234,34.44 ,46.35 ,22.85 ,0.59 ,1.03 ,1.92 ,-1,-409.72 ,-91.11 
2025-07-19T04:00:00+09:00,117299.90 ,117876.60 ,117104.80 ,117366.60 ,121204.5771,116883.4129,118129.5345,118899.7317,119043.995,,,,,-1,1,2.95 ,0.89 ,0,4048,3311,35.34 ,46.56 ,24.10 ,0.62 ,1.01 ,1.88 ,-1,-458.99 ,-158.77 
2025-07-19T05:00:00+09:00,117366.60 ,117534.30 ,116781.70 ,117380.00 ,121177.4712,116674 ,118162.324,118878.175,118925.98,,,,,-1,1,2.94 ,0.88 ,0,4414,3418,35.54 ,46.60 ,25.58 ,0.62 ,1.00 ,1.86 ,-1,-491.30 ,-225.88 
2025-07-19T06:00:00+09:00,117380.00 ,117860.00 ,117350.00 ,117654.50 ,121009.4966,116573.6834,118196.791,118852.8467,118791.59,,,,,-1,1,2.70 ,0.64 ,0,1470,3316,39.51 ,47.46 ,26.77 ,0.56 ,0.98 ,1.82 ,-1,-489.11 ,-291.57 
2025-07-19T07:00:00+09:00,117654.50 ,117935.40 ,117383.00 ,117659.90 ,120859.0309,116482.7291,118229.115,118835.345,118670.88,,,,,-1,1,2.69 ,0.64 ,0,1892,3332,39.59 ,47.48 ,27.66 ,0.53 ,0.96 ,1.80 ,-1,-481.39 ,-349.60 
2025-07-19T08:00:00+09:00,117659.90 ,118000.00 ,117439.60 ,117909.90 ,120647.6409,116463.9191,118261.96,118821.4917,118555.78,,,,,-1,1,2.47 ,0.42 ,0,2124,3356,43.27 ,48.27 ,28.21 ,0.51 ,0.96 ,1.78 ,-1,-449.92 ,-392.98 
2025-07-19T09:00:00+09:00,117909.90 ,118014.30 ,117682.10 ,117708.50 ,120364.5842,116478.8358,118287.6025,118806.9083,118421.71,,,,,-1,1,2.65 ,0.59 ,0,1404,3346,41.10 ,47.68 ,28.44 ,0.44 ,0.94 ,1.76 ,-1,-436.20 ,-423.56 
2025-07-19T10:00:00+09:00,117708.50 ,118076.20 ,117584.70 ,118007.80 ,119970.6078,116615.8522,118309.276,118796 ,118293.23,,116781.7,,,-1,1,2.39 ,1.04 ,0,1350,3223,45.48 ,48.64 ,28.38 ,0.43 ,0.93 ,1.74 ,-1,-396.60 ,-438.59 
2025-07-19T11:00:00+09:00,118007.80 ,118269.00 ,117908.70 ,118176.60 ,119605.4806,116773.3594,118333.2205,118782.0833,118189.42,,,,,-1,1,2.24 ,1.18 ,0,1214,3189,47.84 ,49.17 ,28.02 ,0.39 ,0.92 ,1.72 ,-1,-347.59 ,-440.09 
2025-07-19T12:00:00+09:00,118176.60 ,118347.60 ,118094.80 ,118295.30 ,119446.83,116824.85,118358.4985,118769.3483,118135.84,,,,,-1,1,2.14 ,1.28 ,0,1444,3087,49.49 ,49.55 ,27.24 ,0.33 ,0.89 ,1.67 ,-1,-295.76 ,-427.43 
2025-07-19T13:00:00+09:00,118295.30 ,118324.50 ,118062.20 ,118104.50 ,119397.7258,116819.0842,118381.872,118750.1933,118108.405,,,,,-1,1,2.30 ,1.12 ,0,2585,2899,46.92 ,48.95 ,26.30 ,0.29 ,0.86 ,1.61 ,-1,-267.01 ,-406.10 
2025-07-19T14:00:00+09:00,118104.50 ,118253.30 ,118014.00 ,118177.10 ,119311.1974,116833.8126,118390.431,118735.7067,118072.505,,,,,-1,1,2.24 ,1.18 ,0,852,2777,48.03 ,49.19 ,25.29 ,0.26 ,0.83 ,1.55 ,-1,-235.64 ,-377.69 
2025-07-19T15:00:00+09:00,118177.10 ,118243.40 ,118041.70 ,118138.20 ,119131.387,116901.863,118401.2015,118713.375,118016.625,,,,,-1,1,2.28 ,1.15 ,0,335,2696,47.45 ,49.07 ,24.27 ,0.23 ,0.80 ,1.49 ,-1,-211.49 ,-346.84 
2025-07-19T16:00:00+09:00,118138.20 ,118293.00 ,118124.50 ,118141.80 ,118948.5437,116981.4963,118412.0445,118695.8433,117965.02,,,,,-1,1,2.27 ,1.15 ,0,942,2678,47.52 ,49.08 ,23.19 ,0.20 ,0.77 ,1.44 ,-1,-189.87 ,-314.45 
2025-07-19T17:00:00+09:00,118141.80 ,118235.90 ,117908.40 ,118060.10 ,118621.02,117172.58,118424.569,118665.595,117896.8,118347.6,,,,-1,1,0.24 ,1.08 ,0,2906,2747,46.18 ,48.81 ,22.18 ,0.23 ,0.75 ,1.41 ,1,-177.28 ,-284.16 
2025-07-19T18:00:00+09:00,118060.10 ,118272.90 ,118028.10 ,118193.60 ,118487.6617,117247.7583,118435.928,118647.7483,117867.71,,,,,-1,1,0.13 ,1.19 ,0,818,2548,48.72 ,49.27 ,21.34 ,0.22 ,0.73 ,1.35 ,1,-154.75 ,-252.89 
2025-07-19T19:00:00+09:00,118193.60 ,118437.40 ,118135.30 ,118400.00 ,118534.9828,117227.9872,118444.8845,118643.8883,117881.485,,,,,1,1,0.04 ,1.37 ,0,925,2009,52.46 ,50.00 ,20.53 ,0.23 ,0.67 ,1.25 ,1,-118.87 ,-222.03 
2025-07-19T20:00:00+09:00,118400.00 ,118445.60 ,118130.00 ,118289.80 ,118581.0903,117227.9897,118452.199,118638.6783,117904.54,,,,,1,1,0.05 ,1.27 ,0,934,1825,50.35 ,49.61 ,19.72 ,0.24 ,0.63 ,1.17 ,-1,-98.19 ,-194.32 
2025-07-19T21:00:00+09:00,118289.80 ,118289.90 ,118064.20 ,118210.00 ,118605.7282,117269.8118,118459.0245,118627.77,117937.77,,,,,1,1,0.12 ,1.21 ,0,918,1747,48.82 ,49.33 ,18.94 ,0.23 ,0.59 ,1.10 ,-1,-87.24 ,-171.15 
2025-07-19T22:00:00+09:00,118210.00 ,118281.80 ,118051.20 ,118166.80 ,118621.1221,117312.9679,118460.7715,118628.625,117967.045,,117908.4,,,1,1,0.15 ,0.22 ,1,465,1632,47.97 ,49.18 ,18.20 ,0.22 ,0.55 ,1.03 ,-1,-81.11 ,-150.49 
2025-07-19T23:00:00+09:00,118166.80 ,118196.80 ,117608.50 ,117655.10 ,118582.3003,117387.3097,118460.967,118617.9317,117984.805,,,,,-1,1,0.59 ,0.22 ,0,2979,1701,39.25 ,47.39 ,17.91 ,0.31 ,0.53 ,0.99 ,-1,-116.21 ,-137.22 
2025-07-20T00:00:00+09:00,117655.10 ,118216.20 ,117635.80 ,118024.00 ,118543.5558,117491.7942,118463.4895,118616.8067,118017.675,,,,,-1,1,0.27 ,0.10 ,0,1702,1584,46.76 ,48.76 ,17.84 ,0.37 ,0.51 ,0.96 ,1,-112.95 ,-126.27 
2025-07-20T01:00:00+09:00,118024.00 ,118138.60 ,117833.00 ,117951.10 ,118485.3765,117607.0835,118463.53,118608.175,118046.23,118445.6,,,116781.7,-1,1,0.42 ,0.04 ,0,1289,1427,45.56 ,48.51 ,17.99 ,0.33 ,0.49 ,0.92 ,1,-114.92 ,-117.95 
2025-07-20T02:00:00+09:00,117951.10 ,117969.70 ,117718.70 ,117792.00 ,118471.3115,117634.8985,118460.171,118595.425,118053.105,,,,,-1,1,0.55 ,0.10 ,0,963,1402,42.97 ,47.95 ,18.61 ,0.29 ,0.47 ,0.88 ,1,-127.85 ,-112.46 
2025-07-20T03:00:00+09:00,117792.00 ,118025.00 ,117736.10 ,117831.20 ,118453.4985,117669.8415,118459.498,118585.2233,118061.67,,,,,-1,1,0.52 ,0.07 ,0,641,1339,43.82 ,48.10 ,19.58 ,0.28 ,0.45 ,0.84 ,1,-133.40 ,-110.08 
2025-07-20T04:00:00+09:00,117831.20 ,118125.80 ,117562.20 ,117985.20 ,118452.7793,117678.0907,118460.461,118580.1783,118065.435,,,,,-1,1,0.39 ,0.07 ,0,1252,1296,47.14 ,48.69 ,20.92 ,0.34 ,0.44 ,0.82 ,1,-123.94 ,-110.65 
2025-07-20T05:00:00+09:00,117985.20 ,118127.90 ,117681.20 ,117695.80 ,118454.5172,117675.0828,118459.7545,118569.985,118064.8,,,,,-1,1,0.64 ,0.18 ,0,474,1249,42.10 ,47.65 ,22.59 ,0.36 ,0.43 ,0.81 ,1,-138.20 ,-115.09 
2025-07-20T06:00:00+09:00,117695.80 ,117815.80 ,117262.20 ,117677.80 ,118472.6754,117623.9246,118458.297,118552.05,118048.3,,,,,-1,1,0.65 ,0.20 ,0,2701,1317,41.80 ,47.58 ,24.40 ,0.39 ,0.43 ,0.81 ,1,-149.24 ,-121.98 
2025-07-20T07:00:00+09:00,117677.80 ,117823.60 ,117500.50 ,117772.00 ,118464.457,117591.683,118457.903,118542.775,118028.07,,,,,-1,1,0.57 ,0.12 ,0,757,1294,44.04 ,47.96 ,26.37 ,0.35 ,0.43 ,0.80 ,1,-148.67 ,-129.49 
2025-07-20T08:00:00+09:00,117772.00 ,117924.00 ,117710.20 ,117818.20 ,118431.6306,117576.7994,118462.4085,118539.98,118004.215,,,,,-1,1,0.53 ,0.08 ,0,576,1251,45.16 ,48.15 ,28.31 ,0.30 ,0.43 ,0.80 ,1,-142.84 ,-132.45 
2025-07-20T09:00:00+09:00,117818.20 ,117970.20 ,117627.60 ,117909.80 ,118421.1842,117567.7758,118464.915,118541.035,117994.48,,,,,-1,1,0.45 ,0.00 ,0,481,1145,47.40 ,48.52 ,30.18 ,0.29 ,0.43 ,0.80 ,1,-129.34 ,-134.27 
2025-07-20T10:00:00+09:00,117909.80 ,118113.40 ,117869.20 ,117909.30 ,118400.7808,117561.3992,118466.293,118535.1867,117981.09,,,,,-1,1,0.45 ,0.00 ,0,813,1143,47.39 ,48.52 ,31.86 ,0.27 ,0.43 ,0.80 ,1,-117.33 ,-134.54 
2025-07-20T11:00:00+09:00,117909.30 ,117990.00 ,117745.90 ,117964.50 ,118385.8745,117558.9355,118467.618,118522.135,117972.405,,117262.2,,,-1,1,0.41 ,0.60 ,0,616,1158,48.85 ,48.75 ,33.32 ,0.25 ,0.43 ,0.80 ,1,-102.18 ,-131.68 
2025-07-20T12:00:00+09:00,117964.50 ,118149.50 ,117718.20 ,117946.80 ,118368.8187,117556.4913,118466.9685,118506.7533,117962.655,,,,,-1,1,0.42 ,0.58 ,0,973,1159,48.39 ,48.68 ,34.36 ,0.29 ,0.43 ,0.81 ,1,-90.56 ,-126.92 
2025-07-20T13:00:00+09:00,117946.80 ,118100.00 ,117861.30 ,117920.30 ,118359.6863,117551.6437,118468.4805,118496.355,117955.665,,,,,-1,1,0.45 ,0.56 ,0,654,1046,47.66 ,48.57 ,34.80 ,0.26 ,0.44 ,0.81 ,1,-82.54 ,-122.32 
2025-07-20T14:00:00+09:00,117920.30 ,117950.00 ,117771.30 ,117827.20 ,118329.6061,117545.0839,118469.6635,118472.6317,117937.345,,,,,-1,1,0.52 ,0.48 ,0,591,1035,45.09 ,48.18 ,34.78 ,0.22 ,0.44 ,0.82 ,1,-82.74 ,-116.16 
2025-07-20T15:00:00+09:00,117827.20 ,117865.60 ,117748.10 ,117798.90 ,118241 ,117573.7049,118470.713,118443.0233,117907.29,,,,,-1,1,0.55 ,0.46 ,0,315,1005,44.30 ,48.06 ,34.54 ,0.18 ,0.43 ,0.81 ,1,-84.21 ,-108.93 
2025-07-20T16:00:00+09:00,117798.90 ,118191.90 ,117798.90 ,117999.20 ,118180.6163,117604.9037,118473.2095,118427.25,117892.76,,,118445.6,,-1,1,0.38 ,0.62 ,0,1480,1032,50.81 ,48.98 ,33.72 ,0.23 ,0.43 ,0.81 ,1,-68.42 ,-100.02 
2025-07-20T17:00:00+09:00,117999.20 ,118215.90 ,117999.20 ,118139.60 ,118162.8628,117615.6172,118477.078,118406.0167,117889.24,,,,,-1,1,0.26 ,0.74 ,0,2566,1114,54.80 ,49.61 ,32.63 ,0.22 ,0.43 ,0.80 ,1,-44.07 ,-89.04 
2025-07-20T18:00:00+09:00,118139.60 ,118255.40 ,117873.90 ,117908.20 ,118118.9304,117633.6896,118478.575,118366.8267,117876.31,,,,,-1,1,0.46 ,0.55 ,0,1731,1178,47.91 ,48.60 ,31.19 ,0.25 ,0.43 ,0.81 ,1,-42.96 ,-79.44 
2025-07-20T19:00:00+09:00,117908.20 ,117998.00 ,117870.60 ,117893.90 ,118108.6349,117667.8651,118480.227,118335.7267,117888.25,,,,,-1,1,0.47 ,0.54 ,0,1582,1108,47.51 ,48.53 ,29.67 ,0.20 ,0.43 ,0.79 ,1,-42.73 ,-71.16 
2025-07-20T20:00:00+09:00,117893.90 ,118070.00 ,117810.00 ,117873.70 ,118092.1596,117669.3104,118480.927,118314.135,117880.735,,,,,-1,1,0.49 ,0.52 ,0,1681,1107,46.92 ,48.44 ,28.03 ,0.21 ,0.41 ,0.77 ,1,-43.68 ,-64.66 
2025-07-20T21:00:00+09:00,117873.70 ,118147.90 ,117718.20 ,118053.50 ,118108.509,117663.201,118483.1365,118286.0217,117885.855,,,,,-1,1,0.33 ,0.67 ,0,2874,1186,52.58 ,49.30 ,26.27 ,0.26 ,0.41 ,0.76 ,1,-29.58 ,-57.88 
2025-07-20T22:00:00+09:00,118053.50 ,118374.70 ,118053.50 ,118373.60 ,118218.2657,117611.6043,118486.783,118253.21,117914.935,,,,,-1,1,0.06 ,0.94 ,0,1106,1193,60.64 ,50.79 ,24.47 ,0.26 ,0.41 ,0.76 ,1,7.34 ,-47.89 
2025-07-20T23:00:00+09:00,118373.60 ,118769.00 ,118246.00 ,118434.30 ,118320.4803,117569.6997,118489.9545,118225.88,117945.09,,,,,-1,1,0.01 ,0.99 ,0,3447,1333,61.96 ,51.06 ,23.27 ,0.32 ,0.41 ,0.76 ,1,41.02 ,-34.14 
2025-07-21T00:00:00+09:00,118434.30 ,118752.10 ,118323.20 ,118660.00 ,118466.9507,117490.7093,118494.7735,118200.015,117978.83,,,,,1,1,0.18 ,1.18 ,0,1569,1349,66.46 ,52.09 ,22.60 ,0.34 ,0.41 ,0.76 ,-1,84.95 ,-15.35 
2025-07-21T01:00:00+09:00,118660.00 ,118842.00 ,118443.10 ,118549.90 ,118550.8458,117492.2242,118498.1495,118169.3483,118021.535,,,,,1,1,0.09 ,1.09 ,0,2444,1448,62.57 ,51.55 ,22.47 ,0.34 ,0.41 ,0.76 ,-1,109.61 ,4.43 
2025-07-21T02:00:00+09:00,118549.90 ,118549.90 ,117934.70 ,118008.90 ,118543.5352,117532.6448,118497.6485,118126.54,118038.09,,117718.2,,117262.2,1,1,0.37 ,0.25 ,1,2356,1431,47.77 ,49.01 ,22.31 ,0.40 ,0.41 ,0.76 ,-1,84.53 ,18.72 
2025-07-21T03:00:00+09:00,118008.90 ,118418.70 ,118008.90 ,118334.20 ,118571.8576,117560.5424,118499.228,118094.5633,118066.2,,,,,1,1,0.09 ,0.52 ,0,1293,1457,54.71 ,50.51 ,22.17 ,0.38 ,0.41 ,0.76 ,-1,89.86 ,33.48 
2025-07-21T04:00:00+09:00,118334.20 ,118543.90 ,118136.50 ,118136.60 ,118575.4417,117588.7983,118501.061,118074.0583,118082.12,,,,,1,1,0.26 ,0.35 ,0,774,1467,50.33 ,49.60 ,22.04 ,0.37 ,0.42 ,0.77 ,1,77.26 ,46.81 
2025-07-21T05:00:00+09:00,118136.60 ,118245.00 ,117830.00 ,118064.00 ,118576.9186,117602.7414,118503.8775,118064.2383,118089.83,,,,,1,1,0.32 ,0.29 ,0,1220,1504,48.79 ,49.27 ,21.91 ,0.36 ,0.42 ,0.78 ,1,60.71 ,58.41 
2025-07-21T06:00:00+09:00,118064.00 ,118137.90 ,117813.40 ,117984.00 ,118576.1842,117610.9458,118506.4455,118049.0533,118093.565,118842,,,,1,1,0.73 ,0.23 ,0,882,1508,47.08 ,48.91 ,21.48 ,0.33 ,0.43 ,0.79 ,1,40.67 ,66.22 
2025-07-21T07:00:00+09:00,117984.00 ,118027.60 ,116415.20 ,117441.20 ,118625.9404,117508.8596,118506.886,118018.81,118067.4,,,,,-1,1,1.19 ,0.24 ,0,8157,1885,37.47 ,46.51 ,21.36 ,0.68 ,0.46 ,0.86 ,1,-18.79 ,63.31 
2025-07-21T08:00:00+09:00,117441.20 ,117527.80 ,116917.80 ,117224.80 ,118699.0129,117363.5871,118507.6265,117986.325,118031.3,,,,,-1,1,1.38 ,0.42 ,0,1872,1930,34.45 ,45.60 ,21.46 ,0.63 ,0.48 ,0.90 ,-1,-82.43 ,49.60 
2025-07-21T09:00:00+09:00,117224.80 ,117328.50 ,116473.70 ,117322.60 ,118736.4354,117266.3946,118508.4685,117951.2933,118001.415,,,,,-1,1,1.30 ,0.34 ,0,3316,2063,36.92 ,46.09 ,22.37 ,0.66 ,0.51 ,0.96 ,-1,-123.55 ,26.43 
2025-07-21T10:00:00+09:00,117322.60 ,117406.10 ,116740.30 ,117259.00 ,118773.7499,117172.2601,118507.551,117926.02,117973.005,,,,,-1,1,1.35 ,0.39 ,0,1826,2125,35.97 ,45.82 ,23.96 ,0.63 ,0.54 ,1.02 ,-1,-159.43 ,-3.46 
2025-07-21T11:00:00+09:00,117259.00 ,118149.60 ,117258.90 ,118148.50 ,118790.5271,117190.4429,118511.0125,117926.42,117990.485,,,,,-1,1,0.59 ,0.36 ,0,3464,2282,53.86 ,50.03 ,25.58 ,0.67 ,0.58 ,1.08 ,-1,-114.77 ,-25.61 
2025-07-21T12:00:00+09:00,118148.50 ,118574.70 ,118084.90 ,118356.50 ,118824.1741,117192.5259,118515.2045,117935.2167,118008.35,,116415.2,,,-1,1,0.41 ,1.64 ,0,2808,2348,56.90 ,50.94 ,26.91 ,0.58 ,0.61 ,1.13 ,-1,-61.87 ,-42.47 
2025-07-21T13:00:00+09:00,118356.50 ,118605.30 ,118236.70 ,118298.60 ,118840.1445,117192.4555,118521.834,117947.77,118016.3,,,,,-1,1,0.46 ,1.59 ,0,1038,2272,55.80 ,50.67 ,27.97 ,0.49 ,0.63 ,1.17 ,-1,-24.35 ,-53.76 
2025-07-21T14:00:00+09:00,118298.60 ,118392.40 ,118144.00 ,118392.30 ,118878.547,117202.463,118526.603,117961.2867,118040.505,,,,,-1,1,0.38 ,1.67 ,0,1137,2242,57.24 ,51.09 ,28.24 ,0.40 ,0.64 ,1.19 ,-1,12.81 ,-59.08 
2025-07-21T15:00:00+09:00,118392.30 ,119234.00 ,118244.90 ,119156.20 ,119068.5225,117138.7175,118535.69,117992.225,118103.62,,,,,1,1,0.26 ,2.30 ,0,4411,2384,66.75 ,54.30 ,28.00 ,0.54 ,0.66 ,1.24 ,-1,102.71 ,-52.19 
2025-07-21T16:00:00+09:00,119156.20 ,119672.90 ,119136.20 ,119337.20 ,119273.7862,117079.8038,118545.513,118025.0683,118176.795,,,,,1,1,0.41 ,2.45 ,0,3906,2495,68.54 ,55.01 ,27.36 ,0.51 ,0.69 ,1.28 ,-1,186.41 ,-29.39 
2025-07-21T17:00:00+09:00,119337.20 ,119477.00 ,118824.00 ,118988.30 ,119373.891,117073.179,118554.0905,118051.8733,118223.535,,,,,1,1,0.12 ,2.16 ,0,3975,2550,61.66 ,53.37 ,26.25 ,0.52 ,0.71 ,1.32 ,-1,222.03 ,4.44 
2025-07-21T18:00:00+09:00,118988.30 ,119084.10 ,118520.00 ,118670.10 ,119403.6154,117073.1046,118559.9105,118068.8,118238.36,,,,,1,1,0.14 ,1.90 ,0,2771,2633,56.13 ,51.93 ,25.09 ,0.51 ,0.72 ,1.35 ,-1,222.03 ,42.84 
2025-07-21T19:00:00+09:00,118670.10 ,118800.00 ,118320.80 ,118564.10 ,119415.8301,117073.8699,118564.876,118083.87,118244.85,,,,,1,1,0.23 ,1.81 ,0,2497,2586,54.38 ,51.46 ,24.02 ,0.47 ,0.74 ,1.37 ,-1,211.04 ,84.01 
2025-07-21T20:00:00+09:00,118564.10 ,118779.70 ,118058.00 ,118058.00 ,119372.3696,117057.1304,118566.6655,118086.3383,118214.75,,,,,1,1,0.66 ,1.39 ,0,2227,2619,46.87 ,49.27 ,23.10 ,0.52 ,0.75 ,1.40 ,-1,159.65 ,114.50 
2025-07-21T21:00:00+09:00,118058.00 ,118562.60 ,117747.00 ,118141.40 ,119341.9422,117046.7078,118568.1715,118093.5533,118194.325,119672.9,,,,1,1,1.30 ,1.46 ,0,4155,2704,48.14 ,49.63 ,22.40 ,0.58 ,0.77 ,1.43 ,-1,124.23 ,135.17 
2025-07-21T22:00:00+09:00,118141.40 ,119058.80 ,117866.00 ,118794.10 ,119406.5852,117060.5848,118573.538,118106.6583,118233.585,,,,,1,1,0.74 ,2.00 ,0,6252,2899,56.84 ,52.33 ,21.50 ,0.72 ,0.79 ,1.48 ,-1,147.12 ,154.23 
2025-07-21T23:00:00+09:00,118794.10 ,119199.00 ,118389.80 ,118793.20 ,119454.2126,117058.8574,118578.3105,118116.935,118256.535,,,,,1,1,0.74 ,2.00 ,0,3748,3022,56.83 ,52.33 ,20.33 ,0.71 ,0.82 ,1.52 ,-1,163.31 ,170.95 
2025-07-22T00:00:00+09:00,118793.20 ,119089.00 ,118236.20 ,118316.50 ,119462.1713,117068.8887,118580.1935,118117.2883,118265.53,,,,,1,1,1.15 ,1.61 ,0,3063,3136,49.76 ,50.28 ,19.02 ,0.71 ,0.84 ,1.57 ,-1,136.11 ,174.66 
2025-07-22T01:00:00+09:00,118316.50 ,118388.30 ,117471.80 ,117732.30 ,119465.3307,117032.5593,118579.615,118111.085,118248.945,,,,,1,1,1.65 ,1.12 ,0,5605,3355,42.74 ,47.93 ,18.00 ,0.74 ,0.87 ,1.62 ,-1,66.64 ,161.35 
2025-07-22T02:00:00+09:00,117732.30 ,118087.20 ,117303.00 ,117810.80 ,119466.5187,117014.0513,118580.194,118104.98,118240.285,,,,,1,1,1.58 ,1.18 ,0,3151,3469,43.88 ,48.26 ,17.39 ,0.71 ,0.90 ,1.68 ,-1,17.71 ,138.65 
2025-07-22T03:00:00+09:00,117810.80 ,118202.90 ,117055.00 ,117124.20 ,119498.8235,116950.0465,118577.294,118088.08,118224.435,,,,116415.2,1,1,2.18 ,0.61 ,0,4293,3276,36.93 ,45.66 ,17.16 ,0.80 ,0.91 ,1.69 ,-1,-75.59 ,105.58 
2025-07-22T04:00:00+09:00,117124.20 ,117488.90 ,116623.40 ,116731.10 ,119566.4191,116833.0809,118570.8035,118064.5683,118199.75,119199,,,,1,1,2.11 ,0.27 ,-1,4905,3427,33.64 ,44.27 ,17.28 ,0.79 ,0.92 ,1.72 ,-1,-179.19 ,62.22 
2025-07-22T05:00:00+09:00,116731.10 ,117216.20 ,116600.00 ,116890.00 ,119611.6902,116744.5498,118563.454,118045.0667,118178.12,,,,,1,1,1.98 ,0.41 ,0,2624,3393,36.11 ,44.96 ,17.90 ,0.70 ,0.92 ,1.72 ,-1,-245.64 ,17.19 
2025-07-22T06:00:00+09:00,116890.00 ,117335.30 ,116826.00 ,117170.10 ,119619.1193,116728.2307,118556.5045,118028.0083,118173.675,,,,,1,1,1.73 ,0.64 ,0,1473,3375,40.34 ,46.16 ,18.86 ,0.61 ,0.92 ,1.72 ,-1,-272.56 ,-26.90 
2025-07-22T07:00:00+09:00,117170.10 ,117597.80 ,117070.00 ,117304.50 ,119625.8485,116637.1015,118549.413,118009.75,118131.475,,,,,1,1,1.62 ,0.76 ,0,1167,3260,42.31 ,46.73 ,20.01 ,0.56 ,0.91 ,1.70 ,-1,-279.82 ,-74.34 
2025-07-22T08:00:00+09:00,117304.50 ,117469.90 ,117064.80 ,117334.30 ,119609.9641,116550.7659,118542.9545,117993.825,118080.365,,,,,1,1,1.59 ,0.78 ,0,1184,3179,42.76 ,46.86 ,21.07 ,0.49 ,0.91 ,1.69 ,-1,-279.94 ,-123.59 
2025-07-22T09:00:00+09:00,117334.30 ,117475.20 ,116967.10 ,117076.60 ,119606 ,116432.8463,118535.974,117974.935,118019.265,,,,,1,1,1.81 ,0.56 ,0,1906,3222,39.86 ,45.89 ,22.03 ,0.47 ,0.90 ,1.69 ,-1,-297.40 ,-171.75 
2025-07-22T10:00:00+09:00,117076.60 ,117915.60 ,116023.60 ,117706.20 ,119567.2962,116402.6238,118531.355,117967.2583,117984.96,,,,,1,1,1.27 ,1.10 ,0,13520,3842,48.98 ,48.55 ,23.12 ,0.85 ,0.94 ,1.75 ,-1,-257.47 ,-207.77 
2025-07-22T11:00:00+09:00,117706.20 ,117768.10 ,116929.00 ,116978.80 ,119420.2687,116331.9113,118521.5825,117955.9867,117876.09,,,,,1,1,1.90 ,0.48 ,0,3349,3789,41.20 ,45.89 ,24.21 ,0.81 ,0.96 ,1.79 ,-1,-281.28 ,-240.99 
2025-07-22T12:00:00+09:00,116978.80 ,117230.50 ,116647.50 ,117173.60 ,119185.4453,116350.3747,118512.8705,117941.8133,117767.91,,,119672.9,,1,1,1.73 ,0.65 ,0,3295,3758,43.78 ,46.69 ,25.37 ,0.70 ,0.97 ,1.81 ,-1,-281.19 ,-263.83 
2025-07-22T13:00:00+09:00,117173.60 ,117321.90 ,116504.00 ,116506.10 ,119046.781,116240.819,118500.2355,117917.73,117643.8,,,,,1,1,2.31 ,0.08 ,0,2796,3699,37.69 ,44.40 ,26.69 ,0.71 ,0.99 ,1.84 ,-1,-331.16 ,-280.72 
2025-07-22T14:00:00+09:00,116506.10 ,117316.30 ,116503.90 ,117286.60 ,118902.8098,116246.4402,118493.7,117909.3067,117574.625,,,,,1,1,1.63 ,0.74 ,0,3775,3749,46.98 ,47.47 ,28.34 ,0.70 ,1.00 ,1.87 ,-1,-304.27 ,-287.23 
2025-07-22T15:00:00+09:00,117286.60 ,117786.00 ,117218.50 ,117779.90 ,118788.6272,116282.2028,118490.3145,117908.4517,117535.415,117915.6,116023.6,,,1,1,0.12 ,1.49 ,1,3128,3781,51.86 ,49.28 ,29.91 ,0.62 ,1.01 ,1.89 ,-1,-240.39 ,-283.66 
2025-07-22T16:00:00+09:00,117779.90 ,118531.60 ,117715.20 ,117952.80 ,118775.4072,116284.9028,118484.939,117907.9117,117530.155,,,,,1,2,0.03 ,1.64 ,0,7351,4037,53.48 ,49.90 ,31.03 ,0.65 ,1.02 ,1.90 ,-1,-173.81 ,-271.88 
2025-07-22T17:00:00+09:00,117952.80 ,118314.90 ,117457.00 ,118246.00 ,118791.6916,116279.0784,118481.081,117917.0817,117535.385,,,,,1,2,0.28 ,1.88 ,0,4281,4043,56.17 ,50.94 ,31.49 ,0.67 ,1.03 ,1.92 ,-1,-96.27 ,-251.47 
2025-07-22T18:00:00+09:00,118246.00 ,118615.40 ,117839.30 ,118361.00 ,118695.2062,116332.2538,118477.6235,117928.4683,117513.73,,,,,1,2,0.38 ,1.97 ,0,3756,3918,57.21 ,51.34 ,31.34 ,0.67 ,1.02 ,1.91 ,1,-25.25 ,-221.23 
2025-07-22T19:00:00+09:00,118361.00 ,118941.20 ,118265.80 ,118932.30 ,118733.4306,116307.9394,118474.143,117947.8067,117520.685,,,,,1,2,0.85 ,2.45 ,0,3340,3898,62.05 ,53.28 ,30.69 ,0.63 ,1.02 ,1.90 ,-1,76.25 ,-184.15 
2025-07-22T20:00:00+09:00,118932.30 ,119189.00 ,118754.40 ,119138.80 ,118925.9793,116197.6207,118466.125,117969.8167,117561.8,,,,,1,2,1.03 ,2.61 ,0,6461,4068,63.65 ,53.96 ,29.65 ,0.54 ,1.00 ,1.88 ,-1,171.38 ,-133.86 
2025-07-22T21:00:00+09:00,119138.80 ,119399.10 ,119028.10 ,119278.80 ,119195.0402,116083.2098,118455.642,117992.6333,117639.125,,,,,1,2,1.14 ,2.73 ,0,3063,3941,64.74 ,54.42 ,28.32 ,0.46 ,0.98 ,1.84 ,-1,255.13 ,-74.27 
2025-07-22T22:00:00+09:00,119278.80 ,119576.20 ,118018.00 ,118139.10 ,119225.2199,116085.8601,118434.114,117996.4633,117655.54,,,,,1,2,0.19 ,1.79 ,0,11898,4378,51.30 ,50.26 ,26.85 ,0.75 ,0.99 ,1.84 ,-1,226.91 ,-12.26 
2025-07-22T23:00:00+09:00,118139.10 ,119104.40 ,117526.90 ,119040.30 ,119410.9317,116091.7583,118418.7605,118014.3933,117751.345,,,,,1,2,0.94 ,2.53 ,0,9826,4655,58.62 ,53.15 ,25.74 ,0.94 ,1.00 ,1.86 ,-1,274.12 ,52.01 
2025-07-23T00:00:00+09:00,119040.30 ,119169.00 ,118669.00 ,118897.50 ,119521.5463,116197.7837,118399.6275,118030.2383,117859.665,,,,,1,2,0.83 ,2.42 ,0,3711,4595,57.15 ,52.65 ,24.89 ,0.77 ,1.00 ,1.86 ,-1,296.58 ,111.67 
2025-07-23T01:00:00+09:00,118897.50 ,119355.30 ,118608.20 ,118669.60 ,119583.6767,116313.6133,118380.1465,118042.7267,117948.645,,,,,1,2,0.64 ,2.23 ,0,2690,4598,54.80 ,51.87 ,24.20 ,0.72 ,1.00 ,1.86 ,-1,292.63 ,163.50 
2025-07-23T02:00:00+09:00,118669.60 ,119200.00 ,118381.40 ,119190.00 ,119728.7751,116370.5049,118366.1895,118065.44,118049.64,,,,,1,2,1.07 ,2.66 ,0,3082,4679,58.96 ,53.49 ,23.61 ,0.71 ,1.01 ,1.88 ,-1,327.70 ,210.61 
2025-07-23T03:00:00+09:00,119190.00 ,120291.10 ,119048.90 ,119778.10 ,119974.6461,116371.9939,118355.5205,118098.4267,118173.32,,,,,1,2,1.55 ,3.13 ,0,7868,5014,63.09 ,55.22 ,22.98 ,0.82 ,1.02 ,1.91 ,-1,398.37 ,257.67 
2025-07-23T04:00:00+09:00,119778.10 ,119945.60 ,119102.20 ,119298.20 ,120093.1865,116449.8435,118344.5615,118120.0767,118271.515,,117526.9,,,1,2,1.16 ,1.48 ,0,2738,5092,57.96 ,53.56 ,22.25 ,0.78 ,1.05 ,1.95 ,-1,410.91 ,294.86 
2025-07-23T05:00:00+09:00,119298.20 ,119922.20 ,119209.10 ,119709.20 ,120240.8077,116565.4823,118333.6,118146.2367,118403.145,,,,,1,2,1.50 ,1.82 ,0,3082,5151,60.89 ,54.75 ,21.67 ,0.72 ,1.07 ,1.99 ,-1,448.83 ,325.69 
2025-07-23T06:00:00+09:00,119709.20 ,119784.60 ,119414.30 ,119414.30 ,120347.3584,116629.7416,118322.221,118171.3383,118488.55,,,,116023.6,1,2,1.26 ,1.58 ,0,674,4508,57.78 ,53.74 ,21.08 ,0.58 ,1.05 ,1.95 ,-1,449.91 ,347.33 
2025-07-23T07:00:00+09:00,119414.30 ,120049.90 ,119414.30 ,119853.20 ,120445.8664,116818.6736,118315.597,118203.9933,118632.27,,,,,1,2,1.62 ,1.94 ,0,1072,4394,60.98 ,55.00 ,20.61 ,0.56 ,1.03 ,1.92 ,-1,480.64 ,375.52 
2025-07-23T08:00:00+09:00,119853.20 ,120268.00 ,119836.10 ,119994.00 ,120549.4948,116997.0852,118316.1835,118239.3317,118773.29,120291.1,,,,1,2,0.25 ,2.06 ,0,1478,4303,61.97 ,55.40 ,20.41 ,0.50 ,1.01 ,1.89 ,-1,510.47 ,401.78 
2025-07-23T09:00:00+09:00,119994.00 ,120128.70 ,119523.20 ,119584.90 ,120398.2247,117456.2353,118312.7275,118264.855,118927.23,,,,,1,2,0.59 ,1.72 ,0,1647,4246,57.39 ,53.98 ,20.19 ,0.50 ,1.00 ,1.86 ,-1,495.38 ,423.87 
2025-07-23T10:00:00+09:00,119584.90 ,119720.00 ,119419.90 ,119523.30 ,120322.2344,117755.8956,118310.944,118284.0167,119039.065,,,,,1,2,0.64 ,1.67 ,0,960,4105,56.71 ,53.77 ,19.92 ,0.42 ,0.98 ,1.82 ,-1,473.01 ,443.91 
2025-07-23T11:00:00+09:00,119523.30 ,119566.90 ,119005.10 ,119100.00 ,120250.8188,117959.3212,118308.329,118295.1117,119105.07,,,,,1,2,1.00 ,1.32 ,0,2446,4071,52.14 ,52.33 ,19.57 ,0.44 ,0.96 ,1.80 ,-1,416.32 ,453.76 
2025-07-23T12:00:00+09:00,119100.00 ,119119.10 ,118538.00 ,118627.70 ,120181.9912,118095.6388,118301.8645,118294.5733,119138.815,,,,,1,2,1.40 ,0.93 ,0,2221,3815,47.54 ,50.78 ,19.33 ,0.46 ,0.95 ,1.77 ,1,329.49 ,446.11 
2025-07-23T13:00:00+09:00,118627.70 ,118983.70 ,118591.20 ,118983.70 ,120139.1121,118212.2879,118296.064,118301.8033,119175.7,,,,,1,2,1.10 ,1.22 ,0,1540,3678,51.05 ,51.88 ,19.19 ,0.41 ,0.93 ,1.73 ,1,286.10 ,432.24 
2025-07-23T14:00:00+09:00,118983.70 ,119004.60 ,118608.70 ,118634.10 ,120113.1169,118265.5931,118289.144,118312.2233,119189.355,,,,,1,2,1.40 ,0.93 ,0,1536,3567,47.68 ,50.75 ,19.02 ,0.39 ,0.91 ,1.69 ,1,220.95 ,406.92 
2025-07-23T15:00:00+09:00,118634.10 ,118706.90 ,118350.00 ,118411.80 ,120142.2732,118184.3868,118281.0525,118313.5167,119163.33,,,,,1,2,1.59 ,0.75 ,0,2138,3507,45.62 ,50.04 ,18.86 ,0.36 ,0.89 ,1.66 ,1,149.66 ,373.56 
2025-07-23T16:00:00+09:00,118411.80 ,118581.20 ,118256.00 ,118334.90 ,120166.6895,118079.5805,118273.5885,118316.8217,119123.135,,,,,1,2,1.65 ,0.68 ,0,2018,3284,44.89 ,49.79 ,18.93 ,0.33 ,0.87 ,1.63 ,-1,85.97 ,329.71 
2025-07-23T17:00:00+09:00,118334.90 ,118536.90 ,118200.00 ,118395.00 ,120166.3202,117991.5698,118268.3615,118322.3383,119078.945,,,,,1,2,1.60 ,0.73 ,0,1551,3209,45.62 ,49.99 ,19.29 ,0.32 ,0.86 ,1.60 ,-1,39.88 ,277.42 
2025-07-23T18:00:00+09:00,118395.00 ,118446.70 ,117882.80 ,118010.30 ,120183.3415,117961.6685,118265.9835,118322.7767,119072.505,,,,,1,2,1.93 ,0.41 ,0,3004,2764,41.82 ,48.74 ,20.10 ,0.37 ,0.83 ,1.55 ,-1,-27.37 ,219.34 
2025-07-23T19:00:00+09:00,118010.30 ,118364.00 ,117811.00 ,118351.00 ,120192.645,117883.435,118266.388,118337.94,119038.04,,,,,1,2,1.64 ,0.70 ,0,4438,2495,46.10 ,49.87 ,21.13 ,0.40 ,0.79 ,1.48 ,-1,-52.57 ,160.94 
2025-07-23T20:00:00+09:00,118351.00 ,118592.10 ,118122.20 ,118495.00 ,120195.4212,117840.4088,118272.85,118359.11,119017.915,,,,,1,2,1.52 ,0.82 ,0,1684,2393,47.85 ,50.34 ,22.18 ,0.40 ,0.76 ,1.42 ,-1,-60.22 ,107.99 
2025-07-23T21:00:00+09:00,118495.00 ,118614.40 ,117757.20 ,117948.50 ,120241.14,117722.58,118275.093,118369.5417,118981.86,,,,,1,2,1.99 ,0.36 ,0,4066,2462,42.25 ,48.57 ,23.40 ,0.51 ,0.75 ,1.39 ,-1,-109.13 ,59.25 
2025-07-23T22:00:00+09:00,117948.50 ,118165.40 ,117288.00 ,117356.00 ,120329.6635,117450.6565,118275.1755,118371.1583,118890.16,,,,,-1,1,2.50 ,0.15 ,0,9730,2795,37.18 ,46.76 ,24.80 ,0.59 ,0.74 ,1.38 ,-1,-193.47 ,5.97 
2025-07-23T23:00:00+09:00,117356.00 ,118164.00 ,117265.90 ,118164.00 ,120221.5071,117397.4029,118280.7545,118371.4167,118809.455,,,120291.1,,-1,1,1.80 ,0.54 ,0,4675,2635,46.60 ,49.39 ,26.35 ,0.64 ,0.73 ,1.35 ,-1,-192.89 ,-40.02 
2025-07-24T00:00:00+09:00,118164.00 ,118669.00 ,117761.20 ,118520.90 ,120169.4208,117371.7592,118289.474,118374.1567,118770.59,,,,,-1,1,1.49 ,0.84 ,0,4474,2722,50.15 ,50.50 ,27.62 ,0.68 ,0.72 ,1.34 ,-1,-161.76 ,-74.62 
2025-07-24T01:00:00+09:00,118520.90 ,118520.90 ,117503.50 ,117679.90 ,120075.2794,117262.9706,118294.0395,118363.845,118669.125,,,,,-1,1,2.22 ,0.13 ,0,4074,2771,42.90 ,47.98 ,28.60 ,0.75 ,0.72 ,1.34 ,-1,-202.62 ,-106.68 
2025-07-24T02:00:00+09:00,117679.90 ,118085.00 ,117280.00 ,118084.90 ,119987.1419,117218.1681,118300.607,118358.7217,118602.655,,,,,-1,1,1.87 ,0.47 ,0,4179,2947,46.89 ,49.22 ,29.39 ,0.72 ,0.73 ,1.36 ,-1,-200.02 ,-133.34 
2025-07-24T03:00:00+09:00,118084.90 ,118331.50 ,117950.00 ,118321.60 ,119789.551,117262.599,118306.902,118344.8117,118526.075,,,,,-1,1,1.66 ,0.67 ,0,1647,2975,49.12 ,49.94 ,30.02 ,0.59 ,0.73 ,1.37 ,-1,-176.82 ,-149.95 
2025-07-24T04:00:00+09:00,118321.60 ,118422.90 ,118155.90 ,118331.40 ,119513.1544,117372.7356,118312.9795,118328.0483,118442.945,,117265.9,,,-1,1,1.66 ,0.90 ,0,1499,2976,49.21 ,49.97 ,30.30 ,0.47 ,0.73 ,1.36 ,-1,-155.84 ,-161.42 
2025-07-24T05:00:00+09:00,118331.40 ,118423.80 ,117505.10 ,117858.40 ,119317.3835,117395.8565,118316.3705,118309.2167,118356.62,118669,,,,-1,1,0.69 ,0.50 ,0,3226,3055,44.85 ,48.55 ,30.37 ,0.57 ,0.74 ,1.37 ,-1,-175.36 ,-174.21 
2025-07-24T06:00:00+09:00,117858.40 ,118136.20 ,117338.10 ,118136.20 ,119088.0862,117486.4438,118316.7195,118300.3183,118287.265,,,,,-1,1,0.45 ,0.74 ,0,2018,3108,47.78 ,49.41 ,30.30 ,0.61 ,0.75 ,1.40 ,1,-166.50 ,-180.59 
2025-07-24T07:00:00+09:00,118136.20 ,118600.00 ,117893.40 ,118524.50 ,118977.6222,117539.3578,118329.465,118299.6583,118258.49,,,,,-1,1,0.12 ,1.06 ,0,2092,3090,51.64 ,50.59 ,30.18 ,0.60 ,0.76 ,1.42 ,1,-126.68 ,-173.17 
2025-07-24T08:00:00+09:00,118524.50 ,118700.60 ,118370.00 ,118700.60 ,118989.4087,117534.8613,118341.0085,118310.3683,118262.135,,,,,1,1,0.03 ,1.21 ,0,1628,3061,53.33 ,51.12 ,29.87 ,0.49 ,0.77 ,1.43 ,1,-80.00 ,-160.62 
2025-07-24T09:00:00+09:00,118700.60 ,119083.10 ,118522.60 ,119014.40 ,118997.1322,117530.2078,118350.1295,118324.9183,118263.67,,,,,1,1,0.29 ,1.47 ,0,2418,3105,56.26 ,52.06 ,29.14 ,0.48 ,0.77 ,1.44 ,1,-17.47 ,-144.59 
2025-07-24T10:00:00+09:00,119014.40 ,119058.60 ,118750.40 ,119053.50 ,119080.5863,117488.6937,118358.294,118329.2417,118284.64,,,,,1,1,0.32 ,1.50 ,0,887,3072,56.62 ,52.17 ,28.20 ,0.41 ,0.77 ,1.44 ,1,34.83 ,-118.21 
2025-07-24T11:00:00+09:00,119053.50 ,119053.50 ,118768.70 ,118923.60 ,119152.448,117468.012,118369.237,118331.415,118310.23,,,,,1,1,0.21 ,1.39 ,0,811,3006,54.98 ,51.75 ,27.14 ,0.35 ,0.77 ,1.44 ,1,65.05 ,-88.76 
2025-07-24T12:00:00+09:00,118923.60 ,119240.00 ,118437.20 ,118455.70 ,119160.8384,117471.7016,118379.3625,118333.735,118316.27,,,,,1,1,0.18 ,1.00 ,0,2449,3027,49.42 ,50.24 ,25.86 ,0.46 ,0.78 ,1.46 ,1,50.66 ,-63.48 
2025-07-24T13:00:00+09:00,118455.70 ,118542.10 ,117800.00 ,117913.30 ,119153.7027,117430.6673,118386.867,118337 ,118292.185,,,,,1,1,0.64 ,0.55 ,0,3934,3147,43.88 ,48.57 ,24.58 ,0.52 ,0.80 ,1.49 ,1,-4.46 ,-46.66 
2025-07-24T14:00:00+09:00,117913.30 ,117935.90 ,117453.80 ,117562.50 ,119181.2793,117358.3107,118386.996,118332.6133,118269.795,,,,,1,1,0.94 ,0.25 ,0,3592,3176,40.70 ,47.52 ,23.71 ,0.48 ,0.81 ,1.50 ,1,-75.58 ,-35.57 
2025-07-24T15:00:00+09:00,117562.50 ,117818.20 ,117350.00 ,117424.90 ,119205.1609,117241.8191,118385.1055,118337.625,118223.49,,,,,1,1,1.06 ,0.14 ,0,3169,3113,39.50 ,47.11 ,23.30 ,0.46 ,0.81 ,1.51 ,-1,-141.42 ,-32.79 
2025-07-24T16:00:00+09:00,117424.90 ,118437.90 ,117052.10 ,118350.00 ,119191.9064,117240.5736,118388.1835,118364.6067,118216.24,,,,,1,1,0.27 ,0.92 ,0,8115,3434,50.20 ,50.04 ,23.09 ,0.69 ,0.83 ,1.55 ,1,-117.59 ,-31.78 
2025-07-24T17:00:00+09:00,118350.00 ,118757.60 ,118176.30 ,118730.10 ,119247.4336,117263.2064,118391.288,118395.275,118255.32,119240,,,,1,1,0.43 ,1.23 ,-1,3929,3427,53.81 ,51.18 ,22.89 ,0.62 ,0.84 ,1.57 ,1,-67.26 ,-30.36 
2025-07-24T18:00:00+09:00,118730.10 ,118774.00 ,118266.70 ,118460.00 ,119215.3541,117405.6859,118394.936,118416.7733,118310.52,,,,,1,1,0.66 ,1.01 ,0,3403,3111,50.98 ,50.35 ,22.70 ,0.56 ,0.84 ,1.56 ,1,-48.60 ,-33.82 
2025-07-24T19:00:00+09:00,118460.00 ,118608.60 ,117920.20 ,118355.40 ,119222.5686,117417.6114,118400.0585,118434.2883,118320.09,,,,,1,1,0.75 ,0.92 ,0,3692,3062,49.89 ,50.03 ,22.54 ,0.57 ,0.83 ,1.55 ,1,-41.78 ,-42.33 
2025-07-24T20:00:00+09:00,118355.40 ,118706.80 ,118278.50 ,118559.50 ,119226.3713,117417.6687,118405.4085,118454.7083,118322.02,,,,,1,1,0.57 ,1.09 ,0,2373,2957,52.05 ,50.65 ,22.08 ,0.50 ,0.82 ,1.53 ,1,-19.68 ,-51.75 
2025-07-24T21:00:00+09:00,118559.50 ,118680.00 ,118247.80 ,118477.80 ,119218.5798,117505.2502,118409.725,118478 ,118361.915,,117052.1,,,1,1,0.64 ,1.20 ,1,2855,2896,51.10 ,50.40 ,21.27 ,0.45 ,0.80 ,1.49 ,1,-8.65 ,-58.34 
2025-07-24T22:00:00+09:00,118477.80 ,118658.00 ,118159.60 ,118167.00 ,119218.1105,117513.9295,118411.2635,118486 ,118366.02,,,,,1,1,0.91 ,0.94 ,0,1630,2768,47.54 ,49.42 ,20.15 ,0.44 ,0.78 ,1.45 ,1,-24.71 ,-60.59 
2025-07-24T23:00:00+09:00,118167.00 ,119080.00 ,117781.10 ,119017.20 ,119298.3701,117503.2299,118415.0325,118519.715,118400.8,,,,,1,1,0.19 ,1.65 ,0,5771,2975,56.47 ,52.02 ,19.03 ,0.66 ,0.78 ,1.46 ,1,30.81 ,-48.76 
2025-07-25T00:00:00+09:00,119017.20 ,119430.40 ,118580.00 ,119074.20 ,119381.2558,117494.6242,118419.6485,118551 ,118437.94,,,,,1,1,0.14 ,1.70 ,0,7117,3255,57.00 ,52.19 ,18.24 ,0.68 ,0.80 ,1.49 ,1,78.51 ,-24.33 
2025-07-25T01:00:00+09:00,119074.20 ,119175.90 ,118311.50 ,118504.50 ,119375.4428,117565.0472,118418.804,118584.6983,118470.245,,,,,1,1,0.62 ,1.23 ,0,4359,3312,50.41 ,50.38 ,17.58 ,0.70 ,0.81 ,1.50 ,1,69.54 ,-3.54 
2025-07-25T02:00:00+09:00,118504.50 ,119264.70 ,118451.00 ,119081.10 ,119446.3421,117588.6379,118418.3385,118614.6067,118517.49,,,,,1,1,0.13 ,1.70 ,0,2027,3313,55.96 ,52.09 ,16.95 ,0.69 ,0.81 ,1.51 ,1,107.72 ,15.91 
2025-07-25T03:00:00+09:00,119081.10 ,119357.10 ,118926.80 ,119007.00 ,119494.6902,117588.5398,118419.8235,118635.0583,118541.615,,,,,1,1,0.20 ,1.64 ,0,1602,3288,55.11 ,51.86 ,16.43 ,0.58 ,0.81 ,1.51 ,1,130.49 ,35.81 
2025-07-25T04:00:00+09:00,119007.00 ,119307.60 ,118859.00 ,118906.30 ,119515.9918,117587.8082,118420.6495,118650.95,118551.9,,117781.1,,,1,1,0.28 ,0.95 ,0,1259,3270,53.90 ,51.54 ,15.95 ,0.51 ,0.81 ,1.51 ,1,138.81 ,55.87 
2025-07-25T05:00:00+09:00,118906.30 ,118958.70 ,118683.70 ,118688.10 ,119478.6317,117592.5383,118421.1725,118658.3183,118535.585,119430.4,,,,1,1,0.63 ,0.76 ,0,1460,3222,51.29 ,50.84 ,15.34 ,0.42 ,0.81 ,1.51 ,1,126.34 ,72.09 
2025-07-25T06:00:00+09:00,118688.10 ,118756.70 ,118454.90 ,118500.00 ,119420.5323,117595.2877,118420.369,118660.635,118507.91,,,,,1,1,0.79 ,0.61 ,0,825,3219,49.08 ,50.24 ,14.85 ,0.37 ,0.80 ,1.50 ,1,100.12 ,84.18 
2025-07-25T07:00:00+09:00,118500.00 ,118595.20 ,118151.00 ,118239.90 ,119372.6195,117574.8305,118416.5025,118649.095,118473.725,,,,,1,1,1.01 ,0.39 ,0,1174,3237,46.12 ,49.42 ,14.46 ,0.37 ,0.80 ,1.50 ,1,57.69 ,93.34 
2025-07-25T08:00:00+09:00,118239.90 ,118419.40 ,118125.00 ,118281.80 ,119367.8096,117562.2504,118412.6145,118635 ,118465.03,,,,,1,1,0.97 ,0.42 ,0,1155,3172,46.68 ,49.56 ,14.33 ,0.33 ,0.79 ,1.48 ,1,27.14 ,92.93 
2025-07-25T09:00:00+09:00,118281.80 ,118414.80 ,117606.20 ,117630.10 ,119395.7242,117506.0158,118404.496,118607.3333,118450.87,,,,,-1,1,1.53 ,0.13 ,0,4339,3192,39.79 ,47.53 ,14.62 ,0.45 ,0.79 ,1.47 ,-1,-49.10 ,78.75 
2025-07-25T10:00:00+09:00,117630.10 ,117764.10 ,117214.20 ,117341.00 ,119430.1388,117449.4512,118395.9695,118594.0317,118439.795,,,,,-1,1,1.78 ,0.38 ,0,3922,3209,37.16 ,46.67 ,15.37 ,0.46 ,0.79 ,1.47 ,-1,-131.33 ,56.43 
2025-07-25T11:00:00+09:00,117341.00 ,117366.10 ,116317.40 ,116317.40 ,119674.1583,117094.6817,118380.166,118548.65,118384.42,,,,,-1,1,2.68 ,1.26 ,0,9680,3535,29.70 ,43.80 ,16.75 ,0.61 ,0.80 ,1.49 ,-1,-275.92 ,13.80 
2025-07-25T12:00:00+09:00,116317.40 ,116382.70 ,115309.60 ,115397.70 ,120069.8698,116403.7402,118361.186,118490.32,118236.805,,,,,-1,1,3.49 ,2.07 ,0,15579,3908,24.87 ,41.46 ,18.97 ,0.72 ,0.80 ,1.49 ,-1,-459.42 ,-51.74 
2025-07-25T13:00:00+09:00,115397.70 ,116089.70 ,115090.00 ,116050.10 ,120151.2118,116054.3982,118342.0615,118446.6617,118102.805,,,,,-1,1,2.91 ,1.49 ,0,8034,4113,33.17 ,43.64 ,21.83 ,0.76 ,0.81 ,1.51 ,-1,-545.91 ,-127.82 
2025-07-25T14:00:00+09:00,116050.10 ,116050.10 ,115219.20 ,115475.50 ,120290.6565,115616.5035,118323.117,118384.7533,117953.58,,,,,-1,1,3.42 ,2.00 ,0,4265,4156,30.02 ,42.23 ,25.11 ,0.75 ,0.83 ,1.54 ,-1,-653.29 ,-214.44 
2025-07-25T15:00:00+09:00,115475.50 ,115480.70 ,115175.30 ,115276.50 ,120401.2095,115198.0605,118306.3415,118309.7267,117799.635,,,,,-1,1,3.60 ,2.17 ,0,2459,4094,29.00 ,41.75 ,28.77 ,0.59 ,0.83 ,1.54 ,-1,-745.84 ,-308.44 
2025-07-25T16:00:00+09:00,115276.50 ,115936.50 ,114675.30 ,115288.00 ,120430.2228,114841.8972,118289.7695,118242.89,117636.06,,,,,-1,1,3.59 ,2.16 ,0,10018,4477,29.15 ,41.79 ,32.60 ,0.76 ,0.85 ,1.58 ,-1,-808.94 ,-404.73 
2025-07-25T17:00:00+09:00,115288.00 ,115939.00 ,115021.90 ,115196.20 ,120429.7723,114514.1877,118271.428,118167.6733,117471.98,,,,,-1,1,3.68 ,2.24 ,0,7069,4687,28.63 ,41.56 ,36.46 ,0.77 ,0.87 ,1.62 ,-1,-856.49 ,-502.91 
2025-07-25T18:00:00+09:00,115196.20 ,116019.50 ,115025.90 ,116016.60 ,120369.3408,114359.5792,118260.9335,118111.045,117364.46,,,,,-1,1,2.94 ,1.52 ,0,6135,4913,39.13 ,44.31 ,40.09 ,0.80 ,0.90 ,1.67 ,-1,-818.53 ,-588.41 
2025-07-25T19:00:00+09:00,116016.60 ,116460.30 ,115958.30 ,116260.10 ,120167.847,114285.363,118250.7505,118051.16,117226.605,,,,,-1,1,2.73 ,1.31 ,0,3817,4815,41.86 ,45.09 ,43.04 ,0.67 ,0.90 ,1.68 ,-1,-760.04 ,-658.26 
2025-07-25T20:00:00+09:00,116260.10 ,116740.30 ,116260.10 ,116505.40 ,119927.692,114268.638,118242.82,117993 ,117098.165,,,119430.4,,-1,1,2.51 ,1.09 ,0,4310,4675,44.56 ,45.88 ,45.17 ,0.59 ,0.89 ,1.66 ,-1,-685.98 ,-703.82 
2025-07-25T21:00:00+09:00,116505.40 ,116619.90 ,115917.30 ,116089.80 ,119762.3393,114192.5207,118230.924,117934.765,116977.43,,114675.3,,,-1,1,2.88 ,1.22 ,0,6941,4804,41.08 ,44.77 ,46.65 ,0.59 ,0.88 ,1.65 ,-1,-653.29 ,-725.37 
2025-07-25T22:00:00+09:00,116089.80 ,116564.90 ,115532.30 ,116185.10 ,119461.7598,114203.5002,118219.0645,117879.1283,116832.63,,,,,-1,1,2.79 ,1.30 ,0,5236,4964,42.20 ,45.08 ,47.63 ,0.69 ,0.88 ,1.65 ,-1,-612.64 ,-732.78 
2025-07-25T23:00:00+09:00,116185.10 ,116262.30 ,114902.00 ,114938.90 ,119182.3593,114076.0907,118201.5425,117809.7767,116629.225,,,,,-1,1,3.91 ,0.23 ,0,8270,5297,33.31 ,41.95 ,48.24 ,0.86 ,0.90 ,1.69 ,-1,-673.22 ,-735.00 
2025-07-26T00:00:00+09:00,114938.90 ,115820.00 ,114890.30 ,115689.90 ,118825.2026,114111.6074,118188.5525,117760.8133,116468.405,,,,,-1,1,3.23 ,0.88 ,0,4062,5438,41.33 ,44.33 ,48.53 ,0.84 ,0.93 ,1.73 ,-1,-653.10 ,-724.69 
2025-07-26T01:00:00+09:00,115689.90 ,116160.00 ,115411.80 ,116143.50 ,118468.4851,114213.8649,118177.733,117713 ,116341.175,116740.3,,,,-1,1,0.51 ,1.26 ,0,2481,5489,45.58 ,45.70 ,48.35 ,0.77 ,0.96 ,1.78 ,-1,-593.71 ,-700.78 
2025-07-26T02:00:00+09:00,116143.50 ,116300.00 ,115830.00 ,116006.80 ,118101.5997,114331.4303,118163.9975,117669.6883,116216.515,,,,,-1,1,0.63 ,1.15 ,0,2174,5556,44.54 ,45.36 ,48.01 ,0.65 ,0.98 ,1.82 ,-1,-551.32 ,-666.87 
2025-07-26T03:00:00+09:00,116006.80 ,116527.10 ,116006.70 ,116450.10 ,117774.3274,114479.7226,118154.6055,117636.9933,116127.025,,,,,-1,1,0.25 ,1.52 ,0,2565,5626,48.66 ,46.69 ,47.57 ,0.58 ,0.99 ,1.85 ,-1,-476.46 ,-628.86 
2025-07-26T04:00:00+09:00,116450.10 ,116966.00 ,116365.70 ,116646.90 ,117391.5041,114699.0559,118147.9105,117608.86,116045.28,,,,,-1,1,0.08 ,1.69 ,0,3287,5732,50.42 ,47.27 ,46.71 ,0.56 ,1.01 ,1.88 ,-1,-396.68 ,-588.49 
2025-07-26T05:00:00+09:00,116646.90 ,117276.90 ,116531.60 ,117005.90 ,117234.9919,114793 ,118143.7075,117585.7083,116014.07,,114890.3,,,1,1,0.23 ,1.81 ,0,3178,5674,53.55 ,48.32 ,45.38 ,0.58 ,1.02 ,1.90 ,-1,-301.01 ,-545.71 
2025-07-26T06:00:00+09:00,117005.90 ,117344.00 ,116915.40 ,117175.00 ,117192.2681,114819.2719,118138.2815,117572 ,116005.77,,,,,1,1,0.37 ,1.95 ,0,2234,5590,54.99 ,48.81 ,43.53 ,0.51 ,1.02 ,1.91 ,1,-209.14 ,-496.36 
2025-07-26T07:00:00+09:00,117175.00 ,117323.00 ,117076.20 ,117239.90 ,117349.7627,114754.0273,118130.743,117553.2683,116051.895,,,,,1,1,0.43 ,2.00 ,0,950,5153,55.56 ,49.00 ,41.19 ,0.41 ,1.01 ,1.88 ,-1,-129.61 ,-442.69 
2025-07-26T08:00:00+09:00,117239.90 ,117606.30 ,117149.60 ,117575.00 ,117580.4183,114741.1017,118124.2695,117537.935,116160.76,,,,,1,1,0.71 ,2.28 ,0,2268,4488,58.49 ,49.97 ,38.78 ,0.40 ,0.99 ,1.84 ,-1,-39.08 ,-372.23 
2025-07-26T09:00:00+09:00,117575.00 ,117578.40 ,117293.30 ,117462.50 ,117758.4482,114704.3118,118118.861,117529.835,116231.38,,,,,1,1,0.61 ,2.19 ,0,1607,4166,57.13 ,49.65 ,36.40 ,0.35 ,0.95 ,1.78 ,-1,23.32 ,-297.08 
2025-07-26T10:00:00+09:00,117462.50 ,117517.90 ,117120.00 ,117127.20 ,117847.2242,114780.7058,118108.244,117526 ,116313.965,,,,,1,1,0.33 ,1.91 ,0,1686,4037,53.16 ,48.68 ,34.05 ,0.35 ,0.92 ,1.72 ,-1,45.19 ,-226.09 
2025-07-26T11:00:00+09:00,117127.20 ,117721.90 ,117127.20 ,117446.00 ,117953.7305,114891.1495,118097.597,117514.055,116422.44,,,,,1,1,0.60 ,2.18 ,0,1820,4005,56.27 ,49.63 ,32.09 ,0.40 ,0.91 ,1.70 ,-1,87.24 ,-155.14 
2025-07-26T12:00:00+09:00,117446.00 ,117574.90 ,117426.00 ,117454.00 ,118031.862,115029.618,118090.139,117496.2733,116530.74,,,,114675.3,1,1,0.61 ,2.18 ,0,2269,3618,56.35 ,49.66 ,30.46 ,0.31 ,0.88 ,1.63 ,-1,119.83 ,-88.88 
2025-07-26T13:00:00+09:00,117454.00 ,117506.60 ,117362.10 ,117455.40 ,118063.9561,115223.4439,118080.348,117492.5317,116643.7,,,,,1,1,0.61 ,2.18 ,0,537,3291,56.36 ,49.66 ,29.04 ,0.25 ,0.84 ,1.56 ,-1,144.11 ,-28.80 
2025-07-26T14:00:00+09:00,117455.40 ,117515.80 ,117383.90 ,117408.30 ,118140.1805,115286.3895,118066.0915,117481.255,116713.285,,,,,1,1,0.57 ,2.14 ,0,2001,3085,55.68 ,49.52 ,27.83 ,0.20 ,0.79 ,1.48 ,-1,157.73 ,22.18 
2025-07-26T15:00:00+09:00,117408.30 ,117427.70 ,117282.10 ,117311.10 ,118199.4967,115332.1733,118053.8475,117464.4133,116765.835,,,,,1,1,0.49 ,2.06 ,0,1398,2964,54.23 ,49.22 ,26.58 ,0.18 ,0.75 ,1.41 ,-1,158.86 ,63.07 
2025-07-26T16:00:00+09:00,117311.10 ,117344.90 ,117271.80 ,117281.20 ,118249.9354,115359.3146,118044.4075,117446.91,116804.625,117721.9,,,,1,1,0.38 ,2.04 ,0,1349,2816,53.76 ,49.12 ,25.28 ,0.14 ,0.72 ,1.35 ,-1,155.54 ,94.75 
2025-07-26T17:00:00+09:00,117281.20 ,117584.90 ,117281.20 ,117515.80 ,118313.8216,115438.0284,118033.285,117441.2,116875.925,,,,,1,1,0.18 ,2.23 ,0,2246,2581,56.89 ,49.89 ,24.24 ,0.18 ,0.69 ,1.29 ,-1,169.88 ,117.97 
2025-07-26T18:00:00+09:00,117515.80 ,117584.70 ,117412.90 ,117541.40 ,118372.8217,115514.6583,118019.2805,117431 ,116943.74,,,,,1,1,0.15 ,2.26 ,0,551,2347,57.23 ,49.97 ,23.34 ,0.17 ,0.65 ,1.21 ,-1,181.23 ,135.51 
2025-07-26T19:00:00+09:00,117541.40 ,118218.20 ,117494.30 ,117951.20 ,118256.5312,115932.1788,118008.666,117422 ,117094.355,,,,,1,2,0.19 ,2.60 ,0,4330,2150,62.35 ,51.30 ,22.90 ,0.32 ,0.61 ,1.14 ,-1,220.74 ,155.02 
2025-07-26T20:00:00+09:00,117951.20 ,118045.00 ,117751.50 ,117751.50 ,118197.4453,116197.4247,117996.364,117405.9133,117197.435,,,,,1,2,0.03 ,2.43 ,0,1512,2022,58.66 ,50.63 ,22.94 ,0.29 ,0.57 ,1.06 ,-1,233.25 ,171.24 
2025-07-26T21:00:00+09:00,117751.50 ,117980.00 ,117750.00 ,117884.30 ,118202.0358,116366.9142,117983.836,117387.0783,117284.475,,,,,1,2,0.14 ,2.54 ,0,1020,1949,60.34 ,51.06 ,23.40 ,0.26 ,0.53 ,0.99 ,-1,250.99 ,185.82 
2025-07-26T22:00:00+09:00,117884.30 ,118199.70 ,117821.40 ,118096.70 ,118165.9463,116611.9937,117971.4325,117371 ,117388.97,,,,,1,2,0.32 ,2.72 ,0,1837,1932,62.93 ,51.75 ,24.44 ,0.28 ,0.50 ,0.94 ,-1,278.97 ,200.80 
2025-07-26T23:00:00+09:00,118096.70 ,118185.70 ,117921.40 ,118041.30 ,118166.516,116770.544,117960.375,117356.4267,117468.53,,,,,1,2,0.27 ,2.67 ,0,3278,1968,61.80 ,51.56 ,26.02 ,0.26 ,0.48 ,0.89 ,-1,293.30 ,215.86 
2025-07-27T00:00:00+09:00,118041.30 ,118141.30 ,117813.00 ,118106.70 ,118183.6347,116899.4053,117954.074,117350.61,117541.52,118218.2,,,,1,2,0.09 ,2.72 ,0,1160,1862,62.65 ,51.78 ,27.73 ,0.27 ,0.46 ,0.85 ,-1,306.39 ,232.26 
2025-07-27T01:00:00+09:00,118106.70 ,118195.10 ,117991.00 ,118065.80 ,118225.921,116963.109,117951.137,117353 ,117594.515,,,,,1,2,0.13 ,2.69 ,0,517,1728,61.72 ,51.63 ,29.60 ,0.24 ,0.43 ,0.80 ,-1,309.90 ,249.41 
2025-07-27T02:00:00+09:00,118065.80 ,118084.90 ,117960.40 ,118021.10 ,118263.4867,117010.1533,117946.767,117360.795,117636.82,,,,,1,2,0.17 ,2.65 ,0,417,1638,60.66 ,51.47 ,31.22 ,0.19 ,0.41 ,0.76 ,-1,305.55 ,264.48 
2025-07-27T03:00:00+09:00,118021.10 ,118080.20 ,117914.10 ,118076.70 ,118305.4762,117051.8438,117940.8715,117371.6583,117678.66,,,,,1,2,0.12 ,2.70 ,0,562,1618,61.55 ,51.66 ,32.54 ,0.18 ,0.39 ,0.73 ,-1,303.09 ,278.02 
2025-07-27T04:00:00+09:00,118076.70 ,118280.00 ,118029.20 ,118214.90 ,118377.1124,117044.1976,117936.0765,117369.4067,117710.655,,,,,1,2,0.00 ,2.81 ,0,598,1535,63.73 ,52.15 ,33.73 ,0.19 ,0.37 ,0.70 ,-1,308.74 ,287.80 
2025-07-27T05:00:00+09:00,118214.90 ,118214.90 ,117865.00 ,117934.00 ,118397.2554,117071.2046,117928.624,117356.1383,117734.23,,,,,1,2,0.24 ,2.58 ,0,800,1494,56.68 ,51.08 ,34.45 ,0.22 ,0.36 ,0.68 ,-1,287.24 ,293.80 
2025-07-27T06:00:00+09:00,117934.00 ,118059.10 ,117867.50 ,118016.40 ,118390.1823,117167.1977,117924.829,117348.745,117778.69,,,,,1,2,0.17 ,2.65 ,0,212,1421,58.14 ,51.38 ,34.75 ,0.20 ,0.35 ,0.66 ,-1,273.69 ,296.32 
2025-07-27T07:00:00+09:00,118016.40 ,118260.50 ,117949.50 ,117975.80 ,118402.4655,117207.8945,117924.0855,117342.4183,117805.18,,,,,1,2,0.21 ,2.62 ,0,1020,1381,57.12 ,51.22 ,34.97 ,0.22 ,0.34 ,0.64 ,-1,256.72 ,293.85 
2025-07-27T08:00:00+09:00,117975.80 ,118017.70 ,117853.00 ,117886.60 ,118402.6041,117251.0159,117924.375,117331.2033,117826.81,,,,,1,2,0.28 ,2.54 ,0,824,1308,54.84 ,50.87 ,34.96 ,0.20 ,0.33 ,0.62 ,-1,233.38 ,287.19 
2025-07-27T09:00:00+09:00,117886.60 ,117934.00 ,117801.00 ,117924.30 ,118401.3013,117299.2087,117926.2695,117321.9783,117850.255,118280,,,,1,2,0.30 ,2.57 ,0,433,1303,55.64 ,51.01 ,34.70 ,0.17 ,0.33 ,0.61 ,-1,215.45 ,277.09 
2025-07-27T10:00:00+09:00,117924.30 ,118169.20 ,117895.20 ,118056.80 ,118401.249,117364.111,117928.647,117320.1417,117882.68,,,,,1,2,0.19 ,2.68 ,0,669,1237,58.45 ,51.52 ,34.47 ,0.19 ,0.33 ,0.61 ,-1,209.51 ,265.93 
2025-07-27T11:00:00+09:00,118056.80 ,118351.00 ,117984.00 ,118291.00 ,118408.4517,117454.8983,117933.6025,117308.0383,117931.675,,,,,1,3,0.01 ,2.87 ,0,1550,1244,62.93 ,52.42 ,34.26 ,0.23 ,0.33 ,0.61 ,-1,221.15 ,256.55 
2025-07-27T12:00:00+09:00,118291.00 ,118291.00 ,118053.20 ,118156.40 ,118356.3983,117594.4717,117937.5515,117292.7417,117975.435,,,,,1,3,0.10 ,2.76 ,0,968,1225,59.00 ,51.86 ,34.31 ,0.22 ,0.34 ,0.63 ,1,217.02 ,246.99 
2025-07-27T13:00:00+09:00,118156.40 ,118241.30 ,118110.50 ,118194.10 ,118337.7432,117680.9568,117941.622,117287.5683,118009.35,,,,,1,3,0.07 ,2.80 ,0,337,1130,59.75 ,52.01 ,34.59 ,0.18 ,0.34 ,0.63 ,1,214.31 ,236.50 
2025-07-27T14:00:00+09:00,118194.10 ,118278.50 ,118132.10 ,118263.10 ,118313.2334,117777.6366,117944.665,117273.935,118045.435,,117801,,,1,3,0.01 ,0.39 ,0,481,1126,61.17 ,52.28 ,34.95 ,0.16 ,0.34 ,0.63 ,1,215.25 ,228.50 
2025-07-27T15:00:00+09:00,118263.10 ,118418.40 ,118174.30 ,118242.00 ,118337.1425,117782.8075,117947.5755,117261.185,118059.975,,,,,1,3,0.03 ,0.37 ,0,778,949,60.47 ,52.19 ,35.63 ,0.18 ,0.32 ,0.61 ,1,211.85 ,221.63 
2025-07-27T16:00:00+09:00,118242.00 ,118242.10 ,118039.40 ,118083.00 ,118314.8724,117838.2276,117948.441,117247.4633,118076.55,,,,,1,3,0.17 ,0.24 ,0,718,909,55.33 ,51.48 ,36.42 ,0.18 ,0.32 ,0.59 ,1,194.09 ,214.67 
2025-07-27T17:00:00+09:00,118083.00 ,118118.00 ,117923.20 ,117923.20 ,118311.0755,117845.9145,117949.5145,117234.715,118078.495,,,,,1,3,0.30 ,0.10 ,0,859,901,50.67 ,50.79 ,36.92 ,0.17 ,0.31 ,0.58 ,1,165.22 ,207.09 
2025-07-27T18:00:00+09:00,117923.20 ,117987.00 ,117835.20 ,117918.40 ,118312.1405,117827.0195,117949.0675,117225.0217,118069.58,,,,,1,3,0.31 ,0.10 ,0,984,858,50.53 ,50.76 ,36.92 ,0.16 ,0.30 ,0.56 ,1,140.33 ,198.75 
2025-07-27T19:00:00+09:00,117918.40 ,118263.80 ,117918.40 ,118155.10 ,118320.237,117830.303,117948.96,117223.6083,118075.27,,,,,1,3,0.11 ,0.30 ,0,1189,754,56.77 ,51.78 ,36.73 ,0.20 ,0.30 ,0.55 ,1,138.11 ,190.82 
2025-07-27T20:00:00+09:00,118155.10 ,118231.50 ,118018.10 ,118045.30 ,118317.0535,117827.3465,117947.71,117220 ,118072.2,118418.4,,,,1,3,0.32 ,0.21 ,-1,680,730,53.40 ,51.28 ,36.36 ,0.20 ,0.29 ,0.54 ,1,126.04 ,180.25 
2025-07-27T21:00:00+09:00,118045.30 ,118090.00 ,117860.00 ,118075.30 ,118317.5138,117827.8362,117947.564,117227.0867,118072.675,,,,,1,3,0.29 ,0.23 ,0,952,752,54.20 ,51.41 ,35.58 ,0.20 ,0.29 ,0.54 ,1,117.54 ,169.20 
2025-07-27T22:00:00+09:00,118075.30 ,118198.00 ,118058.00 ,118179.90 ,118328.5289,117832.7011,117947.578,117241.0683,118080.615,,,,,1,3,0.20 ,0.32 ,0,904,776,56.97 ,51.87 ,34.43 ,0.17 ,0.29 ,0.53 ,1,117.89 ,158.48 
2025-07-27T23:00:00+09:00,118179.90 ,118488.70 ,118114.60 ,118399.90 ,118381.0324,117812.5176,117948.8865,117276 ,118096.775,,117835.2,,,1,3,0.02 ,0.48 ,0,2383,867,62.16 ,52.82 ,33.43 ,0.22 ,0.29 ,0.54 ,1,134.37 ,149.49 
2025-07-28T00:00:00+09:00,118399.90 ,118580.00 ,118220.70 ,118572.20 ,118463.8401,117765.4399,117951.0385,117328.685,118114.64,,,,,1,4,0.13 ,0.62 ,0,3613,1018,65.65 ,53.56 ,32.80 ,0.25 ,0.29 ,0.55 ,1,159.49 ,143.68 
2025-07-28T01:00:00+09:00,118572.20 ,119536.00 ,118572.20 ,119078.50 ,118708.634,117635.096,117956.1305,117379.1583,118171.865,,,,,1,4,0.55 ,1.04 ,0,12190,1587,73.41 ,55.64 ,33.00 ,0.43 ,0.31 ,0.58 ,-1,217.74 ,146.30 
2025-07-28T02:00:00+09:00,119078.50 ,119326.90 ,118845.70 ,119187.90 ,118920.3881,117540.4919,117961.102,117441.0317,118230.44,,,,,1,4,0.65 ,1.13 ,0,1899,1672,74.74 ,56.08 ,33.67 ,0.42 ,0.33 ,0.61 ,-1,269.63 ,157.91 
2025-07-28T03:00:00+09:00,119187.90 ,119369.90 ,118925.70 ,119015.60 ,119041.0758,117523.7842,117964.18,117503.35,118282.43,,,,,1,4,0.50 ,0.99 ,0,1283,1685,68.90 ,55.21 ,34.78 ,0.41 ,0.34 ,0.63 ,-1,293.47 ,174.92 
2025-07-28T04:00:00+09:00,119015.60 ,119073.60 ,118882.10 ,118960.20 ,119126.3982,117545.8218,117967.532,117564.5533,118336.11,,,,,1,4,0.46 ,0.95 ,0,474,1667,67.09 ,54.93 ,36.47 ,0.33 ,0.35 ,0.65 ,-1,304.38 ,193.39 
2025-07-28T05:00:00+09:00,118960.20 ,119175.60 ,118720.70 ,118746.40 ,119163.0566,117591.3734,117970.214,117623.7233,118377.215,,,,,1,4,0.28 ,0.77 ,0,897,1690,60.47 ,53.85 ,38.37 ,0.34 ,0.36 ,0.68 ,-1,292.40 ,211.88 
2025-07-28T06:00:00+09:00,118746.40 ,119269.40 ,118713.20 ,119261.40 ,119297.0146,117577.8754,117975.687,117677.8033,118437.445,119536,,,,1,4,0.23 ,1.20 ,0,1555,1735,68.52 ,55.97 ,40.26 ,0.38 ,0.38 ,0.70 ,-1,320.77 ,234.46 
2025-07-28T07:00:00+09:00,119261.40 ,119772.90 ,119213.20 ,119481.90 ,119465.7859,117528.1941,117984.821,117731.5,118496.99,,,,,1,4,0.05 ,1.38 ,0,3141,1814,71.23 ,56.84 ,42.27 ,0.41 ,0.39 ,0.73 ,-1,356.93 ,261.02 
2025-07-28T08:00:00+09:00,119481.90 ,119520.00 ,119123.10 ,119414.10 ,119593.2023,117526.5477,117991.7715,117779.9783,118559.875,,,,,1,4,0.10 ,1.32 ,0,1558,1844,69.26 ,56.49 ,43.93 ,0.39 ,0.40 ,0.75 ,-1,375.78 ,287.84 
2025-07-28T09:00:00+09:00,119414.10 ,119684.20 ,119125.00 ,119234.30 ,119670.7319,117553.0381,117998.1875,117832.3867,118611.885,,,,,1,4,0.25 ,1.17 ,0,1454,1900,64.19 ,55.57 ,45.32 ,0.41 ,0.42 ,0.78 ,-1,371.93 ,311.45 
2025-07-28T10:00:00+09:00,119234.30 ,119485.50 ,118952.90 ,119034.00 ,119711.8064,117589.0536,118004.3975,117879.8683,118650.43,,,,,1,4,0.42 ,1.01 ,0,1806,1966,59.01 ,54.55 ,46.27 ,0.43 ,0.44 ,0.82 ,-1,348.69 ,326.00 
2025-07-28T11:00:00+09:00,119034.00 ,119811.30 ,119015.10 ,119431.20 ,119805.7619,117614.0181,118012.3975,117954.74,118709.89,,,,,1,4,0.09 ,1.34 ,0,2284,2041,65.03 ,56.17 ,47.00 ,0.50 ,0.46 ,0.87 ,-1,358.20 ,335.84 
2025-07-28T12:00:00+09:00,119431.20 ,119523.90 ,119213.90 ,119272.70 ,119851.7493,117687.0007,118018.835,118014.4533,118769.375,,,,,1,4,0.22 ,1.21 ,0,731,2042,61.17 ,55.37 ,47.73 ,0.42 ,0.48 ,0.90 ,-1,348.92 ,342.00 
2025-07-28T13:00:00+09:00,119272.70 ,119411.50 ,119125.00 ,119205.00 ,119858.0895,117808.8405,118026.381,118065.4783,118833.465,,,,,1,4,0.28 ,1.15 ,0,1315,2065,59.54 ,55.02 ,48.32 ,0.36 ,0.50 ,0.93 ,-1,332.27 ,345.10 
2025-07-28T14:00:00+09:00,119205.00 ,119668.50 ,119135.40 ,119509.90 ,119886.986,117939.094,118035.5415,118123.8633,118913.04,,,,,1,4,0.02 ,1.40 ,0,1380,2084,64.17 ,56.27 ,48.71 ,0.39 ,0.51 ,0.96 ,-1,339.77 ,350.36 
2025-07-28T15:00:00+09:00,119509.90 ,119600.00 ,119417.90 ,119438.30 ,119911.2181,118043 ,118043.873,118174 ,118977.2,,,,,1,4,0.08 ,1.34 ,0,642,2057,62.36 ,55.90 ,49.04 ,0.31 ,0.52 ,0.98 ,-1,336.06 ,352.06 
2025-07-28T16:00:00+09:00,119438.30 ,119438.40 ,118759.90 ,118890.10 ,119851.9559,118186.9241,118049.2325,118211.0533,119019.44,119811.3,,,,1,4,0.77 ,0.89 ,-1,2915,2169,50.63 ,53.16 ,48.62 ,0.40 ,0.54 ,1.00 ,-1,285.59 ,344.13 
2025-07-28T17:00:00+09:00,118890.10 ,119087.30 ,118763.20 ,119052.50 ,119779.2655,118357.3345,118054.946,118245.1633,119068.3,,,,,1,4,0.64 ,1.02 ,0,1551,2199,53.43 ,53.84 ,47.72 ,0.36 ,0.55 ,1.03 ,-1,255.75 ,330.80 
2025-07-28T18:00:00+09:00,119052.50 ,119052.60 ,118688.10 ,118930.10 ,119693.8686,118517.7514,118060.05,118274.415,119105.81,,,,,1,4,0.74 ,0.92 ,0,1165,2212,51.08 ,53.25 ,46.20 ,0.34 ,0.56 ,1.05 ,1,219.69 ,313.88 
2025-07-28T19:00:00+09:00,118930.10 ,118963.80 ,118615.00 ,118757.90 ,119642.437,118604.983,118064.017,118299.715,119123.71,,,,,1,4,0.89 ,0.78 ,0,1571,2171,47.89 ,52.41 ,44.18 ,0.32 ,0.57 ,1.07 ,1,175.20 ,294.60 
2025-07-28T20:00:00+09:00,118757.90 ,118860.70 ,118478.00 ,118815.30 ,119612 ,118659.7584,118068.3595,118320.3867,119135.865,,,,,1,4,0.84 ,0.82 ,0,1740,2078,49.03 ,52.66 ,41.90 ,0.32 ,0.58 ,1.08 ,1,142.92 ,270.68 
2025-07-28T21:00:00+09:00,118815.30 ,119085.00 ,118769.80 ,118831.90 ,119617.3874,118629.6826,118072.9175,118343.21,119123.535,,,,,1,4,0.82 ,0.84 ,0,2719,1604,49.38 ,52.74 ,39.17 ,0.30 ,0.57 ,1.06 ,1,117.33 ,244.95 
2025-07-28T22:00:00+09:00,118831.90 ,119070.00 ,118214.00 ,118422.30 ,119664.5185,118505.9915,118075.893,118364.795,119085.255,,,,,1,4,1.17 ,0.50 ,0,5109,1764,41.84 ,50.73 ,36.31 ,0.44 ,0.57 ,1.06 ,1,63.27 ,215.06 
2025-07-28T23:00:00+09:00,118422.30 ,118670.00 ,117893.20 ,117980.00 ,119787.2448,118279.7052,118076.7985,118373.695,119033.475,,,,,1,4,1.55 ,0.12 ,0,5512,1976,35.54 ,48.70 ,34.11 ,0.52 ,0.58 ,1.08 ,-1,-15.09 ,175.63 
2025-07-29T00:00:00+09:00,117980.00 ,118489.30 ,117900.50 ,118151.30 ,119839.3151,118146.7449,118077.559,118385.3167,118993.03,,,,,1,4,1.40 ,0.27 ,0,4062,2155,39.35 ,49.50 ,32.52 ,0.51 ,0.59 ,1.10 ,-1,-62.65 ,131.33 
2025-07-29T01:00:00+09:00,118151.30 ,118369.90 ,118000.00 ,118012.10 ,119900.2885,118012.3415,118076.9215,118394.595,118956.315,,,,,1,4,1.52 ,0.15 ,0,1111,2166,37.41 ,48.87 ,31.53 ,0.45 ,0.60 ,1.12 ,-1,-110.30 ,87.35 
2025-07-29T02:00:00+09:00,118012.10 ,118103.10 ,117634.20 ,117645.90 ,119966.324,117784.756,118075.61,118398.555,118875.54,,,,,-1,1,1.84 ,0.16 ,0,3799,2278,32.84 ,47.24 ,31.20 ,0.43 ,0.60 ,1.12 ,-1,-175.59 ,39.42 
2025-07-29T03:00:00+09:00,117645.90 ,117850.30 ,117400.00 ,117760.10 ,119945.0756,117633.8244,118074.941,118406.0383,118789.45,,,,,-1,1,1.74 ,0.06 ,0,2805,2261,35.49 ,47.79 ,31.44 ,0.41 ,0.60 ,1.12 ,-1,-215.63 ,-8.95 
2025-07-29T04:00:00+09:00,117760.10 ,118219.00 ,117528.00 ,118048.10 ,119882.4826,117559.8174,118075.813,118418.82,118721.15,,,,,-1,1,1.49 ,0.18 ,0,3804,2374,41.73 ,49.16 ,31.99 ,0.47 ,0.61 ,1.14 ,-1,-221.57 ,-53.03 
2025-07-29T05:00:00+09:00,118048.10 ,118147.20 ,117478.80 ,118020.30 ,119834.9835,117485.9165,118075.647,118427.2283,118660.45,,,,,-1,1,1.52 ,0.16 ,0,1652,2384,41.32 ,49.04 ,32.54 ,0.50 ,0.61 ,1.15 ,-1,-225.91 ,-94.01 
2025-07-29T06:00:00+09:00,118020.30 ,118319.10 ,117936.40 ,118088.40 ,119799.8156,117426.5244,118074.221,118436.345,118613.17,,,,,-1,1,1.46 ,0.21 ,0,1643,2375,42.82 ,49.36 ,32.82 ,0.44 ,0.62 ,1.15 ,-1,-221.31 ,-131.64 
2025-07-29T07:00:00+09:00,118088.40 ,118242.70 ,117740.00 ,117843.30 ,119703.2273,117364.3227,118071.266,118434.5467,118533.775,,,119811.3,,-1,1,1.67 ,0.01 ,0,1346,2329,38.95 ,48.23 ,32.95 ,0.44 ,0.61 ,1.14 ,-1,-234.73 ,-164.75 
2025-07-29T08:00:00+09:00,117843.30 ,118152.50 ,117800.10 ,118046.00 ,119608.6414,117336.2386,118068.196,118439.455,118472.44,,117400,,,-1,1,1.50 ,0.55 ,0,687,2326,43.50 ,49.21 ,32.94 ,0.39 ,0.61 ,1.14 ,-1,-226.41 ,-188.23 
2025-07-29T09:00:00+09:00,118046.00 ,118433.60 ,117503.90 ,117945.10 ,119515.5051,117303.3849,118065.172,118440.4683,118409.445,,,,,-1,1,1.58 ,0.46 ,0,4525,2487,41.83 ,48.74 ,32.81 ,0.52 ,0.62 ,1.16 ,-1,-225.35 ,-206.31 
2025-07-29T10:00:00+09:00,117945.10 ,118213.50 ,117737.20 ,117737.20 ,119340.676,117300.944,118063.8135,118434 ,118320.81,,,,,-1,1,1.76 ,0.29 ,0,843,2460,38.55 ,47.78 ,32.48 ,0.48 ,0.63 ,1.17 ,-1,-238.54 ,-220.56 
2025-07-29T11:00:00+09:00,117737.20 ,118069.30 ,117428.60 ,118054.80 ,119137.8525,117365.4175,118062.4165,118434.7017,118251.635,,,,,-1,1,1.49 ,0.55 ,0,1766,2516,45.57 ,49.34 ,32.44 ,0.50 ,0.64 ,1.20 ,-1,-220.82 ,-225.59 
2025-07-29T12:00:00+09:00,118054.80 ,118754.10 ,118054.80 ,118723.80 ,119108.2855,117378.3545,118065.3525,118444.9867,118243.32,,,,,-1,1,0.92 ,1.12 ,0,2493,2495,56.78 ,52.40 ,32.09 ,0.53 ,0.65 ,1.22 ,-1,-151.05 ,-218.41 
2025-07-29T13:00:00+09:00,118723.80 ,118760.00 ,118373.00 ,118485.60 ,119006.0104,117423.9396,118067.4605,118451.9833,118214.975,,,,,-1,1,1.12 ,0.92 ,0,1513,2493,52.63 ,51.28 ,31.60 ,0.46 ,0.66 ,1.23 ,1,-113.67 ,-206.42 
2025-07-29T14:00:00+09:00,118485.60 ,118822.90 ,118485.50 ,118757.60 ,118969.2701,117443.4299,118071.3285,118464.2583,118206.35,,,,,-1,1,0.89 ,1.14 ,0,950,2482,56.54 ,52.47 ,30.82 ,0.40 ,0.66 ,1.24 ,1,-61.39 ,-188.14 
2025-07-29T15:00:00+09:00,118757.60 ,119025.90 ,118688.40 ,118714.30 ,118960.9984,117447.3416,118077.694,118474.885,118204.17,,,,,-1,1,0.92 ,1.11 ,0,2372,2523,55.75 ,52.26 ,29.89 ,0.36 ,0.67 ,1.25 ,1,-23.19 ,-166.13 
2025-07-29T16:00:00+09:00,118714.30 ,119242.30 ,118710.00 ,118849.70 ,118968.4011,117443.3789,118085.8185,118485.465,118205.89,,117428.6,,,-1,1,0.81 ,1.20 ,0,3123,2592,57.74 ,52.85 ,28.80 ,0.39 ,0.67 ,1.26 ,1,17.81 ,-138.07 
2025-07-29T17:00:00+09:00,118849.70 ,119007.80 ,118714.30 ,118875.00 ,118977.8298,117438.2602,118093.5805,118501.1483,118208.045,,,,,-1,1,0.79 ,1.22 ,0,1578,2535,58.11 ,52.97 ,27.57 ,0.34 ,0.68 ,1.26 ,1,51.75 ,-107.16 
2025-07-29T18:00:00+09:00,118875.00 ,118953.20 ,118715.10 ,118735.30 ,119022.4487,117424.9413,118100.962,118513.13,118223.695,,,,,-1,1,0.91 ,1.10 ,0,805,2319,55.18 ,52.27 ,26.06 ,0.30 ,0.66 ,1.24 ,-1,66.60 ,-74.72 
2025-07-29T19:00:00+09:00,118735.30 ,118785.20 ,118260.10 ,118282.60 ,119029.9686,117447.6814,118101.6325,118518.2433,118238.825,,,,,-1,1,1.29 ,0.72 ,0,3501,2219,46.90 ,50.08 ,24.75 ,0.35 ,0.65 ,1.22 ,-1,41.37 ,-43.62 
2025-07-29T20:00:00+09:00,118282.60 ,118564.40 ,118124.80 ,118561.50 ,119061.5303,117457.1397,118102.6575,118529 ,118259.335,,,,,-1,1,1.05 ,0.96 ,0,2173,2124,51.71 ,51.36 ,23.71 ,0.35 ,0.64 ,1.19 ,-1,43.38 ,-14.27 
2025-07-29T21:00:00+09:00,118561.50 ,119045.50 ,118408.00 ,118857.60 ,119135.713,117467.507,118105.4525,118545.0467,118301.61,119242.3,,,,-1,1,0.32 ,1.20 ,0,3051,2221,56.24 ,52.68 ,22.87 ,0.41 ,0.64 ,1.19 ,-1,68.08 ,10.08 
2025-07-29T22:00:00+09:00,118857.60 ,118987.50 ,118489.20 ,118588.40 ,119134.4215,117563.0485,118106.433,118554 ,118348.735,,,,,-1,1,0.55 ,0.98 ,0,2356,2149,51.51 ,51.39 ,22.12 ,0.42 ,0.64 ,1.19 ,-1,65.18 ,29.95 
2025-07-29T23:00:00+09:00,118588.40 ,118600.00 ,117675.90 ,117788.50 ,119131.6725,117568.6375,118099.5945,118546 ,118350.155,,,,117400,-1,1,1.23 ,0.31 ,0,4441,2231,40.59 ,47.83 ,21.52 ,0.54 ,0.65 ,1.21 ,1,-1.65 ,36.59 
2025-07-30T00:00:00+09:00,117788.50 ,117924.50 ,117224.50 ,117350.10 ,119202.764,117427.746,118089.659,118532.0933,118315.255,,,,,-1,2,1.61 ,0.07 ,0,5834,2333,36.07 ,46.05 ,21.21 ,0.56 ,0.65 ,1.22 ,-1,-88.96 ,29.28 
2025-07-30T01:00:00+09:00,117350.10 ,117734.60 ,116930.00 ,117703.60 ,119218.1658,117380.6742,118083.2355,118523.9183,118299.42,,,,,-1,2,1.31 ,0.23 ,0,6502,2575,41.70 ,47.66 ,21.25 ,0.60 ,0.66 ,1.23 ,-1,-128.15 ,13.07 
2025-07-30T02:00:00+09:00,117703.60 ,118010.00 ,117593.80 ,117730.30 ,119229.5051,117333.5249,118078.5365,118515.0383,118281.515,,,,,-1,2,1.28 ,0.26 ,0,3501,2668,42.12 ,47.78 ,21.56 ,0.52 ,0.67 ,1.24 ,-1,-155.26 ,-9.94 
2025-07-30T03:00:00+09:00,117730.30 ,117785.00 ,117435.90 ,117556.20 ,119249.3366,117284.9834,118073.497,118503.6083,118267.16,,,,,-1,2,1.43 ,0.11 ,0,1257,2664,40.11 ,47.06 ,22.07 ,0.44 ,0.67 ,1.24 ,-1,-188.63 ,-38.29 
2025-07-30T04:00:00+09:00,117556.20 ,117967.30 ,117367.80 ,117488.90 ,119275.1247,117203.4853,118070.6515,118494 ,118239.305,,,,,-1,2,1.49 ,0.05 ,0,3881,2823,39.34 ,46.78 ,22.71 ,0.47 ,0.67 ,1.25 ,-1,-217.98 ,-67.11 
2025-07-30T05:00:00+09:00,117488.90 ,117870.90 ,117052.20 ,117465.00 ,119298.4509,117132.1491,118067.2695,118486.07,118215.3,,,,,-1,2,1.51 ,0.03 ,0,6060,2900,39.05 ,46.68 ,23.61 ,0.54 ,0.67 ,1.26 ,-1,-240.41 ,-98.64 
2025-07-30T06:00:00+09:00,117465.00 ,117656.60 ,117150.00 ,117552.50 ,119308.3443,117103.7857,118061.0615,118480 ,118206.065,,116930,,,-1,2,1.44 ,0.53 ,1,1027,2909,40.77 ,47.10 ,24.53 ,0.51 ,0.68 ,1.26 ,-1,-248.26 ,-133.79 
2025-07-30T07:00:00+09:00,117552.50 ,117815.00 ,117405.30 ,117801.10 ,119308.0993,117078.6607,118056.101,118474 ,118193.38,,,,,-1,2,1.22 ,0.74 ,0,944,2868,45.48 ,48.29 ,25.20 ,0.45 ,0.67 ,1.25 ,-1,-231.74 ,-166.78 
2025-07-30T08:00:00+09:00,117801.10 ,117950.10 ,117668.40 ,117899.80 ,119246.1535,117058.2065,118054.0175,118472 ,118152.18,,,,,-1,2,1.14 ,0.82 ,0,793,2783,47.27 ,48.75 ,25.45 ,0.38 ,0.66 ,1.23 ,-1,-208.29 ,-189.74 
2025-07-30T09:00:00+09:00,117899.80 ,117958.70 ,117485.80 ,117693.30 ,119212.7382,117012.3918,118053.8225,118465.28,118112.565,,,,,-1,2,1.32 ,0.65 ,0,1288,2772,44.01 ,47.83 ,25.60 ,0.39 ,0.65 ,1.22 ,-1,-204.02 ,-202.53 
2025-07-30T10:00:00+09:00,117693.30 ,117969.70 ,117366.10 ,117808.30 ,119131.2476,116998.9524,118053.81,118459.0867,118065.1,,,,,-1,2,1.22 ,0.75 ,0,973,2773,46.24 ,48.39 ,25.66 ,0.43 ,0.66 ,1.23 ,-1,-189.17 ,-209.31 
2025-07-30T11:00:00+09:00,117808.30 ,118076.20 ,117742.10 ,117973.20 ,119052.0448,117004.0452,118058.055,118451.975,118028.045,,,,,-1,2,1.08 ,0.88 ,0,1403,2725,49.34 ,49.18 ,25.67 ,0.38 ,0.66 ,1.23 ,-1,-162.23 ,-210.08 
2025-07-30T12:00:00+09:00,117973.20 ,118222.80 ,117855.80 ,118108.30 ,118944.5701,117037.3799,118064.941,118444.2433,117990.975,,,119242.3,,-1,2,0.96 ,1.00 ,0,1321,2634,51.80 ,49.82 ,25.40 ,0.36 ,0.66 ,1.22 ,-1,-128.50 ,-203.40 
2025-07-30T13:00:00+09:00,118108.30 ,118220.40 ,117907.10 ,117946.20 ,118807.5633,117081.5067,118070.222,118425.3717,117944.535,,,,,-1,2,1.10 ,0.86 ,0,617,2586,48.75 ,49.06 ,24.87 ,0.33 ,0.65 ,1.22 ,-1,-113.53 ,-191.79 
2025-07-30T14:00:00+09:00,117946.20 ,118032.00 ,117620.50 ,117947.00 ,118688.4098,117121.8302,118074.1065,118404.69,117905.12,,,,,-1,2,1.10 ,0.86 ,0,1242,2608,48.76 ,49.06 ,24.41 ,0.33 ,0.66 ,1.23 ,-1,-100.45 ,-176.24 
2025-07-30T15:00:00+09:00,117947.00 ,118275.90 ,117947.00 ,118230.40 ,118681.0849,117123.9351,118078.736,118391.6033,117902.51,,,,,-1,2,0.86 ,1.10 ,0,1420,2504,54.24 ,50.44 ,23.90 ,0.31 ,0.65 ,1.22 ,-1,-66.45 ,-156.04 
2025-07-30T16:00:00+09:00,118230.40 ,118368.90 ,118070.00 ,118072.40 ,118601.0389,117155.0711,118082.4265,118377 ,117878.055,,,,,-1,2,0.99 ,0.97 ,0,1230,2457,50.97 ,49.67 ,23.18 ,0.29 ,0.65 ,1.21 ,1,-51.66 ,-136.03 
2025-07-30T17:00:00+09:00,118072.40 ,118435.20 ,117912.40 ,118318.80 ,118456.7157,117245.5143,118088.6375,118369.68,117851.115,,,,,-1,2,0.78 ,1.17 ,0,1382,2374,55.47 ,50.86 ,22.31 ,0.34 ,0.65 ,1.20 ,1,-19.82 ,-115.09 
2025-07-30T18:00:00+09:00,118318.80 ,118379.50 ,117943.20 ,118119.40 ,118347.5016,117307.8284,118090.7035,118351 ,117827.665,,,,,-1,2,0.95 ,1.01 ,0,1318,2322,51.36 ,49.89 ,21.42 ,0.35 ,0.64 ,1.20 ,1,-10.56 ,-93.60 
2025-07-30T19:00:00+09:00,118119.40 ,118372.00 ,117900.00 ,117975.90 ,118360.4534,117313.6166,118095.689,118325.5467,117837.035,,,,,-1,2,1.07 ,0.89 ,0,1977,2198,48.57 ,49.20 ,20.64 ,0.37 ,0.63 ,1.17 ,1,-14.63 ,-74.20 
2025-07-30T20:00:00+09:00,117975.90 ,118139.50 ,117314.30 ,117525.00 ,118341.4744,117350.0856,118097.446,118294.0617,117845.78,,,,,-1,2,1.46 ,0.51 ,0,3859,2100,41.02 ,47.12 ,20.31 ,0.48 ,0.62 ,1.16 ,1,-53.63 ,-62.14 
2025-07-30T21:00:00+09:00,117525.00 ,117866.70 ,117316.90 ,117690.10 ,118341.6082,117348.6018,118103.366,118268.325,117845.105,,,,116930,-1,2,1.32 ,0.65 ,0,4432,1996,44.43 ,47.94 ,20.21 ,0.48 ,0.61 ,1.14 ,1,-70.39 ,-55.68 
2025-07-30T22:00:00+09:00,117690.10 ,117820.00 ,117363.60 ,117627.90 ,118343.1848,117336.7852,118105.0725,118244.89,117839.985,118435.2,,,,-1,2,0.69 ,0.59 ,0,5334,2088,43.41 ,47.65 ,20.52 ,0.45 ,0.61 ,1.13 ,1,-87.69 ,-52.81 
2025-07-30T23:00:00+09:00,117627.90 ,118679.00 ,117560.00 ,118667.30 ,118496.9117,117294.1683,118109.5095,118232.1583,117895.54,,,,,1,1,0.20 ,1.46 ,0,5333,2292,59.92 ,52.49 ,20.93 ,0.61 ,0.62 ,1.16 ,1,-17.33 ,-43.57 
2025-07-31T00:00:00+09:00,118667.30 ,118759.60 ,117802.40 ,117950.00 ,118490.4724,117346.7176,118109.4955,118210.1133,117918.595,,,,,1,1,0.41 ,0.86 ,0,3620,2279,49.24 ,49.28 ,21.34 ,0.68 ,0.63 ,1.19 ,1,-19.22 ,-38.33 
2025-07-31T01:00:00+09:00,117950.00 ,117981.40 ,117600.00 ,117693.20 ,118473.6353,117386.3747,118106.7315,118184.9167,117930.005,,117314.3,,,1,1,0.63 ,0.32 ,0,2054,2078,46.08 ,48.21 ,21.62 ,0.56 ,0.64 ,1.19 ,1,-40.98 ,-37.14 
2025-07-31T02:00:00+09:00,117693.20 ,117907.50 ,117607.00 ,117751.10 ,118462.4662,117417.4038,118103.682,118155.6033,117939.935,,,,,1,1,0.58 ,0.37 ,0,864,2070,46.91 ,48.46 ,21.75 ,0.46 ,0.63 ,1.18 ,1,-52.93 ,-40.82 
2025-07-31T03:00:00+09:00,117751.10 ,118007.20 ,116450.50 ,116475.40 ,118698.6237,117048.6763,118091.3975,118106.2217,117873.65,,,,,-1,1,1.68 ,0.72 ,0,9668,2506,34.37 ,43.57 ,21.82 ,0.76 ,0.66 ,1.22 ,-1,-163.46 ,-57.81 
2025-07-31T04:00:00+09:00,116475.40 ,117078.00 ,115729.80 ,116863.70 ,118756.5693,116887.1207,118080.022,118072.4483,117821.845,,,,,-1,1,1.34 ,0.39 ,0,14715,3202,39.66 ,45.28 ,22.02 ,0.89 ,0.69 ,1.29 ,-1,-217.22 ,-80.32 
2025-07-31T05:00:00+09:00,116863.70 ,117273.90 ,116819.80 ,117123.70 ,118775.5267,116811.2033,118069.2465,118040.3017,117793.365,118759.6,,,,-1,1,1.40 ,0.16 ,-1,2989,3288,42.97 ,46.40 ,22.22 ,0.72 ,0.72 ,1.34 ,-1,-236.12 ,-100.59 
2025-07-31T06:00:00+09:00,117123.70 ,117280.00 ,116889.60 ,117277.20 ,118774.3127,116759.3073,118064.937,118012.7533,117766.81,,,,,-1,1,1.26 ,0.03 ,0,1029,3290,44.89 ,47.05 ,22.77 ,0.59 ,0.73 ,1.36 ,-1,-236.00 ,-118.99 
2025-07-31T07:00:00+09:00,117277.20 ,117435.40 ,117189.00 ,117435.00 ,118752.6513,116727.1487,118056.9105,117990.705,117739.9,,,,,-1,1,1.13 ,0.10 ,0,1460,3293,46.88 ,47.72 ,23.49 ,0.46 ,0.74 ,1.37 ,-1,-220.62 ,-133.76 
2025-07-31T08:00:00+09:00,117435.00 ,117844.00 ,117400.00 ,117765.10 ,118721.4745,116724.0055,118051.2485,117973.2017,117722.74,,,,,-1,1,0.84 ,0.38 ,0,2118,3333,50.86 ,49.08 ,24.27 ,0.43 ,0.74 ,1.39 ,-1,-179.73 ,-151.81 
2025-07-31T09:00:00+09:00,117765.10 ,118488.80 ,117716.90 ,118358.20 ,118776.0782,116710.6018,118049.6915,117965.3067,117743.34,,115729.8,,,-1,1,0.34 ,2.22 ,0,3881,3496,57.09 ,51.41 ,25.03 ,0.50 ,0.76 ,1.41 ,-1,-98.33 ,-160.60 
2025-07-31T10:00:00+09:00,118358.20 ,118410.00 ,117943.60 ,118009.40 ,118782 ,116710.9063,118043.7885,117958.425,117746.46,,,,,-1,1,0.64 ,1.93 ,0,1806,3524,52.85 ,50.04 ,25.35 ,0.47 ,0.77 ,1.43 ,-1,-61.25 ,-162.85 
2025-07-31T11:00:00+09:00,118009.40 ,118447.00 ,117931.30 ,118385.50 ,118806.3394,116702.0906,118036.8255,117965.1833,117754.215,,,,,-1,1,0.32 ,2.24 ,0,1556,3531,56.59 ,51.47 ,25.10 ,0.46 ,0.78 ,1.45 ,-1,-1.51 ,-157.14 
2025-07-31T12:00:00+09:00,118385.50 ,118563.90 ,118316.50 ,118415.50 ,118854.4211,116688.3189,118032.412,117969.5867,117771.37,,,,,-1,1,0.29 ,2.27 ,0,1539,3547,56.88 ,51.58 ,24.51 ,0.37 ,0.78 ,1.46 ,-1,47.71 ,-133.67 
2025-07-31T13:00:00+09:00,118415.50 ,118514.00 ,118305.10 ,118473.00 ,118879.663,116678.497,118026.231,117977.2683,117779.08,,,,,-1,1,0.24 ,2.32 ,0,1072,3531,57.48 ,51.80 ,23.61 ,0.31 ,0.78 ,1.45 ,-1,90.31 ,-99.50 
2025-07-31T14:00:00+09:00,118473.00 ,118485.00 ,118253.20 ,118304.70 ,118903.2582,116673.4318,118020.683,117988.2483,117788.345,,,,,-1,1,0.38 ,2.18 ,0,1235,3527,55.08 ,51.11 ,22.50 ,0.27 ,0.77 ,1.44 ,-1,109.24 ,-61.13 
2025-07-31T15:00:00+09:00,118304.70 ,118692.40 ,118237.50 ,118647.10 ,118996.206,116647.604,118014.6525,118003.0317,117821.905,,,,,-1,1,0.09 ,2.46 ,0,1164,3486,58.84 ,52.43 ,21.55 ,0.31 ,0.77 ,1.44 ,-1,150.14 ,-18.23 
2025-07-31T16:00:00+09:00,118647.10 ,118900.00 ,118555.20 ,118614.40 ,119090.9095,116661.8405,118007.7545,118012.47,117876.375,,,,,-1,1,0.12 ,2.43 ,0,2348,3411,58.34 ,52.29 ,20.94 ,0.30 ,0.76 ,1.41 ,-1,177.86 ,26.05 
2025-07-31T17:00:00+09:00,118614.40 ,118714.10 ,118520.00 ,118545.00 ,119164.2135,116674.0265,118002.555,118021.215,117919.12,,,,,-1,1,0.18 ,2.37 ,0,1016,3240,57.22 ,51.99 ,20.60 ,0.26 ,0.74 ,1.38 ,-1,192.01 ,67.35 
2025-07-31T18:00:00+09:00,118545.00 ,118582.70 ,118419.70 ,118565.70 ,119234.1245,116697.8955,117997.767,118029.17,117966.01,,,,,-1,1,0.16 ,2.39 ,0,1053,3026,57.49 ,52.08 ,20.40 ,0.22 ,0.72 ,1.35 ,-1,202.57 ,100.79 
2025-07-31T19:00:00+09:00,118565.70 ,118679.00 ,118393.80 ,118464.20 ,119204.4458,116707.2642,117994.588,118039.5183,117955.855,,,,,-1,1,0.25 ,2.31 ,0,960,2807,55.69 ,51.63 ,20.34 ,0.22 ,0.69 ,1.29 ,-1,200.43 ,129.86 
2025-07-31T20:00:00+09:00,118464.20 ,118527.30 ,118251.00 ,118329.30 ,119233.9569,116715.6831,117993.096,118044.24,117974.82,,,,,-1,1,0.36 ,2.20 ,0,817,2667,53.31 ,51.04 ,20.26 ,0.23 ,0.66 ,1.23 ,-1,185.71 ,150.66 
2025-07-31T21:00:00+09:00,118329.30 ,118606.90 ,118251.00 ,118579.90 ,119297.7972,116740.5128,117991.077,118054.82,118019.155,118900,,,,-1,1,0.27 ,2.40 ,0,1532,2641,56.99 ,52.08 ,20.28 ,0.25 ,0.64 ,1.19 ,-1,192.06 ,166.70 
2025-07-31T22:00:00+09:00,118579.90 ,118656.00 ,117775.60 ,118518.70 ,119347.7179,116767.3521,117990.5,118067.845,118057.535,,,,,-1,1,0.32 ,2.35 ,0,5184,2857,55.83 ,51.81 ,20.19 ,0.42 ,0.63 ,1.18 ,-1,189.95 ,177.77 
2025-07-31T23:00:00+09:00,118518.70 ,118589.00 ,117863.00 ,117876.10 ,119200.3728,117054.7672,117987.8215,118064.8667,118127.57,,,,,-1,1,0.87 ,1.82 ,0,3422,2545,45.40 ,49.04 ,19.91 ,0.48 ,0.61 ,1.14 ,-1,134.88 ,180.62 
2025-08-01T00:00:00+09:00,117876.10 ,118300.00 ,117836.40 ,118257.00 ,119100.2134,117294.2566,117987.432,118057.0867,118197.235,,,,115729.8,-1,1,0.54 ,2.14 ,0,2136,1916,51.22 ,50.64 ,19.51 ,0.45 ,0.58 ,1.08 ,-1,120.58 ,177.34 
2025-08-01T01:00:00+09:00,118257.00 ,118835.90 ,118184.10 ,118487.10 ,119029.0085,117501.8015,117987.8925,118057.1117,118265.405,,,,,-1,1,0.35 ,2.33 ,0,3064,1920,54.38 ,51.57 ,19.12 ,0.48 ,0.56 ,1.05 ,-1,126.36 ,171.62 
2025-08-01T02:00:00+09:00,118487.10 ,118505.00 ,117649.40 ,117711.20 ,118955.929,117618.281,117986.397,118039.6717,118287.105,,,,,-1,1,1.01 ,1.68 ,0,3941,2065,44.02 ,48.42 ,18.61 ,0.57 ,0.56 ,1.05 ,-1,67.55 ,157.79 
2025-08-01T03:00:00+09:00,117711.20 ,117949.40 ,117360.00 ,117606.10 ,118923.8079,117668 ,117982.6725,118021.2017,118295.66,,,,,-1,1,1.10 ,1.60 ,0,2900,2137,42.83 ,48.01 ,18.25 ,0.55 ,0.57 ,1.06 ,1,12.32 ,136.65 
2025-08-01T04:00:00+09:00,117606.10 ,117718.00 ,116701.40 ,116728.10 ,119148.7775,117338.8425,117973.838,117985.8417,118243.81,,,,,-1,1,1.86 ,0.86 ,0,5924,2328,34.45 ,44.81 ,18.21 ,0.66 ,0.58 ,1.09 ,-1,-101.13 ,103.14 
2025-08-01T05:00:00+09:00,116728.10 ,116931.00 ,116385.70 ,116466.00 ,119337.7565,116960.6435,117966.4255,117945.6917,118149.2,,,,,-1,1,2.09 ,0.63 ,0,4680,2367,32.41 ,43.91 ,18.63 ,0.59 ,0.59 ,1.10 ,-1,-209.77 ,59.20 
2025-08-01T06:00:00+09:00,116466.00 ,116856.70 ,116181.00 ,116477.70 ,119466.9174,116678.3126,117962.034,117908.065,118072.615,118835.9,,,,-1,1,2.02 ,0.64 ,0,3643,2459,32.60 ,43.96 ,19.50 ,0.59 ,0.60 ,1.12 ,-1,-291.57 ,5.46 
2025-08-01T07:00:00+09:00,116477.70 ,116477.70 ,115950.00 ,115950.10 ,119614.0353,116287.6547,117950.9645,117869.19,117950.845,,,,,-1,1,2.49 ,0.19 ,0,3699,2566,28.65 ,42.20 ,20.83 ,0.55 ,0.61 ,1.13 ,-1,-394.41 ,-59.47 
2025-08-01T08:00:00+09:00,115950.10 ,116305.50 ,115429.50 ,115707.00 ,119727.6516,115903.1884,117936.895,117821.615,117815.42,,,,,-1,2,2.70 ,0.02 ,0,7846,2882,27.03 ,41.42 ,22.63 ,0.62 ,0.62 ,1.16 ,-1,-489.89 ,-128.88 
2025-08-01T09:00:00+09:00,115707.00 ,115875.70 ,114259.00 ,115357.40 ,119823.3059,115495.9741,117925.2825,117763.2783,117659.64,,,,,-1,2,3.02 ,0.32 ,0,16360,3646,24.85 ,40.32 ,25.09 ,0.88 ,0.67 ,1.24 ,-1,-587.00 ,-207.51 
2025-08-01T10:00:00+09:00,115357.40 ,115549.60 ,114527.10 ,115269.00 ,119884.64,115131.07,117911.203,117707.955,117507.855,,,,,-1,2,3.09 ,0.40 ,0,5288,3849,24.31 ,40.05 ,28.03 ,0.88 ,0.71 ,1.33 ,-1,-663.45 ,-295.26 
2025-08-01T11:00:00+09:00,115269.00 ,115955.50 ,115161.10 ,115908.70 ,119784.6462,114957.2238,117899.1385,117676.625,117370.935,,,,,-1,2,2.53 ,0.15 ,0,2260,3904,35.18 ,42.91 ,30.88 ,0.81 ,0.75 ,1.40 ,-1,-664.75 ,-376.63 
2025-08-01T12:00:00+09:00,115908.70 ,115998.90 ,115550.40 ,115589.10 ,119681.4222,114757.9178,117885.427,117647.275,117219.67,,,118900,,-1,2,2.81 ,0.12 ,0,1433,3858,32.65 ,41.89 ,33.54 ,0.67 ,0.78 ,1.45 ,-1,-683.69 ,-453.96 
2025-08-01T13:00:00+09:00,115589.10 ,115640.40 ,115203.40 ,115640.40 ,119548.9855,114599.8945,117874.337,117612.8883,117074.44,,,,,-1,2,2.76 ,0.08 ,0,1727,3893,33.48 ,42.12 ,36.05 ,0.57 ,0.80 ,1.50 ,-1,-686.65 ,-519.02 
2025-08-01T14:00:00+09:00,115640.40 ,115864.40 ,115320.10 ,115515.30 ,119386.0098,114457.8302,117861.2325,117575.9717,116921.92,,114259,,,-1,2,2.87 ,1.09 ,0,1195,3901,32.44 ,41.71 ,38.22 ,0.54 ,0.83 ,1.54 ,-1,-691.12 ,-572.50 
2025-08-01T15:00:00+09:00,115515.30 ,115603.00 ,115016.30 ,115116.80 ,119231.5752,114277.5248,117844.194,117535.315,116754.55,,,,,-1,2,3.23 ,0.75 ,0,3011,4003,29.30 ,40.46 ,40.03 ,0.53 ,0.85 ,1.59 ,-1,-718.53 ,-619.94 
2025-08-01T16:00:00+09:00,115116.80 ,115258.00 ,114582.80 ,115020.70 ,119065.2995,114112.9405,117825.7945,117494.1783,116589.12,,,,,-1,2,3.32 ,0.66 ,0,4123,4168,28.59 ,40.16 ,41.47 ,0.55 ,0.87 ,1.63 ,-1,-739.49 ,-658.28 
2025-08-01T17:00:00+09:00,115020.70 ,115020.70 ,114066.30 ,114560.40 ,118837.7166,113938.5734,117803.5245,117445.7683,116388.145,,,,,-1,2,3.73 ,0.26 ,0,6242,4404,25.39 ,38.76 ,42.65 ,0.65 ,0.90 ,1.69 ,-1,-784.20 ,-690.99 
2025-08-01T18:00:00+09:00,114560.40 ,115277.80 ,114500.10 ,114872.50 ,118533.7174,113877.9526,117782.6195,117401.1017,116205.835,,,,,-1,2,3.45 ,0.53 ,0,4865,4388,31.03 ,40.20 ,43.69 ,0.66 ,0.92 ,1.72 ,-1,-785.40 ,-713.03 
2025-08-01T19:00:00+09:00,114872.50 ,115150.00 ,114639.30 ,114695.60 ,118330.6851,113762.9349,117761.4795,117349.3433,116046.81,,,,,-1,2,3.61 ,0.38 ,0,1912,4312,29.66 ,39.66 ,44.63 ,0.59 ,0.93 ,1.73 ,-1,-791.49 ,-727.26 
2025-08-01T20:00:00+09:00,114695.60 ,115284.20 ,114540.30 ,115255.90 ,117964.1541,113829.3559,117745.4805,117305.2783,115896.755,,,,,-1,2,3.11 ,0.86 ,0,1767,4294,38.86 ,42.17 ,45.31 ,0.60 ,0.94 ,1.76 ,-1,-742.56 ,-735.90 
2025-08-01T21:00:00+09:00,115255.90 ,115854.30 ,115112.60 ,115670.10 ,117447.9692,114063.8408,117734.2645,117271.5583,115755.905,,,,,-1,2,2.74 ,1.22 ,0,8012,4541,44.63 ,43.93 ,45.58 ,0.61 ,0.95 ,1.77 ,-1,-662.71 ,-733.57 
2025-08-01T22:00:00+09:00,115670.10 ,115950.00 ,114143.90 ,114312.60 ,117135.0285,114036.9215,117718.015,117213.2967,115585.975,,114066.3,,,-1,2,3.96 ,0.22 ,1,7911,4740,33.48 ,39.87 ,45.66 ,0.94 ,0.98 ,1.83 ,-1,-700.89 ,-735.15 
2025-08-01T23:00:00+09:00,114312.60 ,115771.00 ,113914.90 ,115560.90 ,116725.3603,114242.0697,117708.695,117173.0917,115483.715,,,,,-1,2,2.83 ,1.29 ,0,12384,5214,46.67 ,44.67 ,45.54 ,1.16 ,1.02 ,1.91 ,1,-623.24 ,-727.61 
2025-08-02T00:00:00+09:00,115560.90 ,115586.10 ,114629.70 ,115304.10 ,116516.2173,114308.8127,117693.4655,117126.355,115412.515,,,,,-1,2,3.06 ,1.07 ,0,5310,5183,44.71 ,43.93 ,45.16 ,1.05 ,1.05 ,1.97 ,1,-575.78 ,-711.75 
2025-08-02T01:00:00+09:00,115304.10 ,115644.20 ,114764.70 ,114958.70 ,116344.4547,114329.8453,117674.6085,117076.5633,115337.15,,,,,-1,2,3.37 ,0.78 ,0,3290,5114,42.14 ,42.96 ,44.67 ,0.96 ,1.08 ,2.02 ,1,-559.59 ,-691.76 
2025-08-02T02:00:00+09:00,114958.70 ,115042.60 ,114303.10 ,114388.70 ,116176.503,114288.897,117654.252,117017.2583,115232.7,,,,,-1,2,3.89 ,0.28 ,0,6094,5236,38.23 ,41.42 ,44.18 ,0.86 ,1.10 ,2.05 ,1,-586.00 ,-669.74 
2025-08-02T03:00:00+09:00,114388.70 ,114466.90 ,113629.00 ,113805.10 ,116197.5646,114053.3354,117631.5005,116943.5033,115125.45,115950,,,,-1,3,1.88 ,0.23 ,0,6938,5398,34.69 ,39.92 ,43.93 ,0.82 ,1.12 ,2.09 ,1,-646.57 ,-654.32 
2025-08-02T04:00:00+09:00,113805.10 ,113896.80 ,113180.00 ,113278.10 ,116309.8896,113698.1204,117605.0935,116863.5983,115004.005,,,,,-1,3,2.36 ,0.70 ,0,6258,5319,31.82 ,38.63 ,44.30 ,0.76 ,1.13 ,2.11 ,1,-728.70 ,-647.34 
2025-08-02T05:00:00+09:00,113278.10 ,113931.30 ,113113.30 ,113897.30 ,116310.854,113551.146,117582.191,116789.9067,114931,,,,,-1,3,1.80 ,0.15 ,0,4444,4723,38.28 ,40.92 ,44.96 ,0.74 ,1.12 ,2.09 ,-1,-735.34 ,-646.54 
2025-08-02T06:00:00+09:00,113897.30 ,114046.10 ,113634.90 ,113834.40 ,116308.7782,113409.7618,117560.528,116718.49,114859.27,,,,,-1,3,1.86 ,0.20 ,0,1647,4541,37.89 ,40.76 ,45.76 ,0.62 ,1.10 ,2.06 ,-1,-737.18 ,-654.81 
2025-08-02T07:00:00+09:00,113834.40 ,113960.50 ,112669.50 ,113087.30 ,116276.7845,113159.6155,117530.8785,116637.0133,114718.2,,,,,-1,3,2.53 ,0.87 ,0,9566,4906,33.49 ,38.94 ,46.84 ,0.79 ,1.10 ,2.05 ,-1,-789.82 ,-664.69 
2025-08-02T08:00:00+09:00,113087.30 ,113516.20 ,112856.10 ,113250.10 ,116230.3131,112972.1869,117501.758,116565.765,114601.25,,,,,-1,3,2.38 ,0.72 ,0,1978,4934,35.26 ,39.54 ,48.19 ,0.72 ,1.10 ,2.06 ,-1,-809.08 ,-685.34 
2025-08-02T09:00:00+09:00,113250.10 ,113794.20 ,113150.10 ,113760.00 ,116102.2414,112912.2186,117478.0355,116500.2633,114507.23,,,,,-1,3,1.93 ,0.27 ,0,2300,4962,40.57 ,41.38 ,49.50 ,0.67 ,1.11 ,2.07 ,-1,-774.27 ,-707.40 
2025-08-02T10:00:00+09:00,113760.00 ,113860.00 ,113371.60 ,113613.90 ,115981.9609,112842.3591,117450.6995,116433.3633,114412.16,,,,,-1,3,2.06 ,0.40 ,0,1988,5002,39.56 ,41.02 ,50.60 ,0.59 ,1.11 ,2.08 ,-1,-749.83 ,-728.53 
2025-08-02T11:00:00+09:00,113613.90 ,113715.60 ,113480.00 ,113653.10 ,115907.0253,112770.9247,117423.93,116349.7933,114338.975,,,,,-1,3,2.02 ,0.36 ,0,1647,4934,39.99 ,41.16 ,51.44 ,0.46 ,1.11 ,2.07 ,-1,-719.01 ,-743.31 
2025-08-02T12:00:00+09:00,113653.10 ,113869.90 ,113652.40 ,113860.20 ,115829.5653,112732.3347,117398.6995,116281.63,114280.95,,112669.5,,,-1,3,1.84 ,1.05 ,1,1703,4813,42.32 ,41.92 ,51.92 ,0.37 ,1.10 ,2.05 ,-1,-670.14 ,-745.93 
2025-08-02T13:00:00+09:00,113860.20 ,114004.70 ,113771.80 ,113976.00 ,115800.2049,112703.2551,117375.139,116219.6767,114251.73,,,,,-1,3,1.73 ,1.15 ,0,1272,4564,43.63 ,42.34 ,52.06 ,0.32 ,1.07 ,2.00 ,-1,-614.99 ,-733.30 
2025-08-02T14:00:00+09:00,113976.00 ,113994.00 ,113796.70 ,113924.10 ,115731.7841,112676.8359,117352.2595,116155.8933,114204.31,,,,,-1,3,1.78 ,1.10 ,0,1243,4383,43.16 ,42.20 ,51.74 ,0.27 ,1.04 ,1.95 ,-1,-568.90 ,-714.80 
2025-08-02T15:00:00+09:00,113924.10 ,113928.80 ,113412.00 ,113652.50 ,115680.2002,112624.1098,117329.3225,116108.845,114152.155,,,,,-1,3,2.02 ,0.86 ,0,1928,4384,40.66 ,41.46 ,51.14 ,0.33 ,1.02 ,1.91 ,-1,-547.98 ,-693.78 
2025-08-02T16:00:00+09:00,113652.50 ,113956.90 ,113502.60 ,113917.80 ,115528.9781,112641.5219,117307.5025,116059.7467,114085.25,,,,,-1,3,1.78 ,1.10 ,0,1050,4348,44.06 ,42.46 ,50.45 ,0.35 ,1.00 ,1.87 ,-1,-504.18 ,-662.04 
2025-08-02T17:00:00+09:00,113917.80 ,113978.70 ,113620.60 ,113632.70 ,115240.9377,112725.8223,117287.5155,116001.5633,113983.38,,,,,-1,3,2.04 ,0.85 ,0,1460,4021,41.32 ,41.68 ,49.70 ,0.34 ,0.98 ,1.84 ,-1,-486.86 ,-626.24 
2025-08-02T18:00:00+09:00,113632.70 ,113807.00 ,113516.60 ,113640.00 ,115206.2659,112693.2341,117269.0105,115940.9433,113949.75,114004.7,,,,-1,3,0.32 ,0.85 ,0,844,3667,41.42 ,41.71 ,48.93 ,0.31 ,0.94 ,1.75 ,-1,-467.16 ,-592.12 
2025-08-02T19:00:00+09:00,113640.00 ,113661.20 ,113380.00 ,113503.00 ,114875.0763,112818.6337,117254.9385,115875.41,113846.855,,,,,-1,3,0.44 ,0.73 ,0,786,3087,40.04 ,41.33 ,48.31 ,0.29 ,0.87 ,1.63 ,-1,-457.33 ,-559.62 
2025-08-02T20:00:00+09:00,113503.00 ,113862.40 ,113407.10 ,113740.10 ,114549.9007,112987.4093,117246.6505,115808.3267,113768.655,,,,,-1,3,0.23 ,0.94 ,0,747,2859,43.56 ,42.26 ,47.73 ,0.33 ,0.82 ,1.53 ,1,-425.51 ,-527.01 
2025-08-02T21:00:00+09:00,113740.10 ,113746.90 ,113521.20 ,113590.10 ,114261.25,113139.2,117234.3505,115728.8583,113700.225,,,,,-1,3,0.36 ,0.81 ,0,711,2730,41.88 ,41.83 ,47.18 ,0.28 ,0.77 ,1.43 ,1,-407.69 ,-497.84 
2025-08-02T22:00:00+09:00,113590.10 ,113594.10 ,113176.50 ,113421.10 ,114127.4174,113176.2726,117224.0785,115652.3867,113651.845,,,,,-1,3,0.51 ,0.66 ,0,1739,2512,40.02 ,41.35 ,46.67 ,0.31 ,0.73 ,1.36 ,1,-402.56 ,-474.24 
2025-08-02T23:00:00+09:00,113421.10 ,113493.30 ,112891.70 ,113058.00 ,114149.6727,113079.3073,117212.986,115563.595,113614.49,,,,,-1,3,0.84 ,0.34 ,0,3196,2325,36.28 ,40.33 ,46.34 ,0.39 ,0.69 ,1.29 ,1,-422.93 ,-458.02 
2025-08-03T00:00:00+09:00,113058.00 ,113370.00 ,112765.10 ,112800.00 ,114218.4241,112962.7459,117200.546,115470.0033,113590.585,,,,,-1,3,1.07 ,0.12 ,0,2445,2135,33.85 ,39.62 ,46.23 ,0.44 ,0.67 ,1.25 ,1,-454.64 ,-447.65 
2025-08-03T01:00:00+09:00,112800.00 ,113225.30 ,112679.80 ,113159.50 ,114191.7314,112915.6586,117190.3625,115381.445,113553.695,,,,,-1,3,0.75 ,0.43 ,0,3347,2080,39.88 ,41.09 ,46.31 ,0.45 ,0.65 ,1.21 ,1,-445.63 ,-441.15 
2025-08-03T02:00:00+09:00,113159.50 ,113388.90 ,112540.00 ,112694.60 ,114221.9283,112771.4817,117173.7525,115287.9433,113496.705,,,,,-1,3,1.16 ,0.02 ,0,3423,2169,35.39 ,39.81 ,46.31 ,0.55 ,0.64 ,1.20 ,-1,-470.58 ,-439.34 
2025-08-03T03:00:00+09:00,112694.60 ,112880.00 ,112025.40 ,112286.50 ,114339.2366,112574.0934,117153.8845,115181.9333,113456.665,,,,,-1,4,1.53 ,0.34 ,0,7975,2089,31.99 ,38.73 ,46.63 ,0.62 ,0.63 ,1.18 ,-1,-517.31 ,-444.91 
2025-08-03T04:00:00+09:00,112286.50 ,112898.30 ,111939.90 ,112173.50 ,114445.9604,112359.7096,117132.225,115074.585,113402.835,,,,,-1,4,1.63 ,0.44 ,0,4770,2229,31.10 ,38.43 ,47.27 ,0.70 ,0.63 ,1.17 ,-1,-557.05 ,-455.99 
2025-08-03T05:00:00+09:00,112173.50 ,112739.60 ,112016.50 ,112739.60 ,114419.5984,112284.0316,117115.474,114977.8283,113351.815,,,,,-1,4,1.12 ,0.06 ,0,3038,2265,40.10 ,40.74 ,48.03 ,0.68 ,0.63 ,1.17 ,-1,-536.68 ,-468.34 
2025-08-03T06:00:00+09:00,112739.60 ,113018.90 ,112505.20 ,112811.30 ,114397.2324,112226.1376,117098.605,114881.9217,113311.685,,,,,-1,4,1.06 ,0.13 ,0,2156,2274,41.15 ,41.03 ,48.49 ,0.60 ,0.63 ,1.18 ,-1,-508.88 ,-479.58 
2025-08-03T07:00:00+09:00,112811.30 ,112958.40 ,112496.80 ,112804.20 ,114364.4123,112174.0677,117087.9315,114787.5883,113269.24,,,,,-1,4,1.06 ,0.12 ,0,1092,2246,41.07 ,41.01 ,48.64 ,0.54 ,0.64 ,1.19 ,-1,-481.87 ,-488.40 
2025-08-03T08:00:00+09:00,112804.20 ,112826.10 ,112233.20 ,112508.50 ,114309.3687,112093.9413,117072.0245,114690.575,113201.655,,,,,-1,4,1.33 ,0.14 ,0,1921,2257,37.90 ,40.18 ,48.61 ,0.54 ,0.65 ,1.21 ,-1,-478.80 ,-494.60 
2025-08-03T09:00:00+09:00,112508.50 ,112934.00 ,111865.00 ,112898.20 ,114203.1834,112092.3466,117055.798,114595.88,113147.765,,,,,-1,4,0.98 ,0.20 ,0,4560,2421,44.03 ,41.77 ,48.74 ,0.67 ,0.68 ,1.26 ,-1,-439.86 ,-492.96 
2025-08-03T10:00:00+09:00,112898.20 ,113219.00 ,112800.00 ,113047.00 ,114097.7443,112110.0757,117040.999,114504.685,113103.91,,,,,-1,4,0.85 ,0.33 ,0,2608,2490,46.22 ,42.37 ,48.54 ,0.57 ,0.70 ,1.30 ,-1,-392.46 ,-487.05 
2025-08-03T11:00:00+09:00,113047.00 ,113466.10 ,113034.50 ,113466.10 ,114071.0147,112118.1653,117026.079,114431.185,113094.59,,,,,-1,4,0.47 ,0.70 ,0,1658,2476,51.91 ,44.02 ,47.84 ,0.51 ,0.71 ,1.33 ,-1,-317.42 ,-470.04 
2025-08-03T12:00:00+09:00,113466.10 ,113680.00 ,113380.20 ,113542.90 ,114001 ,112150.2851,117010.559,114352.6167,113075.845,,,,,-1,4,0.41 ,0.77 ,0,1776,2512,52.89 ,44.32 ,46.51 ,0.43 ,0.72 ,1.34 ,-1,-248.89 ,-440.21 
2025-08-03T13:00:00+09:00,113542.90 ,113543.00 ,113291.90 ,113420.00 ,113969.5771,112160.8429,116992.6295,114268.165,113065.21,,,,,-1,4,0.52 ,0.66 ,0,1897,2534,51.09 ,43.94 ,44.97 ,0.36 ,0.72 ,1.34 ,-1,-202.16 ,-400.78 
2025-08-03T14:00:00+09:00,113420.00 ,113610.00 ,113360.00 ,113564.00 ,113956.6773,112166.1427,116974.5745,114199.045,113061.41,,111865,,,-1,4,0.39 ,1.50 ,1,889,2537,53.11 ,44.51 ,43.19 ,0.31 ,0.72 ,1.34 ,-1,-151.76 ,-358.01 
2025-08-03T15:00:00+09:00,113564.00 ,113582.00 ,113414.20 ,113500.00 ,113956.2323,112166.2877,116955.875,114130.61,113061.26,,,,,-1,4,0.44 ,1.44 ,0,436,2519,52.08 ,44.30 ,41.07 ,0.26 ,0.72 ,1.33 ,-1,-115.65 ,-314.32 
2025-08-03T16:00:00+09:00,113500.00 ,113667.80 ,113500.00 ,113640.00 ,113936.9924,112175.5176,116936.2,114079.1417,113056.255,,,,,-1,4,0.32 ,1.56 ,0,580,2511,54.17 ,44.87 ,38.43 ,0.22 ,0.71 ,1.32 ,-1,-74.87 ,-269.10 
2025-08-03T17:00:00+09:00,113640.00 ,113742.40 ,113487.00 ,113637.40 ,113945.3127,112171.9273,116917.0745,114031.9983,113058.62,,,,,-1,4,0.32 ,1.56 ,0,1356,2543,54.12 ,44.86 ,35.64 ,0.22 ,0.70 ,1.31 ,-1,-42.27 ,-220.59 
2025-08-03T18:00:00+09:00,113637.40 ,113667.80 ,113568.60 ,113603.10 ,113972.6542,112162.7858,116899.454,113984.0883,113067.72,,,,,-1,4,0.35 ,1.53 ,0,426,2477,53.46 ,44.75 ,32.91 ,0.18 ,0.69 ,1.29 ,-1,-18.99 ,-173.83 
2025-08-03T19:00:00+09:00,113603.10 ,113843.80 ,113603.10 ,113842.20 ,114072.6946,112141.1654,116881.435,113948.9567,113106.93,,,,,-1,4,0.14 ,1.74 ,0,1020,2369,57.37 ,45.75 ,30.56 ,0.19 ,0.68 ,1.26 ,-1,18.54 ,-128.16 
2025-08-03T20:00:00+09:00,113842.20 ,114199.00 ,113803.60 ,113803.70 ,114157.5567,112156.6733,116863.1835,113917.235,113157.115,,,,,-1,4,0.18 ,1.70 ,0,3067,2400,56.54 ,45.62 ,28.73 ,0.24 ,0.66 ,1.24 ,-1,44.66 ,-87.93 
2025-08-03T21:00:00+09:00,113803.70 ,114049.80 ,113600.00 ,113953.00 ,114255.6916,112137.8884,116845.6715,113893.8283,113196.79,,,,,-1,4,0.05 ,1.83 ,0,1818,2323,59.00 ,46.25 ,27.22 ,0.29 ,0.65 ,1.21 ,-1,76.53 ,-51.77 
2025-08-03T22:00:00+09:00,113953.00 ,114039.50 ,113750.30 ,113883.40 ,114329.071,112183.389,116828.047,113870.735,113256.23,,,,,-1,4,0.11 ,1.77 ,0,932,2199,57.37 ,45.99 ,25.99 ,0.28 ,0.63 ,1.18 ,-1,95.07 ,-18.75 
2025-08-03T23:00:00+09:00,113883.40 ,114000.00 ,113530.00 ,113725.90 ,114321.3323,112335.0677,116810.121,113834.355,113328.2,,,,,-1,4,0.25 ,1.64 ,0,2031,1902,53.76 ,45.42 ,24.88 ,0.32 ,0.61 ,1.13 ,-1,95.96 ,8.78 
2025-08-04T00:00:00+09:00,113725.90 ,113915.60 ,113618.60 ,113895.90 ,114282.9025,112545.7375,116793.1945,113806.135,113414.32,,,,,-1,4,0.10 ,1.78 ,0,1013,1714,56.91 ,46.16 ,23.83 ,0.30 ,0.58 ,1.08 ,-1,109.11 ,33.75 
2025-08-04T01:00:00+09:00,113895.90 ,113979.20 ,113721.40 ,113945.60 ,114314.4375,112634.8025,116775.3435,113777.8883,113474.62,114199,,,,-1,4,0.22 ,1.83 ,0,689,1596,57.82 ,46.38 ,22.91 ,0.28 ,0.55 ,1.02 ,-1,122.14 ,55.64 
2025-08-04T02:00:00+09:00,113945.60 ,114112.00 ,113891.00 ,114070.00 ,114357.5226,112717.5874,116757.9865,113753.8,113537.555,,,,,-1,4,0.11 ,1.93 ,0,1017,1539,60.08 ,46.93 ,22.06 ,0.25 ,0.52 ,0.97 ,-1,140.88 ,75.99 
2025-08-04T03:00:00+09:00,114070.00 ,114417.70 ,114002.20 ,114333.80 ,114431.4636,112796.6064,116739.8995,113740.75,113614.035,,,,,1,1,0.12 ,2.16 ,0,2570,1613,64.44 ,48.09 ,21.27 ,0.29 ,0.50 ,0.94 ,-1,175.00 ,97.55 
2025-08-04T04:00:00+09:00,114333.80 ,114733.60 ,114202.00 ,114255.50 ,114390.967,113011.803,116722.4195,113727.9967,113701.385,,113530,,,1,1,0.05 ,0.63 ,0,2368,1636,62.27 ,47.77 ,20.90 ,0.35 ,0.49 ,0.91 ,-1,193.50 ,116.98 
2025-08-04T05:00:00+09:00,114255.50 ,114415.00 ,114107.90 ,114366.10 ,114417.6828,113131.8772,116704.8285,113724.7583,113774.78,,,,111865,1,1,0.15 ,0.73 ,0,932,1454,64.11 ,48.26 ,20.81 ,0.32 ,0.46 ,0.86 ,-1,214.60 ,135.87 
2025-08-04T06:00:00+09:00,114366.10 ,114472.90 ,114308.40 ,114382.00 ,114444.2839,113238.7761,116686.255,113716.5833,113841.53,,,,,1,1,0.16 ,0.74 ,0,482,1348,64.38 ,48.33 ,21.23 ,0.26 ,0.44 ,0.82 ,-1,229.96 ,152.91 
2025-08-04T07:00:00+09:00,114382.00 ,114563.80 ,114009.40 ,114267.90 ,114485.8154,113277.4246,116667.388,113709.455,113881.62,,,,,1,1,0.06 ,0.65 ,0,978,1314,60.85 ,47.85 ,21.76 ,0.34 ,0.43 ,0.79 ,-1,230.27 ,167.94 
2025-08-04T08:00:00+09:00,114267.90 ,114450.00 ,114122.30 ,114151.30 ,114506.1358,113317.9442,116647.611,113691.045,113912.04,,,,,1,1,0.04 ,0.54 ,0,637,1257,57.39 ,47.36 ,22.35 ,0.32 ,0.42 ,0.78 ,-1,218.59 ,181.56 
2025-08-04T09:00:00+09:00,114151.30 ,114870.40 ,114056.80 ,114851.10 ,114662.1342,113305.0558,116631.5375,113677.395,113983.595,,,,,1,1,0.57 ,1.15 ,0,2500,1287,68.84 ,50.47 ,23.14 ,0.45 ,0.42 ,0.79 ,-1,262.77 ,198.64 
2025-08-04T10:00:00+09:00,114851.10 ,114950.00 ,114563.70 ,114633.00 ,114742.822,113331.268,116614.597,113682.735,114037.045,,,,,1,1,0.38 ,0.96 ,0,1874,1336,63.15 ,49.54 ,23.92 ,0.41 ,0.43 ,0.81 ,-1,276.99 ,215.84 
2025-08-04T11:00:00+09:00,114633.00 ,114826.00 ,114366.10 ,114740.40 ,114822.9389,113375.1911,116597.9155,113669.06,114099.065,,,,,1,1,0.47 ,1.05 ,0,1734,1401,64.70 ,50.01 ,24.32 ,0.41 ,0.44 ,0.83 ,-1,293.55 ,232.80 
2025-08-04T12:00:00+09:00,114740.40 ,114755.00 ,114470.00 ,114524.30 ,114857.5562,113429.0038,116579.4625,113656.0633,114143.28,,,,,1,1,0.28 ,0.87 ,0,598,1402,59.30 ,49.08 ,24.48 ,0.36 ,0.45 ,0.85 ,-1,285.93 ,245.13 
2025-08-04T13:00:00+09:00,114524.30 ,114599.40 ,114290.50 ,114334.80 ,114857.4731,113498.8269,116561.4665,113645.665,114178.15,,,,,1,1,0.12 ,0.70 ,0,1360,1402,54.96 ,48.28 ,24.22 ,0.33 ,0.46 ,0.86 ,-1,261.59 ,252.69 
2025-08-04T14:00:00+09:00,114334.80 ,114380.00 ,114130.10 ,114343.60 ,114843.9314,113586.4186,116543.1025,113644.9133,114215.175,,,,,1,1,0.13 ,0.71 ,0,1634,1463,55.13 ,48.32 ,23.85 ,0.29 ,0.47 ,0.88 ,-1,240.24 ,255.54 
2025-08-04T15:00:00+09:00,114343.60 ,114447.20 ,114107.20 ,114374.20 ,114849.8376,113633.7124,116525.0945,113654.3983,114241.775,114950,,,,1,1,0.50 ,0.74 ,0,1199,1472,55.73 ,48.46 ,23.34 ,0.29 ,0.48 ,0.89 ,-1,223.22 ,254.79 
2025-08-04T16:00:00+09:00,114374.20 ,114745.90 ,114348.00 ,114609.90 ,114875.3487,113688.8213,116508.711,113676.595,114282.085,,,,,1,1,0.30 ,0.94 ,0,1483,1392,60.17 ,49.54 ,22.68 ,0.31 ,0.48 ,0.90 ,-1,226.14 ,254.33 
2025-08-04T17:00:00+09:00,114609.90 ,114710.00 ,114306.40 ,114497.80 ,114889.5327,113729.1173,116491.5785,113686.6033,114309.325,,,,,1,1,0.39 ,0.85 ,0,1027,1353,57.23 ,49.04 ,21.80 ,0.32 ,0.49 ,0.91 ,-1,216.90 ,254.15 
2025-08-04T18:00:00+09:00,114497.80 ,114700.00 ,114245.70 ,114272.50 ,114875.6948,113781.8652,116472.657,113693.905,114328.78,,,,,1,1,0.59 ,0.65 ,0,1200,1366,51.75 ,48.04 ,20.87 ,0.35 ,0.49 ,0.92 ,1,189.23 ,245.98 
2025-08-04T19:00:00+09:00,114272.50 ,114454.00 ,114175.70 ,114210.30 ,114829.3234,113876.6766,116452.2535,113712.6217,114353,,,,,1,1,0.65 ,0.60 ,0,871,1308,50.32 ,47.77 ,19.80 ,0.31 ,0.49 ,0.91 ,1,160.43 ,233.02 
2025-08-04T20:00:00+09:00,114210.30 ,114478.60 ,114156.40 ,114453.70 ,114809.8569,113951.9231,116433.74,113732.6817,114380.89,,114107.2,,,1,1,0.43 ,0.30 ,0,1468,1331,55.51 ,48.93 ,18.83 ,0.30 ,0.49 ,0.91 ,1,155.45 ,217.68 
2025-08-04T21:00:00+09:00,114453.70 ,114496.30 ,114259.50 ,114400.60 ,114783.2774,114024.0026,116414.7725,113743.3583,114403.64,,,,,1,1,0.48 ,0.26 ,0,916,1342,54.18 ,48.69 ,18.01 ,0.27 ,0.49 ,0.91 ,1,145.54 ,202.08 
2025-08-04T22:00:00+09:00,114400.60 ,114874.80 ,114067.80 ,114861.60 ,114840.1338,114046.3062,116397.765,113764.1533,114443.22,,,,,1,1,0.08 ,0.66 ,0,4644,1524,62.56 ,50.84 ,17.69 ,0.41 ,0.50 ,0.94 ,1,172.89 ,192.23 
2025-08-04T23:00:00+09:00,114861.60 ,115416.70 ,114586.00 ,114693.00 ,114869.0204,114053.3396,116380.02,113781.485,114461.18,,,,,1,1,0.22 ,0.51 ,0,9531,1872,58.36 ,50.06 ,17.84 ,0.52 ,0.52 ,0.97 ,1,178.91 ,185.41 
2025-08-05T00:00:00+09:00,114693.00 ,114982.40 ,114512.50 ,114772.30 ,114904.8253,114069.2147,116363.4665,113796.6867,114487.02,,,,,1,1,0.15 ,0.58 ,0,2507,1879,59.73 ,50.43 ,18.38 ,0.48 ,0.53 ,0.99 ,1,187.90 ,181.49 
2025-08-05T01:00:00+09:00,114772.30 ,115363.70 ,114772.30 ,115243.60 ,115058.5497,114003.2403,116350.0685,113817.8133,114530.895,,,,,1,2,0.25 ,0.99 ,0,2858,1975,66.74 ,52.54 ,19.47 ,0.49 ,0.54 ,1.01 ,1,230.41 ,181.96 
2025-08-05T02:00:00+09:00,115243.60 ,115684.50 ,115091.60 ,115150.00 ,115156.4454,113982.1446,116336.2265,113838.245,114569.295,,,,,1,2,0.17 ,0.91 ,0,3329,2117,64.34 ,52.09 ,21.23 ,0.50 ,0.56 ,1.05 ,1,253.62 ,186.04 
2025-08-05T03:00:00+09:00,115150.00 ,115276.50 ,114870.00 ,114910.40 ,115189.3998,114013.4402,116320.003,113859.21,114601.42,,114067.8,,,1,2,0.03 ,0.73 ,1,1027,2120,58.55 ,50.95 ,23.34 ,0.45 ,0.57 ,1.06 ,1,249.80 ,192.77 
2025-08-05T04:00:00+09:00,114910.40 ,115089.80 ,114695.90 ,114734.80 ,115183.1816,114078.0084,116303.4505,113872.8267,114630.595,,,,,1,2,0.19 ,0.58 ,0,729,2125,54.67 ,50.13 ,25.59 ,0.42 ,0.58 ,1.08 ,1,229.95 ,200.50 
2025-08-05T05:00:00+09:00,114734.80 ,115027.50 ,114580.00 ,114764.90 ,115173.2409,114079.3291,116286.8985,113891.6967,114626.285,,,,,1,2,0.16 ,0.61 ,0,1637,2081,55.21 ,50.27 ,27.53 ,0.41 ,0.57 ,1.07 ,1,214.18 ,207.02 
2025-08-05T06:00:00+09:00,114764.90 ,115215.70 ,114763.20 ,115064.70 ,115227.2918,114068.4482,116271.3225,113915.4417,114647.87,,,,,1,2,0.10 ,0.87 ,0,820,2029,60.36 ,51.65 ,29.03 ,0.40 ,0.57 ,1.07 ,1,223.30 ,215.66 
2025-08-05T07:00:00+09:00,115064.70 ,115285.70 ,115034.60 ,115284.40 ,115317.0139,114033.1261,116255.745,113945.1317,114675.07,115684.5,,,,1,2,0.35 ,1.06 ,0,1134,1999,63.65 ,52.64 ,30.25 ,0.34 ,0.57 ,1.06 ,-1,245.42 ,223.72 
2025-08-05T08:00:00+09:00,115284.40 ,115289.40 ,114988.40 ,115003.00 ,115352.275,114045.735,116237.899,113966.18,114699.005,,,,,1,2,0.59 ,0.81 ,0,1151,2026,57.11 ,51.27 ,31.02 ,0.31 ,0.56 ,1.05 ,-1,237.52 ,230.23 
2025-08-05T09:00:00+09:00,115003.00 ,115069.00 ,114790.00 ,114842.50 ,115358.2458,114090.5342,116216.719,113987.0533,114724.39,,,,,1,2,0.73 ,0.67 ,0,1092,2013,53.71 ,50.51 ,31.11 ,0.29 ,0.56 ,1.05 ,1,215.81 ,233.33 
2025-08-05T10:00:00+09:00,114842.50 ,115006.70 ,114643.20 ,114666.60 ,115350.7839,114130.2961,116194.1125,114007.8117,114740.54,,,,,1,2,0.89 ,0.52 ,0,1229,1993,50.19 ,49.68 ,30.66 ,0.30 ,0.56 ,1.05 ,1,182.31 ,227.99 
2025-08-05T11:00:00+09:00,114666.60 ,114798.60 ,114573.40 ,114681.30 ,115343.5305,114168.2595,116172.441,114034.8667,114755.895,,,,,1,2,0.87 ,0.53 ,0,678,1967,50.48 ,49.75 ,29.83 ,0.27 ,0.56 ,1.04 ,1,155.16 ,217.05 
2025-08-05T12:00:00+09:00,114681.30 ,114699.50 ,114227.00 ,114227.20 ,115365.6412,114107.8788,116148.776,114058.6533,114736.76,,,,,1,2,1.28 ,0.14 ,0,2104,1998,42.24 ,47.65 ,28.99 ,0.32 ,0.56 ,1.05 ,1,95.90 ,199.95 
2025-08-05T13:00:00+09:00,114227.20 ,114390.90 ,114134.80 ,114303.00 ,115376.1127,114077.9273,116126.559,114077.7117,114727.02,115289.4,,,,1,2,0.86 ,0.21 ,0,1196,2006,43.89 ,48.02 ,28.08 ,0.28 ,0.56 ,1.04 ,-1,54.42 ,180.45 
2025-08-05T14:00:00+09:00,114303.00 ,114450.50 ,114211.30 ,114369.40 ,115368.6445,114095.0855,116102.099,114105.625,114731.865,,,,,1,2,0.80 ,0.26 ,0,1205,2006,45.36 ,48.35 ,27.03 ,0.26 ,0.55 ,1.03 ,-1,26.60 ,159.60 
2025-08-05T15:00:00+09:00,114369.40 ,114475.10 ,114055.70 ,114143.80 ,115376.7699,114080.3101,116075.4085,114136.58,114728.54,,,,,1,2,1.00 ,0.07 ,0,1562,2041,41.39 ,47.31 ,26.00 ,0.30 ,0.55 ,1.02 ,-1,-13.50 ,133.29 
2025-08-05T16:00:00+09:00,114143.80 ,114360.00 ,113669.00 ,113932.00 ,115429.9631,113974.9469,116047.998,114165.8883,114702.455,,,,,-1,1,1.19 ,0.12 ,0,6427,2289,38.03 ,46.36 ,25.39 ,0.40 ,0.56 ,1.04 ,-1,-61.65 ,99.17 
2025-08-05T17:00:00+09:00,113932.00 ,114510.60 ,113885.40 ,114239.80 ,115438.4554,113950.3746,116023.0255,114190.8917,114694.415,,,,,-1,1,0.92 ,0.15 ,0,3018,2394,45.02 ,47.92 ,25.15 ,0.45 ,0.57 ,1.06 ,-1,-74.13 ,64.55 
2025-08-05T18:00:00+09:00,114239.80 ,114761.10 ,114239.70 ,114630.00 ,115423.3075,113942.3625,116001.0055,114221.2033,114682.835,,,,,-1,1,0.58 ,0.49 ,0,1795,2251,52.36 ,49.81 ,25.06 ,0.45 ,0.57 ,1.07 ,-1,-51.93 ,34.80 
2025-08-05T19:00:00+09:00,114630.00 ,115051.50 ,114525.00 ,114791.20 ,115429.7227,113945.7673,115977.8055,114254.32,114687.745,,,,,-1,1,0.43 ,0.63 ,0,3456,1948,55.03 ,50.57 ,24.81 ,0.45 ,0.57 ,1.06 ,-1,-21.08 ,12.20 
2025-08-05T20:00:00+09:00,114791.20 ,114928.70 ,114693.10 ,114775.30 ,115429.9423,113945.8477,115955.3185,114292.1,114687.895,,,,,-1,1,0.45 ,0.62 ,0,1083,1876,54.70 ,50.49 ,24.34 ,0.37 ,0.56 ,1.04 ,-1,2.05 ,-4.81 
2025-08-05T21:00:00+09:00,114775.30 ,114851.20 ,113432.80 ,113904.70 ,115391.4206,113850.4794,115928.817,114308.875,114620.95,,,,,-1,1,1.22 ,0.14 ,0,7365,2102,40.55 ,46.54 ,24.22 ,0.66 ,0.57 ,1.07 ,-1,-49.29 ,-20.95 
2025-08-05T22:00:00+09:00,113904.70 ,114532.60 ,113824.10 ,114333.00 ,115320.0691,113840.1309,115902.9325,114330.3083,114580.1,,,115684.5,,-1,1,0.84 ,0.23 ,0,3122,2091,47.72 ,48.56 ,24.31 ,0.65 ,0.58 ,1.09 ,-1,-54.79 ,-33.08 
2025-08-05T23:00:00+09:00,114333.00 ,114350.90 ,112600.00 ,112990.10 ,115481.3207,113486.8493,115870.6915,114322.375,114484.085,,,,,-1,1,2.03 ,0.95 ,0,15670,2824,33.91 ,43.33 ,24.66 ,0.95 ,0.62 ,1.16 ,-1,-165.60 ,-54.44 
2025-08-06T00:00:00+09:00,112990.10 ,113202.20 ,112638.00 ,112875.60 ,115601.4085,113180.8415,115840.619,114311.2533,114391.125,115051.5,,,,-1,1,1.93 ,1.06 ,0,5790,3077,33.04 ,42.92 ,25.39 ,0.80 ,0.65 ,1.21 ,-1,-259.67 ,-81.79 
2025-08-06T01:00:00+09:00,112875.60 ,113324.00 ,112758.20 ,113129.50 ,115624.056,112994.654,115811.004,114306.4117,114309.355,,,,,-1,1,1.70 ,0.83 ,0,3074,3148,36.93 ,44.10 ,26.62 ,0.70 ,0.67 ,1.25 ,-1,-310.15 ,-109.40 
2025-08-06T02:00:00+09:00,113129.50 ,113628.90 ,113040.80 ,113579.80 ,115538.4635,112931.7565,115784.2525,114306.675,114235.11,,,,,-1,1,1.30 ,0.43 ,0,2595,3237,43.24 ,46.11 ,28.19 ,0.64 ,0.69 ,1.29 ,-1,-310.25 ,-135.63 
2025-08-06T03:00:00+09:00,113579.80 ,113600.00 ,113201.00 ,113588.30 ,115388.6238,112911.9862,115758.4045,114308.1467,114150.305,,,,,-1,1,1.29 ,0.42 ,0,1569,3259,43.36 ,46.15 ,30.08 ,0.54 ,0.70 ,1.32 ,-1,-306.11 ,-163.88 
2025-08-06T04:00:00+09:00,113588.30 ,113720.00 ,113337.90 ,113560.00 ,115276.8565,112879 ,115732.128,114306.8133,114078.155,,112600,,,-1,1,1.31 ,0.85 ,0,1306,3267,43.04 ,46.04 ,31.68 ,0.47 ,0.72 ,1.34 ,-1,-301.64 ,-195.05 
2025-08-06T05:00:00+09:00,113560.00 ,113938.00 ,113433.70 ,113638.10 ,115177.3592,112858.5108,115706.159,114306.825,114017.935,,,,,-1,1,1.24 ,0.91 ,0,1537,3289,44.24 ,46.39 ,32.87 ,0.46 ,0.73 ,1.36 ,-1,-288.46 ,-227.33 
2025-08-06T06:00:00+09:00,113638.10 ,113817.90 ,113507.10 ,113537.10 ,115098.8227,112824.0973,115681.733,114305.725,113961.46,,,,,-1,1,1.33 ,0.83 ,0,984,3277,42.98 ,46.00 ,33.42 ,0.40 ,0.74 ,1.38 ,-1,-282.91 ,-253.29 
2025-08-06T07:00:00+09:00,113537.10 ,113934.10 ,113235.20 ,113906.40 ,115011.0907,112834.3393,115661.365,114306.795,113922.715,,,,,-1,1,1.01 ,1.15 ,0,1875,3337,48.72 ,47.68 ,33.51 ,0.47 ,0.75 ,1.40 ,-1,-245.88 ,-274.52 
2025-08-06T08:00:00+09:00,113906.40 ,114177.70 ,113861.20 ,114070.60 ,114996.6189,112833.1511,115640.9615,114311.2433,113914.885,,,,,-1,1,0.86 ,1.29 ,0,866,3275,51.08 ,48.41 ,33.09 ,0.41 ,0.76 ,1.42 ,-1,-200.97 ,-278.45 
2025-08-06T09:00:00+09:00,114070.60 ,114076.50 ,113693.00 ,113828.20 ,114958.511,112823.779,115620.042,114309.1633,113891.145,,,,,-1,1,1.07 ,1.08 ,0,1273,3279,47.60 ,47.41 ,32.50 ,0.38 ,0.77 ,1.43 ,-1,-182.82 ,-269.91 
2025-08-06T10:00:00+09:00,113828.20 ,113890.60 ,113528.30 ,113773.20 ,114906.6829,112816 ,115600.6785,114307.3267,113861.335,,,,,-1,1,1.12 ,1.03 ,0,1771,3307,46.82 ,47.19 ,31.82 ,0.36 ,0.77 ,1.45 ,-1,-170.91 ,-254.44 
2025-08-06T11:00:00+09:00,113773.20 ,113789.50 ,113440.00 ,113582.60 ,114876.9148,112789.6352,115579.791,114304.9383,113833.275,,,,,-1,1,1.29 ,0.87 ,0,864,3272,44.12 ,46.41 ,31.19 ,0.34 ,0.78 ,1.45 ,-1,-174.84 ,-239.39 
2025-08-06T12:00:00+09:00,113582.60 ,113617.50 ,113350.00 ,113465.50 ,114864.5164,112755.3836,115556.878,114297.765,113809.95,,,,,-1,1,1.40 ,0.76 ,0,1775,3039,42.50 ,45.93 ,30.80 ,0.31 ,0.77 ,1.44 ,-1,-185.26 ,-225.97 
2025-08-06T13:00:00+09:00,113465.50 ,113540.00 ,113309.00 ,113379.70 ,114818.0308,112715.8592,115533.675,114288.3333,113766.945,114177.7,,,,-1,1,0.70 ,0.69 ,0,1023,2940,41.31 ,45.58 ,30.64 ,0.27 ,0.76 ,1.41 ,-1,-198.16 ,-214.47 
2025-08-06T14:00:00+09:00,113379.70 ,114375.70 ,113340.40 ,114110.90 ,114729.3092,112752.6708,115513.7875,114289.015,113740.99,,,,,-1,1,0.06 ,1.32 ,0,3714,3036,53.36 ,48.96 ,30.23 ,0.48 ,0.76 ,1.42 ,-1,-147.68 ,-198.83 
2025-08-06T15:00:00+09:00,114110.90 ,114151.00 ,113877.80 ,114036.30 ,114579.5609,112826.9291,115494.7525,114284.0567,113703.245,,,,,-1,1,0.12 ,1.26 ,0,973,2911,52.18 ,48.64 ,29.77 ,0.40 ,0.76 ,1.41 ,-1,-112.40 ,-179.88 
2025-08-06T16:00:00+09:00,114036.30 ,114254.00 ,113964.60 ,114170.00 ,114433.2282,112912.7318,115475.3725,114282.6317,113672.98,,,,,-1,1,0.01 ,1.38 ,0,1281,2921,54.14 ,49.24 ,29.23 ,0.35 ,0.76 ,1.41 ,1,-72.81 ,-160.65 
2025-08-06T17:00:00+09:00,114170.00 ,114200.00 ,113673.10 ,113895.90 ,114432.2612,112912.8188,115455.1265,114274.795,113672.54,,,,,-1,1,0.25 ,1.14 ,0,2114,2659,49.66 ,48.07 ,28.38 ,0.39 ,0.73 ,1.37 ,1,-62.83 ,-145.30 
2025-08-06T18:00:00+09:00,113895.90 ,114337.20 ,113863.70 ,114039.30 ,114376.1689,112939.5411,115436.637,114269.0833,113657.855,,113309,,,-1,1,0.12 ,0.64 ,0,2985,2652,51.90 ,48.72 ,27.27 ,0.40 ,0.72 ,1.34 ,1,-42.85 ,-129.75 
2025-08-06T19:00:00+09:00,114039.30 ,114178.50 ,113833.40 ,114012.30 ,114373.3992,113044.5308,115416.4245,114264.8233,113708.965,114375.7,,,112600,-1,1,0.32 ,0.62 ,0,2364,1987,51.43 ,48.60 ,25.85 ,0.37 ,0.67 ,1.25 ,1,-28.87 ,-113.97 
2025-08-06T20:00:00+09:00,114012.30 ,114372.10 ,113944.10 ,114180.00 ,114348.5835,113199.7865,115393.7055,114265.3017,113774.185,,,,,-1,1,0.17 ,0.76 ,0,1798,1787,54.18 ,49.37 ,24.27 ,0.37 ,0.64 ,1.19 ,1,-4.21 ,-95.01 
2025-08-06T21:00:00+09:00,114180.00 ,114281.50 ,113743.70 ,113862.70 ,114303.7963,113317.8937,115370.591,114248.8283,113810.845,,,,,-1,1,0.45 ,0.49 ,0,2787,1773,48.59 ,47.99 ,22.73 ,0.40 ,0.62 ,1.15 ,1,-10.15 ,-75.55 
2025-08-06T22:00:00+09:00,113862.70 ,114345.90 ,113520.00 ,114209.40 ,114352.3543,113332.2957,115347.85,114241.7683,113842.325,,,,,-1,1,0.15 ,0.79 ,0,5603,1923,54.15 ,49.57 ,21.32 ,0.51 ,0.61 ,1.13 ,1,12.97 ,-52.09 
2025-08-06T23:00:00+09:00,114209.40 ,115149.00 ,113800.00 ,115134.30 ,114666.0584,113173.1916,115329.95,114248.3333,113919.625,,,,,1,1,0.66 ,1.59 ,0,7694,2229,65.03 ,53.42 ,20.17 ,0.73 ,0.62 ,1.16 ,-1,104.72 ,-24.05 
2025-08-07T00:00:00+09:00,115134.30 ,115488.00 ,114778.00 ,115365.50 ,114967.4017,113052.3983,115312.529,114262.3533,114009.9,,,,,1,1,0.86 ,1.78 ,0,7809,2555,67.13 ,54.31 ,19.56 ,0.69 ,0.64 ,1.19 ,-1,193.85 ,9.98 
2025-08-07T01:00:00+09:00,115365.50 ,115422.00 ,114892.20 ,115089.00 ,115131.7317,113033.1583,115293.599,114274.9233,114082.445,,,,,1,1,0.62 ,1.55 ,0,4010,2678,62.31 ,53.07 ,19.38 ,0.61 ,0.65 ,1.21 ,-1,239.42 ,44.67 
2025-08-07T02:00:00+09:00,115089.00 ,115458.30 ,114970.70 ,115452.00 ,115352.9198,113003.4602,115277.1825,114293.3967,114178.19,,,,,1,1,0.93 ,1.86 ,0,1523,2705,65.78 ,54.47 ,19.62 ,0.55 ,0.66 ,1.23 ,-1,301.34 ,85.14 
2025-08-07T03:00:00+09:00,115452.00 ,115675.00 ,115240.00 ,115368.40 ,115526.8925,112975.6875,115262.6115,114309.9667,114251.29,,113520,,,1,1,0.86 ,1.60 ,0,3238,2773,64.32 ,54.09 ,20.20 ,0.49 ,0.66 ,1.24 ,-1,339.76 ,127.65 
2025-08-07T04:00:00+09:00,115368.40 ,115474.10 ,115065.00 ,115208.60 ,115646.4613,112969.9187,115245.847,114319.945,114308.19,,,,,1,1,0.72 ,1.47 ,0,899,2775,61.49 ,53.37 ,21.10 ,0.45 ,0.66 ,1.24 ,-1,353.24 ,170.11 
2025-08-07T05:00:00+09:00,115208.60 ,115211.90 ,114954.10 ,114988.30 ,115716.7295,113015.6605,115226.5005,114328.12,114366.195,,,,,1,1,0.53 ,1.28 ,0,618,2742,57.72 ,52.38 ,22.09 ,0.37 ,0.66 ,1.24 ,-1,342.20 ,208.59 
2025-08-07T06:00:00+09:00,114988.30 ,115184.60 ,114735.00 ,115011.70 ,115777.7909,113078.4491,115208.617,114340.44,114428.12,,,,,1,1,0.55 ,1.30 ,0,1423,2725,58.01 ,52.48 ,22.80 ,0.38 ,0.67 ,1.24 ,-1,331.52 ,246.56 
2025-08-07T07:00:00+09:00,115011.70 ,115159.00 ,114994.70 ,115050.90 ,115818.5933,113184.4767,115194.929,114354.45,114501.535,,,,,1,1,0.59 ,1.33 ,0,452,2704,58.54 ,52.64 ,23.12 ,0.30 ,0.66 ,1.24 ,-1,322.50 ,280.95 
2025-08-07T08:00:00+09:00,115050.90 ,115067.40 ,114921.80 ,114944.00 ,115815.3246,113335.5954,115182.8985,114362.6217,114575.46,115675,,,,1,1,0.64 ,1.24 ,0,425,2637,56.48 ,52.15 ,23.05 ,0.24 ,0.66 ,1.23 ,-1,303.23 ,303.01 
2025-08-07T09:00:00+09:00,114944.00 ,114973.00 ,114814.70 ,114860.40 ,115765.5637,113533.4263,115168.6825,114370.285,114649.495,,,,,1,1,0.71 ,1.17 ,0,540,2613,54.85 ,51.76 ,22.53 ,0.21 ,0.65 ,1.22 ,-1,278.01 ,312.36 
2025-08-07T10:00:00+09:00,114860.40 ,115151.60 ,114536.30 ,114705.10 ,115767.6351,113590.7749,115153.5565,114367.6767,114679.205,,,,,1,1,0.85 ,1.03 ,0,3323,2593,51.87 ,51.04 ,21.74 ,0.32 ,0.64 ,1.19 ,-1,242.69 ,312.72 
2025-08-07T11:00:00+09:00,114705.10 ,114823.10 ,114301.70 ,114515.00 ,115754.3849,113652 ,115138.3505,114364.71,114703.14,,,,,1,1,1.01 ,0.87 ,0,2405,2665,48.40 ,50.17 ,20.99 ,0.36 ,0.64 ,1.19 ,-1,197.09 ,301.14 
2025-08-07T12:00:00+09:00,114515.00 ,114576.20 ,114350.00 ,114509.90 ,115747.063,113693.207,115123.4555,114360.3367,114720.135,,,,,1,1,1.02 ,0.86 ,0,690,2635,48.31 ,50.15 ,20.36 ,0.31 ,0.63 ,1.18 ,-1,158.71 ,281.02 
2025-08-07T13:00:00+09:00,114509.90 ,114621.70 ,114227.00 ,114313.80 ,115715.7011,113766.3589,115107.6995,114344.84,114741.03,,,,,1,1,1.19 ,0.69 ,0,1155,2587,44.74 ,49.24 ,20.09 ,0.32 ,0.63 ,1.17 ,-1,111.19 ,254.13 
2025-08-07T14:00:00+09:00,114313.80 ,114538.20 ,114240.40 ,114538.20 ,115691.8463,113840.1037,115092.628,114334.6433,114765.975,,,,,1,1,0.99 ,0.89 ,0,1096,2493,49.35 ,50.29 ,20.15 ,0.30 ,0.62 ,1.16 ,-1,90.59 ,226.17 
2025-08-07T15:00:00+09:00,114538.20 ,114742.60 ,114465.00 ,114608.20 ,115658.9387,113932.6013,115076.6635,114329.6067,114795.77,,,,,1,1,0.93 ,0.95 ,0,1451,2447,50.73 ,50.61 ,20.32 ,0.28 ,0.61 ,1.15 ,-1,79.00 ,198.11 
2025-08-07T16:00:00+09:00,114608.20 ,114839.00 ,114600.00 ,114749.20 ,115640.5752,114007.8848,115060.9105,114329.8467,114824.23,,,,,1,1,0.81 ,1.07 ,0,919,2403,53.49 ,51.27 ,20.56 ,0.26 ,0.61 ,1.13 ,-1,80.27 ,171.20 
2025-08-07T17:00:00+09:00,114749.20 ,115140.40 ,114749.20 ,114901.10 ,115563.1075,114189.1925,115046.9495,114332.1167,114876.15,,,,,1,1,0.67 ,1.20 ,0,2245,2376,56.32 ,51.96 ,20.72 ,0.28 ,0.60 ,1.11 ,-1,92.47 ,147.78 
2025-08-07T18:00:00+09:00,114901.10 ,115028.00 ,114791.80 ,115012.80 ,115532.9881,114299.6519,115032.972,114331.2517,114916.32,,114227,,,1,1,0.58 ,0.68 ,0,1013,2147,58.33 ,52.48 ,20.68 ,0.26 ,0.58 ,1.08 ,1,109.88 ,129.10 
2025-08-07T19:00:00+09:00,115012.80 ,116376.80 ,114993.70 ,116285.00 ,115829.5374,114118.1726,115024.531,114347.9283,114973.855,,,,,1,2,0.52 ,1.77 ,0,11650,2344,73.36 ,57.71 ,21.02 ,0.57 ,0.57 ,1.06 ,-1,223.76 ,127.00 
2025-08-07T20:00:00+09:00,116285.00 ,116761.00 ,116285.00 ,116452.30 ,116089.7334,113966.6566,115016.251,114372.0833,115028.195,,,,,1,2,0.67 ,1.91 ,0,6519,2280,74.66 ,58.33 ,21.72 ,0.51 ,0.55 ,1.03 ,-1,323.77 ,141.07 
2025-08-07T21:00:00+09:00,116452.30 ,116535.20 ,115980.40 ,116337.20 ,116296.1103,113885.0997,115008.206,114396.995,115090.605,,,,,1,2,0.57 ,1.81 ,0,3793,2269,72.06 ,57.74 ,22.52 ,0.50 ,0.54 ,1.02 ,-1,389.26 ,166.69 
2025-08-07T22:00:00+09:00,116337.20 ,116699.00 ,116153.10 ,116589.00 ,116512.4575,113782.4525,115001.416,114429.035,115147.455,,,,,1,2,0.78 ,2.03 ,0,2619,2324,74.18 ,58.67 ,23.68 ,0.49 ,0.54 ,1.01 ,-1,456.22 ,205.03 
2025-08-07T23:00:00+09:00,116589.00 ,116626.30 ,116139.90 ,116300.00 ,116646.7778,113741.2922,114991.764,114456.0133,115194.035,,,,,1,2,0.54 ,1.78 ,0,2428,2283,67.83 ,57.19 ,25.26 ,0.47 ,0.54 ,1.00 ,-1,480.43 ,248.34 
2025-08-08T00:00:00+09:00,116300.00 ,116748.10 ,116187.50 ,116634.50 ,116848.0729,113682.5871,114984.5745,114496.135,115265.33,,,,,1,2,0.82 ,2.06 ,0,2314,2354,70.93 ,58.43 ,27.18 ,0.47 ,0.54 ,1.01 ,-1,520.60 ,297.41 
2025-08-08T01:00:00+09:00,116634.50 ,116700.00 ,115576.40 ,116206.60 ,116954.7662,113697.7238,114974.0135,114527.8617,115326.245,116761,,,,1,2,0.48 ,1.70 ,0,4606,2553,62.62 ,56.30 ,28.98 ,0.64 ,0.56 ,1.05 ,-1,512.01 ,345.38 
2025-08-08T02:00:00+09:00,116206.60 ,116507.00 ,116071.30 ,116467.40 ,117093.5948,113704 ,114965.7535,114562.8283,115399.03,,,,,1,2,0.25 ,1.92 ,0,2015,2583,65.29 ,57.27 ,30.09 ,0.55 ,0.57 ,1.07 ,-1,520.25 ,392.91 
2025-08-08T03:00:00+09:00,116467.40 ,116532.20 ,116090.90 ,116513.40 ,117225.5192,113718.7908,114958.441,114602.3217,115472.155,,,,,1,2,0.21 ,1.96 ,0,1219,2621,65.75 ,57.44 ,30.50 ,0.49 ,0.59 ,1.10 ,-1,524.45 ,438.97 
2025-08-08T04:00:00+09:00,116513.40 ,117476.70 ,116432.90 ,117396.40 ,117518.0268,113671.5232,114957.798,114660.0617,115594.775,,,,,1,3,0.54 ,2.70 ,0,6309,2916,73.18 ,60.52 ,30.86 ,0.62 ,0.62 ,1.15 ,-1,592.20 ,479.91 
2025-08-08T05:00:00+09:00,117396.40 ,117436.60 ,117066.10 ,117119.00 ,117708.8736,113706.5364,114954.9425,114708.0483,115707.705,,,,,1,3,0.31 ,2.47 ,0,3264,3052,68.18 ,59.14 ,31.13 ,0.52 ,0.64 ,1.19 ,-1,616.40 ,512.42 
2025-08-08T06:00:00+09:00,117119.00 ,117300.00 ,116956.00 ,117044.10 ,117851.0098,113798.3002,114952.0235,114748.2833,115824.655,,115576.4,,,1,3,0.24 ,1.25 ,0,1537,2962,66.85 ,58.78 ,31.23 ,0.45 ,0.65 ,1.21 ,-1,622.36 ,538.32 
2025-08-08T07:00:00+09:00,117044.10 ,117560.00 ,117026.30 ,117489.70 ,118029.8581,113916.9219,114946.1355,114793.2583,115973.39,,,,,1,3,0.62 ,1.63 ,0,3298,3007,70.53 ,60.28 ,31.25 ,0.45 ,0.65 ,1.22 ,-1,655.49 ,560.46 
2025-08-08T08:00:00+09:00,117489.70 ,117510.20 ,117230.00 ,117406.60 ,118149.877,114086.573,114943.4185,114837.1133,116118.225,,,,,1,3,0.55 ,1.56 ,0,906,3018,68.99 ,59.86 ,31.62 ,0.38 ,0.66 ,1.23 ,-1,667.34 ,581.23 
2025-08-08T09:00:00+09:00,117406.60 ,117578.00 ,116830.00 ,117223.60 ,118170.5767,114356.8533,114941.0705,114892.4283,116263.715,,,,,1,3,0.39 ,1.41 ,0,2652,3093,65.60 ,58.95 ,32.01 ,0.47 ,0.67 ,1.25 ,-1,654.42 ,596.10 
2025-08-08T10:00:00+09:00,117223.60 ,117223.60 ,116730.40 ,116846.20 ,118127.0366,114631.1934,114936.546,114934.315,116379.115,,,,,1,3,0.07 ,1.09 ,0,1866,3131,59.14 ,57.12 ,32.34 ,0.45 ,0.68 ,1.27 ,-1,606.74 ,606.63 
2025-08-08T11:00:00+09:00,116846.20 ,116879.00 ,116655.40 ,116664.10 ,118031.7416,114932.0784,114937.4895,114995.5483,116481.91,,,,,1,3,0.08 ,0.93 ,0,1082,3113,56.26 ,56.26 ,32.20 ,0.37 ,0.69 ,1.29 ,-1,547.94 ,609.70 
2025-08-08T12:00:00+09:00,116664.10 ,116946.50 ,116642.60 ,116707.60 ,117911.5038,115248.1562,114936.709,115059.415,116579.83,,,,,1,3,0.05 ,0.97 ,0,1884,3161,56.81 ,56.42 ,31.69 ,0.33 ,0.69 ,1.30 ,-1,499.10 ,606.89 
2025-08-08T13:00:00+09:00,116707.60 ,116834.20 ,116630.00 ,116712.40 ,117756.8734,115583.9166,114934.6525,115119.13,116670.395,,,,,1,3,0.04 ,0.97 ,0,748,3086,56.87 ,56.44 ,30.91 ,0.28 ,0.69 ,1.29 ,-1,455.53 ,591.70 
2025-08-08T14:00:00+09:00,116712.40 ,116712.50 ,116475.30 ,116494.80 ,117528.7873,115960.2027,114930.7405,115167.7133,116744.495,117578,,,,1,3,0.93 ,0.79 ,0,1148,3093,53.07 ,55.38 ,29.67 ,0.25 ,0.69 ,1.29 ,1,398.84 ,567.53 
2025-08-08T15:00:00+09:00,116494.80 ,116715.00 ,116360.00 ,116699.90 ,117521.2583,116009.2217,114927.065,115219.5733,116765.24,,,,,1,3,0.75 ,0.96 ,0,1674,2594,56.05 ,56.17 ,28.02 ,0.27 ,0.67 ,1.25 ,-1,366.24 ,539.07 
2025-08-08T16:00:00+09:00,116699.90 ,116916.00 ,116498.90 ,116792.30 ,117524.5121,116039.9679,114922.201,115273.445,116782.24,,,,,1,3,0.67 ,1.04 ,0,1793,2358,57.36 ,56.53 ,26.36 ,0.30 ,0.66 ,1.22 ,-1,343.90 ,504.45 
2025-08-08T17:00:00+09:00,116792.30 ,116890.50 ,116399.00 ,116584.50 ,117514.7191,116074.4909,114913.3325,115322.5517,116794.605,,,,,1,3,0.85 ,0.86 ,0,2474,2292,53.49 ,55.50 ,24.68 ,0.34 ,0.64 ,1.20 ,1,305.90 ,464.29 
2025-08-08T18:00:00+09:00,116584.50 ,116692.70 ,116445.80 ,116647.70 ,117514.7509,116080.3291,114906.524,115374.395,116797.54,,,,,1,3,0.80 ,0.92 ,0,1240,2223,54.50 ,55.75 ,23.03 ,0.30 ,0.63 ,1.17 ,-1,277.69 ,422.43 
2025-08-08T19:00:00+09:00,116647.70 ,116682.00 ,116285.30 ,116505.80 ,117501.7184,116113.9416,114897.1255,115417.7183,116807.83,,,,,1,3,0.92 ,0.80 ,0,1143,2159,51.79 ,55.04 ,21.47 ,0.31 ,0.62 ,1.15 ,-1,241.10 ,381.80 
2025-08-08T20:00:00+09:00,116505.80 ,116874.10 ,116505.70 ,116853.80 ,117508.2979,116129.2921,114889.317,115464.105,116818.795,,,,,1,3,0.62 ,1.09 ,0,1169,2101,57.38 ,56.43 ,19.94 ,0.31 ,0.61 ,1.13 ,-1,237.44 ,347.30 
2025-08-08T21:00:00+09:00,116853.80 ,116853.90 ,116444.60 ,116450.00 ,117484.4688,116177.4612,114879.202,115507.8017,116830.965,,,,,1,3,0.97 ,0.75 ,0,1059,1924,50.11 ,54.44 ,18.51 ,0.33 ,0.58 ,1.09 ,-1,199.66 ,314.03 
2025-08-08T22:00:00+09:00,116450.00 ,116900.00 ,116448.40 ,116865.60 ,117482.7655,116218.9845,114872.0065,115559.3417,116850.875,,,,,1,3,0.61 ,1.10 ,0,1823,1914,56.26 ,56.06 ,17.20 ,0.35 ,0.57 ,1.06 ,-1,200.94 ,285.75 
2025-08-08T23:00:00+09:00,116865.60 ,117222.00 ,116326.40 ,116452.20 ,117486.7661,116208.8639,114861.032,115607.1683,116847.815,,,,,1,3,0.97 ,0.75 ,0,5049,2106,49.70 ,54.10 ,16.22 ,0.49 ,0.57 ,1.06 ,1,166.67 ,259.95 
2025-08-09T00:00:00+09:00,116452.20 ,116505.00 ,115873.70 ,116170.10 ,117438.3365,116134.6635,114848.8105,115652.245,116786.5,,,,,1,3,1.21 ,0.51 ,0,4537,2017,45.78 ,52.82 ,15.38 ,0.51 ,0.56 ,1.04 ,-1,115.42 ,232.08 
2025-08-09T01:00:00+09:00,116170.10 ,116335.00 ,115955.10 ,116158.20 ,117425.8467,116051.0733,114836.8765,115698.5533,116738.46,,,,,1,3,1.22 ,0.50 ,0,2514,1980,45.62 ,52.76 ,14.69 ,0.45 ,0.55 ,1.03 ,-1,73.00 ,201.98 
2025-08-09T02:00:00+09:00,116158.20 ,116666.00 ,116121.00 ,116666.00 ,117392.9329,116046.1771,114827.378,115741.1383,116719.555,,,,,1,3,0.78 ,0.93 ,0,1909,1998,53.28 ,54.78 ,14.11 ,0.45 ,0.55 ,1.03 ,-1,79.44 ,176.82 
2025-08-09T03:00:00+09:00,116666.00 ,116850.00 ,116278.10 ,116459.80 ,117249.1802,116086.9398,114817.356,115781.53,116668.06,,,,,1,3,0.96 ,0.76 ,0,3332,2000,50.19 ,53.83 ,13.80 ,0.47 ,0.55 ,1.03 ,1,67.14 ,153.42 
2025-08-09T04:00:00+09:00,116459.80 ,116673.30 ,116283.10 ,116389.80 ,117100.7066,116133.7334,114807.6585,115818.5267,116617.22,117222,,,,1,3,0.72 ,0.70 ,-1,1004,2005,49.15 ,53.50 ,13.79 ,0.42 ,0.56 ,1.04 ,1,51.15 ,132.32 
2025-08-09T05:00:00+09:00,116389.80 ,116850.00 ,116247.50 ,116845.00 ,117009.5847,116186.9953,114798.984,115867.6783,116598.29,,115873.7,117578,,1,3,0.32 ,0.83 ,0,835,1914,55.61 ,55.28 ,14.13 ,0.45 ,0.56 ,1.04 ,1,74.35 ,114.19 
2025-08-09T06:00:00+09:00,116845.00 ,116916.10 ,116690.60 ,116870.00 ,117013.7638,116185.1962,114790.7405,115914.8567,116599.48,,,,,1,3,0.30 ,0.85 ,0,956,1869,55.94 ,55.38 ,14.55 ,0.37 ,0.55 ,1.03 ,1,93.67 ,102.42 
2025-08-09T07:00:00+09:00,116870.00 ,116932.00 ,116691.00 ,116826.00 ,117032.7762,116182.3738,114785.49,115961.7517,116607.575,,,,,1,3,0.34 ,0.82 ,0,606,1845,55.16 ,55.16 ,15.29 ,0.31 ,0.55 ,1.02 ,1,104.23 ,91.67 
2025-08-09T08:00:00+09:00,116826.00 ,116858.70 ,116589.50 ,116614.70 ,117025.6816,116180.1784,114777.2785,116002.33,116602.93,,,,,1,3,0.52 ,0.64 ,0,530,1777,51.45 ,54.15 ,16.18 ,0.29 ,0.54 ,1.01 ,1,94.47 ,83.65 
2025-08-09T09:00:00+09:00,116614.70 ,116700.00 ,116524.00 ,116530.70 ,117014.6008,116173.0892,114767.4965,116046.7967,116593.845,,,,,1,3,0.59 ,0.56 ,0,502,1765,50.01 ,53.75 ,17.05 ,0.24 ,0.54 ,1.01 ,1,79.03 ,79.61 
2025-08-09T10:00:00+09:00,116530.70 ,116602.30 ,116480.70 ,116515.50 ,117014.7571,116175.0029,114761.518,116085.2317,116594.88,,,,,1,3,0.61 ,0.55 ,0,324,1724,49.74 ,53.67 ,17.74 ,0.20 ,0.54 ,1.00 ,1,64.83 ,78.70 
2025-08-09T11:00:00+09:00,116515.50 ,116515.60 ,116350.00 ,116360.50 ,117006.7757,116149.0443,114755.29,116105.6683,116577.91,,,,,1,3,0.74 ,0.42 ,0,986,1689,46.94 ,52.92 ,18.10 ,0.18 ,0.53 ,0.99 ,1,40.60 ,74.39 
2025-08-09T12:00:00+09:00,116360.50 ,116438.00 ,116300.00 ,116341.10 ,116984.201,116126.499,114753.355,116121.9283,116555.35,116932,,,,1,3,0.51 ,0.40 ,0,2059,1703,46.59 ,52.83 ,18.08 ,0.16 ,0.52 ,0.97 ,1,19.61 ,69.10 
2025-08-09T13:00:00+09:00,116341.10 ,116635.60 ,116314.10 ,116393.40 ,116980.1032,116111.4868,114752.992,116143.6683,116545.795,,,,,1,3,0.46 ,0.45 ,0,4450,1801,47.73 ,53.06 ,17.81 ,0.20 ,0.51 ,0.95 ,1,7.11 ,64.21 
2025-08-09T14:00:00+09:00,116393.40 ,116939.20 ,116373.40 ,116691.90 ,116984.8076,116111.2024,114754.063,116164.3333,116548.005,,,,,1,3,0.21 ,0.70 ,0,3587,1919,53.80 ,54.36 ,17.55 ,0.29 ,0.51 ,0.95 ,1,21.04 ,58.29 
2025-08-09T15:00:00+09:00,116691.90 ,116701.70 ,116494.00 ,116614.20 ,116990.6882,116116.1618,114757.3835,116185.0967,116553.425,,,,,1,3,0.27 ,0.63 ,0,1264,1925,52.10 ,53.96 ,17.41 ,0.25 ,0.50 ,0.94 ,1,25.53 ,50.72 
2025-08-09T16:00:00+09:00,116614.20 ,116860.00 ,116587.30 ,116707.10 ,116967.5898,116124.5902,114762.384,116210.0717,116546.09,,,,,1,3,0.19 ,0.71 ,0,844,1908,53.97 ,54.37 ,17.58 ,0.25 ,0.50 ,0.93 ,1,36.16 ,43.15 
2025-08-09T17:00:00+09:00,116707.10 ,117130.00 ,116707.10 ,117059.20 ,117050.6392,116102.4608,114770.893,116244.5867,116576.55,,116300,,,1,4,0.11 ,0.65 ,0,1914,1951,60.29 ,55.88 ,18.23 ,0.29 ,0.49 ,0.92 ,1,72.16 ,40.67 
2025-08-09T18:00:00+09:00,117059.20 ,117460.00 ,116990.50 ,117459.90 ,117206.7482,116005.7818,114781.8475,116285.39,116606.265,,,,,1,4,0.45 ,0.99 ,0,3183,2019,66.01 ,57.52 ,19.60 ,0.32 ,0.49 ,0.92 ,-1,131.51 ,46.51 
2025-08-09T19:00:00+09:00,117459.90 ,117888.00 ,117335.00 ,117389.20 ,117338.4256,115967.8044,114789.25,116324.3617,116653.115,,,,,1,4,0.39 ,0.93 ,0,5173,2025,64.25 ,57.14 ,21.72 ,0.37 ,0.48 ,0.90 ,-1,170.87 ,58.29 
2025-08-09T20:00:00+09:00,117389.20 ,117420.50 ,117036.70 ,117065.50 ,117367.9483,116027.8217,114796.632,116359.72,116697.885,,,,115873.7,1,4,0.11 ,0.65 ,0,2733,1935,56.79 ,55.42 ,24.05 ,0.36 ,0.47 ,0.88 ,-1,173.94 ,73.10 
2025-08-09T21:00:00+09:00,117065.50 ,117196.00 ,116961.00 ,117065.80 ,117383.2398,116103.2902,114803.759,116396.4767,116743.265,,,,,1,4,0.11 ,0.65 ,0,1632,1891,56.80 ,55.42 ,26.25 ,0.31 ,0.46 ,0.86 ,-1,174.39 ,90.30 
2025-08-09T22:00:00+09:00,117065.80 ,117110.90 ,116825.70 ,116923.20 ,117399.699,116112.551,114810.7985,116433.445,116756.125,,,,,1,4,0.01 ,0.53 ,0,2256,1909,53.62 ,54.67 ,28.21 ,0.29 ,0.45 ,0.84 ,-1,161.38 ,107.44 
2025-08-09T23:00:00+09:00,116923.20 ,116964.90 ,116710.40 ,116925.10 ,117411.9809,116146.7991,114819.84,116473.6133,116779.39,,,,,1,4,0.01 ,0.53 ,0,2879,1886,53.65 ,54.67 ,29.74 ,0.26 ,0.43 ,0.81 ,-1,149.49 ,121.72 
2025-08-10T00:00:00+09:00,116925.10 ,117090.20 ,116652.20 ,116846.10 ,117409.3485,116195.0615,114828.967,116512.55,116802.205,117888,,,,1,4,0.89 ,0.47 ,0,5974,2134,51.79 ,54.25 ,30.79 ,0.30 ,0.43 ,0.79 ,-1,132.18 ,133.57 
2025-08-10T01:00:00+09:00,116846.10 ,116898.70 ,116583.30 ,116602.50 ,117402.9791,116177.1809,114839.1775,116550.695,116790.08,,,,,1,4,1.10 ,0.26 ,0,1244,2155,46.44 ,52.95 ,31.22 ,0.29 ,0.41 ,0.77 ,-1,97.67 ,140.40 
2025-08-10T02:00:00+09:00,116602.50 ,116749.30 ,116577.80 ,116640.50 ,117393.6789,116163.5311,114848.0175,116585.7333,116778.605,,,,,1,4,1.07 ,0.29 ,0,815,2148,47.35 ,53.13 ,30.97 ,0.24 ,0.40 ,0.75 ,-1,72.56 ,140.45 
2025-08-10T03:00:00+09:00,116640.50 ,116686.50 ,116516.00 ,116591.50 ,117386.8142,116146.9458,114857.497,116618.7883,116766.88,,,,,1,4,1.11 ,0.25 ,0,909,2163,46.26 ,52.86 ,30.35 ,0.21 ,0.40 ,0.74 ,-1,48.14 ,131.18 
2025-08-10T04:00:00+09:00,116591.50 ,116691.10 ,116473.50 ,116508.10 ,117388.4204,116134.6796,114863.758,116648.1033,116761.55,,,,,1,4,1.18 ,0.18 ,0,671,2170,44.38 ,52.41 ,29.42 ,0.20 ,0.39 ,0.73 ,-1,21.82 ,114.62 
2025-08-10T05:00:00+09:00,116508.10 ,116986.10 ,116474.00 ,116741.50 ,117390.1063,116154.0737,114869.115,116678.7767,116772.09,,,,,1,4,0.98 ,0.38 ,0,2165,2253,50.45 ,53.55 ,28.58 ,0.28 ,0.39 ,0.73 ,-1,19.56 ,97.47 
2025-08-10T06:00:00+09:00,116741.50 ,116756.40 ,116347.30 ,116483.40 ,117391.3188,116149.6512,114879.969,116703.2867,116770.485,,,,,1,4,1.21 ,0.16 ,0,1312,2303,44.64 ,52.14 ,27.79 ,0.30 ,0.40 ,0.75 ,-1,-3.02 ,77.75 
2025-08-10T07:00:00+09:00,116483.40 ,116694.60 ,116452.40 ,116510.00 ,117382.248,116173.672,114884.7145,116707.0367,116777.96,,,,,1,4,1.18 ,0.18 ,0,1173,2312,45.34 ,52.27 ,26.96 ,0.27 ,0.41 ,0.76 ,-1,-18.56 ,57.76 
2025-08-10T08:00:00+09:00,116510.00 ,116550.80 ,116398.90 ,116425.20 ,117375.3023,116189.0277,114890.32,116706.585,116782.165,,,,,1,4,1.26 ,0.11 ,0,622,2240,43.46 ,51.81 ,26.10 ,0.23 ,0.41 ,0.77 ,-1,-37.28 ,37.01 
2025-08-10T09:00:00+09:00,116425.20 ,116710.60 ,116420.10 ,116700.50 ,117364.9484,116230.0916,114899.029,116712.64,116797.52,,,,,1,4,1.02 ,0.34 ,0,631,2049,50.63 ,53.19 ,25.36 ,0.23 ,0.42 ,0.78 ,-1,-29.57 ,19.04 
2025-08-10T10:00:00+09:00,116700.50 ,116730.10 ,116520.00 ,116544.40 ,117366.6346,116213.6554,114909.8075,116711.8967,116790.145,,,,,1,4,1.15 ,0.21 ,0,905,1915,46.99 ,52.32 ,24.83 ,0.22 ,0.41 ,0.77 ,-1,-35.64 ,4.22 
2025-08-10T11:00:00+09:00,116544.40 ,117273.60 ,116544.40 ,117273.40 ,117430.1557,116216.0543,114927.149,116728.12,116823.105,,116347.3,,,1,4,0.52 ,0.79 ,0,2097,1957,61.06 ,55.76 ,24.86 ,0.35 ,0.42 ,0.78 ,-1,18.17 ,-1.82 
2025-08-10T12:00:00+09:00,117273.40 ,118475.90 ,117193.20 ,118457.30 ,117842.9807,115978.2493,114953.045,116758.5,116910.615,,,,,1,5,0.48 ,1.78 ,0,13590,2594,73.40 ,60.49 ,25.47 ,0.59 ,0.44 ,0.83 ,-1,154.56 ,10.00 
2025-08-10T13:00:00+09:00,118457.30 ,118715.60 ,118350.90 ,118450.00 ,118128.8448,115831.4652,114975.8085,116795.89,116980.155,,,,,1,5,0.47 ,1.78 ,0,3741,2685,73.25 ,60.45 ,26.77 ,0.50 ,0.46 ,0.86 ,-1,259.07 ,36.36 
2025-08-10T14:00:00+09:00,118450.00 ,118473.50 ,117858.20 ,118000.00 ,118223.1192,115791.2008,114996.6365,116821.4333,117007.16,,,,,1,5,0.09 ,1.40 ,0,3774,2715,64.29 ,57.99 ,28.32 ,0.51 ,0.47 ,0.88 ,-1,302.10 ,67.76 
2025-08-10T15:00:00+09:00,118000.00 ,118120.00 ,117698.30 ,118040.00 ,118327.5207,115752 ,115021.4,116846.8767,117039.7,,,,,1,5,0.13 ,1.43 ,0,2189,2566,64.70 ,58.15 ,30.04 ,0.46 ,0.48 ,0.90 ,-1,335.57 ,105.38 
2025-08-10T16:00:00+09:00,118040.00 ,118201.20 ,117406.30 ,117769.70 ,118401.5487,115748.2713,115043.998,116853.0983,117074.91,,,,,1,5,0.10 ,1.21 ,0,3912,2625,59.67 ,56.71 ,31.59 ,0.53 ,0.49 ,0.92 ,-1,336.40 ,144.82 
2025-08-10T17:00:00+09:00,117769.70 ,118364.10 ,117563.90 ,118258.40 ,118557.8672,115711.2128,115066.49,116872.0883,117134.54,,,,,1,5,0.31 ,1.62 ,0,2816,2684,64.97 ,58.60 ,33.02 ,0.58 ,0.51 ,0.96 ,-1,372.20 ,190.32 
2025-08-10T18:00:00+09:00,118258.40 ,118400.00 ,118076.90 ,118256.00 ,118701.4128,115701 ,115089.7005,116892.2867,117201.18,118715.6,,,,1,5,0.39 ,1.61 ,0,3286,2735,64.93 ,58.58 ,34.02 ,0.48 ,0.53 ,0.98 ,-1,395.82 ,237.58 
2025-08-10T19:00:00+09:00,118256.00 ,118256.10 ,117961.40 ,117973.20 ,118784.4907,115722.6793,115111.301,116900.345,117253.585,,,,,1,5,0.63 ,1.38 ,0,969,2640,59.67 ,57.09 ,34.26 ,0.40 ,0.54 ,1.00 ,-1,387.26 ,284.57 
2025-08-10T20:00:00+09:00,117973.20 ,118468.00 ,117890.00 ,118275.80 ,118905.895,115744.245,115133.379,116914.8317,117325.07,,,,,1,5,0.37 ,1.63 ,0,2743,2478,63.11 ,58.25 ,33.86 ,0.43 ,0.55 ,1.02 ,-1,400.27 ,327.03 
2025-08-10T21:00:00+09:00,118275.80 ,118700.00 ,118188.10 ,118468.00 ,119037.3086,115799.3814,115155.839,116935.5717,117418.345,,,,,1,5,0.21 ,1.79 ,0,2636,2548,65.15 ,58.98 ,33.38 ,0.43 ,0.56 ,1.04 ,-1,421.24 ,356.66 
2025-08-10T22:00:00+09:00,118468.00 ,118640.00 ,118315.70 ,118399.80 ,119137.7921,115874.8279,115178.2175,116961.465,117506.31,,,,,1,5,0.27 ,1.73 ,0,2801,2647,63.80 ,58.61 ,32.94 ,0.38 ,0.57 ,1.06 ,-1,427.42 ,375.36 
2025-08-10T23:00:00+09:00,118399.80 ,118823.90 ,118264.10 ,118742.60 ,119273.3133,115954.4167,115203.668,116996.1067,117613.865,,,,,1,6,0.02 ,2.02 ,0,5809,2892,67.44 ,59.89 ,32.80 ,0.41 ,0.58 ,1.09 ,-1,454.74 ,392.32 
2025-08-11T00:00:00+09:00,118742.60 ,119092.40 ,118519.40 ,118768.80 ,119377.6249,116076 ,115227.923,117030.46,117726.9,,,,,1,6,0.04 ,2.04 ,0,3872,3052,67.71 ,59.99 ,32.96 ,0.43 ,0.60 ,1.12 ,-1,473.06 ,407.60 
2025-08-11T01:00:00+09:00,118768.80 ,118910.00 ,118586.30 ,118632.60 ,119452.0948,116190.8152,115252.9225,117062.4633,117821.455,,,,,1,6,0.07 ,1.93 ,0,1689,3028,64.73 ,59.23 ,33.39 ,0.38 ,0.61 ,1.13 ,-1,471.15 ,422.57 
2025-08-11T02:00:00+09:00,118632.60 ,118665.20 ,118415.50 ,118488.70 ,119454.6057,116388.8343,115277.166,117095.695,117921.72,,,,,1,6,0.19 ,1.81 ,0,752,3000,61.65 ,58.43 ,33.96 ,0.32 ,0.61 ,1.14 ,-1,452.81 ,431.53 
2025-08-11T03:00:00+09:00,118488.70 ,118581.10 ,118400.00 ,118517.00 ,119429.8126,116614.3274,115302.236,117125.98,118022.07,,,,,1,6,0.17 ,1.83 ,0,654,2974,62.03 ,58.54 ,34.55 ,0.27 ,0.61 ,1.14 ,-1,435.53 ,435.94 
2025-08-11T04:00:00+09:00,118517.00 ,118695.20 ,118422.70 ,118631.20 ,119356.0055,116908.7345,115326.6915,117156.6283,118132.37,,,,,1,6,0.07 ,1.93 ,0,970,2992,63.61 ,59.00 ,35.13 ,0.25 ,0.61 ,1.14 ,-1,426.15 ,440.26 
2025-08-11T05:00:00+09:00,118631.20 ,118741.90 ,118050.30 ,118283.70 ,119244 ,117178.6948,115350.1595,117184.9483,118211.53,119092.4,,,,1,6,0.68 ,1.64 ,-1,5107,3216,55.98 ,57.05 ,35.33 ,0.36 ,0.62 ,1.16 ,-1,386.21 ,438.70 
2025-08-11T06:00:00+09:00,118283.70 ,118666.30 ,118040.70 ,118666.30 ,119029.8206,117605.4294,115376.3855,117218.5917,118317.625,,,,,1,6,0.36 ,1.95 ,0,1673,3254,61.46 ,58.59 ,35.10 ,0.42 ,0.64 ,1.19 ,1,381.05 ,434.24 
2025-08-11T07:00:00+09:00,118666.30 ,119032.20 ,118579.50 ,119032.20 ,119005.8409,117805.2891,115406.2565,117260.6983,118405.565,,,,,1,6,0.05 ,2.26 ,0,3186,3308,65.84 ,59.99 ,34.61 ,0.40 ,0.64 ,1.19 ,1,401.85 ,431.39 
2025-08-11T08:00:00+09:00,119032.20 ,119279.40 ,118803.00 ,119239.90 ,119146.7592,117742.6308,115438.456,117300.4667,118444.695,,,,,1,7,0.12 ,2.43 ,0,3477,2803,68.06 ,60.75 ,34.00 ,0.40 ,0.63 ,1.17 ,1,430.13 ,428.66 
2025-08-11T09:00:00+09:00,119239.90 ,119461.00 ,119063.00 ,119086.30 ,119232.2687,117720.7513,115468.09,117344.405,118476.51,,,,,1,7,0.01 ,2.30 ,0,2916,2761,64.71 ,59.89 ,33.54 ,0.38 ,0.62 ,1.15 ,-1,435.14 ,424.45 
2025-08-11T10:00:00+09:00,119086.30 ,120027.00 ,118941.60 ,120008.00 ,119553.9108,117599.9092,115504.657,117396.7783,118576.91,,,,,1,7,0.76 ,3.05 ,0,5326,2839,73.22 ,63.11 ,33.42 ,0.55 ,0.62 ,1.16 ,-1,507.63 ,428.50 
2025-08-11T11:00:00+09:00,120008.00 ,121864.90 ,119927.40 ,121830.00 ,120460.4448,117072.3752,115552.3745,117486.4083,118766.41,,118040.7,,,1,7,2.25 ,3.11 ,0,19129,3686,82.31 ,68.25 ,33.81 ,0.89 ,0.65 ,1.22 ,-1,703.98 ,456.41 
2025-08-11T12:00:00+09:00,121830.00 ,122153.40 ,121528.60 ,121705.40 ,121023.22,116903.17,115600.034,117578.6633,118963.195,,,,,1,7,2.15 ,3.01 ,0,8503,3916,80.30 ,67.60 ,35.05 ,0.77 ,0.67 ,1.25 ,-1,839.85 ,501.33 
2025-08-11T13:00:00+09:00,121705.40 ,122187.50 ,121606.00 ,122080.80 ,121591.9656,116716.6644,115646.74,117677.3733,119154.315,,,,,1,7,2.45 ,3.31 ,0,8839,4217,81.75 ,68.53 ,37.07 ,0.67 ,0.68 ,1.26 ,-1,966.69 ,561.39 
2025-08-11T14:00:00+09:00,122080.80 ,122326.70 ,121810.30 ,122045.70 ,122047.3439,116640.2561,115692.912,117767.035,119343.8,,,,,1,7,2.42 ,3.28 ,0,5996,4352,81.15 ,68.34 ,39.59 ,0.59 ,0.69 ,1.28 ,-1,1052.24 ,635.39 
2025-08-11T15:00:00+09:00,122045.70 ,122326.00 ,121944.90 ,122300.00 ,122474.5958,116645.6842,115740.391,117864.3717,119560.14,,,,,1,7,2.62 ,3.48 ,0,2992,4453,82.17 ,68.97 ,42.44 ,0.49 ,0.69 ,1.29 ,-1,1127.56 ,718.34 
2025-08-11T16:00:00+09:00,122300.00 ,122308.40 ,121456.30 ,121526.30 ,122694.4736,116750.8564,115785.48,117949.98,119722.665,,,,,1,7,2.00 ,2.87 ,0,5409,4587,69.80 ,64.96 ,45.14 ,0.57 ,0.70 ,1.31 ,-1,1112.01 ,797.25 
2025-08-11T17:00:00+09:00,121526.30 ,121815.00 ,121204.30 ,121679.40 ,122912.9942,116853.4758,115829.386,118030.5533,119883.235,,,,,1,7,2.13 ,2.99 ,0,4422,4676,70.74 ,65.37 ,47.37 ,0.54 ,0.71 ,1.33 ,-1,1099.36 ,871.61 
2025-08-11T18:00:00+09:00,121679.40 ,121710.30 ,121086.00 ,121423.40 ,123054.7337,117014.0963,115871.268,118106.4433,120034.415,,,,,1,7,1.92 ,2.79 ,0,3452,4709,66.99 ,64.10 ,48.82 ,0.53 ,0.72 ,1.35 ,-1,1056.50 ,940.65 
2025-08-11T19:00:00+09:00,121423.40 ,121446.80 ,120927.50 ,121179.50 ,123154.8308,117157.6892,115909.835,118179.0017,120156.26,122326.7,,,,1,7,0.95 ,2.59 ,0,2795,4558,63.54 ,62.91 ,49.46 ,0.50 ,0.73 ,1.36 ,-1,991.43 ,994.40 
2025-08-11T20:00:00+09:00,121179.50 ,121271.40 ,120270.90 ,120557.00 ,123179.3639,117311.9761,115944.9055,118244.7067,120245.67,,,,,1,7,1.47 ,2.09 ,0,8768,4803,55.65 ,60.01 ,49.01 ,0.61 ,0.74 ,1.39 ,-1,879.48 ,1013.90 
2025-08-11T21:00:00+09:00,120557.00 ,120665.10 ,119522.00 ,119639.80 ,123150.751,117441.309,115976.0045,118296.525,120296.03,,,,,1,7,2.25 ,1.34 ,0,9628,5200,46.49 ,56.12 ,47.84 ,0.73 ,0.77 ,1.44 ,-1,708.59 ,999.32 
2025-08-11T22:00:00+09:00,119639.80 ,120298.30 ,119366.00 ,119980.80 ,123108.1072,117633.1628,116008.0885,118354.28,120370.635,,,,,1,7,1.96 ,1.62 ,0,9107,5617,49.80 ,57.17 ,46.06 ,0.74 ,0.80 ,1.50 ,-1,593.83 ,957.89 
2025-08-11T23:00:00+09:00,119980.80 ,120550.00 ,119760.00 ,120200.10 ,123059.4108,117850.1692,116041.589,118418.2733,120454.79,,,,,1,7,1.77 ,1.80 ,0,4564,5813,51.86 ,57.84 ,43.98 ,0.71 ,0.83 ,1.56 ,-1,514.64 ,898.16 
2025-08-12T00:00:00+09:00,120200.10 ,120377.20 ,119800.50 ,120270.70 ,123006.3503,118067.1797,116074.7425,118483.7667,120536.765,,,,,1,7,1.71 ,1.85 ,0,2332,5881,52.53 ,58.05 ,41.77 ,0.64 ,0.86 ,1.61 ,-1,452.37 ,823.13 
2025-08-12T01:00:00+09:00,120270.70 ,120760.30 ,119865.40 ,119905.60 ,122884.3462,118351.3738,116106.0835,118542.3033,120617.86,,,,,1,7,2.02 ,1.56 ,0,5309,5891,48.73 ,56.53 ,39.33 ,0.67 ,0.89 ,1.65 ,-1,369.30 ,740.61 
2025-08-12T02:00:00+09:00,119905.60 ,120114.60 ,119445.00 ,119479.90 ,122809.7289,118507.3511,116135.4675,118588.77,120658.54,,,,,1,7,2.38 ,1.20 ,0,2612,5938,44.66 ,54.83 ,36.96 ,0.64 ,0.90 ,1.69 ,-1,266.05 ,648.02 
2025-08-12T03:00:00+09:00,119479.90 ,119857.20 ,119222.10 ,119752.90 ,122757.9363,118631.2137,116165.021,118641.0817,120694.575,,,,,1,7,2.15 ,1.43 ,0,3026,5930,47.68 ,55.71 ,35.07 ,0.60 ,0.92 ,1.71 ,-1,203.90 ,553.29 
2025-08-12T04:00:00+09:00,119752.90 ,119762.30 ,118570.00 ,119046.20 ,122777.089,118592.691,116191.2335,118680.0667,120684.89,,,,,1,7,2.76 ,0.84 ,0,4749,5994,41.39 ,53.00 ,33.53 ,0.74 ,0.94 ,1.76 ,-1,96.51 ,453.85 
2025-08-12T05:00:00+09:00,119046.20 ,119058.70 ,118550.00 ,118796.80 ,122810.12,118530.71,116215.4525,118709.0267,120670.415,,,,,1,7,2.97 ,0.64 ,0,2825,5989,39.41 ,52.08 ,32.28 ,0.63 ,0.96 ,1.80 ,-1,-8.63 ,355.17 
2025-08-12T06:00:00+09:00,118796.80 ,119151.00 ,118050.80 ,118679.00 ,122898.7554,118309.1746,116239.4305,118729.345,120603.965,,,,,1,7,3.07 ,0.54 ,0,5911,6018,38.48 ,51.66 ,31.53 ,0.73 ,0.98 ,1.82 ,-1,-100.29 ,265.30 
2025-08-12T07:00:00+09:00,118679.00 ,118890.90 ,118242.10 ,118856.20 ,122797.9086,118112.6414,116265.082,118753.795,120455.275,,,,,1,7,2.92 ,0.69 ,0,3161,5220,40.76 ,52.26 ,31.24 ,0.67 ,0.96 ,1.79 ,-1,-156.84 ,181.89 
2025-08-12T08:00:00+09:00,118856.20 ,118858.40 ,118547.90 ,118647.70 ,122697.247,117907.533,116288.841,118780.165,120302.39,,,,,1,7,3.10 ,0.51 ,0,1435,4867,38.93 ,51.49 ,31.56 ,0.53 ,0.94 ,1.76 ,-1,-215.98 ,100.71 
2025-08-12T09:00:00+09:00,118647.70 ,118999.00 ,118560.00 ,118915.30 ,122465.1905,117823.0395,116313.6895,118810.99,120144.115,,,,,1,7,2.87 ,0.74 ,0,1913,4520,42.49 ,52.41 ,32.16 ,0.48 ,0.93 ,1.73 ,-1,-238.51 ,23.94 
2025-08-12T10:00:00+09:00,118915.30 ,119077.00 ,118727.90 ,118929.80 ,122193.3166,117783.3234,116337.9885,118844.4333,119988.32,,,122326.7,,1,7,2.86 ,0.75 ,0,1577,4299,42.68 ,52.46 ,32.87 ,0.42 ,0.91 ,1.71 ,-1,-252.29 ,-45.12 
2025-08-12T11:00:00+09:00,118929.80 ,119252.00 ,118788.10 ,119014.20 ,121792.5458,117855.5142,116361.3905,118879.2517,119824.03,,118050.8,,,1,7,2.78 ,0.81 ,0,1290,4214,43.88 ,52.75 ,33.35 ,0.41 ,0.91 ,1.69 ,-1,-253.47 ,-102.84 
2025-08-12T12:00:00+09:00,119014.20 ,119092.10 ,118696.20 ,118817.70 ,121539.1904,117838.0096,116384.2015,118912.1117,119688.6,,,,,1,7,2.95 ,0.65 ,0,885,3988,41.70 ,51.99 ,33.66 ,0.38 ,0.89 ,1.67 ,-1,-267.19 ,-155.19 
2025-08-12T13:00:00+09:00,118817.70 ,119113.40 ,118764.10 ,119016.50 ,121183.7858,117927.1242,116407.4535,118952.345,119555.455,,,,,1,7,2.78 ,0.81 ,0,1771,3855,44.69 ,52.70 ,33.67 ,0.35 ,0.88 ,1.64 ,-1,-259.03 ,-194.69 
2025-08-12T14:00:00+09:00,119016.50 ,119016.50 ,118380.00 ,118746.60 ,120840.3518,118002.8782,116429.2765,118987.4467,119421.615,,,,,1,7,3.01 ,0.59 ,0,4253,3896,41.57 ,51.64 ,33.58 ,0.41 ,0.87 ,1.63 ,-1,-271.22 ,-223.87 
2025-08-12T15:00:00+09:00,118746.60 ,118970.60 ,118541.70 ,118775.20 ,120493.2666,118109.5334,116451.813,119023.8417,119301.4,,,,,1,7,2.99 ,0.61 ,0,3209,3916,42.03 ,51.74 ,33.41 ,0.40 ,0.86 ,1.61 ,-1,-275.39 ,-243.32 
2025-08-12T16:00:00+09:00,118775.20 ,119098.10 ,118775.20 ,118925.10 ,120271.912,118167.698,116475.682,119064.125,119219.805,119252,,,,1,7,0.27 ,0.74 ,-1,1435,3550,44.51 ,52.30 ,33.13 ,0.35 ,0.84 ,1.57 ,-1,-263.57 ,-255.18 
2025-08-12T17:00:00+09:00,118925.10 ,119000.00 ,118686.50 ,118758.90 ,120227.6045,118123.9155,116495.221,119097.7483,119175.76,,,,,1,7,0.42 ,0.60 ,0,860,3111,42.35 ,51.63 ,32.87 ,0.32 ,0.81 ,1.52 ,-1,-264.56 ,-260.58 
2025-08-12T18:00:00+09:00,118758.90 ,118845.80 ,118344.00 ,118348.10 ,120136.7688,118051.4812,116513.7965,119128.8267,119094.125,,,,,1,7,0.76 ,0.25 ,0,3496,2831,37.51 ,50.01 ,32.92 ,0.36 ,0.78 ,1.46 ,-1,-295.09 ,-266.87 
2025-08-12T19:00:00+09:00,118348.10 ,118604.80 ,118143.70 ,118399.20 ,119956.2468,118051.9132,116532.0905,119160.3133,119004.08,,,,,1,7,0.72 ,0.29 ,0,3516,2778,38.46 ,50.21 ,33.26 ,0.37 ,0.76 ,1.42 ,-1,-311.57 ,-273.45 
2025-08-12T20:00:00+09:00,118399.20 ,118615.30 ,118160.30 ,118471.70 ,119695.2049,118133.0551,116551.8275,119194.4217,118914.13,,,,,1,7,0.66 ,0.36 ,0,4714,2897,39.84 ,50.49 ,33.90 ,0.37 ,0.74 ,1.38 ,1,-315.15 ,-280.31 
2025-08-12T21:00:00+09:00,118471.70 ,119223.40 ,118227.60 ,119213.90 ,119532.7398,118226.3502,116576.223,119236.3117,118879.545,,,,,1,7,0.03 ,0.98 ,0,12724,3268,51.80 ,53.28 ,34.08 ,0.53 ,0.73 ,1.36 ,1,-255.16 ,-278.97 
2025-08-12T22:00:00+09:00,119213.90 ,119663.20 ,118562.20 ,118807.00 ,119438.4393,118253.3607,116598.54,119274.0217,118845.9,,,,,1,7,0.37 ,0.64 ,0,14022,3839,46.36 ,51.65 ,33.90 ,0.66 ,0.73 ,1.36 ,1,-237.70 ,-276.60 
2025-08-12T23:00:00+09:00,118807.00 ,119397.90 ,118710.80 ,119397.90 ,119324.3894,118332 ,116623.6585,119309.43,118828.15,,,,,1,8,0.12 ,1.13 ,0,4721,3923,53.93 ,53.74 ,33.51 ,0.63 ,0.73 ,1.37 ,1,-174.18 ,-265.82 
2025-08-13T00:00:00+09:00,119397.90 ,119923.90 ,119257.60 ,119892.20 ,119545.7483,118195.1517,116650.07,119333.345,118870.45,,118143.7,,,1,8,0.53 ,1.46 ,0,8371,4104,59.12 ,55.39 ,33.14 ,0.60 ,0.72 ,1.35 ,1,-83.00 ,-244.44 
2025-08-13T01:00:00+09:00,119892.20 ,120157.90 ,119470.20 ,119590.00 ,119653.2127,118167.0073,116675.531,119352.345,118910.11,,,,,1,8,0.28 ,1.21 ,0,4391,4183,55.04 ,54.18 ,32.70 ,0.60 ,0.72 ,1.34 ,1,-34.72 ,-219.01 
2025-08-13T02:00:00+09:00,119590.00 ,119797.90 ,119134.00 ,119218.20 ,119683.7934,118190.3466,116700.2595,119372.6483,118937.07,,,,118050.8,1,8,0.03 ,0.90 ,0,2893,4032,50.42 ,52.74 ,31.90 ,0.58 ,0.71 ,1.32 ,1,-26.16 ,-192.53 
2025-08-13T03:00:00+09:00,119218.20 ,120040.00 ,119200.00 ,119296.40 ,119720.7713,118197.3887,116725.69,119393.5883,118959.08,,,,,1,8,0.04 ,0.97 ,0,3245,4036,51.34 ,53.01 ,30.89 ,0.62 ,0.70 ,1.31 ,1,-12.92 ,-161.17 
2025-08-13T04:00:00+09:00,119296.40 ,119911.70 ,119250.00 ,119600.30 ,119802.9137,118210.5063,116751.423,119424.0983,119006.71,,,,,1,8,0.29 ,1.22 ,0,1713,4050,54.87 ,54.05 ,30.21 ,0.60 ,0.71 ,1.32 ,1,21.85 ,-124.13 
2025-08-13T05:00:00+09:00,119600.30 ,120267.00 ,119422.40 ,120136.40 ,120001.8946,118133.6354,116780.102,119455.3983,119067.765,,,,,1,8,0.74 ,1.66 ,0,2875,4098,60.32 ,55.80 ,29.93 ,0.63 ,0.72 ,1.34 ,-1,91.60 ,-78.93 
2025-08-13T06:00:00+09:00,120136.40 ,120151.70 ,119730.40 ,119854.10 ,120105.9037,118122.0563,116805.0645,119482.0333,119113.98,,,,,1,8,0.50 ,1.43 ,0,1503,4094,56.45 ,54.68 ,30.01 ,0.54 ,0.73 ,1.36 ,-1,122.69 ,-36.95 
2025-08-13T07:00:00+09:00,119854.10 ,120044.90 ,119585.50 ,120044.90 ,120235.3843,118096 ,116831.824,119516.5617,119165.515,,,,,1,8,0.66 ,1.58 ,0,1278,4094,58.40 ,55.30 ,30.05 ,0.49 ,0.74 ,1.37 ,-1,160.87 ,7.34 
2025-08-13T08:00:00+09:00,120044.90 ,120242.90 ,119801.10 ,120040.00 ,120348.4276,118104.8324,116858.1625,119545.965,119226.63,,,,,1,8,0.66 ,1.58 ,0,3777,4238,58.32 ,55.28 ,30.05 ,0.45 ,0.74 ,1.38 ,-1,188.56 ,47.64 
2025-08-13T09:00:00+09:00,120040.00 ,120179.70 ,119585.00 ,119669.30 ,120392.6406,118125.8994,116880.291,119565.9867,119259.27,,,,,1,8,0.35 ,1.27 ,0,4665,4383,53.00 ,53.79 ,30.08 ,0.46 ,0.75 ,1.40 ,-1,178.53 ,76.70 
2025-08-13T10:00:00+09:00,119669.30 ,119677.30 ,119295.60 ,119436.50 ,120404.3888,118183.1412,116901.7235,119583.265,119293.765,120267,,,,1,8,0.70 ,1.08 ,0,2167,4279,49.92 ,52.88 ,29.83 ,0.42 ,0.75 ,1.40 ,-1,150.07 ,97.23 
2025-08-13T11:00:00+09:00,119436.50 ,119692.60 ,119027.10 ,119507.00 ,120418.2161,118242.4939,116924.7065,119596.005,119330.355,,,,,1,8,0.64 ,1.14 ,0,2707,4254,50.85 ,53.12 ,29.35 ,0.46 ,0.75 ,1.41 ,-1,131.69 ,114.77 
2025-08-13T12:00:00+09:00,119507.00 ,119600.00 ,119267.80 ,119445.30 ,120428.9935,118283.7365,116948.259,119607.28,119356.365,,,,,1,8,0.69 ,1.09 ,0,1217,4243,49.98 ,52.88 ,28.52 ,0.40 ,0.76 ,1.41 ,-1,110.86 ,128.52 
2025-08-13T13:00:00+09:00,119445.30 ,119791.00 ,119291.20 ,119300.00 ,120421.1322,118345.7078,116970.9345,119618.4033,119383.42,,,,,1,8,0.81 ,0.97 ,0,1803,4290,47.88 ,52.29 ,27.32 ,0.41 ,0.76 ,1.43 ,-1,81.69 ,135.17 
2025-08-13T14:00:00+09:00,119300.00 ,119655.60 ,118881.00 ,119034.70 ,120356.939,118478.561,116990.7845,119627.5033,119417.75,,,,,1,8,1.04 ,0.75 ,0,2533,4242,44.24 ,51.24 ,26.07 ,0.49 ,0.77 ,1.44 ,1,36.74 ,129.08 
2025-08-13T15:00:00+09:00,119034.70 ,119384.00 ,118915.80 ,119373.70 ,120282.2438,118650.7062,117011.231,119641.7817,119466.475,,,,,1,8,0.75 ,1.03 ,0,1331,4133,49.52 ,52.49 ,24.70 ,0.46 ,0.78 ,1.46 ,1,28.14 ,118.57 
2025-08-13T16:00:00+09:00,119373.70 ,119594.00 ,119251.10 ,119533.00 ,120195.6944,118843.3856,117033.881,119656.8117,119519.54,,,,,1,8,0.61 ,1.16 ,0,2032,3999,51.83 ,53.07 ,23.24 ,0.40 ,0.78 ,1.46 ,1,33.80 ,104.45 
2025-08-13T17:00:00+09:00,119533.00 ,120005.50 ,119405.30 ,120005.40 ,120251.5375,118866.6925,117059.6955,119685.5067,119559.115,,,,,1,8,0.22 ,1.55 ,0,2882,3506,57.98 ,54.73 ,22.04 ,0.43 ,0.77 ,1.45 ,1,75.53 ,91.89 
2025-08-13T18:00:00+09:00,120005.40 ,120125.80 ,119730.70 ,120086.50 ,120259.9332,118986.2468,117086.795,119709.1767,119623.09,,,,,1,8,0.15 ,1.62 ,0,3085,2960,58.94 ,55.01 ,21.11 ,0.40 ,0.76 ,1.41 ,1,113.83 ,84.70 
2025-08-13T19:00:00+09:00,120086.50 ,120451.40 ,120007.50 ,120451.30 ,120397.9213,118953.5987,117115.645,119732.8283,119675.76,,118881,,,1,9,0.15 ,1.30 ,0,3756,2911,63.06 ,56.25 ,20.58 ,0.39 ,0.74 ,1.38 ,1,171.64 ,87.10 
2025-08-13T20:00:00+09:00,120451.30 ,120693.40 ,120351.10 ,120527.70 ,120515.7859,118899.2841,117147.1475,119754.2917,119707.535,,,,,1,9,0.22 ,1.37 ,0,3587,2672,63.88 ,56.50 ,20.57 ,0.35 ,0.72 ,1.34 ,1,221.08 ,97.03 
2025-08-13T21:00:00+09:00,120527.70 ,120652.00 ,120169.70 ,120240.00 ,120578.4773,118901.5927,117176.8325,119773.52,119740.035,,,,,1,9,0.02 ,1.13 ,0,3255,2615,58.62 ,55.26 ,20.71 ,0.37 ,0.70 ,1.31 ,-1,234.34 ,110.75 
2025-08-13T22:00:00+09:00,120240.00 ,122065.40 ,120067.70 ,121758.70 ,121049.8463,118684.2737,117213.779,119802.6983,119867.06,,,,,1,9,1.23 ,2.36 ,0,14638,3203,71.82 ,60.01 ,21.37 ,0.79 ,0.72 ,1.34 ,-1,363.21 ,142.03 
2025-08-13T23:00:00+09:00,121758.70 ,122200.00 ,120750.20 ,120885.20 ,121177.7318,118715.2682,117247.486,119786.9517,119946.5,,,,,1,9,0.51 ,1.66 ,0,18100,3945,59.97 ,56.49 ,22.68 ,0.93 ,0.74 ,1.38 ,-1,390.35 ,181.32 
2025-08-14T00:00:00+09:00,120885.20 ,121332.00 ,120304.30 ,120893.90 ,121297.547,118724.813,117282.2955,119773.4267,120011.18,,,,,1,9,0.52 ,1.67 ,0,8654,4292,60.04 ,56.51 ,24.18 ,0.90 ,0.76 ,1.42 ,-1,407.86 ,223.51 
2025-08-14T01:00:00+09:00,120893.90 ,121724.10 ,120893.80 ,121415.00 ,121499.6794,118650.5406,117318.1715,119762.33,120075.11,,,,,1,9,0.95 ,2.09 ,0,4817,4389,64.13 ,58.04 ,25.87 ,0.83 ,0.78 ,1.45 ,-1,458.51 ,270.70 
2025-08-14T02:00:00+09:00,121415.00 ,121830.00 ,121408.90 ,121781.30 ,121772.9396,118570.0004,117353.928,119757.9233,120171.47,,,,,1,9,1.24 ,2.38 ,0,2013,4415,66.71 ,59.07 ,27.60 ,0.67 ,0.79 ,1.47 ,-1,522.18 ,320.33 
2025-08-14T03:00:00+09:00,121781.30 ,121919.30 ,121387.90 ,121585.60 ,121962.4817,118534.5283,117387.9,119746.0167,120248.505,,,,,1,9,1.08 ,2.22 ,0,2449,4474,64.06 ,58.29 ,29.30 ,0.59 ,0.79 ,1.48 ,-1,550.50 ,368.85 
2025-08-14T04:00:00+09:00,121585.60 ,122844.90 ,121475.20 ,122717.00 ,122401.2783,118363.4317,117427.6085,119765.8617,120382.355,,,,,1,9,2.00 ,3.13 ,0,10388,4804,71.18 ,61.31 ,31.30 ,0.76 ,0.82 ,1.53 ,-1,656.67 ,422.74 
2025-08-14T05:00:00+09:00,122717.00 ,122971.80 ,122434.80 ,122899.90 ,122810.5126,118277.2574,117472.5845,119786.2033,120543.885,,,,,1,9,2.14 ,3.27 ,0,4580,4800,72.14 ,61.77 ,33.18 ,0.65 ,0.83 ,1.55 ,-1,746.96 ,481.18 
2025-08-14T06:00:00+09:00,122899.90 ,123043.20 ,122308.00 ,122572.30 ,123070.6753,118330.6747,117513.781,119805.3517,120700.675,,,,,1,9,1.88 ,3.01 ,0,5434,4963,67.78 ,60.47 ,34.87 ,0.64 ,0.85 ,1.58 ,-1,783.06 ,542.14 
2025-08-14T07:00:00+09:00,122572.30 ,123653.00 ,122572.30 ,122966.90 ,123371.5442,118375.7958,117563.665,119835.1417,120873.67,,,,,1,9,2.20 ,3.32 ,0,7648,5210,70.12 ,61.47 ,36.74 ,0.72 ,0.87 ,1.62 ,-1,833.89 ,594.44 
2025-08-14T08:00:00+09:00,122966.90 ,123714.10 ,122920.50 ,123319.20 ,123689.8409,118444.8891,117615.883,119881.1783,121067.365,,,,,1,9,2.48 ,3.60 ,0,5857,5442,72.08 ,62.34 ,38.70 ,0.69 ,0.89 ,1.66 ,-1,892.32 ,650.22 
2025-08-14T09:00:00+09:00,123319.20 ,124539.40 ,123270.10 ,123864.30 ,124054 ,118537.1557,117669.557,119951.5867,121295.58,,,,,1,9,2.90 ,4.02 ,0,15325,6118,74.82 ,63.63 ,40.82 ,0.80 ,0.92 ,1.71 ,-1,971.41 ,712.83 
2025-08-14T10:00:00+09:00,123864.30 ,123955.00 ,123355.40 ,123355.40 ,124203.9144,118819.3156,117718.435,120007.83,121511.615,,,,,1,9,2.50 ,3.63 ,0,2827,6133,68.10 ,61.61 ,43.07 ,0.70 ,0.93 ,1.74 ,-1,981.71 ,770.97 
2025-08-14T11:00:00+09:00,123355.40 ,123742.10 ,123300.00 ,123713.40 ,124396.1047,119061.0953,117769.0605,120066.385,121728.6,,,,,1,9,2.79 ,3.91 ,0,2188,6176,70.13 ,62.47 ,45.21 ,0.58 ,0.94 ,1.76 ,-1,1007.15 ,824.85 
2025-08-14T12:00:00+09:00,123713.40 ,123912.60 ,123335.00 ,123394.40 ,124482.3972,119360.9428,117818.2325,120118.4467,121921.67,,,,,1,9,2.53 ,3.66 ,0,1761,6162,66.09 ,61.23 ,47.27 ,0.55 ,0.95 ,1.78 ,-1,990.16 ,873.70 
2025-08-14T13:00:00+09:00,123394.40 ,123496.50 ,123051.90 ,123051.90 ,124520.539,119627.451,117865.3015,120170.885,122073.995,,,,,1,9,2.26 ,3.39 ,0,2727,6155,61.96 ,59.92 ,49.11 ,0.49 ,0.96 ,1.79 ,-1,938.24 ,904.99 
2025-08-14T14:00:00+09:00,123051.90 ,123176.10 ,122121.20 ,122189.50 ,124449.3857,119908.9043,117908.5635,120216.045,122179.145,124539.4,,,,1,9,1.92 ,2.71 ,0,6996,6350,52.98 ,56.80 ,50.12 ,0.61 ,0.97 ,1.82 ,-1,818.07 ,912.89 
2025-08-14T15:00:00+09:00,122189.50 ,122189.50 ,121321.00 ,121803.70 ,124383.7734,120109.7566,117948.05,120250.225,122246.765,,,,,1,9,2.25 ,2.40 ,0,9275,6626,49.53 ,55.49 ,50.32 ,0.65 ,0.99 ,1.86 ,-1,683.83 ,901.86 
2025-08-14T16:00:00+09:00,121803.70 ,122084.40 ,121548.20 ,121752.50 ,124310.4101,120305.5999,117986.4595,120295.33,122308.005,,,,,1,9,2.29 ,2.36 ,0,2986,6596,49.07 ,55.31 ,49.66 ,0.58 ,1.01 ,1.89 ,-1,566.77 ,872.18 
2025-08-14T17:00:00+09:00,121752.50 ,122051.80 ,121553.10 ,121644.60 ,124173.3923,120583.0777,118025.5415,120342.7933,122378.235,,,,,1,9,2.38 ,2.27 ,0,2412,6554,48.06 ,54.94 ,48.23 ,0.52 ,1.02 ,1.91 ,-1,460.00 ,824.15 
2025-08-14T18:00:00+09:00,121644.60 ,121929.00 ,121523.70 ,121652.10 ,124176.0039,120569.8061,118064.936,120392.345,122372.905,,,,,1,9,2.37 ,2.28 ,0,1368,5890,48.14 ,54.96 ,46.16 ,0.46 ,1.00 ,1.86 ,-1,371.70 ,757.51 
2025-08-14T19:00:00+09:00,121652.10 ,121784.70 ,120773.00 ,120951.70 ,124168.5561,120583.9039,118101.7815,120427.27,122376.23,,,,,1,9,2.97 ,1.71 ,0,4086,5190,41.70 ,52.58 ,43.73 ,0.59 ,0.97 ,1.81 ,-1,242.41 ,675.37 
2025-08-14T20:00:00+09:00,120951.70 ,121051.00 ,120680.00 ,120958.80 ,124161.2583,120597.6917,118139.248,120465.7883,122379.475,,,,,1,9,2.96 ,1.72 ,0,2756,4895,41.79 ,52.61 ,41.22 ,0.49 ,0.94 ,1.76 ,-1,138.91 ,578.90 
2025-08-14T21:00:00+09:00,120958.80 ,121152.30 ,117470.10 ,118833.50 ,124582.1066,119918.6934,118166.517,120464.425,122250.4,,,,,-1,1,4.80 ,0.04 ,0,45371,6922,28.43 ,46.27 ,39.66 ,1.37 ,0.98 ,1.83 ,-1,-113.29 ,456.29 
2025-08-14T22:00:00+09:00,118833.50 ,119235.10 ,117664.80 ,118371.90 ,124958.3249,119201.5351,118187.822,120455.1267,122079.93,,,,,-1,1,5.21 ,0.43 ,0,19684,7806,26.45 ,45.07 ,39.00 ,1.36 ,1.03 ,1.93 ,-1,-346.42 ,313.55 
2025-08-14T23:00:00+09:00,118371.90 ,119310.20 ,117951.20 ,118747.00 ,125159.3961,118716.6039,118211.3755,120450.6733,121938,,,,,-1,1,4.88 ,0.11 ,0,5864,7977,30.67 ,46.23 ,39.13 ,1.28 ,1.09 ,2.03 ,-1,-495.20 ,167.63 
2025-08-15T00:00:00+09:00,118747.00 ,118842.00 ,117827.50 ,118209.50 ,125294.9694,118130.2806,118231.573,120440.5367,121712.625,,,,,-1,1,5.35 ,0.57 ,0,5332,7724,28.18 ,44.84 ,40.00 ,1.15 ,1.11 ,2.08 ,-1,-649.00 ,19.54 
2025-08-15T01:00:00+09:00,118209.50 ,118210.70 ,117353.20 ,117820.40 ,125373.1279,117544.1721,118251.1955,120420.6017,121458.65,,,,,-1,1,5.70 ,0.90 ,0,4682,7729,26.50 ,43.87 ,41.57 ,1.01 ,1.14 ,2.13 ,-1,-793.14 ,-131.56 
2025-08-15T02:00:00+09:00,117820.40 ,118096.00 ,117451.00 ,117886.60 ,125396.5879,117052.1421,118270.432,120406.2683,121224.365,,,,,-1,1,5.64 ,0.84 ,0,2048,7560,27.29 ,44.08 ,43.52 ,0.85 ,1.16 ,2.16 ,-1,-891.75 ,-281.75 
2025-08-15T03:00:00+09:00,117886.60 ,118181.10 ,117094.40 ,118043.40 ,125288.8115,116667.5685,118290.5875,120394.0717,120978.19,,,,,-1,1,5.50 ,0.71 ,0,5164,7435,29.24 ,44.59 ,45.82 ,0.88 ,1.17 ,2.18 ,-1,-946.34 ,-428.20 
2025-08-15T04:00:00+09:00,118043.40 ,118471.10 ,117840.10 ,117889.90 ,125076.8653,116336.5847,118309.137,120376.8183,120706.725,,,,,-1,1,5.64 ,0.84 ,0,3420,7314,28.44 ,44.19 ,47.80 ,0.76 ,1.18 ,2.19 ,-1,-990.57 ,-565.20 
2025-08-15T05:00:00+09:00,117889.90 ,118088.80 ,117662.30 ,117810.00 ,124695.365,116112.655,118328.8735,120361.0033,120404.01,,,124539.4,,-1,1,5.71 ,0.91 ,0,1281,6611,28.01 ,43.98 ,49.52 ,0.63 ,1.16 ,2.17 ,-1,-1020.31 ,-694.00 
2025-08-15T06:00:00+09:00,117810.00 ,118135.50 ,117250.00 ,117846.90 ,124333.0961,115924.0739,118347.061,120352.65,120128.585,,,,,-1,1,5.68 ,0.88 ,0,3421,6641,28.55 ,44.11 ,51.09 ,0.67 ,1.16 ,2.17 ,-1,-1029.04 ,-795.75 
2025-08-15T07:00:00+09:00,117846.90 ,118303.50 ,117581.70 ,118235.10 ,123794.8062,115914.5338,118362.565,120349.915,119854.67,,,,,-1,1,5.33 ,0.55 ,0,1683,6616,34.14 ,45.40 ,52.41 ,0.65 ,1.17 ,2.18 ,-1,-993.18 ,-867.62 
2025-08-15T08:00:00+09:00,118235.10 ,118468.90 ,118178.00 ,118244.10 ,123240.2673,115954.0427,118376.958,120346.1217,119597.155,,117094.4,,,-1,1,5.32 ,0.97 ,0,1081,6582,34.27 ,45.43 ,53.35 ,0.51 ,1.16 ,2.17 ,-1,-953.05 ,-918.49 
2025-08-15T09:00:00+09:00,118244.10 ,118420.00 ,117983.60 ,118125.60 ,122678.8461,116022.8339,118392.141,120327.9833,119350.84,,,,,-1,1,5.43 ,0.87 ,0,1531,6522,33.35 ,45.10 ,53.99 ,0.47 ,1.16 ,2.17 ,-1,-920.21 ,-948.62 
2025-08-15T10:00:00+09:00,118125.60 ,118693.70 ,117974.40 ,118633.30 ,122245.5752,116100.4848,118408.0475,120325.0883,119173.03,,,,,-1,1,4.98 ,1.30 ,0,1549,6250,40.71 ,46.80 ,54.16 ,0.51 ,1.15 ,2.15 ,-1,-843.48 ,-954.22 
2025-08-15T11:00:00+09:00,118633.30 ,118859.60 ,118531.00 ,118648.10 ,121845.7943,116184.7057,118424.446,120312.5917,119015.25,,,,,-1,1,4.97 ,1.31 ,0,2034,5888,40.91 ,46.85 ,53.96 ,0.43 ,1.14 ,2.12 ,-1,-772.58 ,-940.98 
2025-08-15T12:00:00+09:00,118648.10 ,119042.00 ,118555.00 ,118915.30 ,121410.1152,116336.6648,118442.9795,120296.31,118873.39,,,,,-1,1,4.73 ,1.53 ,0,1003,5789,44.63 ,47.74 ,53.28 ,0.42 ,1.13 ,2.10 ,-1,-686.91 ,-912.15 
2025-08-15T13:00:00+09:00,118915.30 ,119140.00 ,118713.10 ,118780.10 ,120925.328,116535.002,118461.9385,120282.8117,118730.165,,,,,-1,1,4.85 ,1.42 ,0,1601,5748,43.15 ,47.33 ,52.07 ,0.40 ,1.12 ,2.09 ,-1,-622.75 ,-871.28 
2025-08-15T14:00:00+09:00,118780.10 ,118961.50 ,118588.70 ,118932.00 ,120339.2554,116849.0646,118481.54,120278.0417,118594.16,,,,,-1,1,4.71 ,1.55 ,0,1525,5756,45.35 ,47.85 ,50.52 ,0.37 ,1.11 ,2.07 ,-1,-553.26 ,-819.39 
2025-08-15T15:00:00+09:00,118932.00 ,119191.50 ,118823.60 ,119044.50 ,119890.9013,117106.6987,118501.508,120273.8433,118498.8,,,,,-1,1,4.62 ,1.64 ,0,3040,5704,46.98 ,48.23 ,48.61 ,0.35 ,1.09 ,2.04 ,-1,-483.54 ,-758.78 
2025-08-15T16:00:00+09:00,119044.50 ,119065.70 ,118707.80 ,118912.70 ,119245.0369,117547.9531,118521.3515,120262.3833,118396.495,,,,,-1,1,4.73 ,1.53 ,0,718,5602,45.27 ,47.81 ,46.41 ,0.33 ,1.08 ,2.02 ,1,-433.92 ,-696.64 
2025-08-15T17:00:00+09:00,118912.70 ,119109.10 ,118824.10 ,118827.40 ,119244.1075,117548.2725,118541.1865,120240.5667,118396.19,,,,,-1,1,4.81 ,1.46 ,0,653,3366,44.16 ,47.54 ,44.06 ,0.30 ,1.00 ,1.87 ,1,-396.91 ,-634.84 
2025-08-15T18:00:00+09:00,118827.40 ,118998.90 ,118545.80 ,118657.90 ,119265.9002,117555.0798,118560.9505,120220.63,118410.49,,,,,-1,1,4.96 ,1.32 ,0,632,2413,41.94 ,47.00 ,41.84 ,0.33 ,0.92 ,1.73 ,1,-376.90 ,-574.47 
2025-08-15T19:00:00+09:00,118657.90 ,118982.80 ,118657.90 ,118818.00 ,119275.5742,117552.5058,118582.4655,120200.1817,118414.04,,,,,-1,1,4.82 ,1.45 ,0,356,2138,44.76 ,47.57 ,39.82 ,0.31 ,0.85 ,1.59 ,-1,-344.17 ,-518.99 
2025-08-15T20:00:00+09:00,118818.00 ,119037.50 ,118817.90 ,118941.30 ,119336.1351,117565.1249,118604.6225,120181.87,118450.63,119191.5,,,,-1,1,0.21 ,1.55 ,0,586,1900,46.90 ,48.02 ,38.00 ,0.27 ,0.79 ,1.47 ,-1,-304.76 ,-467.01 
2025-08-15T21:00:00+09:00,118941.30 ,119068.90 ,118460.00 ,118586.60 ,119327.0976,117650.7824,118625.9865,120163.825,118488.94,,,,,-1,1,0.51 ,1.26 ,0,3307,1832,41.88 ,46.85 ,36.50 ,0.35 ,0.74 ,1.37 ,-1,-298.70 ,-423.88 
2025-08-15T22:00:00+09:00,118586.60 ,118688.00 ,117684.10 ,117722.00 ,119345.1832,117616.2368,118641.9055,120135.25,118480.71,,,,,-1,1,1.25 ,0.53 ,0,3610,1910,32.69 ,44.18 ,35.67 ,0.52 ,0.71 ,1.33 ,-1,-359.53 ,-394.63 
2025-08-15T23:00:00+09:00,117722.00 ,118244.30 ,117212.00 ,117359.20 ,119424.2227,117468.7773,118655.6605,120099.4533,118446.5,,,,117094.4,-1,1,1.56 ,0.23 ,0,4536,1878,29.74 ,43.13 ,35.51 ,0.64 ,0.69 ,1.29 ,-1,-432.03 ,-381.16 
2025-08-16T00:00:00+09:00,117359.20 ,117543.30 ,116753.80 ,117218.60 ,119504.2746,117321.5954,118668.0075,120062.3417,118412.935,,,,,-1,1,1.68 ,0.11 ,0,7540,2084,28.66 ,42.72 ,36.04 ,0.65 ,0.69 ,1.28 ,-1,-495.12 ,-382.45 
2025-08-16T01:00:00+09:00,117218.60 ,117363.10 ,116650.00 ,117310.80 ,119553.6355,117222.3145,118680.056,120029.1883,118387.975,,,,,-1,1,1.60 ,0.18 ,0,3561,2198,30.44 ,43.08 ,37.10 ,0.64 ,0.69 ,1.28 ,-1,-531.56 ,-393.30 
2025-08-16T02:00:00+09:00,117310.80 ,117844.80 ,116937.70 ,117549.40 ,119573.0868,117173.1132,118692.739,120004.4333,118373.1,,,,,-1,1,1.40 ,0.39 ,0,3459,2200,34.97 ,44.00 ,38.28 ,0.68 ,0.69 ,1.28 ,-1,-535.01 ,-408.64 
2025-08-16T03:00:00+09:00,117549.40 ,117623.20 ,117000.00 ,117123.00 ,119635.1983,116999.7917,118696.929,119966.9217,118317.495,,,,,-1,1,1.77 ,0.02 ,0,1124,2172,31.08 ,42.74 ,39.62 ,0.63 ,0.69 ,1.28 ,-1,-565.64 ,-429.61 
2025-08-16T04:00:00+09:00,117123.00 ,117383.20 ,116814.40 ,116903.30 ,119705.5415,116795.3685,118699.184,119923.0933,118250.455,,,,,-1,2,1.96 ,0.16 ,0,1183,2177,29.27 ,42.11 ,40.98 ,0.59 ,0.69 ,1.29 ,-1,-600.71 ,-458.12 
2025-08-16T05:00:00+09:00,116903.30 ,117300.00 ,116824.20 ,117250.10 ,119725.4413,116687.9187,118703.7485,119877.1717,118206.68,,,,,-1,2,1.66 ,0.13 ,0,1160,2159,35.64 ,43.46 ,42.11 ,0.52 ,0.70 ,1.30 ,-1,-593.68 ,-490.22 
2025-08-16T06:00:00+09:00,117250.10 ,117326.70 ,116940.20 ,117280.00 ,119695.8284,116582.2016,118707.2035,119830.3967,118139.015,,116650,,,-1,2,1.63 ,0.54 ,1,877,2125,36.17 ,43.57 ,42.91 ,0.46 ,0.69 ,1.29 ,-1,-579.02 ,-521.36 
2025-08-16T07:00:00+09:00,117280.00 ,117697.80 ,117263.30 ,117660.70 ,119641.3672,116537.9228,118714.007,119783.8867,118089.645,,,,,-1,2,1.30 ,0.86 ,0,1430,2095,42.68 ,45.04 ,43.03 ,0.43 ,0.69 ,1.29 ,-1,-530.56 ,-540.37 
2025-08-16T08:00:00+09:00,117660.70 ,117721.60 ,116981.20 ,117293.30 ,119548.6829,116468.4071,118717.301,119729.98,118008.545,,,,,-1,2,1.62 ,0.55 ,0,1665,2128,38.59 ,43.91 ,42.64 ,0.50 ,0.70 ,1.30 ,-1,-515.86 ,-549.68 
2025-08-16T09:00:00+09:00,117293.30 ,117734.80 ,117183.20 ,117686.00 ,119457.7688,116449.9112,118724.698,119687.4133,117953.84,,,,,-1,2,1.28 ,0.88 ,0,1239,2110,44.69 ,45.40 ,42.13 ,0.49 ,0.70 ,1.31 ,-1,-467.14 ,-546.57 
2025-08-16T10:00:00+09:00,117686.00 ,117845.30 ,117570.30 ,117775.40 ,119332.4756,116459.5444,118731.238,119621.025,117896.01,,,,,-1,2,1.20 ,0.96 ,0,988,2083,46.01 ,45.73 ,41.41 ,0.40 ,0.70 ,1.32 ,-1,-416.51 ,-533.79 
2025-08-16T11:00:00+09:00,117775.40 ,117775.50 ,117381.20 ,117452.00 ,119163.1203,116469.6497,118735.931,119563.805,117816.385,,,,,-1,2,1.48 ,0.68 ,0,879,1975,42.11 ,44.72 ,40.55 ,0.38 ,0.71 ,1.32 ,-1,-397.90 ,-518.56 
2025-08-16T12:00:00+09:00,117452.00 ,117610.00 ,117332.40 ,117376.70 ,118999.897,116479.273,118735.8325,119505.185,117739.585,,,,,-1,2,1.55 ,0.62 ,0,471,1963,41.23 ,44.49 ,39.58 ,0.33 ,0.71 ,1.32 ,-1,-384.79 ,-498.46 
2025-08-16T13:00:00+09:00,117376.70 ,117830.00 ,117363.40 ,117761.00 ,118844.0377,116528.4923,118739.0425,119444.285,117686.265,,,,,-1,2,1.21 ,0.94 ,0,894,1975,47.27 ,45.96 ,38.34 ,0.35 ,0.71 ,1.33 ,-1,-339.47 ,-469.44 
2025-08-16T14:00:00+09:00,117761.00 ,117800.00 ,117473.70 ,117552.20 ,118700.0879,116561.8721,118741.583,119373.8,117630.98,,,,,-1,2,1.39 ,0.77 ,0,689,1978,44.59 ,45.29 ,37.16 ,0.33 ,0.71 ,1.33 ,-1,-316.76 ,-438.67 
2025-08-16T15:00:00+09:00,117552.20 ,117591.20 ,117234.90 ,117344.40 ,118482.4482,116632.1518,118740.8565,119303.1133,117557.3,117845.3,,,,-1,2,0.43 ,0.59 ,0,3214,2121,42.03 ,44.64 ,36.04 ,0.32 ,0.71 ,1.33 ,-1,-311.93 ,-408.99 
2025-08-16T16:00:00+09:00,117344.40 ,117626.50 ,117293.90 ,117533.00 ,118160.0068,116813.7632,118741.4885,119216.7133,117486.885,,,,,-1,2,0.27 ,0.75 ,0,2157,2199,45.11 ,45.37 ,34.97 ,0.31 ,0.71 ,1.33 ,1,-289.55 ,-382.21 
2025-08-16T17:00:00+09:00,117533.00 ,117623.20 ,117439.40 ,117578.40 ,117886.729,116986.221,118743.2625,119128.0217,117436.475,,,,,-1,2,0.23 ,0.79 ,0,1070,2087,45.85 ,45.55 ,34.02 ,0.26 ,0.71 ,1.32 ,1,-265.09 ,-354.35 
2025-08-16T18:00:00+09:00,117578.40 ,117659.60 ,117263.00 ,117263.10 ,117849.7978,116977.2622,118745.347,119039.535,117413.53,,,,,-1,2,0.50 ,0.52 ,0,1305,1972,41.63 ,44.52 ,33.21 ,0.28 ,0.69 ,1.29 ,1,-268.06 ,-332.23 
2025-08-16T19:00:00+09:00,117263.10 ,117398.90 ,117096.80 ,117342.60 ,117849.441,116975.959,118748.7395,118945.7967,117412.7,,,,,-1,2,0.43 ,0.59 ,0,1621,1826,43.05 ,44.84 ,32.59 ,0.28 ,0.66 ,1.24 ,1,-260.99 ,-314.95 
2025-08-16T20:00:00+09:00,117342.60 ,117487.70 ,117306.00 ,117331.70 ,117847.7639,116988.9461,118751.86,118846.005,117418.355,,,,,-1,2,0.44 ,0.58 ,0,660,1482,42.90 ,44.81 ,32.24 ,0.24 ,0.63 ,1.18 ,1,-253.34 ,-298.89 
2025-08-16T21:00:00+09:00,117331.70 ,117697.50 ,117273.70 ,117689.30 ,117879.2393,116995.3207,118756.7445,118743.0883,117437.28,,,,116650,-1,2,0.13 ,0.88 ,0,999,1354,49.32 ,46.26 ,31.89 ,0.28 ,0.60 ,1.13 ,1,-215.94 ,-280.12 
2025-08-16T22:00:00+09:00,117689.30 ,117731.60 ,117531.50 ,117568.50 ,117881.2406,116995.2294,118762.113,118646.64,117438.235,,,,,-1,2,0.24 ,0.78 ,0,1152,1239,47.38 ,45.84 ,31.36 ,0.24 ,0.57 ,1.07 ,1,-193.81 ,-263.94 
2025-08-16T23:00:00+09:00,117568.50 ,117724.80 ,117500.00 ,117719.60 ,117902.4073,117033.7227,118767.2115,118546.7433,117468.065,,,,,-1,2,0.11 ,0.91 ,0,1825,1274,50.03 ,46.46 ,30.73 ,0.22 ,0.54 ,1.01 ,1,-162.21 ,-246.77 
2025-08-17T00:00:00+09:00,117719.60 ,117771.10 ,117553.40 ,117617.10 ,117856.1873,117151.3227,118771.3355,118450.455,117503.755,,117096.8,,,-1,2,0.19 ,0.44 ,0,483,1239,48.26 ,46.09 ,29.95 ,0.21 ,0.51 ,0.96 ,1,-143.78 ,-228.08 
2025-08-17T01:00:00+09:00,117617.10 ,117761.90 ,117617.10 ,117695.00 ,117867.5786,117184.4214,118776.888,118361.1733,117526,,,,,-1,2,0.13 ,0.51 ,0,322,1197,49.72 ,46.42 ,28.92 ,0.18 ,0.49 ,0.91 ,1,-121.49 ,-209.41 
2025-08-17T02:00:00+09:00,117695.00 ,117705.00 ,117610.00 ,117646.20 ,117870.0727,117218.5473,118781.8805,118285.4517,117544.31,,,,,-1,2,0.17 ,0.47 ,0,460,1176,48.79 ,46.24 ,27.58 ,0.15 ,0.46 ,0.86 ,1,-106.53 ,-191.79 
2025-08-17T03:00:00+09:00,117646.20 ,117707.60 ,117589.00 ,117637.00 ,117867.3544,117218.8956,118787.5365,118216.0067,117543.125,,,,,-1,2,0.18 ,0.46 ,0,275,1118,48.60 ,46.21 ,26.10 ,0.13 ,0.44 ,0.82 ,1,-94.34 ,-172.49 
2025-08-17T04:00:00+09:00,117637.00 ,117730.00 ,117610.00 ,117635.00 ,117865.4358,117254.9842,118791.4425,118147.3817,117560.21,,,,,-1,2,0.18 ,0.46 ,0,368,1054,48.56 ,46.20 ,24.68 ,0.12 ,0.41 ,0.77 ,1,-83.86 ,-152.81 
2025-08-17T05:00:00+09:00,117635.00 ,117663.40 ,117470.40 ,117606.60 ,117856.8486,117255.6314,118797.2255,118080.0817,117556.24,117771.1,,,,-1,2,0.14 ,0.43 ,0,412,1012,47.91 ,46.09 ,23.54 ,0.14 ,0.39 ,0.72 ,1,-76.97 ,-133.21 
2025-08-17T06:00:00+09:00,117606.60 ,117606.60 ,117385.60 ,117400.10 ,117827.6934,117247.2566,118799.898,118009.215,117537.475,,,,,-1,2,0.32 ,0.26 ,0,352,980,43.39 ,45.30 ,22.73 ,0.15 ,0.37 ,0.69 ,1,-87.16 ,-118.91 
2025-08-17T07:00:00+09:00,117400.10 ,117510.40 ,117161.60 ,117421.10 ,117828.2733,117243.5867,118804.7425,117950.3717,117535.93,,,,,-1,2,0.30 ,0.28 ,0,1351,1004,43.97 ,45.39 ,22.47 ,0.20 ,0.35 ,0.66 ,1,-92.48 ,-107.65 
2025-08-17T08:00:00+09:00,117421.10 ,117432.60 ,117240.40 ,117335.50 ,117831.2103,117236.5297,118810.5695,117889.9833,117533.87,,,,,-1,2,0.37 ,0.20 ,0,346,998,42.08 ,45.06 ,22.70 ,0.19 ,0.34 ,0.64 ,1,-102.42 ,-101.00 
2025-08-17T09:00:00+09:00,117335.50 ,117389.20 ,117212.70 ,117214.60 ,117815.5723,117197.5277,118815.8515,117863.0017,117506.55,,,,,-1,2,0.47 ,0.10 ,0,566,981,39.49 ,44.59 ,23.40 ,0.18 ,0.33 ,0.62 ,1,-118.69 ,-98.21 
2025-08-17T10:00:00+09:00,117214.60 ,117450.00 ,117125.80 ,117386.50 ,117810.8123,117185.7177,118819.454,117846.5783,117498.265,,,,,-1,2,0.33 ,0.25 ,0,756,985,44.69 ,45.42 ,24.57 ,0.21 ,0.32 ,0.60 ,1,-116.36 ,-97.65 
2025-08-17T11:00:00+09:00,117386.50 ,117578.00 ,117340.10 ,117563.00 ,117814.6638,117203.7262,118824.97,117826.845,117509.195,,,,,-1,2,0.18 ,0.40 ,0,373,843,49.49 ,46.26 ,25.91 ,0.21 ,0.31 ,0.58 ,1,-99.14 ,-96.82 
2025-08-17T12:00:00+09:00,117563.00 ,117710.40 ,117460.50 ,117636.30 ,117824.7183,117204.0017,118831.2025,117817.2917,117514.36,,,,,-1,2,0.11 ,0.46 ,0,589,764,51.38 ,46.62 ,27.00 ,0.21 ,0.31 ,0.57 ,1,-78.67 ,-95.08 
2025-08-17T13:00:00+09:00,117636.30 ,118138.50 ,117636.30 ,118026.30 ,117918.7399,117154.7701,118837.109,117820.7233,117536.755,,,,,1,1,0.22 ,0.79 ,0,1434,782,59.95 ,48.44 ,27.92 ,0.28 ,0.31 ,0.57 ,-1,-30.62 ,-89.17 
2025-08-17T14:00:00+09:00,118026.30 ,118188.00 ,117939.90 ,117948.10 ,117971.1096,117170.9004,118842.4995,117821.7483,117571.005,,,,,1,1,0.15 ,0.72 ,0,856,760,57.75 ,48.11 ,28.53 ,0.26 ,0.31 ,0.57 ,-1,1.13 ,-80.49 
2025-08-17T15:00:00+09:00,117948.10 ,118066.70 ,117854.10 ,117868.80 ,118003.0458,117191.5842,118847.7135,117818.8383,117597.315,,117125.8,,,1,1,0.08 ,0.63 ,0,616,710,55.53 ,47.76 ,28.74 ,0.23 ,0.30 ,0.56 ,-1,19.67 ,-68.62 
2025-08-17T16:00:00+09:00,117868.80 ,117983.60 ,117786.50 ,117939.90 ,118040.3762,117215.0738,118854.3395,117819.6717,117627.725,,,,,1,1,0.14 ,0.69 ,0,739,714,57.12 ,48.10 ,28.46 ,0.21 ,0.30 ,0.56 ,-1,39.65 ,-53.94 
2025-08-17T17:00:00+09:00,117939.90 ,118332.60 ,117869.40 ,118321.70 ,118171.0516,117147.6384,118863.2945,117828.2,117659.345,,,,,1,1,0.47 ,1.01 ,0,1413,734,64.49 ,49.89 ,27.98 ,0.27 ,0.30 ,0.56 ,-1,85.30 ,-33.08 
2025-08-17T18:00:00+09:00,118321.70 ,118418.40 ,118168.30 ,118275.80 ,118270.2044,117119.2156,118872.096,117835.3483,117694.71,,,,,1,1,0.43 ,0.97 ,0,1372,745,63.09 ,49.68 ,27.63 ,0.25 ,0.30 ,0.56 ,-1,116.44 ,-6.96 
2025-08-17T19:00:00+09:00,118275.80 ,118334.00 ,118123.80 ,118334.00 ,118364.9871,117085.8729,118881.9635,117836.9967,117725.43,,,,,1,1,0.48 ,1.02 ,0,596,684,64.15 ,49.95 ,27.59 ,0.23 ,0.30 ,0.56 ,-1,144.15 ,21.99 
2025-08-17T20:00:00+09:00,118334.00 ,118344.60 ,118207.90 ,118242.40 ,118432.1414,117081.2486,118891.47,117836.9683,117756.695,,,,,1,1,0.40 ,0.94 ,0,446,682,61.16 ,49.52 ,27.67 ,0.19 ,0.30 ,0.56 ,-1,156.91 ,50.44 
2025-08-17T21:00:00+09:00,118242.40 ,118299.90 ,118070.00 ,118099.90 ,118467.8706,117086.0094,118900.0025,117836.54,117776.94,,,,,1,1,0.28 ,0.82 ,0,616,697,56.73 ,48.85 ,27.61 ,0.19 ,0.30 ,0.56 ,-1,153.75 ,76.26 
2025-08-17T22:00:00+09:00,118099.90 ,118535.40 ,118004.10 ,118380.00 ,118549.3732,117077.8868,118908.443,117832.3183,117813.63,,,,,1,1,0.51 ,1.06 ,0,1596,754,62.48 ,50.20 ,27.75 ,0.28 ,0.31 ,0.58 ,-1,171.86 ,98.76 
2025-08-17T23:00:00+09:00,118380.00 ,118420.00 ,118100.00 ,118102.80 ,118578.2921,117095.5479,118915.886,117823.23,117836.92,,,,,1,1,0.28 ,0.83 ,0,718,776,54.73 ,48.90 ,28.15 ,0.28 ,0.32 ,0.60 ,-1,161.99 ,116.63 
2025-08-18T00:00:00+09:00,118102.80 ,118214.60 ,118084.60 ,118198.40 ,118616.3807,117113.7993,118923.3425,117811.2817,117865.09,,,,,1,1,0.36 ,0.91 ,0,345,775,56.72 ,49.36 ,28.48 ,0.22 ,0.33 ,0.61 ,-1,160.03 ,132.23 
2025-08-18T01:00:00+09:00,118198.40 ,118272.00 ,117650.00 ,117780.00 ,118616.8762,117130.6438,118926.9465,117794.6133,117873.76,,,,,1,1,0.01 ,0.56 ,0,2626,885,46.97 ,47.44 ,28.42 ,0.32 ,0.34 ,0.64 ,-1,123.29 ,141.52 
2025-08-18T02:00:00+09:00,117780.00 ,117889.30 ,117589.00 ,117859.40 ,118607.5573,117185.8927,118928.944,117776.7367,117896.725,,,,,1,1,0.07 ,0.62 ,0,836,910,48.77 ,47.83 ,28.11 ,0.30 ,0.35 ,0.66 ,-1,99.44 ,143.09 
2025-08-18T03:00:00+09:00,117859.40 ,117900.00 ,117234.40 ,117501.20 ,118601.6313,117199.8287,118929.504,117751.015,117900.73,118535.4,,,,1,1,0.88 ,0.32 ,0,2537,969,41.86 ,46.24 ,27.84 ,0.39 ,0.37 ,0.68 ,-1,51.05 ,135.83 
2025-08-18T04:00:00+09:00,117501.20 ,117705.70 ,117423.00 ,117534.20 ,118584.3412,117236.9888,118931.8475,117728.04,117910.665,,,,,1,1,0.85 ,0.35 ,0,923,998,42.67 ,46.41 ,27.81 ,0.34 ,0.38 ,0.70 ,-1,15.18 ,121.50 
2025-08-18T05:00:00+09:00,117534.20 ,117697.30 ,117461.40 ,117560.00 ,118544.6509,117311.2191,118934.3185,117706.9167,117927.935,,,,,1,1,0.83 ,0.37 ,0,558,997,43.33 ,46.54 ,27.80 ,0.29 ,0.39 ,0.72 ,-1,-11.03 ,102.84 
2025-08-18T06:00:00+09:00,117560.00 ,117736.00 ,117548.60 ,117658.70 ,118520.7382,117362.3518,118937.996,117690.2633,117941.545,,,,,1,1,0.75 ,0.45 ,0,492,984,45.90 ,47.05 ,27.75 ,0.25 ,0.39 ,0.73 ,-1,-23.57 ,83.14 
2025-08-18T07:00:00+09:00,117658.70 ,117954.30 ,117639.70 ,117909.30 ,118511.8647,117405.8553,118942.917,117675.1183,117958.86,,,,,1,1,0.53 ,0.66 ,0,1152,1023,51.87 ,48.34 ,27.40 ,0.25 ,0.39 ,0.73 ,-1,-13.14 ,62.58 
2025-08-18T08:00:00+09:00,117909.30 ,117932.30 ,117321.20 ,117363.80 ,118541.1225,117349.3475,118945.5055,117648.8267,117945.235,,117234.4,,,1,1,1.00 ,0.11 ,0,1143,1051,41.21 ,45.86 ,27.30 ,0.34 ,0.40 ,0.75 ,-1,-48.33 ,39.21 
2025-08-18T09:00:00+09:00,117363.80 ,117500.00 ,116954.60 ,117241.90 ,118574.2595,117237.7705,118948.7025,117626.415,117906.015,,,,,1,1,1.10 ,0.01 ,0,2548,1106,39.27 ,45.33 ,27.58 ,0.38 ,0.41 ,0.77 ,-1,-85.07 ,11.98 
2025-08-18T10:00:00+09:00,117241.90 ,117363.40 ,116119.20 ,116222.40 ,118811.359,116828.101,118946.612,117601.4217,117819.73,,,,,-1,1,1.99 ,0.87 ,0,9285,1528,27.57 ,41.26 ,28.22 ,0.62 ,0.44 ,0.82 ,-1,-194.22 ,-23.30 
2025-08-18T11:00:00+09:00,116222.40 ,116282.00 ,115259.00 ,115408.20 ,119140.7901,116252.6099,118940.6955,117568.905,117696.7,,,,,-1,1,2.71 ,1.58 ,0,10005,1997,21.95 ,38.44 ,29.32 ,0.71 ,0.47 ,0.88 ,-1,-342.47 ,-72.40 
2025-08-18T12:00:00+09:00,115408.20 ,115588.60 ,114948.40 ,115275.00 ,119345.4416,115781.4684,118934.53,117536.5117,117563.455,117954.3,,,,-1,1,2.32 ,1.70 ,0,4885,2205,21.18 ,38.01 ,30.87 ,0.66 ,0.51 ,0.95 ,-1,-465.34 ,-129.78 
2025-08-18T13:00:00+09:00,115275.00 ,115488.40 ,115033.40 ,115425.10 ,119391.2118,115446.0382,118927.948,117505.0833,117418.625,,,,,-1,1,2.19 ,1.57 ,0,2486,2258,24.37 ,38.80 ,32.89 ,0.57 ,0.53 ,0.99 ,-1,-544.33 ,-191.94 
2025-08-18T14:00:00+09:00,115425.10 ,115650.70 ,114917.90 ,115650.70 ,119361.0983,115213.6417,118923.7845,117473.4383,117287.37,,,,,-1,1,1.99 ,1.37 ,0,3398,2360,29.01 ,39.98 ,35.48 ,0.59 ,0.55 ,1.04 ,-1,-582.02 ,-255.39 
2025-08-18T15:00:00+09:00,115650.70 ,115666.00 ,114819.40 ,115209.70 ,119332.7436,114929.5664,118917.283,117441.55,117131.155,,,,,-1,1,2.38 ,1.76 ,0,5357,2598,25.69 ,38.50 ,38.35 ,0.64 ,0.59 ,1.09 ,-1,-640.10 ,-323.89 
2025-08-18T16:00:00+09:00,115209.70 ,115435.30 ,115137.00 ,115160.00 ,119275.3165,114679 ,118910.957,117412.495,116977.035,,,,,-1,1,2.43 ,1.80 ,0,1854,2668,25.34 ,38.34 ,41.26 ,0.51 ,0.61 ,1.14 ,-1,-682.27 ,-398.24 
2025-08-18T17:00:00+09:00,115160.00 ,115352.90 ,115020.20 ,115090.10 ,119203.8225,114449.2675,118902.905,117376.495,116826.545,,,,,-1,1,2.49 ,1.86 ,0,1767,2726,24.82 ,38.10 ,43.98 ,0.44 ,0.63 ,1.17 ,-1,-713.11 ,-472.10 
2025-08-18T18:00:00+09:00,115090.10 ,115098.70 ,114605.00 ,115000.00 ,119050 ,114265.5138,118895.183,117338.495,116657.545,,,118535.4,,-1,1,2.57 ,1.94 ,0,4820,2887,24.14 ,37.80 ,46.46 ,0.44 ,0.64 ,1.20 ,-1,-736.33 ,-544.46 
2025-08-18T19:00:00+09:00,115000.00 ,115230.00 ,114937.60 ,115022.10 ,118900.1931,114106.8269,118883.9265,117294.5183,116503.51,,,,,-1,1,2.55 ,1.92 ,0,1599,2931,24.69 ,37.93 ,48.54 ,0.38 ,0.65 ,1.21 ,-1,-744.37 ,-605.59 
2025-08-18T20:00:00+09:00,115022.10 ,115094.70 ,114825.90 ,114902.60 ,118699.5501,113977.8899,118866.153,117254.6733,116338.72,,,,,-1,1,2.66 ,2.03 ,0,1450,2986,23.70 ,37.52 ,50.29 ,0.33 ,0.66 ,1.23 ,-1,-751.72 ,-651.06 
2025-08-18T21:00:00+09:00,114902.60 ,115482.00 ,114856.50 ,115482.00 ,118515.5545,113932.0855,118851.313,117217.94,116223.82,,,,,-1,1,2.14 ,1.52 ,0,1925,2951,36.94 ,40.68 ,51.52 ,0.40 ,0.66 ,1.24 ,-1,-702.69 ,-677.44 
2025-08-18T22:00:00+09:00,115482.00 ,115685.00 ,114766.20 ,114786.30 ,118314.2408,113826.0892,118835.2445,117168.1217,116070.165,,,,,-1,1,2.76 ,2.13 ,0,4722,3145,30.17 ,38.30 ,52.09 ,0.53 ,0.68 ,1.27 ,-1,-711.77 ,-696.04 
2025-08-18T23:00:00+09:00,114786.30 ,115578.60 ,114786.30 ,115578.50 ,118127.558,113820.502,118822.937,117136.8967,115974.03,,114605,,,-1,1,2.06 ,0.84 ,0,3953,3216,42.98 ,42.23 ,52.05 ,0.58 ,0.69 ,1.30 ,-1,-647.57 ,-703.32 
2025-08-19T00:00:00+09:00,115578.50 ,116119.20 ,115339.60 ,116088.40 ,117934.6123,113868.8677,118814.5305,117115.425,115901.74,,,,,-1,1,1.61 ,1.28 ,0,4325,3386,49.42 ,44.55 ,51.17 ,0.61 ,0.71 ,1.33 ,-1,-549.22 ,-693.23 
2025-08-19T01:00:00+09:00,116088.40 ,116287.90 ,115771.50 ,115902.20 ,117704.353,113933.347,118802.7495,117084.445,115818.85,,,,,-1,1,1.77 ,1.12 ,0,3321,3524,47.32 ,43.89 ,49.54 ,0.56 ,0.73 ,1.37 ,-1,-480.76 ,-670.84 
2025-08-19T02:00:00+09:00,115902.20 ,116742.40 ,115902.20 ,116360.60 ,117462.734,114045.156,118793.2725,117064.585,115753.945,,,,,-1,1,1.37 ,1.51 ,0,3249,3662,52.65 ,45.90 ,47.58 ,0.61 ,0.76 ,1.42 ,-1,-385.08 ,-634.39 
2025-08-19T03:00:00+09:00,116360.60 ,116530.60 ,116171.30 ,116428.00 ,117115.0721,114244.6879,118785.5465,117049.3117,115679.88,,,,,-1,1,1.31 ,1.57 ,0,1342,3672,53.40 ,46.19 ,45.28 ,0.51 ,0.78 ,1.46 ,-1,-300.35 ,-585.95 
2025-08-19T04:00:00+09:00,116428.00 ,116592.90 ,116139.00 ,116265.10 ,116869.567,114380.323,118775.493,117028.18,115624.945,,,,,-1,1,1.45 ,1.43 ,0,1628,3696,51.29 ,45.59 ,43.08 ,0.47 ,0.79 ,1.47 ,-1,-243.54 ,-530.30 
2025-08-19T05:00:00+09:00,116265.10 ,116481.00 ,115925.90 ,116359.30 ,116642.06,114519.57,118764.9495,117007.8617,115580.815,,,,,-1,1,1.37 ,1.51 ,0,1568,3647,52.46 ,46.00 ,40.97 ,0.47 ,0.80 ,1.49 ,-1,-188.73 ,-467.75 
2025-08-19T06:00:00+09:00,116359.30 ,116630.50 ,116352.90 ,116598.40 ,116717.4686,114481.7614,118755.9425,116996.7833,115599.615,,,,,-1,1,1.16 ,1.71 ,0,1317,3249,55.38 ,47.04 ,39.00 ,0.39 ,0.78 ,1.46 ,-1,-124.57 ,-403.51 
2025-08-19T07:00:00+09:00,116598.40 ,116937.20 ,116322.40 ,116338.00 ,116804.8397,114487.3703,118743.9195,116980.04,115646.105,,,,,-1,1,1.39 ,1.49 ,0,2645,2881,51.66 ,46.05 ,37.61 ,0.44 ,0.76 ,1.42 ,-1,-93.66 ,-334.83 
2025-08-19T08:00:00+09:00,116338.00 ,116510.70 ,116023.00 ,116177.20 ,116858.8601,114523.5699,118730.9615,116960.7983,115691.215,,,,,-1,1,1.53 ,1.35 ,0,1194,2696,49.44 ,45.45 ,36.39 ,0.43 ,0.74 ,1.39 ,-1,-81.20 ,-271.90 
2025-08-19T09:00:00+09:00,116177.20 ,116517.00 ,115461.60 ,116512.60 ,116958.99,114532.19,118720.3615,116941.1867,115745.59,,,,,-1,1,1.24 ,1.64 ,0,3902,2767,53.88 ,46.93 ,35.07 ,0.59 ,0.74 ,1.39 ,-1,-43.76 ,-215.74 
2025-08-19T10:00:00+09:00,116512.60 ,116680.00 ,115665.80 ,115752.60 ,116963.304,114538.066,118706.681,116910.9217,115750.685,,,,,-1,1,1.90 ,0.99 ,0,2181,2706,44.38 ,44.16 ,33.55 ,0.69 ,0.75 ,1.40 ,-1,-74.55 ,-170.60 
2025-08-19T11:00:00+09:00,115752.60 ,116006.90 ,115595.00 ,115705.10 ,116962.8358,114588.0742,118692.6215,116877.3467,115775.455,,,,,-1,1,1.94 ,0.95 ,0,1175,2497,43.86 ,43.99 ,31.86 ,0.58 ,0.75 ,1.39 ,-1,-101.61 ,-139.11 
2025-08-19T12:00:00+09:00,115705.10 ,115726.20 ,114748.00 ,114760.00 ,116995.917,114514.993,118673.2655,116829.7283,115755.455,116937.2,,,,-1,1,1.90 ,0.14 ,0,3653,2587,35.05 ,40.88 ,30.55 ,0.67 ,0.76 ,1.42 ,-1,-197.05 ,-127.63 
2025-08-19T13:00:00+09:00,114760.00 ,115325.40 ,114310.10 ,115268.00 ,116988.0381,114540.6619,118658.187,116789.2783,115764.35,,,,,-1,1,1.45 ,0.58 ,0,5797,2788,41.81 ,43.09 ,29.63 ,0.74 ,0.78 ,1.46 ,-1,-229.06 ,-126.02 
2025-08-19T14:00:00+09:00,115268.00 ,115430.20 ,114900.00 ,114921.70 ,116994.3381,114526.5319,118639.464,116743.87,115760.435,,,,,-1,1,1.75 ,0.28 ,0,2076,2651,38.84 ,42.00 ,28.84 ,0.65 ,0.80 ,1.49 ,-1,-279.14 ,-136.07 
2025-08-19T15:00:00+09:00,114921.70 ,115189.70 ,114866.20 ,114973.50 ,116997.8916,114518.1184,118619.1705,116699.4783,115758.005,,,,,-1,1,1.71 ,0.32 ,0,1409,2642,39.53 ,42.22 ,28.42 ,0.53 ,0.81 ,1.51 ,-1,-311.08 ,-156.79 
2025-08-19T16:00:00+09:00,114973.50 ,115017.90 ,114580.00 ,114939.20 ,116994.7643,114524.9057,118597.667,116654.5483,115759.835,,,,,-1,1,1.74 ,0.29 ,0,2329,2686,39.22 ,42.11 ,28.49 ,0.48 ,0.82 ,1.53 ,-1,-335.28 ,-183.64 
2025-08-19T17:00:00+09:00,114939.20 ,115259.90 ,114760.40 ,115155.00 ,117001.1446,114485.8254,118578.0105,116613.6883,115743.485,,,,,-1,1,1.55 ,0.48 ,0,1887,2684,42.34 ,43.06 ,28.93 ,0.46 ,0.82 ,1.54 ,-1,-333.21 ,-211.64 
2025-08-19T18:00:00+09:00,115155.00 ,115450.00 ,115147.80 ,115281.00 ,116967.7191,114568.7209,118554.3755,116578.37,115768.22,,114310.1,,,-1,1,1.44 ,0.84 ,1,2086,2552,44.15 ,43.61 ,29.54 ,0.40 ,0.81 ,1.52 ,-1,-317.74 ,-242.08 
2025-08-19T19:00:00+09:00,115281.00 ,115533.20 ,115266.40 ,115349.40 ,116967.6145,114545.9155,118521.9725,116543.8417,115756.765,,,,,-1,1,1.38 ,0.90 ,0,1608,2435,45.16 ,43.92 ,29.89 ,0.34 ,0.80 ,1.49 ,-1,-296.55 ,-266.75 
2025-08-19T20:00:00+09:00,115349.40 ,115600.00 ,115349.40 ,115455.50 ,116932.7237,114517.5163,118490.723,116512.5083,115725.12,,,,,-1,1,1.28 ,0.99 ,0,948,2266,46.76 ,44.39 ,29.84 ,0.30 ,0.77 ,1.44 ,-1,-268.09 ,-285.25 
2025-08-19T21:00:00+09:00,115455.50 ,115557.60 ,115219.40 ,115539.90 ,116914.3094,114499.7006,118458.0185,116484.5967,115707.005,,,,,-1,1,1.21 ,1.06 ,0,1725,2186,48.05 ,44.76 ,29.55 ,0.30 ,0.75 ,1.41 ,-1,-236.02 ,-289.57 
2025-08-19T22:00:00+09:00,115539.90 ,115829.80 ,114829.30 ,115145.00 ,116838.089,114454 ,118423.515,116447.2383,115646.225,,,,,-1,1,1.56 ,0.73 ,0,5274,2287,42.80 ,43.36 ,29.22 ,0.49 ,0.74 ,1.39 ,-1,-239.70 ,-290.76 
2025-08-19T23:00:00+09:00,115145.00 ,115325.40 ,113719.90 ,113841.60 ,116889.0365,114144.7735,118381.223,116385.215,115516.905,,,,,-1,2,2.72 ,0.41 ,0,11877,2814,30.81 ,39.22 ,29.07 ,0.80 ,0.77 ,1.43 ,-1,-343.82 ,-297.94 
2025-08-20T00:00:00+09:00,113841.60 ,114136.50 ,113509.00 ,113731.80 ,116921.2298,113859.2502,118342.2505,116320.14,115390.24,,,,,-1,2,2.82 ,0.51 ,0,6584,3062,30.05 ,38.90 ,29.29 ,0.72 ,0.78 ,1.46 ,-1,-430.24 ,-311.18 
2025-08-20T01:00:00+09:00,113731.80 ,113838.00 ,113291.60 ,113341.50 ,116943.6124,113535.0876,118300.561,116242.06,115239.35,,,,,-1,2,3.17 ,0.85 ,0,3898,3178,27.45 ,37.79 ,30.02 ,0.64 ,0.80 ,1.49 ,-1,-524.18 ,-332.17 
2025-08-20T02:00:00+09:00,113341.50 ,113545.00 ,113033.00 ,113469.30 ,116833.2691,113332.5209,118260.7905,116167.4133,115082.895,,,,,-1,2,3.06 ,0.74 ,0,4210,3323,29.60 ,38.38 ,31.32 ,0.58 ,0.81 ,1.51 ,-1,-581.62 ,-359.77 
2025-08-20T03:00:00+09:00,113469.30 ,113469.40 ,112785.00 ,113013.10 ,116786.1453,113047.1547,118219.9585,116086.485,114916.65,115829.8,,116937.2,,-1,2,2.49 ,1.15 ,0,3370,3359,26.57 ,37.09 ,33.21 ,0.59 ,0.82 ,1.53 ,-1,-656.38 ,-397.40 
2025-08-20T04:00:00+09:00,113013.10 ,113495.90 ,112723.70 ,113071.30 ,116700.8942,112821.8158,118182.53,116005.3417,114761.355,,,,,-1,2,2.44 ,1.10 ,0,4274,3513,27.59 ,37.37 ,35.57 ,0.62 ,0.84 ,1.56 ,-1,-702.83 ,-442.54 
2025-08-20T05:00:00+09:00,113071.30 ,113521.10 ,112864.70 ,113521.10 ,116446.6087,112776.9513,118151.9365,115925.3317,114611.78,,,,,-1,2,2.03 ,0.70 ,0,1881,3412,35.08 ,39.44 ,38.18 ,0.60 ,0.84 ,1.56 ,-1,-695.33 ,-490.01 
2025-08-20T06:00:00+09:00,113521.10 ,113530.30 ,113352.10 ,113365.00 ,116325.4816,112659.3184,118118.8575,115843.485,114492.4,,,,,-1,2,2.17 ,0.83 ,0,1064,3356,33.77 ,38.98 ,40.68 ,0.46 ,0.82 ,1.53 ,-1,-693.98 ,-540.90 
2025-08-20T07:00:00+09:00,113365.00 ,113390.70 ,113004.80 ,113121.20 ,116200.4127,112525.9973,118083.463,115756.605,114363.205,,,,,-1,2,2.39 ,1.05 ,0,1127,3354,31.78 ,38.27 ,43.12 ,0.42 ,0.81 ,1.51 ,-1,-704.47 ,-592.54 
2025-08-20T08:00:00+09:00,113121.20 ,113141.70 ,112666.00 ,112821.10 ,116210.9624,112321.5576,118046.215,115666.25,114266.26,,,,,-1,2,2.67 ,1.32 ,0,3023,3322,29.48 ,37.42 ,45.51 ,0.42 ,0.79 ,1.47 ,-1,-728.59 ,-635.29 
2025-08-20T09:00:00+09:00,112821.10 ,113273.30 ,112781.40 ,113159.90 ,116105.4723,112216.2377,118012.4865,115583.9167,114160.855,,,,,-1,2,2.36 ,1.02 ,0,2161,3141,35.19 ,38.99 ,47.68 ,0.42 ,0.76 ,1.43 ,-1,-712.16 ,-666.61 
2025-08-20T10:00:00+09:00,113159.90 ,113354.50 ,112504.90 ,112955.40 ,116042 ,112083.2168,117979.864,115493.5067,114062.54,,,,,-1,2,2.54 ,1.20 ,0,3777,3226,33.43 ,38.40 ,49.67 ,0.53 ,0.76 ,1.41 ,-1,-707.49 ,-686.98 
2025-08-20T11:00:00+09:00,112955.40 ,113440.00 ,112918.10 ,113384.20 ,115937.1786,112028.9714,117948.0205,115414.8633,113983.075,,,,,-1,2,2.16 ,0.82 ,0,1982,3254,40.18 ,40.34 ,51.40 ,0.51 ,0.75 ,1.41 ,-1,-661.56 ,-695.87 
2025-08-20T12:00:00+09:00,113384.20 ,113590.20 ,113257.70 ,113467.60 ,115824.4814,111994.5086,117920.1275,115336.0167,113909.495,,,,,-1,2,2.08 ,0.74 ,0,1459,3211,41.42 ,40.71 ,52.77 ,0.44 ,0.75 ,1.40 ,-1,-611.38 ,-690.87 
2025-08-20T13:00:00+09:00,113467.60 ,113640.00 ,113400.50 ,113575.20 ,115661.9823,111999.0277,117894.0195,115265.9367,113830.505,,,,,-1,2,1.99 ,0.65 ,0,1305,3182,43.07 ,41.19 ,53.77 ,0.36 ,0.74 ,1.39 ,-1,-556.52 ,-674.61 
2025-08-20T14:00:00+09:00,113575.20 ,113711.00 ,113400.00 ,113651.60 ,115455.8959,112042.1741,117868.8825,115195.8067,113749.035,,,,,-1,2,1.92 ,0.58 ,0,1073,3131,44.27 ,41.53 ,54.29 ,0.33 ,0.74 ,1.38 ,-1,-501.10 ,-653.03 
2025-08-20T15:00:00+09:00,113651.60 ,113688.50 ,113441.10 ,113603.60 ,115203 ,112120.6764,117842.6195,115130.8467,113661.745,,112504.9,,,-1,2,1.96 ,0.97 ,1,839,3093,43.64 ,41.38 ,54.33 ,0.29 ,0.74 ,1.37 ,-1,-455.80 ,-626.56 
2025-08-20T16:00:00+09:00,113603.60 ,113789.10 ,113360.00 ,113426.80 ,114864.6354,112255.9846,117816.515,115062.39,113560.31,,,,,-1,2,2.12 ,0.81 ,0,1307,3110,41.34 ,40.80 ,53.94 ,0.32 ,0.74 ,1.38 ,-1,-429.21 ,-595.98 
2025-08-20T17:00:00+09:00,113426.80 ,113975.90 ,113336.00 ,113957.70 ,114442.4801,112519.9199,117791.727,115002.3517,113481.2,,,,,-1,2,1.64 ,1.27 ,0,3261,3187,49.89 ,43.22 ,52.91 ,0.40 ,0.75 ,1.39 ,-1,-361.14 ,-555.15 
2025-08-20T18:00:00+09:00,113957.70 ,113957.80 ,113576.30 ,113655.80 ,114001.999,112811.481,117765.357,114935.6367,113406.74,,,,,-1,2,1.91 ,1.01 ,0,2288,3038,45.80 ,42.22 ,51.39 ,0.38 ,0.74 ,1.38 ,1,-327.78 ,-512.44 
2025-08-20T19:00:00+09:00,113655.80 ,113823.90 ,113532.10 ,113740.40 ,113983.6388,112819.7212,117738.988,114866.155,113401.68,,,,,-1,2,1.84 ,1.09 ,0,1108,2499,47.11 ,42.60 ,49.61 ,0.34 ,0.70 ,1.31 ,1,-291.16 ,-466.18 
2025-08-20T20:00:00+09:00,113740.40 ,113814.00 ,113003.20 ,113623.20 ,113967.7187,112824.7813,117713.0155,114803.8117,113396.25,,,,,-1,2,1.94 ,0.98 ,0,3264,2334,45.47 ,42.21 ,47.94 ,0.46 ,0.68 ,1.28 ,1,-268.49 ,-422.51 
2025-08-20T21:00:00+09:00,113623.20 ,113903.80 ,113457.40 ,113604.10 ,113987.2448,112831.5152,117685.9535,114743.1817,113409.38,,,,,-1,2,1.96 ,0.97 ,0,2998,2289,45.20 ,42.14 ,46.35 ,0.44 ,0.67 ,1.25 ,1,-249.20 ,-382.27 
2025-08-20T22:00:00+09:00,113604.10 ,113608.60 ,112540.00 ,112639.90 ,114034.8061,112701.0139,117655.42,114683.4733,113367.91,113975.9,,,,-1,2,1.19 ,0.12 ,0,5569,2356,34.00 ,39.06 ,45.15 ,0.61 ,0.67 ,1.25 ,1,-308.16 ,-354.67 
2025-08-20T23:00:00+09:00,112639.90 ,113800.00 ,112320.00 ,113410.20 ,114034.5673,112740.9627,117628.595,114650.1733,113387.765,,,,,-1,2,0.50 ,0.80 ,0,9699,2673,45.60 ,42.49 ,44.46 ,0.84 ,0.69 ,1.29 ,1,-289.40 ,-331.15 
2025-08-21T00:00:00+09:00,113410.20 ,114271.60 ,113157.50 ,113294.20 ,114031.0312,112766.7888,117600.4405,114617.16,113398.91,,,,,-1,2,0.60 ,0.70 ,0,6886,2803,44.33 ,42.13 ,44.05 ,0.89 ,0.71 ,1.33 ,1,-280.65 ,-311.69 
2025-08-21T01:00:00+09:00,113294.20 ,114253.40 ,113230.00 ,113786.70 ,114064.8476,112759.5324,117575.5795,114589.8533,113412.19,,,,,-1,2,0.17 ,1.13 ,0,4439,2931,50.59 ,44.20 ,43.90 ,0.89 ,0.73 ,1.37 ,1,-231.31 ,-289.70 
2025-08-21T02:00:00+09:00,113786.70 ,114407.00 ,113723.30 ,114139.00 ,114175.5805,112726.1995,117554.534,114564.6583,113450.89,,,,,1,1,0.14 ,1.43 ,0,1925,2974,54.53 ,45.62 ,43.84 ,0.79 ,0.76 ,1.41 ,1,-161.92 ,-267.56 
2025-08-21T03:00:00+09:00,114139.00 ,114221.90 ,113203.10 ,113440.40 ,114175.6803,112758.0197,117529.74,114535.17,113466.85,,,,,1,1,0.47 ,0.82 ,0,3009,3069,46.60 ,43.38 ,43.72 ,0.83 ,0.79 ,1.47 ,1,-161.43 ,-249.08 
2025-08-21T04:00:00+09:00,113440.40 ,114281.00 ,113418.30 ,114225.20 ,114254.234,112819.876,117508.5075,114519.59,113537.055,,112320,,,1,1,0.22 ,1.67 ,1,1769,3006,54.59 ,46.40 ,43.63 ,0.80 ,0.82 ,1.52 ,1,-96.61 ,-227.46 
2025-08-21T05:00:00+09:00,114225.20 ,114336.40 ,113946.30 ,114332.60 ,114369.4617,112821.9183,117484.101,114506.965,113595.69,,,,,1,1,0.31 ,1.76 ,0,819,2939,55.57 ,46.79 ,43.19 ,0.65 ,0.83 ,1.56 ,1,-36.15 ,-201.65 
2025-08-21T06:00:00+09:00,114332.60 ,114418.90 ,113940.10 ,114292.20 ,114434.4648,112890.5952,117461.527,114495.1683,113662.53,,,,,1,1,0.28 ,1.73 ,0,1471,2823,55.09 ,46.66 ,42.33 ,0.57 ,0.84 ,1.56 ,1,8.41 ,-173.02 
2025-08-21T07:00:00+09:00,114292.20 ,114563.00 ,114142.70 ,114528.00 ,114566.5463,112872.8937,117437.1775,114486.9333,113719.72,,,,,1,1,0.48 ,1.93 ,0,1370,2793,57.41 ,47.55 ,41.34 ,0.50 ,0.84 ,1.56 ,1,62.03 ,-131.89 
2025-08-21T08:00:00+09:00,114528.00 ,114546.50 ,114152.40 ,114210.10 ,114621.1269,112892.5631,117408.767,114475.3917,113756.845,,,,,1,1,0.21 ,1.65 ,0,748,2757,53.40 ,46.49 ,40.24 ,0.45 ,0.84 ,1.56 ,1,77.98 ,-91.07 
2025-08-21T09:00:00+09:00,114210.10 ,114438.90 ,113960.00 ,114235.30 ,114674.0506,112905.6494,117381.9935,114454.6133,113789.85,,,,,1,1,0.23 ,1.68 ,0,1516,2768,53.68 ,46.58 ,39.26 ,0.44 ,0.84 ,1.57 ,1,91.59 ,-49.71 
2025-08-21T10:00:00+09:00,114235.30 ,114683.70 ,113894.50 ,114678.20 ,114803.0959,112879.2641,117359.2935,114452.8117,113841.18,,,,,1,1,0.61 ,2.06 ,0,1464,2787,58.35 ,48.25 ,37.99 ,0.52 ,0.86 ,1.60 ,1,136.55 ,-8.84 
2025-08-21T11:00:00+09:00,114678.20 ,114760.00 ,113840.70 ,113997.40 ,114818.6401,112903.0999,117332.7985,114426.46,113860.87,,,,,1,1,0.02 ,1.47 ,0,2087,2850,50.00 ,45.99 ,36.43 ,0.62 ,0.88 ,1.65 ,1,115.90 ,22.03 
2025-08-21T12:00:00+09:00,113997.40 ,114484.10 ,113902.20 ,113905.30 ,114821.6757,112947.9143,117304.3235,114390.075,113884.795,,,,,1,1,0.06 ,1.39 ,0,1351,2852,48.98 ,45.70 ,34.65 ,0.58 ,0.90 ,1.68 ,1,91.06 ,50.08 
2025-08-21T13:00:00+09:00,113905.30 ,113990.00 ,113745.60 ,113754.70 ,114812.5444,112936.7456,117272.415,114354.2833,113874.645,,,,,1,1,0.19 ,1.26 ,0,811,2730,47.29 ,45.21 ,32.87 ,0.46 ,0.91 ,1.69 ,1,58.55 ,67.32 
2025-08-21T14:00:00+09:00,113754.70 ,113974.90 ,113584.60 ,113951.90 ,114822.3988,112956.5012,117242.904,114314.1383,113889.45,,,,,1,1,0.02 ,1.43 ,0,1270,2679,49.74 ,45.98 ,31.31 ,0.42 ,0.91 ,1.70 ,1,48.13 ,76.69 
2025-08-21T15:00:00+09:00,113951.90 ,113951.90 ,113569.30 ,113758.10 ,114822.75,112957.92,117211.47,114269.64,113890.335,,,,,1,1,0.19 ,1.26 ,0,1217,2684,47.40 ,45.34 ,29.97 ,0.39 ,0.91 ,1.70 ,1,23.97 ,78.42 
2025-08-21T16:00:00+09:00,113758.10 ,113887.00 ,113524.70 ,113841.30 ,114825.9728,112976.5072,117180.4765,114229.2433,113901.24,114760,,,,1,1,0.81 ,1.34 ,0,980,2570,48.52 ,45.67 ,28.75 ,0.37 ,0.91 ,1.69 ,1,11.40 ,72.79 
2025-08-21T17:00:00+09:00,113841.30 ,113948.00 ,113541.10 ,113541.10 ,114827.2685,112968.9115,117149.8355,114182.2733,113898.09,,,,,1,1,1.07 ,1.08 ,0,1148,2477,44.82 ,44.68 ,27.77 ,0.37 ,0.90 ,1.68 ,1,-22.52 ,61.63 
2025-08-21T18:00:00+09:00,113541.10 ,113580.00 ,113261.90 ,113351.40 ,114709.2138,113158.1162,117119.41,114128.1567,113933.665,,,,,1,1,1.24 ,0.91 ,0,2802,2339,42.60 ,44.06 ,27.27 ,0.34 ,0.88 ,1.64 ,1,-63.98 ,44.34 
2025-08-21T19:00:00+09:00,113351.40 ,113443.50 ,113184.10 ,113300.00 ,114719.8985,113136.4115,117088.375,114077.5233,113928.155,,,,112320,1,1,1.29 ,0.86 ,0,1877,1948,42.00 ,43.90 ,27.26 ,0.30 ,0.84 ,1.57 ,1,-99.83 ,18.08 
2025-08-21T20:00:00+09:00,113300.00 ,113512.80 ,112949.10 ,113110.10 ,114743.5601,113094.3399,117056.699,114026.405,113918.95,,,,,1,1,1.46 ,0.70 ,0,1712,1689,39.75 ,43.28 ,27.70 ,0.37 ,0.80 ,1.49 ,-1,-141.93 ,-10.57 
2025-08-21T21:00:00+09:00,113110.10 ,113375.30 ,112908.40 ,113062.10 ,114787.1932,112978.2468,117025.5095,113968.8967,113882.72,,,,,1,1,1.50 ,0.66 ,0,2138,1574,39.18 ,43.12 ,28.46 ,0.38 ,0.76 ,1.42 ,-1,-177.12 ,-40.37 
2025-08-21T22:00:00+09:00,113062.10 ,113669.50 ,113012.60 ,113439.70 ,114763.8876,112931.6224,116997.5345,113930.3483,113847.755,,,,,1,1,1.16 ,0.99 ,0,3627,1659,45.78 ,44.73 ,29.11 ,0.45 ,0.74 ,1.37 ,-1,-172.56 ,-66.05 
2025-08-21T23:00:00+09:00,113439.70 ,113934.40 ,112860.00 ,113240.80 ,114775.5339,112900.0161,116966.87,113889.2767,113837.775,,,,,1,1,1.34 ,0.81 ,0,4046,1711,43.12 ,44.06 ,29.37 ,0.61 ,0.72 ,1.34 ,-1,-182.88 ,-91.72 
2025-08-22T00:00:00+09:00,113240.80 ,113345.00 ,112561.20 ,112753.90 ,114795.0747,112733.3453,116932.9745,113855.8417,113764.21,,,,,1,1,1.78 ,0.38 ,0,3251,1785,37.41 ,42.46 ,29.58 ,0.64 ,0.71 ,1.32 ,-1,-227.73 ,-119.68 
2025-08-22T01:00:00+09:00,112753.90 ,112946.30 ,112278.30 ,112343.50 ,114831.8826,112497.6274,116894.665,113807.1,113664.755,,,,,1,1,2.15 ,0.02 ,0,2867,1888,33.39 ,41.18 ,29.69 ,0.63 ,0.71 ,1.32 ,-1,-293.00 ,-153.51 
2025-08-22T02:00:00+09:00,112343.50 ,112575.80 ,112158.60 ,112386.20 ,114824.0711,112314.8389,116856.1635,113764.8417,113569.455,,,,,1,1,2.11 ,0.06 ,0,3124,1970,34.18 ,41.37 ,29.73 ,0.54 ,0.70 ,1.31 ,-1,-337.40 ,-188.49 
2025-08-22T03:00:00+09:00,112386.20 ,112633.70 ,112186.90 ,112562.60 ,114717.9501,112224.4199,116816.72,113724.66,113471.185,,,,,1,1,1.95 ,0.22 ,0,2036,2004,37.49 ,42.15 ,29.52 ,0.49 ,0.70 ,1.31 ,-1,-354.27 ,-220.75 
2025-08-22T04:00:00+09:00,112562.60 ,112689.00 ,111966.20 ,112156.10 ,114690.9542,112046.0158,116774.862,113678.275,113368.485,113934.4,,,,-1,1,1.59 ,0.15 ,0,2689,2101,33.33 ,40.87 ,29.17 ,0.55 ,0.71 ,1.33 ,-1,-395.88 ,-253.64 
2025-08-22T05:00:00+09:00,112156.10 ,112834.60 ,112019.80 ,112408.10 ,114599.8995,111954.3505,116735.7025,113632.4933,113277.125,,,,,-1,1,1.36 ,0.08 ,0,1892,2119,37.93 ,41.98 ,28.94 ,0.60 ,0.72 ,1.35 ,-1,-403.86 ,-282.74 
2025-08-22T06:00:00+09:00,112408.10 ,112697.30 ,112050.10 ,112586.90 ,114359.4369,111985.6831,116689.8435,113587.5917,113172.56,,,,,-1,1,1.20 ,0.24 ,0,2177,2155,41.03 ,42.77 ,29.05 ,0.59 ,0.73 ,1.36 ,-1,-391.25 ,-306.54 
2025-08-22T07:00:00+09:00,112586.90 ,112665.40 ,112360.50 ,112460.10 ,114257.8015,111933.5885,116647.718,113539.4367,113095.695,,,114760,,-1,1,1.31 ,0.12 ,0,977,2100,39.52 ,42.35 ,29.28 ,0.49 ,0.72 ,1.34 ,-1,-387.02 ,-330.37 
2025-08-22T08:00:00+09:00,112460.10 ,112460.10 ,112220.20 ,112459.50 ,114154.5305,111892.2795,116605.546,113489.5033,113023.405,,,,,-1,1,1.31 ,0.12 ,0,1239,2094,39.51 ,42.35 ,29.54 ,0.40 ,0.70 ,1.32 ,-1,-379.35 ,-352.20 
2025-08-22T09:00:00+09:00,112459.50 ,112799.40 ,112435.40 ,112583.80 ,114059.13,111870.59,116561.39,113440.235,112964.86,,111966.2,,,-1,1,1.20 ,0.55 ,0,1466,2127,41.94 ,42.91 ,29.39 ,0.37 ,0.70 ,1.30 ,-1,-359.10 ,-366.79 
2025-08-22T10:00:00+09:00,112583.80 ,112874.00 ,112270.60 ,112794.20 ,113904.4717,111909.4783,116516.4545,113401.055,112906.975,,,,,-1,1,1.01 ,0.73 ,0,1393,2133,45.90 ,43.86 ,29.06 ,0.43 ,0.70 ,1.30 ,-1,-322.36 ,-370.05 
2025-08-22T11:00:00+09:00,112794.20 ,113482.80 ,112733.00 ,113095.20 ,113797.3062,111950.3538,116474.0025,113388.615,112873.83,,,,,-1,1,0.74 ,1.00 ,0,2796,2212,51.04 ,45.19 ,28.48 ,0.50 ,0.71 ,1.32 ,-1,-265.89 ,-362.11 
2025-08-22T12:00:00+09:00,113095.20 ,113400.00 ,112836.40 ,112880.90 ,113635.992,112015.628,116424.822,113374.4333,112825.81,,,,,-1,1,0.93 ,0.81 ,0,1929,2259,47.58 ,44.43 ,27.85 ,0.50 ,0.72 ,1.34 ,1,-235.71 ,-348.94 
2025-08-22T13:00:00+09:00,112880.90 ,113214.90 ,112655.00 ,112799.90 ,113529.4979,112048.0021,116374.322,113365.4067,112788.75,,,,,-1,1,1.01 ,0.74 ,0,1307,2267,46.30 ,44.14 ,26.99 ,0.50 ,0.73 ,1.36 ,1,-215.84 ,-328.93 
2025-08-22T14:00:00+09:00,112799.90 ,113240.00 ,112799.90 ,113198.90 ,113501.4058,112060.8442,116327.455,113360.9,112781.125,,,,,-1,1,0.65 ,1.09 ,0,956,2175,53.01 ,45.90 ,25.97 ,0.46 ,0.74 ,1.37 ,1,-165.99 ,-302.50 
2025-08-22T15:00:00+09:00,113198.90 ,113347.40 ,112800.00 ,112947.00 ,113448.4677,112078.4823,116277.3555,113359.7983,112763.475,,,,,-1,1,0.87 ,0.87 ,0,1400,2151,48.86 ,44.99 ,24.76 ,0.47 ,0.75 ,1.40 ,1,-145.13 ,-275.16 
2025-08-22T16:00:00+09:00,112947.00 ,113209.30 ,112900.50 ,113041.40 ,113438.7052,112081.3748,116225.9665,113359.3,112760.04,113482.8,,,,-1,1,0.39 ,0.95 ,0,974,2114,50.42 ,45.40 ,23.78 ,0.40 ,0.75 ,1.40 ,1,-119.60 ,-245.44 
2025-08-22T17:00:00+09:00,113041.40 ,113278.20 ,112904.10 ,112946.90 ,113424.4957,112084.0643,116171.3795,113349.73,112754.28,,,,,-1,1,0.47 ,0.87 ,0,1032,2059,48.81 ,45.06 ,22.92 ,0.38 ,0.75 ,1.40 ,1,-105.78 ,-215.05 
2025-08-22T18:00:00+09:00,112946.90 ,113086.80 ,112772.00 ,113012.10 ,113338.4533,112127.3467,116119.663,113343.8483,112732.9,,,,,-1,1,0.42 ,0.93 ,0,1200,1938,50.00 ,45.35 ,21.99 ,0.35 ,0.74 ,1.39 ,1,-88.54 ,-184.98 
2025-08-22T19:00:00+09:00,113012.10 ,113027.30 ,112472.70 ,112486.70 ,113262.2387,112128 ,116063.5295,113333.2733,112695.195,,,,,-1,1,0.89 ,0.46 ,0,2065,1838,41.62 ,43.43 ,21.08 ,0.40 ,0.73 ,1.36 ,1,-115.94 ,-162.05 
2025-08-22T20:00:00+09:00,112486.70 ,112587.30 ,112127.00 ,112276.20 ,113266.0189,112076.6011,116007.9385,113324.1917,112671.31,,,,,-1,1,1.07 ,0.28 ,0,2522,1802,38.81 ,42.69 ,20.56 ,0.40 ,0.71 ,1.32 ,1,-152.88 ,-149.49 
2025-08-22T21:00:00+09:00,112276.20 ,112693.10 ,111631.00 ,112282.20 ,113270.267,112066.223,115954.09,113309.5633,112668.245,,,,,-1,1,1.07 ,0.28 ,0,8714,2094,38.94 ,42.72 ,20.61 ,0.58 ,0.71 ,1.32 ,1,-179.60 ,-143.26 
2025-08-22T22:00:00+09:00,112282.20 ,112617.70 ,111885.00 ,112435.30 ,113268.4869,112072.9131,115905.319,113300.895,112670.7,,,,,-1,1,0.93 ,0.42 ,0,4569,2167,42.22 ,43.45 ,21.07 ,0.61 ,0.71 ,1.33 ,1,-186.27 ,-139.97 
2025-08-22T23:00:00+09:00,112435.30 ,116044.10 ,112423.80 ,115744.50 ,114293.8362,111365.7538,115875.023,113340.2333,112829.795,,,,,1,1,1.95 ,3.26 ,0,41187,4124,74.32 ,55.86 ,21.99 ,1.43 ,0.78 ,1.46 ,-1,74.61 ,-113.24 
2025-08-23T00:00:00+09:00,115744.50 ,117247.60 ,115744.50 ,116306.30 ,115110.375,110964.235,115847.792,113387.545,113037.305,,,,,1,1,2.43 ,3.73 ,0,11353,4557,76.69 ,57.48 ,23.38 ,1.38 ,0.84 ,1.58 ,-1,322.96 ,-61.23 
2025-08-23T01:00:00+09:00,116306.30 ,116734.70 ,116074.40 ,116111.20 ,115666.0385,110778.8815,115820.125,113429.8117,113222.46,,,,,1,1,2.26 ,3.57 ,0,5339,4730,74.13 ,56.74 ,25.35 ,1.11 ,0.88 ,1.65 ,-1,498.30 ,7.43 
2025-08-23T02:00:00+09:00,116111.20 ,116970.10 ,116111.20 ,116962.30 ,116356.0419,110526.4181,115796.676,113484.99,113441.23,,111631,,,1,1,2.97 ,4.56 ,1,4976,4870,77.64 ,59.08 ,27.79 ,0.98 ,0.91 ,1.70 ,-1,697.89 ,96.72 
2025-08-23T03:00:00+09:00,116962.30 ,117381.40 ,116686.30 ,116750.10 ,116866.538,110444.922,115775.668,113537.4317,113655.73,,,,,1,1,2.80 ,4.38 ,0,3508,4996,74.91 ,58.27 ,30.47 ,0.85 ,0.94 ,1.75 ,-1,829.38 ,198.72 
2025-08-23T04:00:00+09:00,116750.10 ,116865.00 ,116463.40 ,116612.60 ,117269.149,110457.621,115753.937,113590.5283,113863.385,,,,,1,1,2.68 ,4.27 ,0,1042,4986,73.12 ,57.76 ,33.06 ,0.68 ,0.96 ,1.79 ,-1,911.98 ,312.93 
2025-08-23T05:00:00+09:00,116612.60 ,117064.80 ,116530.30 ,117009.10 ,117697.8249,110471.4751,115744.815,113641.385,114084.65,,,,,1,1,3.01 ,4.60 ,0,1617,4994,74.98 ,58.83 ,35.57 ,0.61 ,0.98 ,1.83 ,-1,997.93 ,440.80 
2025-08-23T06:00:00+09:00,117009.10 ,117134.00 ,116780.00 ,116981.80 ,118065.6764,110522.3836,115737.8645,113696.8183,114294.03,,,,,1,1,2.99 ,4.57 ,0,1247,4987,74.60 ,58.73 ,37.98 ,0.51 ,0.98 ,1.84 ,-1,1051.72 ,577.61 
2025-08-23T07:00:00+09:00,116981.80 ,117006.50 ,116512.10 ,116714.20 ,118345.1674,110604.7926,115727.7005,113746.3817,114474.98,,,,,1,1,2.77 ,4.36 ,0,1015,4898,70.79 ,57.70 ,40.02 ,0.48 ,0.98 ,1.83 ,-1,1060.53 ,716.14 
2025-08-23T08:00:00+09:00,116714.20 ,116900.90 ,116631.00 ,116900.00 ,118611.0011,110740.8689,115721.153,113800.995,114675.935,117381.4,,,,1,1,0.41 ,4.51 ,0,687,4835,71.86 ,58.22 ,41.71 ,0.40 ,0.97 ,1.82 ,-1,1070.17 ,826.76 
2025-08-23T09:00:00+09:00,116900.00 ,116984.00 ,116686.90 ,116823.70 ,118819.3975,110934.8525,115716.1695,113854.655,114877.125,,,,,1,1,0.48 ,4.44 ,0,900,4815,70.71 ,57.92 ,43.09 ,0.35 ,0.96 ,1.80 ,-1,1059.44 ,908.59 
2025-08-23T10:00:00+09:00,116823.70 ,116828.60 ,116238.20 ,116400.80 ,118953.8538,111120.5862,115708.7405,113917.3367,115037.22,,,,,1,1,0.84 ,4.10 ,0,1803,4857,64.55 ,56.28 ,43.88 ,0.40 ,0.96 ,1.79 ,-1,1005.23 ,964.92 
2025-08-23T11:00:00+09:00,116400.80 ,116498.80 ,115450.10 ,115891.10 ,118995.6402,111373.2098,115697.979,113958.685,115184.425,,,,,1,1,1.29 ,3.68 ,0,4502,5013,57.99 ,54.39 ,43.88 ,0.57 ,0.97 ,1.80 ,-1,910.63 ,988.56 
2025-08-23T12:00:00+09:00,115891.10 ,116009.10 ,115427.70 ,115541.10 ,118993.1321,111625.6879,115686.235,113996.1333,115309.41,,,,,1,1,1.59 ,3.38 ,0,2013,5064,53.93 ,53.14 ,43.13 ,0.55 ,0.98 ,1.82 ,-1,798.22 ,985.09 
2025-08-23T13:00:00+09:00,115541.10 ,115937.50 ,115526.10 ,115896.60 ,118983.291,111930.499,115676.668,114031.2983,115456.895,,,,,1,1,1.28 ,3.68 ,0,1530,5089,57.21 ,54.23 ,41.69 ,0.48 ,0.98 ,1.84 ,-1,729.42 ,964.81 
2025-08-23T14:00:00+09:00,115896.60 ,116014.00 ,115767.70 ,115933.90 ,118949.6553,112256.3147,115667.103,114061.2133,115602.985,,,,,1,1,1.25 ,3.71 ,0,1193,5089,57.55 ,54.35 ,39.80 ,0.39 ,0.99 ,1.84 ,-1,670.17 ,928.39 
2025-08-23T15:00:00+09:00,115933.90 ,115994.90 ,115655.00 ,115750.00 ,118792.0031,112740.2969,115654.6775,114099.7067,115766.15,,,,,1,1,1.41 ,3.56 ,0,1436,5058,55.21 ,53.67 ,37.45 ,0.36 ,0.99 ,1.84 ,-1,601.45 ,878.36 
2025-08-23T16:00:00+09:00,115750.00 ,115891.90 ,115630.00 ,115769.30 ,118509.4275,113372.1825,115642.3035,114125.4417,115940.805,,,,,1,1,1.39 ,3.57 ,0,1375,5000,55.42 ,53.74 ,34.65 ,0.32 ,0.98 ,1.83 ,-1,542.29 ,820.78 
2025-08-23T17:00:00+09:00,115769.30 ,115836.20 ,115574.60 ,115724.10 ,118065.2496,114160.5504,115630.296,114148.6333,116112.9,,115427.7,,111631,1,1,1.43 ,0.26 ,0,1117,4620,54.79 ,53.57 ,31.73 ,0.29 ,0.96 ,1.79 ,-1,486.15 ,755.89 
2025-08-23T18:00:00+09:00,115724.10 ,115760.70 ,115587.60 ,115742.60 ,117290.5705,115265.9595,115615.8425,114172.8067,116278.265,,,,,1,1,1.42 ,0.27 ,0,750,4429,55.01 ,53.63 ,29.07 ,0.24 ,0.93 ,1.73 ,1,438.11 ,686.85 
2025-08-23T19:00:00+09:00,115742.60 ,115751.50 ,115560.70 ,115560.70 ,117303.6878,115234.4622,115600.4055,114190.0183,116269.075,,,,,1,1,1.58 ,0.12 ,0,606,2400,52.25 ,52.93 ,26.66 ,0.22 ,0.84 ,1.56 ,-1,380.96 ,617.49 
2025-08-23T20:00:00+09:00,115560.70 ,115597.10 ,115186.10 ,115266.60 ,117339.7333,115094.4467,115582.162,114207.6267,116217.09,,,,,-1,1,1.83 ,0.14 ,0,2075,1937,48.05 ,51.81 ,24.72 ,0.26 ,0.75 ,1.41 ,-1,308.39 ,550.57 
2025-08-23T21:00:00+09:00,115266.60 ,115450.00 ,115138.20 ,115184.40 ,117380.2067,114961.2933,115564.1835,114223.445,116170.75,,,,,-1,1,1.91 ,0.21 ,0,1731,1756,46.91 ,51.50 ,23.20 ,0.27 ,0.69 ,1.29 ,-1,241.46 ,488.71 
2025-08-23T22:00:00+09:00,115184.40 ,115187.50 ,114713.60 ,114829.00 ,117349.3959,114778.7741,115543.6685,114225.9583,116064.085,,,,,-1,1,2.22 ,0.52 ,0,4567,1736,42.27 ,50.18 ,22.30 ,0.32 ,0.64 ,1.20 ,-1,157.92 ,425.21 
2025-08-23T23:00:00+09:00,114829.00 ,115054.50 ,114576.10 ,114583.90 ,117351.9004,114559.6496,115521.3655,114235.7333,115955.775,,,117381.4,,-1,1,2.44 ,0.74 ,0,3523,1736,39.37 ,49.29 ,22.05 ,0.35 ,0.60 ,1.12 ,-1,71.11 ,358.65 
2025-08-24T00:00:00+09:00,114583.90 ,114917.00 ,114515.40 ,114777.30 ,117315.547,114412.473,115500.6885,114250.2667,115864.01,,,,,-1,1,2.27 ,0.57 ,0,2078,1788,42.71 ,50.00 ,22.37 ,0.35 ,0.58 ,1.08 ,-1,17.72 ,293.79 
2025-08-24T01:00:00+09:00,114777.30 ,115060.10 ,114656.80 ,114973.70 ,117162.8882,114361.5918,115481.42,114270.5833,115762.24,,,,,-1,1,2.09 ,0.39 ,0,1309,1773,45.96 ,50.73 ,23.06 ,0.35 ,0.56 ,1.04 ,-1,-8.65 ,232.57 
2025-08-24T02:00:00+09:00,114973.70 ,115135.70 ,114910.00 ,115051.20 ,116980.3177,114351.1023,115463.3865,114288.905,115665.71,,,,,-1,1,2.03 ,0.33 ,0,1244,1773,47.23 ,51.01 ,24.00 ,0.30 ,0.54 ,1.01 ,-1,-23.02 ,176.00 
2025-08-24T03:00:00+09:00,115051.20 ,115150.00 ,115003.80 ,115102.20 ,116828.4323,114341.7877,115444.8075,114311.3067,115585.11,,,,,-1,1,1.98 ,0.28 ,0,709,1757,48.10 ,51.20 ,24.93 ,0.24 ,0.52 ,0.98 ,-1,-29.96 ,123.99 
2025-08-24T04:00:00+09:00,115102.20 ,115123.20 ,115007.20 ,115097.80 ,116597.3059,114392.6941,115425.59,114332.2483,115495,,,,,-1,1,1.98 ,0.29 ,0,422,1744,48.03 ,51.18 ,25.81 ,0.19 ,0.51 ,0.95 ,-1,-35.40 ,77.73 
2025-08-24T05:00:00+09:00,115097.80 ,115285.60 ,115068.60 ,115282.50 ,116338.4115,114497.4685,115409.0695,114361.2717,115417.94,,114515.4,,,-1,1,1.82 ,0.67 ,0,596,1729,51.37 ,51.88 ,26.26 ,0.19 ,0.50 ,0.93 ,-1,-24.52 ,40.74 
2025-08-24T06:00:00+09:00,115282.50 ,115282.60 ,114963.50 ,114986.90 ,116166.5331,114527.9569,115395.394,114388.53,115347.245,,,,,-1,1,2.08 ,0.41 ,0,1031,1690,46.24 ,50.69 ,26.36 ,0.22 ,0.48 ,0.90 ,-1,-39.31 ,9.54 
2025-08-24T07:00:00+09:00,114986.90 ,115265.20 ,114986.90 ,115265.20 ,116096.6587,114535.2413,115384.924,114421.2833,115315.95,,,,,-1,1,1.84 ,0.65 ,0,450,1488,51.19 ,51.76 ,26.12 ,0.23 ,0.46 ,0.86 ,-1,-28.24 ,-11.14 
2025-08-24T08:00:00+09:00,115265.20 ,115385.50 ,115204.00 ,115377.40 ,116082.268,114533.262,115375.718,114459.0717,115307.765,,,,,-1,1,1.74 ,0.75 ,0,497,1412,53.06 ,52.18 ,25.56 ,0.20 ,0.43 ,0.81 ,-1,-10.29 ,-20.19 
2025-08-24T09:00:00+09:00,115377.40 ,115513.50 ,115270.00 ,115331.60 ,116005.7594,114553.2706,115365.822,114496.8967,115279.515,,,,,-1,1,1.78 ,0.71 ,0,1052,1388,52.18 ,51.99 ,24.73 ,0.21 ,0.41 ,0.77 ,-1,0.23 ,-22.13 
2025-08-24T10:00:00+09:00,115331.60 ,115527.90 ,115136.00 ,115421.50 ,115919.6227,114588.1673,115355.1825,114529.9267,115253.895,,,,,-1,1,1.70 ,0.79 ,0,1481,1402,53.80 ,52.34 ,23.73 ,0.25 ,0.40 ,0.75 ,-1,15.64 ,-19.43 
2025-08-24T11:00:00+09:00,115421.50 ,115620.00 ,114956.40 ,114979.00 ,115850.2768,114580.4132,115344.4625,114558.8967,115215.345,,,,,-1,1,2.09 ,0.40 ,0,1545,1408,45.60 ,50.50 ,22.73 ,0.36 ,0.40 ,0.75 ,-1,-7.76 ,-17.73 
2025-08-24T12:00:00+09:00,114979.00 ,115128.10 ,114904.70 ,115008.00 ,115764.2789,114590.2811,115334.986,114596.465,115177.28,,,,,-1,1,2.06 ,0.43 ,0,1089,1394,46.18 ,50.61 ,21.97 ,0.30 ,0.40 ,0.75 ,-1,-23.69 ,-17.04 
2025-08-24T13:00:00+09:00,115008.00 ,115251.80 ,115008.00 ,115136.00 ,115678.5797,114617.1703,115324.4155,114643.0067,115147.875,,,,,-1,1,1.95 ,0.54 ,0,525,1364,48.77 ,51.13 ,21.17 ,0.27 ,0.40 ,0.75 ,-1,-25.70 ,-15.96 
2025-08-24T14:00:00+09:00,115136.00 ,115185.30 ,114907.00 ,114970.00 ,115568.8826,114649.6074,115312.8655,114686.07,115109.245,,,,,-1,1,2.10 ,0.40 ,0,1058,1379,45.70 ,50.43 ,20.44 ,0.26 ,0.40 ,0.75 ,1,-40.22 ,-17.70 
2025-08-24T15:00:00+09:00,114970.00 ,115039.20 ,114821.30 ,114840.10 ,115497.2428,114649.1872,115298.7625,114724.0283,115073.215,,,,,-1,1,2.21 ,0.28 ,0,728,1386,43.40 ,49.88 ,20.00 ,0.24 ,0.40 ,0.75 ,1,-61.49 ,-20.17 
2025-08-24T16:00:00+09:00,114840.10 ,115098.10 ,114835.30 ,114855.00 ,115477.0752,114628.1948,115286.571,114769.01,115052.635,115620,,,,-1,1,0.67 ,0.30 ,0,996,1332,43.75 ,49.95 ,19.78 ,0.24 ,0.40 ,0.75 ,1,-76.28 ,-25.51 
2025-08-24T17:00:00+09:00,114855.00 ,114950.00 ,114730.60 ,114816.70 ,115466.0579,114602.4421,115272.2245,114809.1533,115034.25,,,,,-1,1,0.70 ,0.26 ,0,855,1288,43.01 ,49.78 ,19.82 ,0.22 ,0.40 ,0.74 ,1,-90.04 ,-34.37 
2025-08-24T18:00:00+09:00,114816.70 ,115038.90 ,114647.90 ,114833.60 ,115465.8551,114603.1049,115257.5155,114846.5983,115034.48,,,,,-1,1,0.68 ,0.28 ,0,1304,1125,43.46 ,49.86 ,19.80 ,0.26 ,0.39 ,0.73 ,1,-98.46 ,-45.33 
2025-08-24T19:00:00+09:00,114833.60 ,114935.60 ,114583.00 ,114759.60 ,115443.6187,114642.9113,115244.0535,114884.9233,115043.265,,,,,-1,1,0.75 ,0.21 ,0,1813,1039,41.89 ,49.53 ,19.74 ,0.28 ,0.39 ,0.72 ,1,-109.83 ,-59.27 
2025-08-24T20:00:00+09:00,114759.60 ,114871.40 ,114602.00 ,114710.10 ,115450.1369,114629.6731,115230.7205,114922.4333,115039.905,,,,114515.4,-1,1,0.79 ,0.17 ,0,936,982,40.83 ,49.31 ,19.81 ,0.26 ,0.38 ,0.71 ,1,-121.43 ,-71.90 
2025-08-24T21:00:00+09:00,114710.10 ,114814.50 ,114574.50 ,114662.80 ,115465.8219,114582.8981,115215.2295,114957.0833,115024.36,,,,,-1,1,0.83 ,0.13 ,0,845,959,39.79 ,49.09 ,19.93 ,0.24 ,0.37 ,0.70 ,-1,-132.92 ,-84.04 
2025-08-24T22:00:00+09:00,114662.80 ,114853.00 ,114538.50 ,114538.60 ,115487.9227,114509.5373,115200.1615,114986.1567,114998.73,,,,,-1,1,0.94 ,0.02 ,0,2275,1010,37.13 ,48.52 ,19.95 ,0.25 ,0.37 ,0.69 ,-1,-150.31 ,-97.89 
2025-08-24T23:00:00+09:00,114538.60 ,114638.60 ,114325.40 ,114502.60 ,115500.5414,114436.9586,115185.9525,115009.6133,114968.75,,,,,-1,2,0.98 ,0.01 ,0,2322,1091,36.37 ,48.36 ,20.19 ,0.26 ,0.37 ,0.69 ,-1,-165.09 ,-111.76 
2025-08-25T00:00:00+09:00,114502.60 ,114840.90 ,114380.60 ,114380.70 ,115518.9748,114346.8152,115170.191,115034.61,114932.895,,,,,-1,2,1.08 ,0.12 ,0,2686,1204,33.84 ,47.79 ,20.22 ,0.31 ,0.38 ,0.71 ,-1,-184.51 ,-125.43 
2025-08-25T01:00:00+09:00,114380.70 ,114531.80 ,114221.10 ,114259.10 ,115513.6833,114249.7667,115153.5945,115058.93,114881.725,,,,,-1,2,1.19 ,0.22 ,0,1924,1271,31.48 ,47.23 ,20.33 ,0.30 ,0.39 ,0.72 ,-1,-207.33 ,-139.99 
2025-08-25T02:00:00+09:00,114259.10 ,114571.10 ,114218.00 ,114417.30 ,115514.3446,114192.1454,115139.3655,115079.2367,114853.245,,,,,-1,2,1.05 ,0.09 ,0,2396,1339,37.57 ,48.04 ,20.41 ,0.30 ,0.39 ,0.74 ,-1,-210.22 ,-153.34 
2025-08-25T03:00:00+09:00,114417.30 ,114904.00 ,114303.70 ,114615.90 ,115461.2188,114180.3412,115125.732,115107.0517,114820.78,,,,,-1,2,0.88 ,0.09 ,0,2914,1462,44.25 ,49.04 ,20.37 ,0.37 ,0.40 ,0.76 ,-1,-194.25 ,-163.99 
2025-08-25T04:00:00+09:00,114615.90 ,114774.20 ,110550.00 ,112563.10 ,115815.1499,113544.9801,115101.889,115099.08,114680.065,,,,,-1,2,2.72 ,1.73 ,0,62318,4553,20.18 ,40.76 ,21.00 ,1.51 ,0.50 ,0.94 ,-1,-343.28 ,-189.93 
2025-08-25T05:00:00+09:00,112563.10 ,112956.50 ,111608.90 ,112729.60 ,115927.1639,113172.7661,115077.0905,115095.4583,114549.965,,,,,-1,2,2.56 ,1.58 ,0,9401,4971,23.80 ,41.58 ,22.29 ,1.40 ,0.59 ,1.11 ,-1,-442.85 ,-225.64 
2025-08-25T06:00:00+09:00,112729.60 ,113366.70 ,112330.20 ,112941.40 ,115909.4523,112942.4677,115053.955,115094.28,114425.96,,,,,-1,2,2.37 ,1.39 ,0,3103,5052,28.26 ,42.61 ,23.75 ,1.24 ,0.67 ,1.24 ,-1,-498.91 ,-266.31 
2025-08-25T07:00:00+09:00,112941.40 ,113449.30 ,112561.30 ,113399.80 ,115871.8741,112822.1259,115032.356,115109.4983,114347,,,,,-1,2,1.96 ,0.98 ,0,2817,5115,36.87 ,44.75 ,25.65 ,1.08 ,0.72 ,1.34 ,-1,-500.59 ,-305.23 
2025-08-25T08:00:00+09:00,113399.80 ,113647.90 ,113310.80 ,113442.50 ,115810.4685,112726.9815,115011.483,115128.9367,114268.725,114904,,,,-1,2,1.29 ,0.95 ,0,1442,5133,37.62 ,44.95 ,27.68 ,0.82 ,0.76 ,1.42 ,-1,-492.79 ,-341.64 
2025-08-25T09:00:00+09:00,113442.50 ,113470.00 ,112114.00 ,112609.00 ,115789.6818,112495.0682,114986.053,115134.3833,114142.375,,110550,,,-1,2,2.04 ,1.83 ,0,4391,5326,30.10 ,41.98 ,30.07 ,0.95 ,0.81 ,1.51 ,-1,-547.55 ,-381.98 
2025-08-25T10:00:00+09:00,112609.00 ,113099.00 ,112569.10 ,113030.70 ,115714.5962,112376.2238,114962.9755,115144.3067,114045.41,,,,,-1,2,1.66 ,2.19 ,0,1817,5364,36.96 ,43.90 ,32.86 ,0.79 ,0.85 ,1.59 ,-1,-550.58 ,-420.11 
2025-08-25T11:00:00+09:00,113030.70 ,113584.80 ,113027.40 ,113358.00 ,115624.3073,112318.3027,114941.5805,115104.5317,113971.305,,,,,-1,2,1.36 ,2.48 ,0,2101,5433,41.75 ,45.32 ,34.97 ,0.69 ,0.88 ,1.65 ,-1,-520.56 ,-454.60 
2025-08-25T12:00:00+09:00,113358.00 ,113613.90 ,112855.50 ,112864.10 ,115539.626,112203.894,114917.726,115047.1617,113871.76,,,,,-1,2,1.81 ,2.05 ,0,2521,5509,37.16 ,43.61 ,36.52 ,0.68 ,0.92 ,1.71 ,-1,-530.52 ,-491.96 
2025-08-25T13:00:00+09:00,112864.10 ,113024.00 ,112571.50 ,112734.90 ,115446.4629,112088.8771,114893.3675,114990.89,113767.67,,,,,-1,2,1.92 ,1.94 ,0,1768,5555,36.05 ,43.18 ,37.80 ,0.59 ,0.94 ,1.76 ,-1,-542.57 ,-514.10 
2025-08-25T14:00:00+09:00,112734.90 ,112835.00 ,112304.80 ,112304.90 ,115360.2755,111922.1945,114867.8915,114913.2667,113641.235,,,,,-1,2,2.31 ,1.56 ,0,1619,5570,32.55 ,41.76 ,38.94 ,0.55 ,0.97 ,1.80 ,-1,-580.14 ,-529.36 
2025-08-25T15:00:00+09:00,112304.90 ,112439.10 ,111740.00 ,111911.60 ,115293.875,111703.795,114840.344,114832.625,113498.835,,,,,-1,2,2.67 ,1.22 ,0,4719,5716,29.71 ,40.52 ,40.15 ,0.58 ,0.99 ,1.85 ,-1,-634.33 ,-544.40 
2025-08-25T16:00:00+09:00,111911.60 ,112133.20 ,111254.00 ,111474.20 ,115245.9284,111428.1516,114811.0375,114746.985,113337.04,,,,,-1,2,3.08 ,0.83 ,0,5847,5961,26.90 ,39.20 ,41.29 ,0.65 ,1.02 ,1.90 ,-1,-704.46 ,-567.06 
2025-08-25T17:00:00+09:00,111474.20 ,111789.20 ,110906.90 ,111365.20 ,115162.4404,111181.8796,114781.7905,114652.92,113172.16,,,,,-1,2,3.18 ,0.73 ,0,5283,6183,26.23 ,38.88 ,42.42 ,0.70 ,1.05 ,1.96 ,-1,-760.07 ,-596.75 
2025-08-25T18:00:00+09:00,111365.20 ,111800.00 ,111206.20 ,111758.10 ,115010.6045,111055.6655,114753.6485,114565.8583,113033.135,,,,,-1,2,2.81 ,1.08 ,0,2423,6191,32.70 ,40.68 ,43.76 ,0.64 ,1.08 ,2.02 ,-1,-763.63 ,-620.76 
2025-08-25T19:00:00+09:00,111758.10 ,111760.80 ,110900.00 ,110958.60 ,114908.6551,110803.2149,114720.6265,114469.9317,112855.935,,,,,-1,2,3.56 ,0.37 ,0,4009,6275,27.43 ,38.34 ,45.31 ,0.69 ,1.11 ,2.08 ,-1,-821.50 ,-650.86 
2025-08-25T20:00:00+09:00,110958.60 ,111250.10 ,110892.00 ,111192.20 ,114746.0504,110646.9696,114688.406,114374.8017,112696.51,,,,,-1,2,3.34 ,0.58 ,0,2016,6241,30.93 ,39.38 ,47.00 ,0.57 ,1.13 ,2.11 ,-1,-838.84 ,-686.23 
2025-08-25T21:00:00+09:00,111192.20 ,111655.30 ,111041.50 ,111555.90 ,114536.0408,110586.6592,114656.054,114287.005,112561.35,,,,,-1,2,3.00 ,0.90 ,0,2173,6254,36.11 ,40.96 ,48.49 ,0.56 ,1.15 ,2.15 ,-1,-813.85 ,-717.71 
2025-08-25T22:00:00+09:00,111555.90 ,111720.00 ,110533.70 ,111458.60 ,114248.1264,110578.7036,114623.6065,114204.635,112413.415,,,,,-1,2,3.09 ,0.82 ,0,6486,6458,35.34 ,40.67 ,49.80 ,0.73 ,1.18 ,2.21 ,-1,-792.76 ,-745.51 
2025-08-25T23:00:00+09:00,111458.60 ,112260.90 ,111284.00 ,112196.40 ,113824.3856,110760.4944,114595.2445,114143.0567,112292.44,,,,,-1,2,2.41 ,1.47 ,0,6060,6616,44.86 ,43.75 ,50.60 ,0.77 ,1.21 ,2.27 ,-1,-708.35 ,-759.75 
2025-08-26T00:00:00+09:00,112196.40 ,112519.60 ,111773.00 ,112131.20 ,113799.0924,110742.5976,114566.201,114086.225,112270.845,,,,,-1,2,2.47 ,1.41 ,0,3679,3684,44.24 ,43.55 ,50.75 ,0.74 ,1.16 ,2.16 ,-1,-639.34 ,-760.31 
2025-08-26T01:00:00+09:00,112131.20 ,112890.00 ,111948.80 ,112440.60 ,113772.435,110740.355,114536.7955,114028.625,112256.395,,,,,-1,2,2.19 ,1.68 ,0,3592,3393,47.91 ,44.80 ,50.16 ,0.77 ,1.11 ,2.07 ,-1,-553.31 ,-743.52 
2025-08-26T02:00:00+09:00,112440.60 ,112750.80 ,112110.00 ,112385.20 ,113713.4269,110743.7431,114507.3425,113969.48,112228.585,,,,,-1,2,2.24 ,1.63 ,0,1536,3315,47.31 ,44.61 ,48.86 ,0.70 ,1.07 ,2.00 ,-1,-484.02 ,-712.84 
2025-08-26T03:00:00+09:00,112385.20 ,112573.40 ,112194.60 ,112350.20 ,113562.5926,110789.6174,114477.4235,113912.8167,112176.105,,110533.7,,,-1,2,2.27 ,1.62 ,1,959,3222,46.91 ,44.50 ,46.92 ,0.58 ,1.03 ,1.92 ,-1,-427.01 ,-675.44 
2025-08-26T04:00:00+09:00,112350.20 ,112382.10 ,110621.90 ,110659.80 ,113446 ,110628.4251,114439.5105,113827.6583,112036.97,,,,,-1,2,3.84 ,0.11 ,0,5800,3440,32.57 ,39.46 ,45.09 ,0.92 ,1.04 ,1.94 ,-1,-512.32 ,-641.09 
2025-08-26T05:00:00+09:00,110659.80 ,111049.60 ,109350.00 ,109507.10 ,113643.234,110120.516,114396.5465,113724.0417,111881.875,,,,,-1,3,4.93 ,0.94 ,0,22166,4329,26.60 ,36.58 ,43.46 ,1.14 ,1.05 ,1.97 ,-1,-665.28 ,-621.80 
2025-08-26T06:00:00+09:00,109507.10 ,110230.00 ,109221.00 ,109838.90 ,113612.0732,109832.4968,114353.841,113625.6467,111722.285,112890,,,,-1,3,2.78 ,0.63 ,0,6675,4572,30.54 ,37.91 ,42.32 ,1.06 ,1.07 ,2.00 ,-1,-751.07 ,-614.83 
2025-08-26T07:00:00+09:00,109838.90 ,110550.00 ,109838.80 ,110086.90 ,113419.9346,109697.5254,114313.7615,113534.4167,111558.73,,,,,-1,3,2.55 ,0.41 ,0,2340,4584,33.43 ,38.89 ,41.61 ,0.92 ,1.09 ,2.04 ,-1,-789.93 ,-614.51 
2025-08-26T08:00:00+09:00,110086.90 ,110225.00 ,109730.00 ,110072.30 ,113286.5547,109551.7253,114273.131,113447.845,111419.14,,,,,-1,3,2.56 ,0.42 ,0,2153,4565,33.34 ,38.86 ,41.48 ,0.77 ,1.10 ,2.05 ,-1,-812.55 ,-626.09 
2025-08-26T09:00:00+09:00,110072.30 ,110072.40 ,108874.00 ,109048.10 ,113266.9009,109202.6991,114229.4715,113345.5733,111234.8,,,,,-1,3,3.52 ,1.36 ,0,8746,4914,27.82 ,36.39 ,41.98 ,0.88 ,1.12 ,2.09 ,-1,-902.71 ,-655.36 
2025-08-26T10:00:00+09:00,109048.10 ,109861.70 ,108615.70 ,109843.40 ,113167.6968,109055.7532,114189.3915,113262.48,111111.725,,,,,-1,3,2.77 ,0.63 ,0,6695,5168,36.59 ,39.44 ,43.10 ,0.96 ,1.15 ,2.15 ,-1,-899.62 ,-693.83 
2025-08-26T11:00:00+09:00,109843.40 ,109963.20 ,109451.80 ,109658.80 ,113113.4424,108884.7276,114150.1795,113180.395,110999.085,,,,,-1,3,2.95 ,0.80 ,0,5163,5190,35.52 ,39.00 ,44.28 ,0.80 ,1.17 ,2.18 ,-1,-901.67 ,-740.24 
2025-08-26T12:00:00+09:00,109658.80 ,109876.20 ,109379.40 ,109816.30 ,113078.9822,108753.3978,114111.59,113097.7117,110916.19,,,,,-1,3,2.80 ,0.65 ,0,1854,4990,37.22 ,39.59 ,45.36 ,0.68 ,1.17 ,2.18 ,-1,-880.44 ,-790.62 
2025-08-26T13:00:00+09:00,109816.30 ,110188.00 ,109816.30 ,110043.20 ,113034.648,108665.532,114074.006,113015.5367,110850.09,,,,,-1,3,2.59 ,0.45 ,0,3939,4923,39.68 ,40.43 ,46.15 ,0.57 ,1.16 ,2.16 ,-1,-835.68 ,-826.55 
2025-08-26T14:00:00+09:00,110043.20 ,110330.10 ,110034.90 ,110144.60 ,112932.9553,108605.8747,114036.4355,112933.76,110769.415,,,,,-1,3,2.49 ,0.35 ,0,1525,4878,40.80 ,40.81 ,46.74 ,0.47 ,1.15 ,2.14 ,-1,-782.99 ,-839.63 
2025-08-26T15:00:00+09:00,110144.60 ,110295.10 ,109843.60 ,109943.20 ,112909.5271,108527.7629,113996.605,112847.7767,110718.645,,108615.7,,,-1,3,2.68 ,1.21 ,1,1669,4761,39.25 ,40.29 ,47.18 ,0.45 ,1.13 ,2.10 ,-1,-748.85 ,-839.38 
2025-08-26T16:00:00+09:00,109943.20 ,110500.10 ,109705.70 ,110246.30 ,112860.1369,108482.5631,113961.0175,112766.9183,110671.35,,,,,-1,3,2.40 ,1.48 ,0,2931,4807,42.79 ,41.44 ,47.25 ,0.54 ,1.13 ,2.10 ,-1,-689.39 ,-828.21 
2025-08-26T17:00:00+09:00,110246.30 ,110410.40 ,109948.00 ,110043.50 ,112761.4326,108430.0274,113925.0255,112679.6017,110595.73,,,,,-1,3,2.59 ,1.30 ,0,1513,4774,41.06 ,40.90 ,46.94 ,0.50 ,1.12 ,2.09 ,-1,-651.13 ,-810.28 
2025-08-26T18:00:00+09:00,110043.50 ,110358.60 ,109980.00 ,110105.40 ,112666.0906,108390.0494,113894.4405,112598.2433,110528.07,,,,,-1,3,2.53 ,1.35 ,0,1326,4516,41.83 ,41.14 ,46.35 ,0.45 ,1.10 ,2.05 ,-1,-608.80 ,-777.62 
2025-08-26T19:00:00+09:00,110105.40 ,110370.90 ,110013.00 ,110173.00 ,112426.5851,108427.2149,113868.2645,112513.3733,110426.9,,,,,-1,3,2.47 ,1.41 ,0,1567,4291,42.71 ,41.40 ,45.48 ,0.41 ,1.07 ,2.00 ,-1,-563.30 ,-740.25 
2025-08-26T20:00:00+09:00,110173.00 ,110185.10 ,109532.80 ,109838.70 ,112165.5028,108459.0472,113841.083,112421.0617,110312.275,,,,,-1,3,2.78 ,1.11 ,0,4849,4350,39.53 ,40.49 ,44.69 ,0.47 ,1.05 ,1.96 ,-1,-547.90 ,-700.94 
2025-08-26T21:00:00+09:00,109838.70 ,110776.00 ,109571.40 ,110163.30 ,111773.5537,108623.2663,113814.774,112334.9233,110198.41,,,,,-1,3,2.48 ,1.40 ,0,5961,4468,43.90 ,41.76 ,43.67 ,0.68 ,1.05 ,1.95 ,-1,-503.70 ,-659.08 
2025-08-26T22:00:00+09:00,110163.30 ,110227.30 ,109353.50 ,110052.10 ,111296.0512,108867.4588,113786.781,112245.4333,110081.755,,,,,-1,3,2.58 ,1.31 ,0,5478,4665,42.76 ,41.45 ,42.48 ,0.72 ,1.05 ,1.95 ,-1,-472.19 ,-618.69 
2025-08-26T23:00:00+09:00,110052.10 ,110508.00 ,109755.00 ,110317.90 ,110624.4979,109335.7821,113762.322,112167.7483,109980.14,,,,,-1,3,2.33 ,1.54 ,0,4477,4841,46.36 ,42.49 ,41.09 ,0.70 ,1.06 ,1.97 ,1,-420.93 ,-578.47 
2025-08-27T00:00:00+09:00,110317.90 ,110525.00 ,109510.20 ,109636.20 ,110508.6073,109349.3127,113734.703,112078.2183,109928.96,,,,,-1,3,2.97 ,0.93 ,0,3612,4732,39.51 ,40.60 ,39.64 ,0.78 ,1.04 ,1.95 ,1,-430.35 ,-543.08 
2025-08-27T01:00:00+09:00,109636.20 ,110133.40 ,109413.70 ,110133.30 ,110512.3818,109408.1582,113709.919,111994.84,109960.27,,,,,-1,3,2.50 ,1.38 ,0,2362,3742,45.80 ,42.51 ,38.16 ,0.74 ,1.01 ,1.89 ,1,-393.17 ,-510.16 
2025-08-27T02:00:00+09:00,110133.30 ,110175.50 ,109545.80 ,109937.20 ,110514.6312,109415.7388,113684.605,111910.96,109965.185,110776,,,,-1,3,0.76 ,1.20 ,0,1722,3494,43.86 ,41.97 ,36.63 ,0.68 ,0.99 ,1.84 ,1,-375.20 ,-479.50 
2025-08-27T03:00:00+09:00,109937.20 ,110939.20 ,109924.10 ,110648.90 ,110617.1945,109369.3755,113662.739,111841.1067,109993.285,,109353.5,,,-1,3,0.11 ,1.17 ,1,3122,3533,51.82 ,44.58 ,34.82 ,0.76 ,0.97 ,1.82 ,1,-300.08 ,-445.20 
2025-08-27T04:00:00+09:00,110648.90 ,111100.00 ,110450.00 ,111055.10 ,110819.5001,109265.3499,113643.5015,111777.775,110042.425,,,,,1,1,0.25 ,1.53 ,0,2396,3545,55.69 ,46.00 ,33.20 ,0.70 ,0.97 ,1.81 ,1,-205.39 ,-405.43 
2025-08-27T05:00:00+09:00,111055.10 ,111320.00 ,110855.50 ,111264.00 ,110962.8225,109343.6175,113622.4115,111718.5633,110153.22,,,,,1,1,0.44 ,1.72 ,0,1736,3195,57.57 ,46.71 ,31.76 ,0.60 ,0.95 ,1.77 ,1,-112.21 ,-357.02 
2025-08-27T06:00:00+09:00,111264.00 ,111525.70 ,111045.00 ,111519.30 ,111227.6749,109246.3551,113606.0765,111663.325,110237.015,,,,108615.7,1,1,0.67 ,1.94 ,0,1601,2940,59.82 ,47.58 ,30.71 ,0.55 ,0.92 ,1.71 ,-1,-17.55 ,-303.01 
2025-08-27T07:00:00+09:00,111519.30 ,111871.40 ,111492.90 ,111844.40 ,111522.5217,109170.0683,113587.406,111614.7383,110346.295,,,,,1,1,0.96 ,2.23 ,0,4506,2907,62.54 ,48.67 ,30.02 ,0.48 ,0.89 ,1.67 ,-1,82.74 ,-241.35 
2025-08-27T08:00:00+09:00,111844.40 ,112309.90 ,111667.40 ,111700.00 ,111728.2496,109152.7104,113565.464,111564.57,110440.48,,,,,1,1,0.83 ,2.10 ,0,3714,3000,60.58 ,48.21 ,29.76 ,0.51 ,0.88 ,1.64 ,-1,148.85 ,-178.04 
2025-08-27T09:00:00+09:00,111700.00 ,111765.40 ,111279.20 ,111302.10 ,111829.854,109176.996,113542.4635,111508.5583,110503.425,,,,,1,1,0.47 ,1.75 ,0,1934,2900,55.42 ,46.98 ,29.65 ,0.49 ,0.87 ,1.63 ,-1,167.22 ,-111.64 
2025-08-27T10:00:00+09:00,111302.10 ,111419.70 ,111050.10 ,111243.80 ,111911.6076,109205 ,113516.8795,111453.645,110558.385,,,,,1,1,0.42 ,1.70 ,0,1559,2902,54.68 ,46.81 ,29.63 ,0.44 ,0.87 ,1.63 ,-1,175.05 ,-48.51 
2025-08-27T11:00:00+09:00,111243.80 ,111425.90 ,111047.60 ,111086.30 ,111956.5071,109274.5729,113490.171,111396.7067,110615.54,,,,,1,1,0.28 ,1.56 ,0,1481,2892,52.65 ,46.32 ,29.64 ,0.40 ,0.87 ,1.62 ,-1,166.62 ,11.69 
2025-08-27T12:00:00+09:00,111086.30 ,111680.10 ,110862.60 ,111369.20 ,112039.8651,109303.5049,113465.6915,111346.515,110671.685,,,,,1,1,0.53 ,1.81 ,0,2046,2848,55.83 ,47.32 ,29.68 ,0.51 ,0.87 ,1.62 ,-1,180.69 ,65.11 
2025-08-27T13:00:00+09:00,111369.20 ,111669.20 ,111351.80 ,111516.60 ,112128.8391,109361.8409,113441.478,111300.8067,110745.34,112309.9,,,,1,1,0.71 ,1.94 ,0,1306,2838,57.43 ,47.84 ,29.67 ,0.44 ,0.86 ,1.61 ,-1,201.41 ,110.31 
2025-08-27T14:00:00+09:00,111516.60 ,111631.30 ,111271.40 ,111309.80 ,112177.1949,109433.9251,113415.035,111249.015,110805.56,,,,,1,1,0.90 ,1.76 ,0,933,2818,54.44 ,47.18 ,29.45 ,0.40 ,0.86 ,1.60 ,-1,198.85 ,144.88 
2025-08-27T15:00:00+09:00,111309.80 ,111319.00 ,110970.00 ,110987.30 ,112188.4117,109504.1383,113388.2815,111188.5383,110846.275,,,,,1,1,1.19 ,1.47 ,0,1480,2814,50.07 ,46.16 ,28.71 ,0.37 ,0.86 ,1.60 ,-1,168.86 ,165.59 
2025-08-27T16:00:00+09:00,110987.30 ,111084.00 ,110600.00 ,110692.90 ,112152.1942,109625.7758,113360.86,111157.3683,110888.985,,,,,1,1,1.46 ,1.21 ,0,2713,2707,46.41 ,45.24 ,27.79 ,0.39 ,0.85 ,1.59 ,-1,119.95 ,169.72 
2025-08-27T17:00:00+09:00,110692.90 ,110802.00 ,110327.90 ,110720.60 ,112138.7087,109694.9913,113331.9,111123.885,110916.85,,,,,1,1,1.44 ,1.23 ,0,2875,2553,46.81 ,45.35 ,26.96 ,0.41 ,0.83 ,1.55 ,-1,82.47 ,162.35 
2025-08-27T18:00:00+09:00,110720.60 ,111084.50 ,110680.70 ,110760.50 ,112111.257,109793.283,113306.9395,111087.5367,110952.27,,,,,1,1,1.40 ,1.27 ,0,2749,2416,47.41 ,45.50 ,26.05 ,0.39 ,0.80 ,1.50 ,-1,55.35 ,149.92 
2025-08-27T19:00:00+09:00,110760.50 ,111221.30 ,110760.50 ,110920.40 ,112104.5977,109860.1923,113283.016,111046.2133,110982.395,,,,,1,1,1.25 ,1.41 ,0,1574,2271,49.85 ,46.11 ,24.87 ,0.40 ,0.78 ,1.46 ,-1,46.23 ,135.60 
2025-08-27T20:00:00+09:00,110920.40 ,111332.70 ,110920.40 ,111275.20 ,112006.2444,110122.4456,113265.592,111010.0917,111064.345,,,,,1,1,0.93 ,1.73 ,0,1405,2161,54.86 ,47.45 ,23.52 ,0.39 ,0.75 ,1.40 ,-1,66.86 ,124.52 
2025-08-27T21:00:00+09:00,111275.20 ,111354.60 ,110963.60 ,111281.90 ,111964.4367,110279.1133,113245.6615,110987.9733,111121.775,,,,,1,1,0.92 ,1.73 ,0,2221,2154,54.95 ,47.47 ,22.07 ,0.38 ,0.73 ,1.35 ,-1,82.79 ,113.64 
2025-08-27T22:00:00+09:00,111281.90 ,111838.30 ,110956.10 ,111431.90 ,111849.449,110543.571,113228.2125,110961.3267,111196.51,,110327.9,,,1,1,0.79 ,0.99 ,0,5349,2335,57.05 ,48.04 ,21.00 ,0.51 ,0.71 ,1.33 ,1,106.30 ,103.07 
2025-08-27T23:00:00+09:00,111431.90 ,112573.40 ,111214.40 ,111753.60 ,111896.8964,110606.5936,113212.113,110934.5867,111251.745,,,,,1,1,0.50 ,1.28 ,0,9370,2647,61.22 ,49.24 ,20.48 ,0.75 ,0.71 ,1.33 ,1,149.17 ,97.55 
2025-08-28T00:00:00+09:00,111753.60 ,112036.40 ,111445.90 ,111960.80 ,112004.7272,110589.3328,113197.221,110919.5317,111297.03,,,,,1,1,0.31 ,1.46 ,0,3933,2724,63.67 ,50.00 ,20.32 ,0.67 ,0.71 ,1.33 ,1,197.58 ,100.74 
2025-08-28T01:00:00+09:00,111960.80 ,112198.00 ,111489.30 ,112063.90 ,112119.2249,110554.8251,113181.7655,110908.3483,111337.025,,,,,1,1,0.22 ,1.55 ,0,3639,2819,64.86 ,50.38 ,20.73 ,0.66 ,0.71 ,1.33 ,1,241.49 ,114.25 
2025-08-28T02:00:00+09:00,112063.90 ,112391.00 ,111834.90 ,112281.00 ,112256.9307,110493.2893,113166.7655,110907.95,111375.11,,,,,1,1,0.03 ,1.74 ,0,1720,2825,67.29 ,51.17 ,21.77 ,0.60 ,0.72 ,1.34 ,-1,290.45 ,137.36 
2025-08-28T03:00:00+09:00,112281.00 ,112550.00 ,111857.90 ,111884.00 ,112263.2837,110490.8963,113149.4385,110907.49,111377.09,,,,,1,1,0.38 ,1.39 ,0,1557,2678,59.23 ,49.69 ,23.39 ,0.61 ,0.73 ,1.36 ,-1,293.83 ,163.85 
2025-08-28T04:00:00+09:00,111884.00 ,112169.10 ,111520.40 ,112026.60 ,112314.1757,110472.6643,113132.294,110916.6967,111393.42,112573.4,,,,1,1,0.49 ,1.52 ,0,2699,2627,61.03 ,50.22 ,25.22 ,0.60 ,0.74 ,1.37 ,-1,304.51 ,192.55 
2025-08-28T05:00:00+09:00,112026.60 ,112360.00 ,110895.40 ,112360.00 ,112457.1498,110435.4802,113116.3945,110933.2767,111446.315,,,,,1,1,0.19 ,1.81 ,0,10358,3048,64.94 ,51.43 ,26.62 ,0.83 ,0.76 ,1.42 ,-1,336.00 ,222.46 
2025-08-28T06:00:00+09:00,112360.00 ,112400.90 ,111318.90 ,111480.10 ,112464.7354,110451.5246,113098.07,110928.6433,111458.13,,,,,1,1,0.98 ,1.03 ,0,1863,3064,50.54 ,48.26 ,27.38 ,0.88 ,0.80 ,1.48 ,-1,286.66 ,245.11 
2025-08-28T07:00:00+09:00,111480.10 ,111561.80 ,111005.60 ,111365.20 ,112465.3284,110478.8216,113085.688,110935.42,111472.075,,,,,1,1,1.08 ,0.93 ,0,2206,3100,49.01 ,47.86 ,27.58 ,0.76 ,0.82 ,1.53 ,-1,235.56 ,259.47 
2025-08-28T08:00:00+09:00,111365.20 ,111491.50 ,111057.40 ,111211.20 ,112463.073,110465.277,113073.085,110935.7367,111464.175,,,,,1,1,1.22 ,0.79 ,0,805,3038,46.96 ,47.33 ,27.23 ,0.63 ,0.83 ,1.55 ,-1,180.56 ,262.96 
2025-08-28T09:00:00+09:00,111211.20 ,111493.50 ,110814.70 ,111293.20 ,112454.3016,110451.7084,113062.8435,110931.3583,111453.005,,,,,1,1,1.15 ,0.87 ,0,2520,3098,48.20 ,47.65 ,26.44 ,0.63 ,0.85 ,1.58 ,-1,141.95 ,256.78 
2025-08-28T10:00:00+09:00,111293.20 ,111666.70 ,111293.10 ,111600.20 ,112468.5161,110466.5339,113053.498,110933.7183,111467.525,,,,,1,1,0.87 ,1.14 ,0,935,3099,52.67 ,48.82 ,25.10 ,0.53 ,0.85 ,1.60 ,-1,134.57 ,244.90 
2025-08-28T11:00:00+09:00,111600.20 ,111712.20 ,111395.30 ,111442.30 ,112466.9618,110513.5882,113045.644,110921.15,111490.275,,,,,1,1,1.01 ,1.00 ,0,592,3054,50.27 ,48.25 ,23.51 ,0.45 ,0.86 ,1.61 ,-1,114.67 ,225.37 
2025-08-28T12:00:00+09:00,111442.30 ,111995.30 ,111357.70 ,111953.10 ,112477.2526,110629 ,113040.053,110918.1817,111553.285,,,,,1,1,0.55 ,1.45 ,0,1527,2995,57.09 ,50.16 ,22.11 ,0.49 ,0.87 ,1.62 ,1,138.51 ,208.11 
2025-08-28T13:00:00+09:00,111953.10 ,113031.30 ,111909.90 ,112923.90 ,112684.3393,110642.5607,113037.067,110926.2367,111663.45,,,,,1,2,0.31 ,2.30 ,0,4706,3086,66.49 ,53.48 ,21.29 ,0.65 ,0.89 ,1.65 ,1,233.05 ,200.17 
2025-08-28T14:00:00+09:00,112923.90 ,113119.50 ,112650.90 ,112805.40 ,112813.6192,110717.7708,113034.269,110933.24,111765.695,,110814.7,,,1,2,0.21 ,1.76 ,0,2980,3098,64.63 ,53.04 ,20.99 ,0.57 ,0.90 ,1.68 ,-1,295.02 ,195.62 
2025-08-28T15:00:00+09:00,112805.40 ,113242.40 ,112659.60 ,113158.20 ,113014.6764,110740.4936,113034.454,110946.7067,111877.585,,,,,1,2,0.52 ,2.07 ,0,1937,3116,67.55 ,54.19 ,21.21 ,0.55 ,0.91 ,1.70 ,-1,368.35 ,204.69 
2025-08-28T16:00:00+09:00,113158.20 ,113310.40 ,112958.70 ,113072.60 ,113181.4192,110753.4908,113035.7115,110986.92,111967.455,,,,,1,2,0.44 ,2.00 ,0,3074,3199,66.12 ,53.86 ,21.79 ,0.47 ,0.92 ,1.71 ,-1,414.77 ,224.61 
2025-08-28T17:00:00+09:00,113072.60 ,113300.00 ,112959.20 ,113070.90 ,113318.3426,110795.4674,113035.2665,111046.3167,112056.905,,,,,1,2,0.44 ,2.00 ,0,2881,3233,66.09 ,53.86 ,22.82 ,0.42 ,0.92 ,1.72 ,-1,446.28 ,254.13 
2025-08-28T18:00:00+09:00,113070.90 ,113090.50 ,112798.70 ,112806.10 ,113393.0821,110858.1479,113034.52,111095.77,112125.615,,,,,1,2,0.21 ,1.77 ,0,970,3014,61.45 ,52.83 ,24.14 ,0.36 ,0.91 ,1.70 ,-1,444.76 ,287.78 
2025-08-28T19:00:00+09:00,112806.10 ,113077.90 ,112771.20 ,113077.90 ,113511.9154,110871.7446,113032.9885,111145.62,112191.83,,,,,1,2,0.45 ,2.00 ,0,1753,2633,64.23 ,53.75 ,25.66 ,0.33 ,0.88 ,1.64 ,-1,460.18 ,323.95 
2025-08-28T20:00:00+09:00,113077.90 ,113110.00 ,112803.10 ,112874.60 ,113585.4203,110889.6197,113030.0235,111192.325,112237.52,,,,,1,2,0.27 ,1.82 ,0,1040,2488,60.70 ,52.96 ,26.97 ,0.31 ,0.85 ,1.59 ,-1,450.80 ,361.30 
2025-08-28T21:00:00+09:00,112874.60 ,113293.60 ,112728.90 ,113195.00 ,113701.6851,110886.4649,113028.1225,111261.44,112294.075,113310.4,,,,1,2,0.10 ,2.10 ,0,2862,2449,64.05 ,54.05 ,28.16 ,0.37 ,0.83 ,1.55 ,-1,463.88 ,397.46 
2025-08-28T22:00:00+09:00,113195.00 ,113431.70 ,112523.40 ,112781.40 ,113742.5855,110895.6045,113023.7715,111310.4067,112319.095,,,,,1,2,0.47 ,1.74 ,0,4903,2608,57.27 ,52.45 ,28.99 ,0.52 ,0.82 ,1.54 ,-1,435.84 ,419.99 
2025-08-28T23:00:00+09:00,112781.40 ,113261.20 ,112480.00 ,113109.20 ,113828.908,110931.802,113021.2995,111367.9133,112380.355,,,,,1,2,0.18 ,2.03 ,0,3619,2711,60.81 ,53.56 ,29.42 ,0.58 ,0.82 ,1.53 ,-1,435.05 ,435.55 
2025-08-29T00:00:00+09:00,113109.20 ,113216.00 ,112351.70 ,112643.40 ,113854.563,110967.827,113017.3825,111415.0317,112411.195,,,,,1,2,0.59 ,1.62 ,0,3178,2735,53.96 ,51.81 ,29.39 ,0.64 ,0.82 ,1.54 ,-1,392.32 ,438.21 
2025-08-29T01:00:00+09:00,112643.40 ,113149.70 ,112284.60 ,112284.70 ,113851.7051,110963.1549,113009.0175,111452.39,112407.43,,,,,1,2,0.91 ,1.31 ,0,2434,2339,49.36 ,50.51 ,28.99 ,0.69 ,0.81 ,1.52 ,-1,325.76 ,428.32 
2025-08-29T02:00:00+09:00,112284.70 ,112583.20 ,112166.30 ,112342.80 ,113831.6281,111069.5019,113002.4525,111489.0267,112450.565,,,,,1,2,0.86 ,1.36 ,0,2186,2355,50.10 ,50.71 ,28.22 ,0.58 ,0.79 ,1.47 ,-1,274.53 ,409.24 
2025-08-29T03:00:00+09:00,112342.80 ,112672.50 ,112185.80 ,112331.70 ,113789.3226,111208.4574,112995.409,111528.835,112498.89,113431.7,,,,1,2,0.98 ,1.35 ,-1,1020,2296,49.95 ,50.67 ,27.14 ,0.53 ,0.77 ,1.44 ,-1,230.38 ,385.42 
2025-08-29T04:00:00+09:00,112331.70 ,112532.80 ,111858.90 ,111863.00 ,113719.0027,111343.9573,112986.608,111555.78,112531.48,,,,,1,2,1.40 ,0.94 ,0,1781,2345,43.94 ,48.97 ,25.83 ,0.56 ,0.77 ,1.43 ,-1,155.78 ,351.59 
2025-08-29T05:00:00+09:00,111863.00 ,112081.80 ,111828.40 ,111865.30 ,113650.511,111469.659,112977.914,111586.1433,112560.085,,,,,1,2,1.40 ,0.94 ,0,1168,2277,43.97 ,48.98 ,24.54 ,0.45 ,0.75 ,1.41 ,-1,95.73 ,312.14 
2025-08-29T06:00:00+09:00,111865.30 ,112099.00 ,111865.20 ,111981.20 ,113613.6991,111544.5709,112974.6205,111617.4067,112579.135,,,,,1,2,1.30 ,1.04 ,0,869,2274,45.84 ,49.42 ,23.29 ,0.37 ,0.74 ,1.38 ,-1,56.85 ,266.92 
2025-08-29T07:00:00+09:00,111981.20 ,112463.90 ,111981.10 ,112299.10 ,113527.6167,111716.3333,112969.065,111652.8417,112621.975,,,,,1,2,1.01 ,1.32 ,0,1334,2311,50.70 ,50.60 ,22.13 ,0.39 ,0.74 ,1.38 ,-1,51.09 ,224.17 
2025-08-29T08:00:00+09:00,112299.10 ,112528.10 ,112251.60 ,112523.90 ,113504.5489,111796.4811,112965.2135,111697.595,112650.515,,,,,1,2,0.81 ,1.52 ,0,1176,2294,53.85 ,51.42 ,21.16 ,0.34 ,0.73 ,1.36 ,-1,63.93 ,182.93 
2025-08-29T09:00:00+09:00,112523.90 ,112593.70 ,112085.70 ,112165.30 ,113481.9284,111743.2416,112957.1065,111730.9617,112612.585,,,,,1,2,1.13 ,1.20 ,0,1282,2122,48.52 ,50.07 ,20.29 ,0.38 ,0.71 ,1.32 ,-1,44.66 ,144.30 
2025-08-29T10:00:00+09:00,112165.30 ,112234.80 ,111353.40 ,111431.20 ,113548.152,111539.598,112943.5675,111753.9467,112543.875,,,,,1,2,1.80 ,0.55 ,0,3693,2158,39.83 ,47.45 ,19.88 ,0.52 ,0.70 ,1.31 ,-1,-29.51 ,104.83 
2025-08-29T11:00:00+09:00,111431.20 ,111726.30 ,111312.90 ,111370.40 ,113539.1691,111369.8009,112933.2175,111771.4883,112454.485,,,,,1,2,1.85 ,0.50 ,0,1641,2143,39.20 ,47.24 ,19.75 ,0.47 ,0.69 ,1.30 ,-1,-92.14 ,64.08 
2025-08-29T12:00:00+09:00,111370.40 ,111777.00 ,111243.90 ,111652.80 ,113482.8165,111284.1735,112920.3555,111805.0983,112383.495,,,,,1,2,1.59 ,0.75 ,0,1515,2065,43.64 ,48.32 ,19.89 ,0.47 ,0.69 ,1.30 ,-1,-117.63 ,25.42 
2025-08-29T13:00:00+09:00,111652.80 ,111805.10 ,111375.10 ,111457.30 ,113425.1042,111180.5258,112905.979,111827.165,112302.815,,,,,1,2,1.77 ,0.58 ,0,2236,2033,41.39 ,47.63 ,20.27 ,0.44 ,0.70 ,1.30 ,-1,-151.85 ,-8.76 
2025-08-29T14:00:00+09:00,111457.30 ,111534.10 ,111090.10 ,111269.60 ,113408.687,111043.293,112890.866,111849.3717,112225.99,112593.7,,,,1,2,1.19 ,0.41 ,0,2049,2087,39.29 ,46.98 ,21.08 ,0.43 ,0.70 ,1.31 ,-1,-191.91 ,-40.72 
2025-08-29T15:00:00+09:00,111269.60 ,111365.90 ,110934.00 ,111235.70 ,113323.7624,110943.9976,112874.4045,111859.1517,112133.88,,,,,1,2,1.22 ,0.38 ,0,3475,2173,38.91 ,46.86 ,22.28 ,0.42 ,0.71 ,1.32 ,-1,-223.81 ,-71.91 
2025-08-29T16:00:00+09:00,111235.70 ,111235.70 ,109853.30 ,109976.70 ,113456.2251,110521.7449,112853.2375,111841.1783,111988.985,,,,,-1,1,2.38 ,0.76 ,0,8187,2530,27.99 ,42.76 ,24.26 ,0.70 ,0.74 ,1.38 ,-1,-346.68 ,-116.10 
2025-08-29T17:00:00+09:00,109976.70 ,110235.00 ,109569.90 ,109581.90 ,113508.3788,110108.2812,112829.9705,111813.1433,111808.33,,,,,-1,1,2.75 ,1.13 ,0,4032,2589,25.57 ,41.59 ,26.59 ,0.67 ,0.76 ,1.42 ,-1,-470.49 ,-175.48 
2025-08-29T18:00:00+09:00,109581.90 ,109890.00 ,109365.40 ,109727.40 ,113519.3837,109791.8763,112805.2165,111783.2783,111655.63,,,113431.7,,-1,1,2.61 ,0.99 ,0,3188,2503,28.04 ,42.18 ,29.23 ,0.61 ,0.77 ,1.43 ,-1,-550.53 ,-241.62 
2025-08-29T19:00:00+09:00,109727.40 ,109985.00 ,109712.00 ,109956.80 ,113376.5288,109619.4912,112785.0135,111751.8183,111498.01,,,,,-1,1,2.40 ,0.78 ,0,1756,2410,31.88 ,43.11 ,32.04 ,0.49 ,0.76 ,1.42 ,-1,-588.66 ,-303.74 
2025-08-29T20:00:00+09:00,109956.80 ,110117.60 ,109783.70 ,110046.00 ,113270.9408,109465.3392,112765.717,111724.2517,111368.14,,,,,-1,1,2.32 ,0.70 ,0,1580,2330,33.37 ,43.47 ,34.90 ,0.42 ,0.74 ,1.39 ,-1,-604.72 ,-360.70 
2025-08-29T21:00:00+09:00,110046.00 ,111454.10 ,110022.00 ,110671.10 ,113164.6309,109410.2891,112750.299,111713.735,111287.46,,,,,-1,1,1.74 ,0.13 ,0,12614,2839,42.81 ,45.93 ,36.95 ,0.71 ,0.74 ,1.39 ,-1,-560.54 ,-409.91 
2025-08-29T22:00:00+09:00,110671.10 ,110736.40 ,108850.00 ,109063.70 ,113168.6257,109078.3843,112725.858,111677.4,111123.505,,,,,-1,1,3.24 ,1.61 ,0,9429,3201,30.75 ,41.23 ,38.49 ,1.06 ,0.78 ,1.46 ,-1,-647.76 ,-465.01 
2025-08-29T23:00:00+09:00,109063.70 ,109484.90 ,108043.70 ,108158.90 ,113254.5713,108575.1587,112697.862,111628.61,110914.865,,,,,-1,1,4.10 ,2.46 ,0,14709,3886,26.26 ,38.94 ,39.47 ,1.16 ,0.83 ,1.54 ,-1,-780.89 ,-530.45 
2025-08-30T00:00:00+09:00,108158.90 ,108675.60 ,108134.90 ,108335.90 ,113288.0671,108188.9529,112670.335,111578.055,110738.51,,,,,-1,1,3.93 ,2.29 ,0,4039,3999,28.46 ,39.61 ,39.90 ,0.94 ,0.86 ,1.60 ,-1,-862.18 ,-601.38 
2025-08-30T01:00:00+09:00,108335.90 ,108777.00 ,108090.10 ,108649.80 ,113226.4059,107929.0641,112645.8785,111530.275,110577.735,,,,,-1,1,3.63 ,1.99 ,0,2647,4073,32.32 ,40.79 ,39.76 ,0.83 ,0.88 ,1.65 ,-1,-891.00 ,-661.86 
2025-08-30T02:00:00+09:00,108649.80 ,108677.10 ,108102.00 ,108420.10 ,113124.7081,107674.6519,112621.222,111482.1133,110399.68,111454.1,,,,-1,1,2.80 ,2.21 ,0,1525,4105,31.00 ,40.20 ,39.19 ,0.73 ,0.91 ,1.70 ,-1,-921.75 ,-712.00 
2025-08-30T03:00:00+09:00,108420.10 ,108462.60 ,108045.00 ,108096.00 ,112944.3293,107434.7207,112595.202,111433.925,110189.525,,,,,-1,1,3.11 ,2.52 ,0,1561,4117,29.19 ,39.39 ,38.36 ,0.62 ,0.93 ,1.74 ,-1,-961.19 ,-757.63 
2025-08-30T04:00:00+09:00,108096.00 ,108695.00 ,107873.10 ,108168.00 ,112641.3104,107302.1496,112570.4915,111391.8433,109971.73,,,,,-1,1,3.04 ,2.45 ,0,3125,4214,30.17 ,39.67 ,37.92 ,0.67 ,0.95 ,1.78 ,-1,-975.40 ,-800.60 
2025-08-30T05:00:00+09:00,108168.00 ,108220.40 ,107480.00 ,107736.50 ,112389.8767,107110.7033,112543.8635,111342.1083,109750.29,,,,,-1,1,3.45 ,2.86 ,0,5421,4421,27.71 ,38.59 ,37.64 ,0.67 ,0.98 ,1.82 ,-1,-1009.83 ,-845.62 
2025-08-30T06:00:00+09:00,107736.50 ,108422.20 ,107425.40 ,108401.90 ,112182.2705,107015.3795,112518.6745,111302.7983,109598.825,,,,,-1,1,2.82 ,2.23 ,0,2698,4371,36.33 ,41.11 ,37.22 ,0.75 ,0.99 ,1.86 ,-1,-972.22 ,-891.36 
2025-08-30T07:00:00+09:00,108401.90 ,108435.30 ,108160.00 ,108342.10 ,111951.5387,106943.2813,112494.181,111259.8267,109447.41,,,,,-1,1,2.87 ,2.28 ,0,815,4330,35.91 ,40.95 ,36.67 ,0.59 ,1.00 ,1.87 ,-1,-936.45 ,-923.44 
2025-08-30T08:00:00+09:00,108342.10 ,108512.60 ,108284.50 ,108336.30 ,111613 ,106950.3122,112472.093,111210.845,109281.585,,,,,-1,1,2.88 ,2.29 ,0,848,4297,35.87 ,40.94 ,36.00 ,0.46 ,1.00 ,1.87 ,-1,-898.21 ,-936.47 
2025-08-30T09:00:00+09:00,108336.30 ,108373.30 ,108102.00 ,108262.90 ,111265.1306,106978.5994,112451.69,111160.5283,109121.865,,,,,-1,1,2.95 ,2.36 ,0,1223,4246,35.30 ,40.74 ,35.30 ,0.39 ,1.00 ,1.86 ,-1,-863.87 ,-936.66 
2025-08-30T10:00:00+09:00,108262.90 ,108318.60 ,107301.10 ,107406.00 ,110956.1462,106901.2238,112426.789,111093.43,108928.685,,,,,-1,1,3.77 ,3.17 ,0,2834,4285,29.40 ,38.55 ,34.79 ,0.58 ,1.01 ,1.88 ,-1,-895.48 ,-937.16 
2025-08-30T11:00:00+09:00,107406.00 ,107910.00 ,107339.80 ,107750.70 ,110543.9078,106964.9622,112402.7295,111026.715,108754.435,,,,,-1,1,3.44 ,2.84 ,0,1992,4211,34.16 ,39.88 ,34.60 ,0.56 ,1.02 ,1.91 ,-1,-882.54 ,-932.80 
2025-08-30T12:00:00+09:00,107750.70 ,108374.00 ,107736.00 ,108374.00 ,110379.2006,106969.3994,112383.819,110966.935,108674.3,,,,,-1,1,2.84 ,2.25 ,0,2047,3904,41.81 ,42.19 ,34.28 ,0.57 ,1.01 ,1.89 ,-1,-812.63 ,-916.29 
2025-08-30T13:00:00+09:00,108374.00 ,108623.80 ,108316.40 ,108373.70 ,110270.8188,106956.9612,112363.647,110905.4317,108613.89,,,,,-1,1,2.84 ,2.25 ,0,5217,3963,41.81 ,42.18 ,33.81 ,0.47 ,1.00 ,1.86 ,-1,-748.61 ,-891.09 
2025-08-30T14:00:00+09:00,108373.70 ,108422.40 ,108084.10 ,108303.70 ,110122.7071,106962.7029,112342.231,110839.1433,108542.705,,,,,-1,1,2.91 ,2.32 ,0,1852,3897,41.19 ,42.00 ,33.31 ,0.42 ,0.98 ,1.83 ,-1,-695.51 ,-856.17 
2025-08-30T15:00:00+09:00,108303.70 ,108515.20 ,108172.00 ,108283.80 ,109901.9309,107016.1791,112321.3495,110779.14,108459.055,,107301.1,,,-1,1,2.93 ,0.91 ,0,1529,3885,41.00 ,41.94 ,32.77 ,0.39 ,0.97 ,1.82 ,-1,-647.57 ,-820.10 
2025-08-30T16:00:00+09:00,108283.80 ,108460.90 ,108070.40 ,108457.40 ,109625.8095,107133.4405,112301.339,110719.6533,108379.625,,,,,-1,1,2.76 ,1.07 ,0,3035,3958,43.42 ,42.60 ,32.18 ,0.38 ,0.97 ,1.81 ,-1,-588.78 ,-781.47 
2025-08-30T17:00:00+09:00,108457.40 ,108728.20 ,108433.50 ,108523.00 ,108951.0221,107593.4179,112281.035,110655.7033,108272.22,,,,,-1,1,2.70 ,1.13 ,0,1484,3402,44.34 ,42.86 ,31.12 ,0.34 ,0.94 ,1.76 ,1,-530.78 ,-740.64 
2025-08-30T18:00:00+09:00,108523.00 ,108563.50 ,108420.00 ,108472.50 ,108825.765,107659.555,112259.4265,110605.5767,108242.66,,,,,-1,1,2.75 ,1.08 ,0,414,2951,43.75 ,42.71 ,29.64 ,0.27 ,0.88 ,1.65 ,1,-483.31 ,-698.36 
2025-08-30T19:00:00+09:00,108472.50 ,108656.10 ,108356.30 ,108380.80 ,108838.5049,107669.0051,112235.8545,110555.8367,108253.755,,,,,-1,1,2.84 ,1.00 ,0,1321,2281,42.63 ,42.44 ,28.02 ,0.27 ,0.82 ,1.53 ,1,-447.93 ,-648.63 
2025-08-30T20:00:00+09:00,108380.80 ,108677.00 ,108374.70 ,108636.60 ,108876.2377,107661.3423,112214.633,110512.9267,108268.79,,,,,-1,1,2.59 ,1.23 ,0,1678,2163,46.72 ,43.46 ,26.40 ,0.27 ,0.77 ,1.43 ,1,-394.70 ,-594.42 
2025-08-30T21:00:00+09:00,108636.60 ,108636.60 ,108287.50 ,108571.40 ,108863.3782,107666.3618,112193.4905,110467.5633,108264.87,,,,,-1,1,2.66 ,1.17 ,0,2402,2151,45.82 ,43.26 ,24.74 ,0.29 ,0.73 ,1.36 ,1,-353.70 ,-543.43 
2025-08-30T22:00:00+09:00,108571.40 ,108571.40 ,108158.00 ,108484.40 ,108870.5717,107665.5983,112169.918,110415.6333,108268.085,108728.2,,,,-1,1,0.22 ,1.09 ,0,1602,2155,44.59 ,42.99 ,23.20 ,0.32 ,0.70 ,1.30 ,1,-324.49 ,-496.31 
2025-08-30T23:00:00+09:00,108484.40 ,108676.90 ,108352.00 ,108601.00 ,108907.0807,107679.5893,112148.188,110368.2783,108293.335,,,,,-1,1,0.12 ,1.20 ,0,896,2122,46.66 ,43.47 ,21.62 ,0.31 ,0.67 ,1.26 ,1,-288.60 ,-451.10 
2025-08-31T00:00:00+09:00,108601.00 ,108873.00 ,108490.80 ,108822.00 ,108978.0796,107673.9904,112127.091,110316.0933,108326.035,,,,,1,1,0.09 ,1.40 ,0,1837,2057,50.43 ,44.37 ,20.19 ,0.33 ,0.65 ,1.21 ,-1,-239.56 ,-405.76 
2025-08-31T01:00:00+09:00,108822.00 ,108822.00 ,108613.00 ,108764.00 ,108996.649,107758.171,112106.1765,110246.7617,108377.41,,,,,1,1,0.03 ,1.35 ,0,740,1823,49.44 ,44.18 ,18.88 ,0.28 ,0.62 ,1.16 ,-1,-203.04 ,-362.90 
2025-08-31T02:00:00+09:00,108764.00 ,108848.10 ,108564.70 ,108720.90 ,109030.4757,107756.2443,112084.7205,110178.6867,108393.36,,,,,1,1,0.01 ,1.31 ,0,695,1723,48.68 ,44.04 ,17.69 ,0.27 ,0.58 ,1.09 ,-1,-175.55 ,-323.43 
2025-08-31T03:00:00+09:00,108720.90 ,108783.10 ,108580.00 ,108680.70 ,109058.9481,107761.6319,112065.6905,110104.0617,108410.29,,108158,,,1,1,0.04 ,0.48 ,0,444,1704,47.94 ,43.91 ,16.63 ,0.25 ,0.56 ,1.04 ,-1,-155.22 ,-286.98 
2025-08-31T04:00:00+09:00,108680.70 ,108848.00 ,108593.50 ,108776.30 ,109099.0126,107765.5674,112048.191,110032.4567,108432.29,,,,,1,1,0.04 ,0.57 ,0,402,1682,49.90 ,44.32 ,15.69 ,0.24 ,0.54 ,1.01 ,-1,-129.90 ,-251.64 
2025-08-31T05:00:00+09:00,108776.30 ,108777.00 ,108530.00 ,108588.90 ,109113.8892,107783.2908,112029.7245,109957.7567,108448.59,108873,,,,1,1,0.26 ,0.40 ,0,352,1639,46.22 ,43.67 ,14.70 ,0.24 ,0.53 ,0.99 ,-1,-123.53 ,-221.51 
2025-08-31T06:00:00+09:00,108588.90 ,108627.50 ,108436.10 ,108533.70 ,108967.5287,108042.4213,112010.2165,109886.55,108504.975,,,,107301.1,1,1,0.31 ,0.35 ,0,545,1524,45.17 ,43.48 ,13.80 ,0.22 ,0.50 ,0.94 ,1,-121.53 ,-195.71 
2025-08-31T07:00:00+09:00,108533.70 ,108537.30 ,108420.00 ,108475.10 ,108849.5791,108232.8109,111973.8695,109809.8367,108541.195,,,,,1,1,0.37 ,0.29 ,0,684,1459,44.02 ,43.28 ,13.01 ,0.18 ,0.47 ,0.88 ,1,-123.26 ,-173.36 
2025-08-31T08:00:00+09:00,108475.10 ,108755.20 ,108475.00 ,108755.10 ,108872.0329,108248.4671,111936.1135,109741.1783,108560.25,,,,,1,1,0.11 ,0.55 ,0,842,1398,50.50 ,44.55 ,12.36 ,0.21 ,0.45 ,0.83 ,1,-100.87 ,-152.50 
2025-08-31T09:00:00+09:00,108755.10 ,109351.90 ,108753.10 ,109334.90 ,109056.6691,108159.9509,111902.232,109676.8433,108608.31,,,,,1,2,0.42 ,1.08 ,0,2893,1282,60.65 ,47.06 ,12.32 ,0.32 ,0.43 ,0.81 ,-1,-35.92 ,-129.87 
2025-08-31T10:00:00+09:00,109334.90 ,109428.40 ,109079.00 ,109375.40 ,109199.1737,108124.6163,111864.2975,109620.0767,108661.895,,,,,1,2,0.46 ,1.11 ,0,1859,1283,61.24 ,47.23 ,12.85 ,0.32 ,0.43 ,0.80 ,-1,18.60 ,-105.24 
2025-08-31T11:00:00+09:00,109375.40 ,109386.40 ,109115.80 ,109174.10 ,109258.3355,108154.4845,111826.4175,109554.4917,108706.41,,,,,1,2,0.28 ,0.93 ,0,794,1246,56.64 ,46.47 ,13.84 ,0.30 ,0.42 ,0.78 ,-1,45.04 ,-80.73 
2025-08-31T12:00:00+09:00,109174.10 ,109326.80 ,109102.10 ,109159.90 ,109314.611,108168.459,111789.154,109496.4333,108741.535,,108420,,,1,2,0.26 ,0.68 ,0,626,1125,56.32 ,46.42 ,15.30 ,0.27 ,0.41 ,0.77 ,-1,64.12 ,-56.36 
2025-08-31T13:00:00+09:00,109159.90 ,109177.70 ,108615.00 ,108760.30 ,109317.6445,108189.1555,111747.91,109437.6933,108753.4,,,,,1,2,0.10 ,0.31 ,0,2008,1152,48.05 ,44.93 ,16.57 ,0.35 ,0.41 ,0.77 ,-1,46.45 ,-36.77 
2025-08-31T14:00:00+09:00,108760.30 ,108760.40 ,108512.10 ,108708.90 ,109315.1547,108215.2853,111706.5455,109377.1283,108765.22,,,,,1,2,0.15 ,0.27 ,0,1306,1196,47.09 ,44.74 ,17.69 ,0.31 ,0.42 ,0.78 ,-1,27.98 ,-19.93 
2025-08-31T15:00:00+09:00,108708.90 ,108722.70 ,108473.00 ,108665.50 ,109302.9535,108256 ,111666.302,109316.025,108779.455,109428.4,,,,1,2,0.70 ,0.23 ,0,1245,1192,46.25 ,44.58 ,18.64 ,0.28 ,0.42 ,0.78 ,-1,9.73 ,-5.35 
2025-08-31T16:00:00+09:00,108665.50 ,108781.90 ,108620.50 ,108656.80 ,109302.9341,108257.9959,111625.086,109262.5883,108780.465,,,,,1,2,0.71 ,0.22 ,0,645,1141,46.07 ,44.55 ,18.96 ,0.24 ,0.41 ,0.77 ,-1,-5.37 ,7.75 
2025-08-31T17:00:00+09:00,108656.80 ,108976.60 ,108656.80 ,108960.60 ,109318.7769,108281.0731,111585.7705,109214.1767,108799.925,,,,,1,2,0.43 ,0.50 ,0,1885,1115,52.86 ,45.97 ,18.80 ,0.26 ,0.41 ,0.77 ,-1,7.09 ,19.75 
2025-08-31T18:00:00+09:00,108960.60 ,109058.60 ,108392.20 ,108460.60 ,109320.5766,108276.8934,111546.0695,109155.5,108798.735,,,,,1,2,0.89 ,0.04 ,0,2826,1176,43.22 ,44.07 ,18.14 ,0.38 ,0.42 ,0.78 ,-1,-23.11 ,21.17 
2025-08-31T19:00:00+09:00,108460.60 ,108588.40 ,108259.00 ,108525.90 ,109323.497,108266.463,111509.2435,109092.6133,108794.98,,,,,1,2,0.83 ,0.10 ,0,2642,1263,44.64 ,44.38 ,17.15 ,0.35 ,0.42 ,0.78 ,-1,-41.30 ,14.51 
2025-08-31T20:00:00+09:00,108525.90 ,108559.00 ,108272.80 ,108344.00 ,109334.6188,108207.5412,111473.258,109022.9483,108771.08,,,,,-1,1,1.00 ,0.07 ,0,1135,1228,41.52 ,43.70 ,16.43 ,0.32 ,0.42 ,0.78 ,-1,-69.59 ,1.78 
2025-08-31T21:00:00+09:00,108344.00 ,108453.00 ,108270.60 ,108281.20 ,109349.6269,108144.2531,111435.181,108958.2133,108746.94,,,,,-1,1,1.06 ,0.13 ,0,1168,1250,40.47 ,43.46 ,15.92 ,0.27 ,0.42 ,0.78 ,-1,-95.98 ,-16.01 
2025-08-31T22:00:00+09:00,108281.20 ,108415.20 ,108151.60 ,108383.00 ,109353.2982,108106.7918,111397.4265,108907.41,108730.045,,,,,-1,1,0.96 ,0.03 ,0,2151,1323,42.99 ,43.96 ,15.68 ,0.26 ,0.42 ,0.78 ,-1,-107.43 ,-33.11 
2025-08-31T23:00:00+09:00,108383.00 ,108479.00 ,108214.80 ,108418.30 ,109354.6601,108079.1899,111360.768,108858.2083,108716.925,,,,,-1,1,0.93 ,0.00 ,0,1311,1366,43.88 ,44.13 ,15.65 ,0.26 ,0.42 ,0.78 ,-1,-112.37 ,-48.70 
2025-09-01T00:00:00+09:00,108418.30 ,108807.90 ,108414.90 ,108755.80 ,109353.3159,108078.4841,111325.7005,108809.925,108715.9,,,,,-1,1,0.62 ,0.31 ,0,1725,1432,51.62 ,45.78 ,15.61 ,0.29 ,0.42 ,0.79 ,-1,-88.03 ,-59.57 
2025-09-01T01:00:00+09:00,108755.80 ,108933.60 ,108496.00 ,108870.80 ,109368.0211,108091.9689,111291.434,108766.8167,108729.995,,,,,-1,1,0.51 ,0.41 ,0,2351,1532,53.95 ,46.33 ,15.72 ,0.33 ,0.43 ,0.80 ,-1,-58.79 ,-65.50 
2025-09-01T02:00:00+09:00,108870.80 ,108940.00 ,108791.50 ,108936.20 ,109387.5014,108112.7386,111257.402,108727.9267,108750.12,,,,,-1,1,0.45 ,0.47 ,0,1029,1556,55.27 ,46.64 ,15.86 ,0.26 ,0.43 ,0.80 ,-1,-29.99 ,-69.62 
2025-09-01T03:00:00+09:00,108936.20 ,109181.60 ,108873.90 ,109083.90 ,109420.6407,108140.4793,111225.018,108692.0633,108780.56,,108151.6,,,-1,1,0.32 ,0.85 ,0,1018,1573,58.19 ,47.35 ,16.23 ,0.27 ,0.44 ,0.82 ,-1,4.70 ,-66.53 
2025-09-01T04:00:00+09:00,109083.90 ,109106.10 ,108846.30 ,108868.80 ,109427.3391,108145.1509,111193.029,108673.5983,108786.245,,,,,-1,1,0.51 ,0.66 ,0,965,1579,52.79 ,46.43 ,16.75 ,0.26 ,0.44 ,0.82 ,-1,14.67 ,-60.31 
2025-09-01T05:00:00+09:00,108868.80 ,109067.70 ,108810.90 ,109067.70 ,109377.8036,108167.9664,111162.4455,108665.0283,108772.885,,,,,-1,1,0.33 ,0.84 ,0,1014,1485,56.78 ,47.40 ,17.26 ,0.25 ,0.44 ,0.82 ,-1,38.17 ,-48.34 
2025-09-01T06:00:00+09:00,109067.70 ,109067.70 ,108891.40 ,108984.90 ,109301.8004,108204.9196,111133.225,108652.6533,108753.36,,,109428.4,,-1,1,0.41 ,0.76 ,0,715,1428,54.71 ,47.04 ,17.85 ,0.22 ,0.43 ,0.80 ,-1,49.55 ,-32.17 
2025-09-01T07:00:00+09:00,108984.90 ,109190.70 ,108696.40 ,108840.80 ,109252.2536,108221.1364,111104.5095,108634.0533,108736.695,,,,,-1,1,0.54 ,0.63 ,0,1286,1453,51.20 ,46.41 ,18.31 ,0.30 ,0.43 ,0.80 ,-1,46.40 ,-15.08 
2025-09-01T08:00:00+09:00,108840.80 ,108862.20 ,108020.20 ,108208.30 ,109215.1996,108163.0304,111071.6645,108603.425,108689.115,,,,,-1,1,1.13 ,0.05 ,0,3441,1593,39.30 ,43.80 ,18.96 ,0.46 ,0.44 ,0.83 ,-1,-7.05 ,-3.37 
2025-09-01T09:00:00+09:00,108208.30 ,108377.20 ,107582.00 ,108177.70 ,109229.7801,108090.1899,111037.6845,108561.8683,108659.985,,,,,-1,1,1.16 ,0.02 ,0,5980,1792,38.83 ,43.68 ,19.96 ,0.55 ,0.46 ,0.86 ,-1,-51.29 ,0.71 
2025-09-01T10:00:00+09:00,108177.70 ,108440.00 ,107915.40 ,108103.80 ,109248.1108,108011.3492,111002.9475,108545.87,108629.73,,,,,-1,2,1.23 ,0.04 ,0,2221,1838,37.66 ,43.38 ,21.04 ,0.53 ,0.48 ,0.89 ,-1,-91.25 ,-2.90 
2025-09-01T11:00:00+09:00,108103.80 ,108156.50 ,107380.00 ,107586.30 ,109342.739,107808.801,110965.368,108536.3267,108575.77,,,,,-1,2,1.71 ,0.53 ,0,3279,1939,30.68 ,41.38 ,22.38 ,0.60 ,0.50 ,0.93 ,-1,-162.81 ,-17.66 
2025-09-01T12:00:00+09:00,107586.30 ,107734.70 ,107352.00 ,107627.80 ,109393.8424,107654.7976,110928.018,108524.525,108524.32,109190.7,,,,-1,2,1.45 ,0.49 ,0,2025,2008,31.77 ,41.60 ,24.03 ,0.52 ,0.52 ,0.97 ,-1,-213.71 ,-41.92 
2025-09-01T13:00:00+09:00,107627.80 ,107732.00 ,107237.00 ,107376.10 ,109423.1423,107467.0477,110888.486,108503.2967,108445.095,,,,,-1,2,1.69 ,0.72 ,0,2563,2042,28.81 ,40.65 ,25.99 ,0.50 ,0.54 ,1.00 ,-1,-271.23 ,-73.69 
2025-09-01T14:00:00+09:00,107376.10 ,107952.70 ,107212.00 ,107822.30 ,109428.0834,107398.2766,110852.663,108493.3333,108413.18,,,,,-1,2,1.27 ,0.31 ,0,3196,2061,39.57 ,43.00 ,28.27 ,0.56 ,0.55 ,1.03 ,-1,-277.61 ,-108.78 
2025-09-01T15:00:00+09:00,107822.30 ,108082.50 ,107550.60 ,108024.90 ,109415.3252,107360.9348,110816.4615,108492.1483,108388.13,,,,,-1,2,1.08 ,0.12 ,0,1949,2026,43.73 ,44.03 ,30.31 ,0.54 ,0.57 ,1.06 ,-1,-263.28 ,-143.54 
2025-09-01T16:00:00+09:00,108024.90 ,109375.00 ,107932.70 ,109375.00 ,109552.7359,107326.6241,110786.4495,108512.265,108439.68,,,,,1,1,0.17 ,1.12 ,0,7365,2338,62.34 ,50.15 ,31.82 ,0.79 ,0.60 ,1.12 ,-1,-141.36 ,-164.40 
2025-09-01T17:00:00+09:00,109375.00 ,109773.20 ,109368.30 ,109545.00 ,109712.1032,107293.6368,110757.5165,108542.4067,108502.87,,,,,1,1,0.32 ,1.27 ,0,6437,2601,63.96 ,50.84 ,33.03 ,0.65 ,0.63 ,1.17 ,-1,-30.66 ,-167.02 
2025-09-01T18:00:00+09:00,109545.00 ,109868.20 ,109439.00 ,109472.10 ,109836 ,107278.5009,110727.7695,108560.2433,108557.325,,,,,1,1,0.26 ,1.21 ,0,4121,2700,62.71 ,50.54 ,33.84 ,0.56 ,0.65 ,1.22 ,-1,50.60 ,-155.70 
2025-09-01T19:00:00+09:00,109472.10 ,109472.20 ,108136.20 ,108534.00 ,109840.412,107285.808,110695.5445,108563.4417,108563.11,,107212,,,1,1,0.61 ,1.22 ,0,7858,3027,49.41 ,46.83 ,33.93 ,0.79 ,0.69 ,1.29 ,-1,38.86 ,-141.24 
2025-09-01T20:00:00+09:00,108534.00 ,108819.90 ,108418.90 ,108738.40 ,109839.0394,107285.4406,110664.1965,108570.1433,108562.24,,,,,1,1,0.42 ,1.40 ,0,2591,3070,51.81 ,47.68 ,33.32 ,0.65 ,0.72 ,1.34 ,-1,45.52 ,-118.10 
2025-09-01T21:00:00+09:00,108738.40 ,109110.80 ,108590.10 ,109054.50 ,109859.5638,107283.2862,110633.789,108583.3367,108571.425,,,,,1,1,0.12 ,1.69 ,0,2733,3089,55.33 ,48.97 ,32.21 ,0.59 ,0.74 ,1.38 ,-1,75.44 ,-85.97 
2025-09-01T22:00:00+09:00,109054.50 ,109477.50 ,108888.20 ,108964.20 ,109862.6063,107283.0437,110603.76,108609.3067,108572.825,,,,,1,1,0.21 ,1.61 ,0,4548,3265,54.12 ,48.62 ,30.89 ,0.57 ,0.76 ,1.42 ,-1,90.81 ,-45.74 
2025-09-01T23:00:00+09:00,108964.20 ,109272.10 ,108760.80 ,109104.20 ,109865.2594,107282.4206,110575.0805,108631.865,108573.84,109868.2,,,,1,1,0.70 ,1.73 ,0,2602,3344,55.74 ,49.20 ,29.46 ,0.54 ,0.78 ,1.46 ,-1,112.99 ,-2.34 
2025-09-02T00:00:00+09:00,109104.20 ,109336.00 ,108513.00 ,108736.90 ,109853.9103,107280.5797,110544.49,108637.9133,108567.245,,,,,1,1,1.04 ,1.40 ,0,2926,3443,50.67 ,47.77 ,27.74 ,0.61 ,0.81 ,1.51 ,-1,99.78 ,38.00 
2025-09-02T01:00:00+09:00,108736.90 ,109055.40 ,108594.30 ,108733.90 ,109819.3564,107281.7536,110514.076,108643.9167,108550.555,,,,,1,1,1.04 ,1.40 ,0,1551,3469,50.63 ,47.75 ,25.74 ,0.55 ,0.83 ,1.55 ,-1,88.06 ,63.49 
2025-09-02T02:00:00+09:00,108733.90 ,108911.70 ,108339.10 ,108879.40 ,109807.6755,107282.8845,110484.305,108653.5117,108545.28,,,,,1,1,0.91 ,1.53 ,0,2223,3545,52.61 ,48.37 ,23.94 ,0.54 ,0.86 ,1.60 ,-1,89.47 ,76.84 
2025-09-02T03:00:00+09:00,108879.40 ,109230.30 ,108875.90 ,109187.20 ,109849.996,107275.204,110456.443,108668.5683,108562.6,,,,,1,1,0.62 ,1.81 ,0,1456,3553,56.58 ,49.67 ,22.20 ,0.47 ,0.87 ,1.62 ,-1,114.12 ,83.89 
2025-09-02T04:00:00+09:00,109187.20 ,109282.50 ,109116.70 ,109168.80 ,109913.1429,107308.1071,110428.7365,108680.425,108610.625,,,,,1,1,0.64 ,1.79 ,0,915,3427,56.27 ,49.59 ,20.66 ,0.36 ,0.86 ,1.61 ,-1,130.65 ,94.09 
2025-09-02T05:00:00+09:00,109168.80 ,109173.30 ,108223.70 ,108832.20 ,109933.5451,107353.1549,110399.5835,108685.5783,108643.35,,,,,1,1,0.95 ,1.49 ,0,6519,3454,50.90 ,48.22 ,19.45 ,0.53 ,0.86 ,1.60 ,-1,115.27 ,101.84 
2025-09-02T06:00:00+09:00,108832.20 ,108894.70 ,107410.00 ,107754.20 ,109953.754,107297.986,110365.6615,108673.6067,108625.87,,,,,1,1,1.96 ,0.50 ,0,4463,3566,38.28 ,44.22 ,18.80 ,0.82 ,0.88 ,1.64 ,-1,15.91 ,95.23 
2025-09-02T07:00:00+09:00,107754.20 ,108453.40 ,107541.40 ,108391.90 ,109911.7796,107420.5204,110335.108,108673.7917,108666.15,,,,,1,1,1.36 ,1.09 ,0,2248,3514,46.70 ,46.88 ,18.72 ,0.82 ,0.90 ,1.68 ,-1,-11.24 ,83.89 
2025-09-02T08:00:00+09:00,108391.90 ,109399.00 ,108372.50 ,109186.30 ,109912.7413,107575.4087,110309.136,108682.9533,108744.075,,,,,1,1,0.62 ,1.81 ,0,2856,3556,54.94 ,49.92 ,18.73 ,0.86 ,0.92 ,1.72 ,-1,30.98 ,74.78 
2025-09-02T09:00:00+09:00,109186.30 ,109296.00 ,108837.40 ,108989.60 ,109813.4525,107836.0475,110282.7885,108689.9233,108824.75,,,,,1,1,0.81 ,1.63 ,0,2126,3534,52.76 ,49.21 ,18.68 ,0.71 ,0.94 ,1.75 ,1,48.02 ,69.03 
2025-09-02T10:00:00+09:00,108989.60 ,109565.00 ,108940.50 ,109258.00 ,109787.31,108005.76,110256.992,108702.8167,108896.535,,,,107212,1,1,0.56 ,1.87 ,0,2639,3506,55.36 ,50.20 ,18.64 ,0.66 ,0.95 ,1.77 ,1,82.23 ,68.38 
2025-09-02T11:00:00+09:00,109258.00 ,110221.50 ,109118.00 ,110199.90 ,109971.7096,108038.8604,110234.912,108729.465,109005.285,,107410,,,1,2,0.30 ,2.53 ,0,4218,3620,63.05 ,53.44 ,18.78 ,0.77 ,0.97 ,1.80 ,1,183.23 ,78.80 
2025-09-02T12:00:00+09:00,110199.90 ,110570.40 ,110007.30 ,110280.20 ,110156.6763,107944.4137,110223.4975,108753.7683,109050.545,,,,,1,2,0.37 ,2.60 ,0,5147,3509,63.62 ,53.71 ,18.92 ,0.69 ,0.96 ,1.79 ,-1,266.68 ,95.75 
2025-09-02T13:00:00+09:00,110280.20 ,110371.00 ,110098.90 ,110270.50 ,110298.0276,107875.6124,110211.202,108778.8767,109086.82,,,,,1,2,0.36 ,2.59 ,0,2149,3294,63.49 ,53.67 ,18.83 ,0.54 ,0.95 ,1.77 ,-1,328.25 ,117.70 
2025-09-02T14:00:00+09:00,110270.50 ,110284.90 ,109991.60 ,110160.00 ,110410.7679,107831.6621,110197.295,108802.8617,109121.215,,,,,1,2,0.26 ,2.50 ,0,1209,3149,61.96 ,53.24 ,18.49 ,0.45 ,0.94 ,1.75 ,-1,363.93 ,145.33 
2025-09-02T15:00:00+09:00,110160.00 ,110577.80 ,110117.80 ,110311.70 ,110568.7137,107851.4863,110181.8545,108830.045,109210.1,,,,,1,2,0.40 ,2.63 ,0,3516,2932,63.27 ,53.76 ,18.45 ,0.44 ,0.91 ,1.71 ,-1,399.84 ,187.99 
2025-09-02T16:00:00+09:00,110311.70 ,110341.80 ,109935.60 ,110180.00 ,110685.2801,107879.0799,110165.542,108853.44,109282.18,,,,,1,2,0.28 ,2.51 ,0,1872,2896,61.29 ,53.23 ,18.59 ,0.41 ,0.90 ,1.67 ,-1,412.92 ,235.12 
2025-09-02T17:00:00+09:00,110180.00 ,110664.00 ,109988.60 ,110303.40 ,110811.3571,107877.8929,110154.014,108882.015,109344.625,,,,,1,2,0.39 ,2.62 ,0,4730,2996,62.48 ,53.67 ,19.08 ,0.48 ,0.89 ,1.66 ,-1,428.30 ,279.27 
2025-09-02T18:00:00+09:00,110303.40 ,110638.70 ,110204.80 ,110399.90 ,110941.0303,107891.7897,110140.86,108913.1183,109416.41,,,,,1,2,0.48 ,2.71 ,0,2008,2869,63.42 ,54.01 ,19.67 ,0.45 ,0.88 ,1.64 ,-1,443.16 ,323.17 
2025-09-02T19:00:00+09:00,110399.90 ,110426.20 ,110073.00 ,110202.30 ,111025.8047,107916.8253,110125.0815,108941.905,109471.315,,,,,1,2,0.30 ,2.53 ,0,1832,2830,60.09 ,53.19 ,20.17 ,0.41 ,0.87 ,1.62 ,-1,434.00 ,362.26 
2025-09-02T20:00:00+09:00,110202.30 ,110207.30 ,109537.00 ,109705.60 ,111039.6708,107999.8292,110109.289,108957.7467,109519.75,,,,,1,2,0.15 ,2.09 ,0,3459,2857,52.62 ,51.21 ,20.31 ,0.48 ,0.86 ,1.60 ,-1,382.25 ,384.37 
2025-09-02T21:00:00+09:00,109705.60 ,109808.40 ,108334.50 ,108751.70 ,111038.7389,108002.5411,110089.373,108948.0267,109520.64,,,,,1,2,1.03 ,1.23 ,0,13061,3432,41.86 ,47.72 ,20.57 ,0.77 ,0.88 ,1.63 ,-1,261.25 ,383.77 
2025-09-02T22:00:00+09:00,108751.70 ,111233.50 ,108688.00 ,111097.90 ,111265.7985,107997.3315,110083.338,108976.735,109631.565,,,,,1,2,1.11 ,3.32 ,0,16184,4130,62.29 ,55.35 ,20.53 ,1.27 ,0.93 ,1.74 ,-1,350.64 ,386.26 
2025-09-02T23:00:00+09:00,111097.90 ,111726.40 ,110732.00 ,111297.00 ,111509.4684,107964.6416,110080.265,109012.1167,109737.055,,,,,1,2,1.28 ,3.49 ,0,11465,4631,63.46 ,55.91 ,20.44 ,1.14 ,0.98 ,1.83 ,-1,432.56 ,393.88 
2025-09-03T00:00:00+09:00,111297.00 ,111479.80 ,110568.30 ,110786.90 ,111626.5835,108009.3365,110076.8285,109039.2333,109817.96,,,,,1,2,0.83 ,3.05 ,0,4728,4821,58.44 ,54.14 ,20.14 ,1.04 ,1.03 ,1.92 ,-1,451.12 ,399.58 
2025-09-03T01:00:00+09:00,110786.90 ,111082.80 ,110427.10 ,110750.00 ,111706.5392,108121.1608,110073.7525,109072.395,109913.85,,,,,1,2,0.80 ,3.02 ,0,3728,4682,58.09 ,54.02 ,19.59 ,0.89 ,1.06 ,1.97 ,-1,457.58 ,404.54 
2025-09-03T02:00:00+09:00,110750.00 ,111000.00 ,110588.10 ,110867.00 ,111607.5799,108531.4001,110069.297,109108.3633,110069.49,,108334.5,,,1,2,0.90 ,2.28 ,0,1809,4549,58.95 ,54.36 ,18.91 ,0.72 ,1.05 ,1.96 ,-1,466.76 ,408.81 
2025-09-03T03:00:00+09:00,110867.00 ,110900.00 ,110137.30 ,110587.20 ,111523.9744,108834.5356,110067.44,109140.3917,110179.255,,,,,1,2,0.65 ,2.04 ,0,3299,4602,55.99 ,53.39 ,18.35 ,0.71 ,1.04 ,1.94 ,-1,446.31 ,409.16 
2025-09-03T04:00:00+09:00,110587.20 ,110798.80 ,110388.30 ,110745.40 ,111542.0736,108972.3464,110065.206,109175.2017,110257.21,111726.4,,,,1,2,0.89 ,2.18 ,0,1219,4520,57.29 ,53.86 ,17.47 ,0.60 ,1.02 ,1.91 ,-1,437.82 ,409.59 
2025-09-03T05:00:00+09:00,110745.40 ,111366.30 ,110661.00 ,111355.60 ,111606.2902,109144.7298,110064.2045,109215.1183,110375.51,,,,,1,2,0.33 ,2.71 ,0,3088,4568,61.97 ,55.65 ,16.73 ,0.61 ,1.01 ,1.89 ,-1,474.86 ,419.88 
2025-09-03T06:00:00+09:00,111355.60 ,111479.80 ,111064.00 ,111064.00 ,111617.8697,109313.7503,110062.2315,109258.5083,110465.81,,,,,1,2,0.60 ,2.46 ,0,2105,4541,58.66 ,54.62 ,16.04 ,0.53 ,1.00 ,1.87 ,-1,475.20 ,443.65 
2025-09-03T07:00:00+09:00,111064.00 ,111218.40 ,110818.70 ,111218.30 ,111706.6782,109326.7818,110057.341,109303.3817,110516.73,,,,,1,2,0.46 ,2.59 ,0,1919,4426,59.88 ,55.07 ,15.34 ,0.47 ,0.98 ,1.83 ,-1,482.37 ,458.29 
2025-09-03T08:00:00+09:00,111218.30 ,111220.00 ,110955.50 ,111188.20 ,111781.4401,109342.8199,110052.626,109350.785,110562.13,,,,,1,2,0.48 ,2.57 ,0,571,4197,59.52 ,54.96 ,14.67 ,0.39 ,0.96 ,1.79 ,-1,480.08 ,463.57 
2025-09-03T09:00:00+09:00,111188.20 ,111720.00 ,111182.40 ,111269.00 ,111860.9227,109363.1873,110046.768,109400.5817,110612.055,,,,,1,2,0.41 ,2.64 ,0,2679,4224,60.22 ,55.20 ,14.23 ,0.42 ,0.95 ,1.77 ,-1,479.27 ,466.69 
2025-09-03T10:00:00+09:00,111269.00 ,111342.50 ,110836.60 ,111119.90 ,111909.5167,109410.5833,110040.4415,109446.1967,110660.05,,,,,1,2,0.55 ,2.51 ,0,1816,4254,58.20 ,54.65 ,13.87 ,0.43 ,0.95 ,1.77 ,-1,461.27 ,467.10 
2025-09-03T11:00:00+09:00,111119.90 ,111443.20 ,110971.40 ,111325.40 ,111981.6244,109439.8456,110035.3175,109494.6483,110710.735,,,,,1,2,0.36 ,2.69 ,0,1358,4146,60.19 ,55.28 ,13.63 ,0.43 ,0.95 ,1.77 ,-1,458.31 ,466.17 
2025-09-03T12:00:00+09:00,111325.40 ,111350.20 ,110844.00 ,110993.40 ,112003.678,109499.132,110036.9855,109531.9417,110751.405,,,,,1,2,0.66 ,2.40 ,0,1575,4132,55.59 ,54.04 ,13.35 ,0.44 ,0.95 ,1.78 ,-1,424.28 ,463.72 
2025-09-03T13:00:00+09:00,110993.40 ,111107.50 ,110800.00 ,110970.10 ,112022.951,109546.529,110044.3005,109566.93,110784.74,,,,,1,2,0.68 ,2.38 ,0,1125,3951,55.27 ,53.95 ,12.95 ,0.39 ,0.94 ,1.76 ,-1,390.93 ,458.51 
2025-09-03T14:00:00+09:00,110970.10 ,111030.50 ,110608.40 ,110643.50 ,112024.4958,109569.3442,110048.3235,109595.385,110796.92,111720,,,,1,2,0.97 ,2.09 ,0,1677,3935,50.87 ,52.74 ,12.55 ,0.39 ,0.94 ,1.75 ,-1,334.29 ,442.89 
2025-09-03T15:00:00+09:00,110643.50 ,110840.70 ,110524.80 ,110685.20 ,112019.5608,109622.5692,110051.315,109622.0733,110821.065,,,,,1,2,0.93 ,2.12 ,0,2612,3974,51.40 ,52.88 ,12.20 ,0.35 ,0.93 ,1.74 ,-1,289.43 ,422.25 
2025-09-03T16:00:00+09:00,110685.20 ,111065.50 ,110488.90 ,111050.30 ,111974.563,109802.037,110056.205,109658.4317,110888.3,,,,,1,2,0.60 ,2.45 ,0,4913,4046,55.91 ,54.08 ,11.66 ,0.41 ,0.93 ,1.73 ,-1,280.11 ,399.77 
2025-09-03T17:00:00+09:00,111050.30 ,111220.30 ,110912.00 ,110959.00 ,111466.8887,110530.4413,110065.7595,109689.9533,110998.665,,,,,1,2,0.69 ,2.37 ,0,2023,3495,54.54 ,53.73 ,11.18 ,0.36 ,0.90 ,1.68 ,1,262.33 ,375.58 
2025-09-03T18:00:00+09:00,110959.00 ,111273.90 ,110833.40 ,111255.10 ,111486.2838,110526.7662,110072.818,109727.79,111006.525,,,,,1,2,0.42 ,2.63 ,0,1729,2772,58.11 ,54.70 ,10.68 ,0.37 ,0.83 ,1.55 ,1,269.03 ,352.22 
2025-09-03T19:00:00+09:00,111255.10 ,111428.00 ,111111.00 ,111389.40 ,111503.615,110518.675,110081.471,109770.2667,111011.145,,,111726.4,,1,2,0.30 ,2.74 ,0,2679,2333,59.65 ,55.13 ,10.31 ,0.34 ,0.77 ,1.44 ,1,281.93 ,332.29 
2025-09-03T20:00:00+09:00,111389.40 ,111657.40 ,111327.30 ,111381.50 ,111547.2016,110534.5484,110089.297,109823.1533,111040.875,,,,,1,2,0.30 ,2.74 ,0,2343,2213,59.52 ,55.10 ,10.22 ,0.33 ,0.72 ,1.34 ,1,288.20 ,313.39 
2025-09-03T21:00:00+09:00,111381.50 ,111818.20 ,110970.30 ,111059.80 ,111544.7878,110567.9422,110094.38,109871.1883,111056.365,,110488.9,,,1,2,0.59 ,0.51 ,0,3117,2183,54.00 ,53.81 ,10.12 ,0.47 ,0.69 ,1.28 ,1,264.16 ,295.60 
2025-09-03T22:00:00+09:00,111059.80 ,111860.70 ,111008.20 ,111415.70 ,111587.9811,110579.6189,110100.7355,109926.3867,111083.8,,,,,1,2,0.27 ,0.83 ,0,5371,2361,58.57 ,55.00 ,10.00 ,0.57 ,0.68 ,1.26 ,1,270.70 ,282.24 
2025-09-03T23:00:00+09:00,111415.70 ,112450.90 ,111059.60 ,112202.30 ,111819.5353,110509.5747,110112.031,110003.32,111164.555,,,,,1,3,0.43 ,1.53 ,0,11297,2761,66.51 ,57.47 ,10.21 ,0.79 ,0.68 ,1.27 ,1,335.49 ,282.37 
2025-09-04T00:00:00+09:00,112202.30 ,112319.10 ,111844.60 ,112164.40 ,111992.9107,110478.0993,110121.6215,110078.93,111235.505,,,,,1,3,0.40 ,1.49 ,0,5439,2972,65.85 ,57.31 ,10.63 ,0.67 ,0.69 ,1.28 ,1,379.41 ,292.37 
2025-09-04T01:00:00+09:00,112164.40 ,112287.80 ,111621.20 ,111808.20 ,112054.5811,110461.6889,110130.445,110152.7983,111258.135,,,,,1,3,0.08 ,1.18 ,0,3923,3014,59.89 ,55.87 ,11.14 ,0.65 ,0.69 ,1.29 ,-1,381.08 ,303.59 
2025-09-04T02:00:00+09:00,111808.20 ,112527.20 ,111800.60 ,112248.50 ,112216.7614,110417.9586,110141.1605,110226.5683,111317.36,,,,,1,3,0.47 ,1.57 ,0,2988,3058,64.20 ,57.23 ,11.75 ,0.64 ,0.70 ,1.31 ,-1,413.17 ,320.35 
2025-09-04T03:00:00+09:00,112248.50 ,112461.00 ,111736.40 ,111955.30 ,112293.8493,110414.5707,110150.072,110292.075,111354.21,,,,,1,3,0.21 ,1.31 ,0,1805,3052,59.60 ,56.06 ,12.27 ,0.65 ,0.71 ,1.33 ,-1,410.21 ,336.04 
2025-09-04T04:00:00+09:00,111955.30 ,112186.50 ,111715.70 ,112142.30 ,112398.1701,110405.6599,110161.59,110338.1967,111401.915,,,,,1,3,0.38 ,1.47 ,0,820,3064,61.50 ,56.63 ,12.95 ,0.57 ,0.73 ,1.35 ,-1,418.14 ,351.17 
2025-09-04T05:00:00+09:00,112142.30 ,112192.30 ,111982.80 ,112147.00 ,112490.9526,110400.6774,110171.5085,110381.5633,111445.815,,,,,1,3,0.38 ,1.48 ,0,684,2965,61.55 ,56.65 ,13.76 ,0.44 ,0.73 ,1.36 ,-1,419.96 ,365.81 
2025-09-04T06:00:00+09:00,112147.00 ,112201.40 ,111707.30 ,111934.20 ,112541.1112,110431.9488,110180.919,110422.5983,111486.53,,,,,1,3,0.19 ,1.29 ,0,750,2911,57.97 ,55.78 ,14.15 ,0.44 ,0.73 ,1.36 ,-1,399.62 ,380.86 
2025-09-04T07:00:00+09:00,111934.20 ,112090.00 ,111773.20 ,111889.90 ,112580.7305,110448.7795,110188.779,110478.53,111514.755,112527.2,,,,1,3,0.57 ,1.25 ,0,733,2880,57.22 ,55.60 ,14.15 ,0.39 ,0.72 ,1.35 ,-1,375.60 ,392.52 
2025-09-04T08:00:00+09:00,111889.90 ,111927.10 ,111551.40 ,111647.30 ,112587.2478,110507.6522,110198.8345,110527.0117,111547.45,,,,,1,3,0.79 ,1.04 ,0,1187,2861,53.18 ,54.60 ,14.11 ,0.37 ,0.72 ,1.34 ,-1,333.15 ,392.26 
2025-09-04T09:00:00+09:00,111647.30 ,112124.30 ,111552.70 ,112017.00 ,112623.3419,110576.2481,110208.253,110576.3867,111599.795,,,,,1,3,0.46 ,1.36 ,0,2201,2915,58.04 ,55.83 ,13.78 ,0.42 ,0.72 ,1.35 ,-1,325.58 ,386.28 
2025-09-04T10:00:00+09:00,112017.00 ,112020.00 ,111578.90 ,111902.10 ,112593.9528,110731.4972,110218.0775,110625.3517,111662.725,,,,,1,3,0.56 ,1.26 ,0,1020,2882,56.09 ,55.36 ,13.22 ,0.41 ,0.72 ,1.35 ,-1,306.78 ,378.02 
2025-09-04T11:00:00+09:00,111902.10 ,111932.00 ,111347.80 ,111406.40 ,112525.836,110871.734,110221.865,110663.7217,111698.785,,,,,1,3,1.01 ,0.82 ,0,1899,2846,48.52 ,53.36 ,12.65 ,0.45 ,0.73 ,1.37 ,1,249.01 ,359.78 
2025-09-04T12:00:00+09:00,111406.40 ,111675.10 ,111093.30 ,111102.30 ,112520.5544,110882.2156,110222.101,110703.145,111701.385,,,,,1,3,1.28 ,0.55 ,0,2135,2707,44.55 ,52.18 ,12.22 ,0.47 ,0.74 ,1.37 ,1,176.65 ,333.83 
2025-09-04T13:00:00+09:00,111102.30 ,111286.70 ,110877.60 ,110880.60 ,112531.424,110863.506,110220.184,110738.9233,111697.465,,,,,1,3,1.49 ,0.35 ,0,1313,2672,41.86 ,51.33 ,12.29 ,0.44 ,0.74 ,1.39 ,1,100.26 ,298.51 
2025-09-04T14:00:00+09:00,110880.60 ,110880.70 ,110540.00 ,110618.50 ,112606.4489,110724.8211,110215.68,110767.9083,111665.635,,,,,1,3,1.73 ,0.12 ,0,4038,2787,38.87 ,50.35 ,12.95 ,0.40 ,0.74 ,1.39 ,-1,18.36 ,253.89 
2025-09-04T15:00:00+09:00,110618.50 ,110689.50 ,110250.00 ,110361.10 ,112709.509,110518.931,110208.2635,110787.4733,111614.22,,,,,-1,1,1.96 ,0.12 ,0,2613,2784,36.14 ,49.40 ,14.09 ,0.40 ,0.75 ,1.40 ,-1,-66.55 ,202.09 
2025-09-04T16:00:00+09:00,110361.10 ,110629.50 ,110312.50 ,110429.40 ,112775.1351,110358.0949,110201.9105,110808.4833,111566.615,,,,,-1,1,1.90 ,0.05 ,0,2159,2775,37.39 ,49.66 ,15.84 ,0.36 ,0.75 ,1.40 ,-1,-126.87 ,146.26 
2025-09-04T17:00:00+09:00,110429.40 ,110806.10 ,110378.60 ,110598.50 ,112806.2732,110280.8268,110198.3925,110837.9217,111543.55,,,,,-1,1,1.74 ,0.10 ,0,2742,2756,40.51 ,50.30 ,17.94 ,0.37 ,0.74 ,1.39 ,-1,-159.19 ,91.56 
2025-09-04T18:00:00+09:00,110598.50 ,110809.00 ,110598.50 ,110769.40 ,112817.7133,110204.7567,110196.0205,110888.175,111511.235,,,,,-1,1,1.59 ,0.25 ,0,1488,2562,43.57 ,50.94 ,20.17 ,0.31 ,0.72 ,1.35 ,-1,-169.07 ,36.60 
2025-09-04T19:00:00+09:00,110769.40 ,111099.30 ,110570.00 ,110570.00 ,112756.9903,110102.2497,110193.439,110924.4767,111429.62,,,,,-1,1,1.77 ,0.07 ,0,2602,2127,40.93 ,50.17 ,22.07 ,0.37 ,0.69 ,1.29 ,-1,-190.79 ,-18.69 
2025-09-04T20:00:00+09:00,110570.00 ,111000.00 ,110480.50 ,110755.10 ,112673 ,110045.7374,110190.3685,110950.6233,111359.155,,110250,,,-1,1,1.60 ,0.46 ,0,2063,1958,44.31 ,50.87 ,23.60 ,0.40 ,0.67 ,1.25 ,-1,-190.86 ,-67.56 
2025-09-04T21:00:00+09:00,110755.10 ,111080.00 ,110473.00 ,110882.50 ,112624.9707,110000.7693,110187.198,110982.1717,111312.87,,,,,-1,1,1.48 ,0.57 ,0,2173,1871,46.58 ,51.35 ,24.57 ,0.45 ,0.66 ,1.22 ,-1,-178.58 ,-107.03 
2025-09-04T22:00:00+09:00,110882.50 ,110923.60 ,110160.00 ,110425.20 ,112514.3283,109929.0817,110182.775,111001.625,111221.705,,,112527.2,,-1,1,1.90 ,0.16 ,0,3298,1886,40.24 ,49.57 ,25.13 ,0.53 ,0.65 ,1.21 ,-1,-203.41 ,-140.77 
2025-09-04T23:00:00+09:00,110425.20 ,110493.70 ,109666.00 ,109803.60 ,112499.4535,109728.7865,110176.8565,110995.02,111114.12,,,,,-1,2,2.48 ,0.41 ,0,8318,2212,33.57 ,47.28 ,25.54 ,0.61 ,0.64 ,1.20 ,-1,-270.12 ,-172.83 
2025-09-05T00:00:00+09:00,109803.60 ,109832.40 ,109302.50 ,109471.00 ,112455.7934,109505.3166,110170.747,110981.5333,110980.555,111099.3,,,,-1,2,1.49 ,0.71 ,0,7137,2528,30.64 ,46.12 ,26.12 ,0.57 ,0.64 ,1.20 ,-1,-345.85 ,-203.86 
2025-09-05T01:00:00+09:00,109471.00 ,109657.10 ,109330.00 ,109390.70 ,112370.4067,109315.0733,110164.0975,110966.87,110842.74,,,,,-1,2,1.56 ,0.79 ,0,2556,2621,29.96 ,45.85 ,26.86 ,0.48 ,0.65 ,1.21 ,-1,-407.64 ,-235.06 
2025-09-05T02:00:00+09:00,109390.70 ,109869.00 ,109378.70 ,109725.70 ,112247.6662,109216.9638,110158.9235,110959.6317,110732.315,,,,,-1,2,1.25 ,0.48 ,0,2396,2704,36.31 ,47.20 ,27.83 ,0.47 ,0.65 ,1.21 ,-1,-424.69 ,-264.56 
2025-09-05T03:00:00+09:00,109725.70 ,110143.20 ,109636.40 ,109916.10 ,112090.5297,109176.7203,110153.902,110953.0383,110633.625,,,,,-1,2,1.08 ,0.30 ,0,2930,2813,39.65 ,47.95 ,28.71 ,0.46 ,0.65 ,1.22 ,-1,-418.01 ,-292.22 
2025-09-05T04:00:00+09:00,109916.10 ,110056.60 ,109651.00 ,109744.00 ,111966.4393,109110.4807,110146.246,110945.7717,110538.46,,,,,-1,2,1.23 ,0.46 ,0,1298,2819,37.72 ,47.33 ,29.59 ,0.43 ,0.66 ,1.23 ,-1,-421.75 ,-317.88 
2025-09-05T05:00:00+09:00,109744.00 ,110362.00 ,109695.00 ,110342.60 ,111712.3349,109197.1451,110141.5495,110946.425,110454.74,,109302.5,,,-1,2,0.69 ,0.94 ,0,1713,2795,47.33 ,49.65 ,30.02 ,0.49 ,0.66 ,1.24 ,-1,-372.12 ,-338.02 
2025-09-05T06:00:00+09:00,110342.60 ,110493.10 ,110266.40 ,110440.60 ,111449.9603,109313.3697,110136.593,110947.1033,110381.665,,,,,-1,2,0.60 ,1.03 ,0,977,2792,48.72 ,50.02 ,29.88 ,0.39 ,0.66 ,1.24 ,-1,-321.18 ,-353.86 
2025-09-05T07:00:00+09:00,110440.60 ,111548.00 ,110430.60 ,111437.60 ,111457.5753,109308.8747,110135.013,110967.6917,110383.225,,,,,1,1,0.30 ,1.92 ,0,3659,2880,60.25 ,53.55 ,29.55 ,0.59 ,0.67 ,1.26 ,-1,-198.07 ,-353.27 
2025-09-05T08:00:00+09:00,111437.60 ,111718.10 ,110552.30 ,110681.80 ,111395.0969,109329.3031,110128.618,110983.9617,110362.2,,,,,1,1,0.38 ,1.25 ,0,3921,2970,50.91 ,50.78 ,29.11 ,0.75 ,0.69 ,1.30 ,-1,-159.65 ,-341.00 
2025-09-05T09:00:00+09:00,110681.80 ,110894.30 ,110396.40 ,110421.20 ,111345.0699,109333.3901,110120.4045,111011.7867,110339.23,,,,,1,1,0.61 ,1.01 ,0,1953,3002,48.14 ,49.87 ,28.67 ,0.65 ,0.71 ,1.33 ,-1,-148.53 ,-319.07 
2025-09-05T10:00:00+09:00,110421.20 ,111103.00 ,110411.20 ,111084.10 ,111413.6589,109311.3611,110114.42,111011.5567,110362.51,,,,,1,1,0.01 ,1.60 ,0,1508,2875,54.87 ,52.10 ,28.53 ,0.64 ,0.73 ,1.36 ,-1,-85.23 ,-283.25 
2025-09-05T11:00:00+09:00,111084.10 ,111440.60 ,111000.00 ,111290.50 ,111535.261,109282.699,110111.4525,111011.4483,110408.98,,,,,1,1,0.17 ,1.79 ,0,2840,2887,56.75 ,52.76 ,28.77 ,0.56 ,0.74 ,1.38 ,-1,-18.21 ,-238.08 
2025-09-05T12:00:00+09:00,111290.50 ,111290.60 ,111041.20 ,111262.80 ,111636.939,109264.361,110107.6335,111019.38,110450.65,,,,,1,1,0.15 ,1.76 ,0,918,2824,56.41 ,52.66 ,29.59 ,0.45 ,0.75 ,1.39 ,-1,32.30 ,-188.05 
2025-09-05T13:00:00+09:00,111262.80 ,111413.90 ,111081.50 ,111390.10 ,111744.4854,109235.9746,110102.784,111030.0483,110490.23,111718.1,,,,1,1,0.29 ,1.87 ,0,836,2729,57.67 ,53.08 ,30.94 ,0.40 ,0.75 ,1.40 ,-1,81.66 ,-132.11 
2025-09-05T14:00:00+09:00,111390.10 ,111674.50 ,111360.00 ,111520.30 ,111855.9842,109199.5658,110102.985,111040.9367,110527.775,,,,,1,1,0.18 ,1.99 ,0,2178,2764,58.97 ,53.51 ,32.38 ,0.36 ,0.75 ,1.41 ,-1,129.79 ,-76.35 
2025-09-05T15:00:00+09:00,111520.30 ,111851.60 ,111448.00 ,111851.60 ,112040.2544,109143.4556,110105.417,111062.01,110591.855,,,,,1,2,0.12 ,2.28 ,0,1582,2713,62.16 ,54.60 ,33.90 ,0.36 ,0.75 ,1.40 ,-1,192.45 ,-19.28 
2025-09-05T16:00:00+09:00,111851.60 ,112944.60 ,111826.90 ,112898.40 ,112462.716,108935.324,110113.853,111097.8933,110699.02,,,,,1,2,1.05 ,3.19 ,0,11370,3178,70.07 ,57.76 ,35.78 ,0.57 ,0.76 ,1.43 ,-1,322.85 ,38.60 
2025-09-05T17:00:00+09:00,112898.40 ,112930.40 ,112555.00 ,112583.20 ,112729.561,108838.549,110120.303,111118.3533,110784.055,,,,,1,2,0.77 ,2.91 ,0,3094,3224,65.62 ,56.55 ,37.93 ,0.49 ,0.77 ,1.43 ,-1,396.19 ,100.36 
2025-09-05T18:00:00+09:00,112583.20 ,112583.30 ,112100.00 ,112268.80 ,112917.3482,108835.1218,110123.646,111138.4333,110876.235,,,,,1,2,0.49 ,2.64 ,0,4193,3269,61.43 ,55.37 ,39.87 ,0.47 ,0.76 ,1.43 ,-1,424.06 ,163.98 
2025-09-05T19:00:00+09:00,112268.80 ,112539.70 ,112150.80 ,112205.30 ,113053.4139,108939.2261,110127.461,111154.8833,110996.32,,,,,1,2,0.43 ,2.59 ,0,3535,3030,60.59 ,55.13 ,41.62 ,0.43 ,0.75 ,1.40 ,-1,435.99 ,221.90 
2025-09-05T20:00:00+09:00,112205.30 ,112395.10 ,112088.60 ,112304.10 ,113144.9897,109130.9603,110129.216,111173.4817,111137.975,,,,109302.5,1,2,0.52 ,2.67 ,0,1331,2739,61.47 ,55.43 ,43.10 ,0.38 ,0.74 ,1.37 ,-1,448.26 ,273.73 
2025-09-05T21:00:00+09:00,112304.10 ,113341.30 ,112014.40 ,113147.80 ,113346.7791,109304.8809,110130.3355,111204.795,111325.83,,,,,1,2,1.26 ,3.40 ,0,29379,4081,68.06 ,57.92 ,44.50 ,0.64 ,0.75 ,1.40 ,-1,520.06 ,327.92 
2025-09-05T22:00:00+09:00,113147.80 ,113250.00 ,112651.00 ,113032.40 ,113502.4546,109479.8754,110131.4705,111236.67,111491.165,,,,,1,2,1.16 ,3.30 ,0,8539,4388,66.39 ,57.47 ,45.78 ,0.60 ,0.76 ,1.42 ,-1,561.19 ,381.20 
2025-09-05T23:00:00+09:00,113032.40 ,113032.40 ,110438.90 ,110528.10 ,113453.3118,109590.2182,110118.32,111223.3817,111521.765,,,,,1,2,1.08 ,1.11 ,0,23075,5395,42.17 ,49.07 ,46.15 ,1.19 ,0.81 ,1.52 ,-1,387.24 ,409.81 
2025-09-06T00:00:00+09:00,110528.10 ,110974.00 ,110235.20 ,110679.80 ,113366.2778,109770.8322,110106.356,111218.155,111568.555,,,,,1,2,0.94 ,1.24 ,0,7078,5684,43.51 ,49.52 ,45.75 ,1.02 ,0.86 ,1.60 ,-1,258.64 ,417.16 
2025-09-06T01:00:00+09:00,110679.80 ,110892.10 ,110479.20 ,110767.40 ,113338.4458,109841.1442,110094.8385,111214.7767,111589.795,,,,,1,2,0.86 ,1.32 ,0,2419,5719,44.32 ,49.79 ,45.00 ,0.80 ,0.88 ,1.64 ,-1,161.93 ,399.29 
2025-09-06T02:00:00+09:00,110767.40 ,110767.40 ,110176.10 ,110571.40 ,113328.6468,109864.0232,110083.665,111213.575,111596.335,113341.3,,,,1,2,2.51 ,1.15 ,0,2956,5818,42.85 ,49.20 ,44.01 ,0.71 ,0.90 ,1.69 ,-1,68.68 ,362.89 
2025-09-06T03:00:00+09:00,110571.40 ,111256.40 ,110529.20 ,111144.60 ,113324.0453,109839.3247,110073.9985,111221.2317,111581.685,,,,,1,2,1.98 ,1.66 ,0,3324,5802,48.26 ,50.94 ,42.65 ,0.69 ,0.91 ,1.70 ,-1,40.56 ,320.28 
2025-09-06T04:00:00+09:00,111144.60 ,111555.00 ,111062.80 ,111542.90 ,113317.887,109931.593,110067.34,111229.4417,111624.74,,,,,1,2,1.61 ,2.01 ,0,2637,5737,51.68 ,52.10 ,40.64 ,0.61 ,0.90 ,1.68 ,-1,49.84 ,277.38 
2025-09-06T05:00:00+09:00,111542.90 ,111586.00 ,111232.00 ,111583.40 ,113284.0619,110081.6381,110059.282,111239.8483,111682.85,,,,,1,2,1.58 ,2.04 ,0,1472,5713,52.03 ,52.22 ,38.02 ,0.51 ,0.89 ,1.66 ,-1,59.78 ,234.21 
2025-09-06T06:00:00+09:00,111583.40 ,111643.20 ,110320.00 ,110560.20 ,113312.4035,110000.9065,110048.176,111228.2667,111656.655,,,,,1,2,2.52 ,1.14 ,0,7312,6003,43.51 ,49.11 ,35.75 ,0.74 ,0.90 ,1.68 ,-1,-14.74 ,174.79 
2025-09-06T07:00:00+09:00,110560.20 ,110884.60 ,110457.30 ,110756.80 ,113325.1953,109934.7447,110036.414,111217.7233,111629.97,,110176.1,,,1,2,2.33 ,0.52 ,1,1027,5913,45.36 ,49.70 ,33.74 ,0.62 ,0.90 ,1.69 ,-1,-57.28 ,106.07 
2025-09-06T08:00:00+09:00,110756.80 ,110828.90 ,110555.70 ,110624.20 ,113343.0508,109853.0292,110026.318,111205.1017,111598.04,,,,,1,2,2.46 ,0.41 ,0,628,5898,44.31 ,49.30 ,31.97 ,0.50 ,0.91 ,1.69 ,-1,-100.53 ,51.88 
2025-09-06T09:00:00+09:00,110624.20 ,110794.70 ,110520.00 ,110738.70 ,113348.6875,109782.2525,110018.588,111199.75,111565.47,,,,,1,2,2.35 ,0.51 ,0,786,5896,45.49 ,49.65 ,30.35 ,0.41 ,0.91 ,1.70 ,-1,-124.13 ,9.35 
2025-09-06T10:00:00+09:00,110738.70 ,110881.00 ,110698.30 ,110826.20 ,113342.9302,109718.5998,110011.005,111189.925,111530.765,,,,,1,2,2.27 ,0.59 ,0,419,5808,46.42 ,49.92 ,29.01 ,0.33 ,0.91 ,1.69 ,-1,-134.23 ,-23.56 
2025-09-06T11:00:00+09:00,110826.20 ,111169.00 ,110684.30 ,111169.00 ,113309.0564,109684.2136,110005.1915,111172.7033,111496.635,111643.2,,,,1,2,0.43 ,0.89 ,0,883,5773,50.03 ,50.97 ,27.87 ,0.37 ,0.91 ,1.69 ,-1,-113.27 ,-43.78 
2025-09-06T12:00:00+09:00,111169.00 ,111258.00 ,110952.00 ,111024.20 ,113106.2731,109699.5769,110000.9975,111153.7,111402.925,,,,,1,2,0.56 ,0.76 ,0,4275,5418,48.54 ,50.52 ,26.87 ,0.34 ,0.89 ,1.66 ,-1,-107.10 ,-60.18 
2025-09-06T13:00:00+09:00,111024.20 ,111024.20 ,110734.80 ,110831.30 ,112945.497,109685.163,109995.8275,111137.4183,111315.33,,,,,1,2,0.73 ,0.59 ,0,1448,5336,46.56 ,49.91 ,25.83 ,0.31 ,0.88 ,1.63 ,-1,-116.44 ,-78.66 
2025-09-06T14:00:00+09:00,110831.30 ,110831.40 ,110651.00 ,110668.50 ,112827.0724,109643.5576,109989.264,111111.085,111235.315,,,,,1,2,0.88 ,0.44 ,0,867,5170,44.89 ,49.40 ,24.79 ,0.26 ,0.86 ,1.61 ,-1,-135.42 ,-100.35 
2025-09-06T15:00:00+09:00,110668.50 ,110767.00 ,110661.00 ,110712.20 ,112702.7216,109618.5984,109981.3295,111090.3667,111160.66,,,,,1,2,0.84 ,0.48 ,0,293,5007,45.45 ,49.54 ,23.75 ,0.21 ,0.84 ,1.57 ,-1,-145.26 ,-114.85 
2025-09-06T16:00:00+09:00,110712.20 ,110790.50 ,110712.10 ,110780.00 ,112541.2373,109627.6727,109972.61,111067.6617,111084.455,,,,,1,2,0.78 ,0.55 ,0,227,4952,46.37 ,49.76 ,22.67 ,0.16 ,0.83 ,1.54 ,-1,-145.90 ,-124.70 
2025-09-06T17:00:00+09:00,110780.00 ,110923.00 ,110727.50 ,110903.20 ,112079.8912,109864.5588,109966.2995,111046.9317,110972.225,111258,,113341.3,,1,2,0.32 ,0.66 ,0,545,3511,48.08 ,50.17 ,21.52 ,0.17 ,0.79 ,1.48 ,-1,-134.92 ,-128.52 
2025-09-06T18:00:00+09:00,110903.20 ,110903.20 ,110645.60 ,110651.90 ,111437.9341,110268.4659,109962.403,111025.56,110853.2,,,,,1,2,0.55 ,0.43 ,0,654,3116,44.93 ,49.33 ,20.50 ,0.19 ,0.76 ,1.42 ,1,-144.82 ,-130.82 
2025-09-06T19:00:00+09:00,110651.90 ,110757.10 ,110625.00 ,110730.70 ,111431.9835,110294.6765,109959.2045,111006.24,110863.33,,,,,1,2,0.48 ,0.50 ,0,420,1984,46.12 ,49.60 ,19.68 ,0.17 ,0.68 ,1.28 ,1,-144.64 ,-131.97 
2025-09-06T20:00:00+09:00,110730.70 ,110830.50 ,110621.90 ,110736.40 ,111431.6866,110300.6334,109954.6225,110991.0583,110866.16,,,,,1,2,0.47 ,0.51 ,0,777,1668,46.22 ,49.62 ,18.85 ,0.17 ,0.62 ,1.16 ,-1,-142.40 ,-135.21 
2025-09-06T21:00:00+09:00,110736.40 ,110846.70 ,110700.00 ,110783.50 ,111431.9726,110301.9574,109951.2535,110970.5,110866.965,,,,,1,2,0.43 ,0.55 ,0,613,1578,47.01 ,49.79 ,17.96 ,0.16 ,0.57 ,1.07 ,-1,-135.26 ,-138.34 
2025-09-06T22:00:00+09:00,110783.50 ,110890.00 ,110772.60 ,110879.20 ,111430.8478,110333.8622,109949.3015,110953.4517,110882.355,,,,110176.1,1,2,0.34 ,0.63 ,0,558,1458,48.67 ,50.13 ,16.98 ,0.14 ,0.53 ,0.99 ,-1,-120.49 ,-138.79 
2025-09-06T23:00:00+09:00,110879.20 ,110938.00 ,110714.80 ,110751.90 ,111400.262,110325.178,109946.8825,110942.5433,110862.72,,,,,1,2,0.46 ,0.52 ,0,1079,1346,46.58 ,49.67 ,15.98 ,0.16 ,0.49 ,0.91 ,-1,-117.70 ,-136.82 
2025-09-07T00:00:00+09:00,110751.90 ,110782.70 ,110300.00 ,110331.50 ,111290.1936,110314.1064,109948.6565,110929.6967,110802.15,,,,,1,2,0.84 ,0.14 ,0,2318,1330,40.42 ,48.19 ,15.42 ,0.25 ,0.46 ,0.86 ,-1,-147.71 ,-137.09 
2025-09-07T01:00:00+09:00,110331.50 ,110343.60 ,109919.50 ,110214.90 ,111141.5985,110326 ,109951.8215,110918.6017,110733.725,,,,,1,2,0.95 ,0.04 ,0,6047,1559,38.88 ,47.79 ,15.37 ,0.30 ,0.45 ,0.83 ,1,-178.84 ,-140.75 
2025-09-07T02:00:00+09:00,110214.90 ,110226.20 ,109946.60 ,110104.30 ,111198.2649,110223.5951,109953.706,110910.0317,110710.93,,,,,-1,1,1.05 ,0.07 ,0,1112,1249,37.43 ,47.40 ,15.78 ,0.28 ,0.41 ,0.77 ,-1,-210.02 ,-149.10 
2025-09-07T03:00:00+09:00,110104.30 ,110241.10 ,110012.10 ,110180.80 ,111220.6134,110143.6466,109954.826,110907.0267,110682.13,,,,,-1,1,0.98 ,0.00 ,0,711,1233,39.12 ,47.70 ,16.67 ,0.26 ,0.39 ,0.72 ,-1,-225.95 ,-158.11 
2025-09-07T04:00:00+09:00,110180.80 ,110208.20 ,109954.80 ,109991.00 ,111267.5728,110033.3672,109954.551,110899.72,110650.47,110938,,,,-1,1,0.86 ,0.17 ,0,414,1222,36.48 ,47.03 ,18.02 ,0.25 ,0.37 ,0.68 ,-1,-250.99 ,-169.93 
2025-09-07T05:00:00+09:00,109991.00 ,110120.40 ,109984.90 ,110120.30 ,111276.5514,109962.5486,109951.797,110891.75,110619.55,,,,,-1,1,0.74 ,0.05 ,0,290,1198,39.48 ,47.54 ,19.85 ,0.21 ,0.35 ,0.65 ,-1,-257.44 ,-182.71 
2025-09-07T06:00:00+09:00,110120.30 ,110164.20 ,110050.00 ,110157.70 ,111265.3173,109906.9327,109957.267,110881.555,110586.125,,109919.5,,,-1,1,0.71 ,0.22 ,0,552,1204,40.35 ,47.69 ,21.97 ,0.17 ,0.34 ,0.63 ,-1,-256.58 ,-196.19 
2025-09-07T07:00:00+09:00,110157.70 ,110195.50 ,110027.10 ,110117.90 ,111186.3734,109880.7666,109967.062,110874.02,110533.57,,,,,-1,1,0.74 ,0.18 ,0,520,1186,39.70 ,47.54 ,23.98 ,0.17 ,0.32 ,0.60 ,-1,-256.15 ,-211.27 
2025-09-07T08:00:00+09:00,110117.90 ,110233.20 ,110062.50 ,110140.00 ,111122.7399,109855.9801,109976.0825,110863.7683,110489.36,,,,,-1,1,0.72 ,0.20 ,0,407,993,40.28 ,47.63 ,25.62 ,0.16 ,0.31 ,0.58 ,-1,-251.13 ,-226.09 
2025-09-07T09:00:00+09:00,110140.00 ,110321.10 ,110129.50 ,110312.10 ,111080.9549,109845.8451,109984.394,110854.2617,110463.4,,,,,-1,1,0.57 ,0.36 ,0,709,956,44.76 ,48.35 ,26.77 ,0.17 ,0.30 ,0.56 ,-1,-230.61 ,-235.30 
2025-09-07T10:00:00+09:00,110312.10 ,110537.10 ,110284.60 ,110500.00 ,111065.6671,109844.2829,109994.7935,110855.5083,110454.975,,,,,-1,1,0.40 ,0.53 ,0,1196,972,49.24 ,49.13 ,27.29 ,0.19 ,0.29 ,0.55 ,-1,-196.92 ,-237.31 
2025-09-07T11:00:00+09:00,110500.00 ,110636.70 ,110392.90 ,110603.70 ,111052.889,109846.211,110007.332,110868.8433,110449.55,,,,,-1,1,0.30 ,0.62 ,0,1637,1039,51.57 ,49.56 ,27.31 ,0.20 ,0.29 ,0.55 ,-1,-160.00 ,-231.75 
2025-09-07T12:00:00+09:00,110603.70 ,110684.50 ,110537.10 ,110569.20 ,111026.0342,109851.9858,110019.338,110887.1467,110439.01,,,,,-1,1,0.33 ,0.59 ,0,729,1064,50.73 ,49.42 ,26.94 ,0.18 ,0.29 ,0.55 ,-1,-132.01 ,-221.31 
2025-09-07T13:00:00+09:00,110569.20 ,110578.50 ,110431.00 ,110497.00 ,110966.9021,109870.4979,110033.1405,110905.585,110418.7,,,,,-1,1,0.40 ,0.52 ,0,797,1077,48.95 ,49.12 ,26.13 ,0.16 ,0.29 ,0.55 ,-1,-114.33 ,-206.13 
2025-09-07T14:00:00+09:00,110497.00 ,110669.10 ,110496.90 ,110610.10 ,110961.5489,109871.6711,110044.1815,110920.325,110416.61,,,,,-1,1,0.30 ,0.62 ,0,5134,1301,51.81 ,49.61 ,25.08 ,0.16 ,0.29 ,0.55 ,-1,-90.15 ,-187.54 
2025-09-07T15:00:00+09:00,110610.10 ,110618.20 ,110434.00 ,110465.70 ,110929.6751,109877.0449,110054.7995,110929.485,110403.36,,,,,-1,1,0.43 ,0.49 ,0,634,1312,48.10 ,49.00 ,23.79 ,0.16 ,0.29 ,0.55 ,-1,-81.71 ,-168.11 
2025-09-07T16:00:00+09:00,110465.70 ,110868.90 ,110420.60 ,110696.60 ,110922.9125,109879.8275,110066.601,110945.3617,110401.37,,,,,-1,1,0.22 ,0.70 ,0,3977,1472,53.80 ,50.00 ,22.70 ,0.24 ,0.30 ,0.56 ,-1,-55.74 ,-145.84 
2025-09-07T17:00:00+09:00,110696.60 ,111321.60 ,110660.50 ,111021.60 ,110978.2281,109848.3219,110080.3945,110956.6783,110413.275,,,,,1,1,0.08 ,0.99 ,0,6925,1787,60.39 ,51.39 ,22.31 ,0.36 ,0.31 ,0.58 ,-1,-8.83 ,-118.92 
2025-09-07T18:00:00+09:00,111021.60 ,111198.60 ,110822.20 ,111065.30 ,111022.9431,109822.2169,110098.691,110967.09,110422.58,,,,,1,1,0.11 ,1.03 ,0,3508,1935,61.19 ,51.57 ,22.42 ,0.35 ,0.33 ,0.61 ,-1,31.51 ,-89.80 
2025-09-07T19:00:00+09:00,111065.30 ,111185.10 ,110985.00 ,111169.90 ,111113.3275,109773.6325,110115.787,110962.6283,110443.48,,,,,1,1,0.21 ,1.12 ,0,628,1912,63.11 ,52.01 ,22.95 ,0.30 ,0.34 ,0.63 ,-1,71.10 ,-60.02 
2025-09-07T20:00:00+09:00,111169.90 ,111242.70 ,111126.90 ,111233.60 ,111238.8569,109738.3131,110130.085,110971.825,110488.585,,,,,1,1,0.27 ,1.18 ,0,575,1825,64.28 ,52.28 ,24.05 ,0.23 ,0.34 ,0.63 ,-1,106.39 ,-30.42 
2025-09-07T21:00:00+09:00,111233.60 ,111234.00 ,111030.00 ,111062.70 ,111309.8595,109752.0905,110143.53,110982.5167,110530.975,,,,109919.5,1,1,0.11 ,1.03 ,0,658,1556,58.92 ,51.49 ,25.38 ,0.22 ,0.33 ,0.62 ,-1,119.19 ,-2.51 
2025-09-07T22:00:00+09:00,111062.70 ,111179.80 ,110990.00 ,111161.20 ,111382.8927,109784.7473,110157.8175,110983.8017,110583.82,111321.6,,,,1,1,0.14 ,1.12 ,0,608,1530,60.94 ,51.92 ,26.94 ,0.20 ,0.32 ,0.61 ,-1,135.72 ,25.28 
2025-09-07T23:00:00+09:00,111161.20 ,111367.70 ,111005.10 ,111087.70 ,111434.5137,109823.8163,110171.837,110980.4217,110629.165,,,,,1,1,0.21 ,1.05 ,0,1146,1552,58.62 ,51.57 ,28.60 ,0.24 ,0.32 ,0.60 ,-1,141.26 ,50.99 
2025-09-08T00:00:00+09:00,111087.70 ,111327.60 ,111059.30 ,111276.70 ,111489.9835,109896.9165,110185.9335,110980.6533,110693.45,,,,,1,1,0.04 ,1.22 ,0,592,1561,62.56 ,52.41 ,30.04 ,0.24 ,0.32 ,0.60 ,-1,159.07 ,77.74 
2025-09-08T01:00:00+09:00,111276.70 ,111325.60 ,111105.80 ,111151.00 ,111519.5897,109970.3803,110199.0735,110976.6683,110744.985,,,,,1,1,0.15 ,1.11 ,0,554,1574,58.56 ,51.80 ,31.28 ,0.23 ,0.32 ,0.61 ,-1,161.18 ,101.84 
2025-09-08T02:00:00+09:00,111151.00 ,111193.30 ,110841.20 ,110922.30 ,111512.2374,110054.1926,110211.3225,110966.7017,110783.215,,,,,1,1,0.36 ,0.90 ,0,1556,1625,52.05 ,50.70 ,31.90 ,0.26 ,0.33 ,0.62 ,-1,142.75 ,118.68 
2025-09-08T03:00:00+09:00,110922.30 ,111027.30 ,110815.00 ,111010.30 ,111495.139,110160.531,110224.47,110952.68,110827.835,,,,,1,1,0.28 ,0.98 ,0,658,1631,54.16 ,51.11 ,31.86 ,0.24 ,0.34 ,0.63 ,-1,133.71 ,130.04 
2025-09-08T04:00:00+09:00,111010.30 ,111262.10 ,111005.00 ,111221.90 ,111490.2256,110273.6344,110237.3965,110924.7383,110881.93,111367.7,,,,1,1,0.13 ,1.17 ,-1,830,1653,58.86 ,52.08 ,31.67 ,0.23 ,0.34 ,0.64 ,-1,141.98 ,137.92 
2025-09-08T05:00:00+09:00,111221.90 ,111332.40 ,111106.10 ,111291.40 ,111504.5022,110357.2878,110250.9965,110903.2083,110930.895,,,,,1,1,0.07 ,1.23 ,0,604,1647,60.30 ,52.40 ,31.45 ,0.22 ,0.35 ,0.64 ,-1,152.39 ,143.03 
2025-09-08T06:00:00+09:00,111291.40 ,111293.80 ,111002.30 ,111002.30 ,111494.8864,110417.1336,110263.586,110882.1,110956.01,,,,,1,1,0.33 ,0.98 ,0,520,1614,52.13 ,50.97 ,30.91 ,0.24 ,0.35 ,0.65 ,-1,135.74 ,144.87 
2025-09-08T07:00:00+09:00,111002.30 ,111316.70 ,110964.80 ,111201.00 ,111509.3247,110462 ,110276.586,110865.3617,110985.875,,,,,1,1,0.15 ,1.15 ,0,822,1573,56.49 ,51.89 ,30.02 ,0.26 ,0.35 ,0.66 ,-1,137.00 ,145.01 
2025-09-08T08:00:00+09:00,111201.00 ,111561.10 ,111011.10 ,111085.10 ,111500.1202,110523.2198,110287.9015,110845.045,111011.67,,110815,,,1,1,0.25 ,0.24 ,0,2677,1670,53.43 ,51.31 ,29.05 ,0.34 ,0.37 ,0.68 ,-1,127.19 ,143.44 
2025-09-08T09:00:00+09:00,111085.10 ,111245.80 ,110689.00 ,110785.20 ,111467.7062,110584 ,110298.0075,110805.6683,111026.08,,,,,-1,1,0.53 ,0.03 ,0,3736,1817,46.43 ,49.86 ,28.06 ,0.40 ,0.38 ,0.72 ,1,94.12 ,136.23 
2025-09-08T10:00:00+09:00,110785.20 ,110956.40 ,110677.10 ,110849.50 ,111445.59,110630.51,110308.6505,110769.2867,111038.05,,,,,-1,1,0.47 ,0.03 ,0,1952,1658,48.00 ,50.17 ,27.07 ,0.35 ,0.40 ,0.74 ,1,72.27 ,126.35 
2025-09-08T11:00:00+09:00,110849.50 ,111344.10 ,110568.60 ,111200.00 ,111391.6648,110757.8652,110321.247,110780.485,111074.765,,,,,-1,1,0.15 ,0.35 ,0,2327,1743,55.65 ,51.82 ,26.18 ,0.46 ,0.42 ,0.78 ,1,82.29 ,119.63 
2025-09-08T12:00:00+09:00,111200.00 ,111307.40 ,110971.80 ,111002.80 ,111358.2577,110821.8923,110332.3795,110785.8683,111090.075,,,,,-1,1,0.33 ,0.17 ,0,4532,1770,51.10 ,50.85 ,25.30 ,0.41 ,0.43 ,0.81 ,1,73.47 ,112.94 
2025-09-08T13:00:00+09:00,111002.80 ,111172.40 ,110876.50 ,110932.60 ,111361.0604,110810.1896,110344.098,110788.6217,111085.625,111561.1,,,,-1,1,0.57 ,0.11 ,-1,1536,1501,49.54 ,50.51 ,24.49 ,0.36 ,0.43 ,0.81 ,1,60.12 ,103.84 
2025-09-08T14:00:00+09:00,110932.60 ,111020.70 ,110853.00 ,110985.20 ,111360.4298,110802.8102,110356.3555,110795.5183,111081.62,,,,,-1,1,0.52 ,0.15 ,0,451,1348,50.75 ,50.76 ,23.75 ,0.29 ,0.43 ,0.80 ,1,53.18 ,92.82 
2025-09-08T15:00:00+09:00,110985.20 ,111151.60 ,110870.00 ,111068.80 ,111352.4398,110800.6902,110369.324,110794.255,111076.565,,,,,-1,1,0.44 ,0.23 ,0,784,1356,52.69 ,51.17 ,22.97 ,0.28 ,0.43 ,0.80 ,1,53.80 ,83.71 
2025-09-08T16:00:00+09:00,111068.80 ,111555.00 ,111068.80 ,111220.80 ,111350.3954,110801.4546,110381.6525,110788.8867,111075.925,,110568.6,,,-1,1,0.31 ,0.59 ,1,2976,1476,56.08 ,51.91 ,22.83 ,0.33 ,0.43 ,0.81 ,1,65.80 ,75.80 
2025-09-08T17:00:00+09:00,111220.80 ,111874.70 ,111189.90 ,111631.80 ,111470.2484,110738.5116,110393.137,110789.6933,111104.38,,,,,1,1,0.06 ,0.95 ,0,5088,1697,63.66 ,53.84 ,23.41 ,0.42 ,0.45 ,0.84 ,1,107.23 ,73.59 
2025-09-08T18:00:00+09:00,111631.80 ,112045.40 ,111532.10 ,112045.40 ,111698.5897,110599 ,110406.487,110814.4467,111148.59,,,,,1,1,0.43 ,1.32 ,0,4949,1915,69.38 ,55.66 ,24.37 ,0.43 ,0.47 ,0.87 ,1,171.47 ,82.18 
2025-09-08T19:00:00+09:00,112045.40 ,112142.40 ,111860.50 ,111995.60 ,111855.0451,110532.9249,110420.5945,110835.0933,111193.985,,,,,1,1,0.39 ,1.27 ,0,2988,2007,67.99 ,55.39 ,25.72 ,0.37 ,0.48 ,0.89 ,-1,215.87 ,98.14 
2025-09-08T20:00:00+09:00,111995.60 ,112090.90 ,111713.80 ,112017.40 ,111983.1823,110478.8577,110434.882,110858.3133,111231.02,,,,,1,1,0.41 ,1.29 ,0,2379,2096,68.29 ,55.49 ,27.34 ,0.36 ,0.49 ,0.91 ,-1,249.94 ,116.76 
2025-09-08T21:00:00+09:00,112017.40 ,112120.80 ,111885.90 ,112000.00 ,112095.3736,110451.5664,110451.0805,110879.335,111273.47,,,,,1,1,0.39 ,1.28 ,0,943,2115,67.75 ,55.39 ,29.25 ,0.31 ,0.49 ,0.92 ,-1,272.39 ,138.87 
2025-09-08T22:00:00+09:00,112000.00 ,112332.50 ,111836.70 ,111869.90 ,112165.2597,110476.4403,110466.8855,110896.73,111320.85,,,,,1,1,0.28 ,1.16 ,0,4340,2255,63.66 ,54.66 ,31.40 ,0.36 ,0.50 ,0.93 ,-1,276.50 ,162.91 
2025-09-08T23:00:00+09:00,111869.90 ,112742.40 ,111836.70 ,112585.00 ,112393.8474,110405.3226,110486.483,110920.33,111399.585,,,,,1,1,0.91 ,1.79 ,0,5232,2483,73.22 ,57.79 ,33.63 ,0.50 ,0.52 ,0.97 ,-1,333.61 ,194.07 
2025-09-09T00:00:00+09:00,112585.00 ,112850.00 ,112460.10 ,112567.40 ,112579.0192,110354.7008,110506.036,110946.05,111466.86,,,,,1,1,0.89 ,1.78 ,0,3291,2606,72.71 ,57.69 ,35.83 ,0.45 ,0.54 ,1.00 ,-1,373.15 ,229.55 
2025-09-09T01:00:00+09:00,112567.40 ,112616.30 ,112229.50 ,112343.40 ,112691.3552,110347.5648,110522.95,110971.2517,111519.46,,,,,1,1,0.70 ,1.58 ,0,2089,2681,66.41 ,56.42 ,37.65 ,0.42 ,0.55 ,1.03 ,-1,382.01 ,264.69 
2025-09-09T02:00:00+09:00,112343.40 ,112492.50 ,112033.00 ,112166.30 ,112756.6336,110398.6864,110541.4785,110996.215,111577.66,,,,,1,1,0.54 ,1.42 ,0,1140,2712,61.85 ,55.44 ,38.89 ,0.41 ,0.56 ,1.05 ,-1,370.47 ,293.94 
2025-09-09T03:00:00+09:00,112166.30 ,112471.30 ,112137.80 ,112432.20 ,112860.8965,110417.5435,110561.01,111024.8817,111639.22,,,,,1,1,0.77 ,1.66 ,0,834,2712,65.66 ,56.60 ,39.80 ,0.37 ,0.57 ,1.07 ,-1,378.42 ,316.93 
2025-09-09T04:00:00+09:00,112432.20 ,112432.30 ,111935.00 ,112046.00 ,112893.4757,110481.0543,110579.52,111045.9817,111687.265,,,,,1,1,0.43 ,1.32 ,0,1641,2660,56.78 ,54.49 ,40.18 ,0.40 ,0.58 ,1.08 ,-1,349.53 ,331.78 
2025-09-09T05:00:00+09:00,112046.00 ,112101.00 ,111846.60 ,111919.60 ,112879.8227,110608.1473,110597.712,111062.9217,111743.985,112850,,,,1,1,0.83 ,1.21 ,0,1043,2526,54.20 ,53.82 ,39.90 ,0.34 ,0.57 ,1.07 ,-1,312.82 ,338.77 
2025-09-09T06:00:00+09:00,111919.60 ,112290.60 ,111884.40 ,112279.90 ,112895.8231,110735.1869,110617.1965,111090.055,111815.505,,,,,1,1,0.51 ,1.52 ,0,927,2474,59.81 ,55.42 ,39.04 ,0.35 ,0.57 ,1.07 ,-1,309.24 ,342.86 
2025-09-09T07:00:00+09:00,112279.90 ,112465.00 ,112152.80 ,112176.20 ,112917 ,110811.7902,110635.986,111114.1467,111864.315,,,,,1,1,0.60 ,1.43 ,0,960,2406,57.62 ,54.86 ,37.74 ,0.32 ,0.56 ,1.05 ,-1,294.64 ,344.88 
2025-09-09T08:00:00+09:00,112176.20 ,112247.90 ,111929.00 ,112010.20 ,112891.1453,110938.2247,110652.258,111135.3767,111914.685,,,,,1,1,0.75 ,1.29 ,0,471,2203,54.20 ,53.98 ,36.09 ,0.31 ,0.56 ,1.04 ,-1,266.60 ,337.43 
2025-09-09T09:00:00+09:00,112010.20 ,112052.80 ,111409.20 ,111616.40 ,112828.4747,111069.2753,110665.986,111149.2583,111948.875,,,,,1,1,1.11 ,0.94 ,0,3999,2326,47.06 ,51.95 ,34.43 ,0.40 ,0.56 ,1.04 ,-1,210.18 ,319.32 
2025-09-09T10:00:00+09:00,111616.40 ,111708.20 ,111232.50 ,111330.10 ,112780.5822,111151.6578,110677.9555,111156.7733,111966.12,,,,,1,1,1.37 ,0.68 ,0,2346,2421,42.66 ,50.54 ,32.86 ,0.41 ,0.57 ,1.06 ,-1,140.74 ,292.52 
2025-09-09T11:00:00+09:00,111330.10 ,111407.80 ,111083.40 ,111292.50 ,112747.087,111207.523,110688.9985,111165.7833,111977.305,,,,,1,1,1.40 ,0.65 ,0,1823,2473,42.11 ,50.35 ,31.66 ,0.37 ,0.57 ,1.07 ,-1,81.74 ,260.43 
2025-09-09T12:00:00+09:00,111292.50 ,111694.40 ,111189.50 ,111654.80 ,112704.0034,111294.0066,110702.9285,111187.8383,111999.005,,,,,1,1,1.07 ,0.97 ,0,2052,2427,49.01 ,52.06 ,30.63 ,0.40 ,0.58 ,1.08 ,-1,63.48 ,225.44 
2025-09-09T13:00:00+09:00,111654.80 ,112042.30 ,111574.00 ,111970.10 ,112701 ,111331.0277,110717.4405,111217.0917,112015.92,,,,,1,1,0.79 ,1.25 ,0,2880,2316,54.14 ,53.49 ,29.52 ,0.40 ,0.58 ,1.08 ,-1,73.60 ,194.78 
2025-09-09T14:00:00+09:00,111970.10 ,112204.80 ,111800.00 ,112156.70 ,112709.0485,111333.9215,110733.2995,111251.2983,112021.485,,,,,1,1,0.62 ,1.42 ,0,1809,2159,56.90 ,54.30 ,28.33 ,0.39 ,0.57 ,1.07 ,-1,95.58 ,170.64 
2025-09-09T15:00:00+09:00,112156.70 ,113118.60 ,112109.30 ,112981.90 ,112875.3875,111266.2125,110754.005,111297.9833,112070.8,,,,,1,2,0.12 ,2.14 ,0,5444,2282,66.50 ,57.67 ,27.63 ,0.56 ,0.59 ,1.10 ,-1,177.53 ,156.01 
2025-09-09T16:00:00+09:00,112981.90 ,113237.10 ,112705.00 ,112950.20 ,113007.8098,111227.0702,110777.7145,111347.3033,112117.44,,111083.4,,,1,2,0.09 ,1.65 ,0,5374,2432,65.89 ,57.50 ,27.34 ,0.53 ,0.60 ,1.12 ,-1,237.19 ,149.63 
2025-09-09T17:00:00+09:00,112950.20 ,113132.40 ,112855.30 ,112956.50 ,113125.2939,111205.2361,110801.6085,111394.5733,112165.265,,,,,1,2,0.09 ,1.66 ,0,1438,2457,65.96 ,57.53 ,27.30 ,0.43 ,0.61 ,1.14 ,-1,281.73 ,151.31 
2025-09-09T18:00:00+09:00,112956.50 ,113017.30 ,112859.00 ,112918.80 ,113221.0885,111214.3315,110825.6835,111440.5917,112217.71,,,,,1,2,0.06 ,1.63 ,0,991,2289,65.14 ,57.32 ,27.44 ,0.34 ,0.61 ,1.13 ,-1,310.41 ,162.44 
2025-09-09T19:00:00+09:00,112918.80 ,112995.70 ,112596.20 ,112692.20 ,113235.3453,111210.7947,110851.213,111483.4967,112223.07,,,,,1,2,0.14 ,1.43 ,0,1558,2106,60.30 ,56.10 ,27.74 ,0.34 ,0.60 ,1.11 ,-1,311.27 ,181.39 
2025-09-09T20:00:00+09:00,112692.20 ,112771.40 ,112365.50 ,112397.50 ,113217.9618,111211 ,110875.0615,111521.1217,112214.575,,,,,1,2,0.40 ,1.17 ,0,977,1990,54.61 ,54.56 ,28.11 ,0.35 ,0.59 ,1.10 ,-1,284.88 ,203.96 
2025-09-09T21:00:00+09:00,112397.50 ,112793.80 ,112350.10 ,112626.30 ,113246.8404,111210.5996,110901.3125,111559.6917,112228.72,113237.1,,,,1,2,0.54 ,1.37 ,-1,1469,1959,57.93 ,55.53 ,28.47 ,0.36 ,0.58 ,1.09 ,-1,279.22 ,227.93 
2025-09-09T22:00:00+09:00,112626.30 ,112893.10 ,112433.40 ,112710.00 ,113294.7312,111217.0788,110925.751,111596.525,112255.905,,,,,1,2,0.47 ,1.44 ,0,1697,1987,59.10 ,55.88 ,28.51 ,0.38 ,0.58 ,1.09 ,-1,278.27 ,250.68 
2025-09-09T23:00:00+09:00,112710.00 ,112908.70 ,111473.40 ,111721.20 ,113281.0484,111159.6616,110944.2325,111615.15,112220.355,,,,,1,2,1.36 ,0.57 ,0,9392,2415,43.58 ,51.01 ,28.30 ,0.68 ,0.60 ,1.13 ,-1,195.48 ,261.78 
2025-09-10T00:00:00+09:00,111721.20 ,111796.60 ,110730.10 ,110837.00 ,113379.3754,110940.4346,110951.5425,111619.6133,112159.905,,,,,-1,1,2.17 ,0.22 ,0,7559,2711,34.78 ,47.25 ,28.08 ,0.78 ,0.63 ,1.18 ,-1,57.85 ,248.48 
2025-09-10T01:00:00+09:00,110837.00 ,111106.80 ,110745.10 ,110925.30 ,113440.7998,110779.5802,110958.444,111626.7517,112110.19,,,,,-1,1,2.08 ,0.14 ,0,2300,2773,36.17 ,47.64 ,27.86 ,0.63 ,0.65 ,1.22 ,-1,-43.59 ,217.28 
2025-09-10T02:00:00+09:00,110925.30 ,111154.10 ,110847.60 ,110990.00 ,113459.5863,110631.8037,110966.0335,111633.0833,112045.695,,,,,-1,1,2.02 ,0.08 ,0,1378,2796,37.22 ,47.93 ,27.82 ,0.51 ,0.67 ,1.24 ,-1,-117.41 ,172.93 
2025-09-10T03:00:00+09:00,110990.00 ,111272.00 ,110889.30 ,111102.60 ,113462.4033,110521.6267,110978.8765,111643.6983,111992.015,,,,,-1,1,1.92 ,0.02 ,0,1656,2831,39.10 ,48.44 ,28.04 ,0.45 ,0.68 ,1.26 ,-1,-164.92 ,120.12 
2025-09-10T04:00:00+09:00,111102.60 ,111342.90 ,111081.70 ,111252.20 ,113459.3377,110448.8923,110991.4455,111652.9583,111954.115,,,,,-1,1,1.78 ,0.15 ,0,737,2844,41.61 ,49.11 ,28.43 ,0.38 ,0.68 ,1.27 ,-1,-188.34 ,64.61 
2025-09-10T05:00:00+09:00,111252.20 ,111487.20 ,111040.80 ,111483.10 ,113459.759,110435.141,111003.5885,111660.65,111947.45,,110730.1,,,-1,1,1.57 ,0.68 ,0,1714,2730,45.34 ,50.14 ,28.79 ,0.39 ,0.68 ,1.27 ,-1,-186.12 ,12.27 
2025-09-10T06:00:00+09:00,111483.10 ,111688.00 ,111205.30 ,111237.90 ,113463.1891,110422.4909,111014.957,111663.5267,111942.84,,,,,-1,1,1.80 ,0.46 ,0,1499,2687,42.25 ,49.07 ,28.94 ,0.40 ,0.68 ,1.27 ,-1,-201.81 ,-41.18 
2025-09-10T07:00:00+09:00,111237.90 ,111584.90 ,111197.10 ,111505.40 ,113458.3739,110448.5961,111026.963,111669.1183,111953.485,,,,,-1,1,1.55 ,0.70 ,0,847,2639,46.53 ,50.25 ,28.64 ,0.38 ,0.68 ,1.27 ,-1,-190.48 ,-93.26 
2025-09-10T08:00:00+09:00,111505.40 ,111529.60 ,111302.80 ,111491.20 ,113458.3555,110432.2545,111040.7345,111673.4117,111945.305,,,,,-1,1,1.57 ,0.68 ,0,607,2566,46.34 ,50.19 ,27.96 ,0.32 ,0.68 ,1.26 ,-1,-180.55 ,-135.04 
2025-09-10T09:00:00+09:00,111491.20 ,111509.00 ,110888.30 ,110965.20 ,113467.072,110323.048,111051.891,111671.7867,111895.06,,,,,-1,1,2.05 ,0.21 ,0,2400,2542,39.66 ,47.91 ,27.19 ,0.40 ,0.68 ,1.26 ,-1,-212.68 ,-165.10 
2025-09-10T10:00:00+09:00,110965.20 ,111184.00 ,110871.70 ,110960.90 ,113453.22,110217.32,111062.2985,111668.4483,111835.27,,,,,-1,1,2.05 ,0.21 ,0,1419,2523,39.61 ,47.89 ,26.44 ,0.36 ,0.67 ,1.26 ,-1,-235.77 ,-186.45 
2025-09-10T11:00:00+09:00,110960.90 ,111506.50 ,110960.90 ,111362.00 ,113294.8484,110213.7016,111073.1725,111673.02,111754.275,111688,,,,-1,1,0.29 ,0.57 ,0,2369,2369,46.43 ,49.71 ,25.49 ,0.40 ,0.66 ,1.24 ,-1,-219.18 ,-197.76 
2025-09-10T12:00:00+09:00,111362.00 ,111530.00 ,111313.20 ,111495.60 ,113123.607,110239.483,111084.8065,111676.6683,111681.545,,,113237.1,,-1,1,0.17 ,0.69 ,0,595,2130,48.52 ,50.29 ,24.44 ,0.33 ,0.65 ,1.21 ,-1,-193.03 ,-200.88 
2025-09-10T13:00:00+09:00,111495.60 ,111598.10 ,111351.80 ,111471.10 ,112926.8333,110287.7167,111098.001,111682.0033,111607.275,,,,,-1,1,0.19 ,0.66 ,0,674,2092,48.14 ,50.18 ,23.40 ,0.30 ,0.64 ,1.19 ,-1,-172.29 ,-199.10 
2025-09-10T14:00:00+09:00,111471.10 ,111664.00 ,111305.70 ,111531.00 ,112712.2437,110363.5263,111116.885,111692.1483,111537.885,,,,,-1,1,0.14 ,0.72 ,0,4444,2264,49.17 ,50.46 ,22.37 ,0.30 ,0.64 ,1.19 ,-1,-149.30 ,-195.01 
2025-09-10T15:00:00+09:00,111531.00 ,111918.20 ,111346.50 ,111737.70 ,112544.439,110435.881,111133.614,111704.2717,111490.16,,110871.7,,,1,1,0.04 ,0.78 ,0,1863,2280,52.63 ,51.39 ,21.52 ,0.37 ,0.64 ,1.19 ,-1,-113.10 ,-185.15 
2025-09-10T16:00:00+09:00,111737.70 ,112530.30 ,111706.20 ,112488.70 ,112565.32,110424.12,111150.126,111725.385,111494.72,,,,,1,1,0.71 ,1.44 ,0,3254,2394,62.61 ,54.55 ,20.93 ,0.49 ,0.65 ,1.21 ,-1,-23.54 ,-166.61 
2025-09-10T17:00:00+09:00,112488.70 ,112790.00 ,112283.00 ,112326.20 ,112493.3524,110466.0776,111166.809,111742.6317,111479.715,,,,,1,1,0.57 ,1.29 ,0,4903,2565,59.68 ,53.78 ,20.64 ,0.48 ,0.66 ,1.23 ,-1,33.93 ,-142.77 
2025-09-10T18:00:00+09:00,112326.20 ,112399.50 ,112051.20 ,112237.00 ,112371.051,110541.079,111181.704,111763.21,111456.065,,,,,1,1,0.49 ,1.22 ,0,2070,2584,58.08 ,53.35 ,20.70 ,0.42 ,0.66 ,1.23 ,-1,71.46 ,-111.20 
2025-09-10T19:00:00+09:00,112237.00 ,112384.00 ,112155.10 ,112224.50 ,112450.0981,110512.3619,111191.827,111780.2683,111481.23,,,,,1,1,0.48 ,1.21 ,0,1782,2203,57.84 ,53.29 ,21.10 ,0.35 ,0.64 ,1.19 ,-1,99.05 ,-74.00 
2025-09-10T20:00:00+09:00,112224.50 ,112371.60 ,112109.10 ,112258.00 ,112530.125,110574.435,111201.716,111799.8167,111552.28,,,,110730.1,1,1,0.51 ,1.23 ,0,788,1865,58.33 ,53.44 ,21.81 ,0.31 ,0.60 ,1.12 ,-1,122.21 ,-36.07 
2025-09-10T21:00:00+09:00,112258.00 ,113510.00 ,112258.00 ,113387.90 ,112896.3999,110454.4201,111217.303,111843.195,111675.41,,,,,1,1,1.50 ,2.22 ,0,11874,2344,70.64 ,57.89 ,23.18 ,0.57 ,0.60 ,1.11 ,-1,229.10 ,10.84 
2025-09-10T22:00:00+09:00,113387.90 ,114274.70 ,113343.60 ,113904.10 ,113339.4532,110302.7768,111236.0235,111894.105,111821.115,,,,,1,1,1.95 ,2.66 ,0,9349,2742,74.36 ,59.69 ,25.09 ,0.65 ,0.61 ,1.13 ,-1,351.41 ,69.02 
2025-09-10T23:00:00+09:00,113904.10 ,114225.00 ,113755.00 ,113859.30 ,113678.5266,110239.3734,111253.7615,111938.4267,111958.95,,,,,1,1,1.91 ,2.62 ,0,4611,2890,73.49 ,59.46 ,27.18 ,0.57 ,0.62 ,1.15 ,-1,439.66 ,134.46 
2025-09-11T00:00:00+09:00,113859.30 ,114060.00 ,113680.90 ,113802.90 ,113949.8192,110223.1508,111271.876,111985.095,112086.485,,,,,1,1,1.86 ,2.58 ,0,2464,2976,72.34 ,59.18 ,29.27 ,0.49 ,0.62 ,1.17 ,-1,499.29 ,202.51 
2025-09-11T01:00:00+09:00,113802.90 ,113883.80 ,113535.60 ,113732.70 ,114171.4247,110226.5053,111289.0225,112031.7633,112198.965,,,,,1,1,1.80 ,2.52 ,0,2958,3038,70.86 ,58.82 ,31.46 ,0.43 ,0.63 ,1.17 ,-1,534.72 ,264.54 
2025-09-11T02:00:00+09:00,113732.70 ,114041.70 ,113382.50 ,113697.70 ,114345.4676,110298.4424,111305.5115,112076.9717,112321.955,,,,,1,1,1.77 ,2.49 ,0,2554,3091,70.08 ,58.63 ,33.77 ,0.48 ,0.63 ,1.18 ,-1,553.59 ,322.28 
2025-09-11T03:00:00+09:00,113697.70 ,113861.90 ,113300.00 ,113543.10 ,114477.6092,110370.0708,111322.2155,112118.21,112423.84,114274.7,,,,1,1,0.64 ,2.35 ,0,4766,3287,66.63 ,57.83 ,36.16 ,0.49 ,0.64 ,1.20 ,-1,549.74 ,375.42 
2025-09-11T04:00:00+09:00,113543.10 ,113578.10 ,113104.90 ,113521.80 ,114585.4365,110465.3035,111341.2965,112156.56,112525.37,,,,,1,1,0.66 ,2.33 ,0,1913,3352,66.14 ,57.72 ,38.08 ,0.46 ,0.65 ,1.22 ,-1,538.75 ,424.27 
2025-09-11T05:00:00+09:00,113521.80 ,113840.10 ,113488.60 ,113509.00 ,114623.8146,110681.3054,111365.083,112187.8467,112652.56,,,,,1,1,0.67 ,2.32 ,0,2685,3367,65.83 ,57.65 ,39.53 ,0.41 ,0.65 ,1.22 ,-1,522.99 ,468.80 
2025-09-11T06:00:00+09:00,113509.00 ,113793.80 ,113469.10 ,113777.40 ,114660.7971,110925.9729,111378.4805,112216.7133,112793.385,,,,,1,1,0.44 ,2.55 ,0,1444,3368,69.10 ,58.69 ,40.54 ,0.37 ,0.65 ,1.22 ,-1,526.08 ,501.80 
2025-09-11T07:00:00+09:00,113777.40 ,113934.80 ,113650.20 ,113832.90 ,114714.8511,111119.0089,111391.16,112247.335,112916.93,,,,,1,1,0.39 ,2.60 ,0,1176,3308,69.74 ,58.91 ,41.27 ,0.33 ,0.65 ,1.21 ,-1,526.94 ,521.31 
2025-09-11T08:00:00+09:00,113832.90 ,113970.90 ,113731.10 ,113899.90 ,114758.75,111315.54,111406.725,112278.71,113037.145,,,,,1,1,0.33 ,2.66 ,0,1474,3352,70.54 ,59.17 ,41.85 ,0.29 ,0.64 ,1.20 ,-1,526.96 ,531.01 
2025-09-11T09:00:00+09:00,113899.90 ,113946.80 ,113608.20 ,113830.70 ,114750.021,111560.229,111422.1285,112309.2217,113155.125,,113104.9,,,1,1,0.39 ,0.64 ,0,882,3363,68.53 ,58.77 ,42.15 ,0.29 ,0.64 ,1.20 ,-1,515.44 ,532.80 
2025-09-11T10:00:00+09:00,113830.70 ,114130.00 ,113774.80 ,113842.10 ,114704.9436,111836.4164,111437.004,112342.0917,113270.68,,,,,1,1,0.38 ,0.65 ,0,1251,3203,68.69 ,58.82 ,42.34 ,0.30 ,0.64 ,1.20 ,-1,501.45 ,529.10 
2025-09-11T11:00:00+09:00,113842.10 ,113894.40 ,113657.30 ,113763.60 ,114634.7726,112109.1774,111452.886,112361.735,113371.975,,,,,1,1,0.45 ,0.58 ,0,624,3141,66.22 ,58.36 ,42.47 ,0.27 ,0.64 ,1.19 ,-1,478.52 ,520.76 
2025-09-11T12:00:00+09:00,113763.60 ,114377.00 ,113763.60 ,114349.70 ,114728.0289,112202.0211,111470.9075,112391.44,113465.025,,,,,1,2,0.07 ,1.09 ,0,2541,3105,73.80 ,60.69 ,42.65 ,0.36 ,0.62 ,1.17 ,-1,501.85 ,515.44 
2025-09-11T13:00:00+09:00,114349.70 ,114349.80 ,114016.80 ,114106.70 ,114731.5227,112376.5773,111484.663,112420.8283,113554.05,,,,,1,2,0.15 ,0.88 ,0,1583,2939,67.08 ,59.29 ,42.90 ,0.34 ,0.61 ,1.15 ,-1,495.03 ,510.58 
2025-09-11T14:00:00+09:00,114106.70 ,114285.40 ,113910.00 ,114208.30 ,114694.8559,112610.3741,111500.3845,112454.8617,113652.615,,,,,1,2,0.06 ,0.97 ,0,1661,2919,68.37 ,59.69 ,43.04 ,0.33 ,0.61 ,1.13 ,-1,492.15 ,507.16 
2025-09-11T15:00:00+09:00,114208.30 ,114420.00 ,114010.10 ,114270.10 ,114599.1559,112910.6341,111515.6435,112485.4933,113754.895,,,,,1,2,0.00 ,1.02 ,0,1122,2886,69.17 ,59.93 ,43.12 ,0.34 ,0.61 ,1.13 ,-1,489.21 ,503.06 
2025-09-11T16:00:00+09:00,114270.10 ,114272.70 ,113919.60 ,114049.00 ,114344.3052,113344.5848,111529.9475,112518.8767,113844.445,,,,,1,2,0.20 ,0.83 ,0,2130,2953,63.06 ,58.64 ,43.19 ,0.33 ,0.61 ,1.14 ,1,463.70 ,496.03 
2025-09-11T17:00:00+09:00,114049.00 ,114160.00 ,113926.70 ,114005.70 ,114333.1095,113417.5605,111543.631,112553.645,113875.335,,,,,1,2,0.24 ,0.79 ,0,872,2403,61.91 ,58.39 ,43.16 ,0.29 ,0.59 ,1.10 ,1,434.97 ,485.81 
2025-09-11T18:00:00+09:00,114005.70 ,114033.50 ,113720.30 ,113847.60 ,114330.2369,113414.7831,111557.2695,112579.7733,113872.51,,,,,1,2,0.38 ,0.65 ,0,1960,2034,57.75 ,57.47 ,42.92 ,0.28 ,0.56 ,1.04 ,1,394.89 ,472.42 
2025-09-11T19:00:00+09:00,113847.60 ,114069.20 ,113844.40 ,114033.20 ,114344.1746,113418.2354,111570.8085,112610.7233,113881.205,,,,,1,2,0.21 ,0.81 ,0,1257,1866,61.06 ,58.25 ,42.33 ,0.26 ,0.54 ,1.00 ,1,373.80 ,458.23 
2025-09-11T20:00:00+09:00,114033.20 ,114063.70 ,113869.80 ,113962.80 ,114352.0071,113426.3929,111585.6555,112643.2667,113889.2,114420,,,,1,2,0.40 ,0.75 ,-1,1453,1815,59.17 ,57.84 ,41.42 ,0.23 ,0.52 ,0.96 ,1,347.40 ,443.66 
2025-09-11T21:00:00+09:00,113962.80 ,114475.50 ,113451.80 ,113923.90 ,114356.108,113441.412,111600.4245,112681.725,113898.76,,,,,1,2,0.44 ,0.72 ,0,19096,2622,58.10 ,57.61 ,40.19 ,0.45 ,0.52 ,0.97 ,1,319.65 ,423.42 
2025-09-11T22:00:00+09:00,113923.90 ,114665.90 ,113368.00 ,114576.10 ,114476.6502,113408.7098,111620.0875,112735.825,113942.68,,,,,1,3,0.14 ,1.28 ,0,10088,2999,68.41 ,60.33 ,38.50 ,0.68 ,0.53 ,0.99 ,1,346.29 ,406.89 
2025-09-11T23:00:00+09:00,114576.10 ,114618.40 ,113870.10 ,114396.10 ,114521.0848,113449.5752,111638.642,112787.5517,113985.33,,,,,1,3,0.02 ,1.13 ,0,4138,2968,63.75 ,59.26 ,36.51 ,0.67 ,0.55 ,1.02 ,1,348.86 ,390.97 
2025-09-12T00:00:00+09:00,114396.10 ,114628.40 ,113935.60 ,114124.00 ,114509.6875,113521.1925,111654.0105,112828.705,114015.44,,,,,1,3,0.26 ,0.89 ,0,2958,3020,57.38 ,57.68 ,34.24 ,0.65 ,0.56 ,1.04 ,1,325.20 ,372.75 
2025-09-12T01:00:00+09:00,114124.00 ,114527.20 ,114124.00 ,114432.50 ,114529.8495,113593.3805,111671.378,112869.745,114061.615,,,,,1,3,0.01 ,1.16 ,0,1660,2969,62.01 ,58.94 ,31.97 ,0.55 ,0.57 ,1.06 ,1,327.56 ,357.62 
2025-09-12T02:00:00+09:00,114432.50 ,114544.00 ,114281.50 ,114533.10 ,114591.169,113607.631,111687.768,112909.3517,114099.4,,,,,1,3,0.10 ,1.25 ,0,824,2938,63.41 ,59.35 ,29.68 ,0.44 ,0.58 ,1.07 ,1,333.70 ,346.37 
2025-09-12T03:00:00+09:00,114533.10 ,114555.00 ,114034.90 ,114258.10 ,114601.1405,113640.1795,111702.1115,112930.6217,114120.66,114665.9,113368,,,1,3,0.36 ,0.78 ,-1,1755,2967,57.22 ,57.76 ,27.54 ,0.45 ,0.58 ,1.09 ,1,312.77 ,337.25 
2025-09-12T04:00:00+09:00,114258.10 ,114480.90 ,114130.00 ,114372.30 ,114625.4737,113663.0863,111717.0655,112954.3233,114144.28,,,,,1,3,0.26 ,0.88 ,0,876,2937,59.01 ,58.23 ,25.66 ,0.40 ,0.59 ,1.11 ,1,301.92 ,329.26 
2025-09-12T05:00:00+09:00,114372.30 ,114447.10 ,114210.00 ,114343.10 ,114635.9057,113703.8943,111733.482,112977.4333,114169.9,,,,,1,3,0.28 ,0.85 ,0,791,2932,58.33 ,58.06 ,24.15 ,0.34 ,0.60 ,1.11 ,1,287.65 ,322.62 
2025-09-12T06:00:00+09:00,114343.10 ,114471.90 ,114343.10 ,114428.20 ,114652.6136,113745.7964,111748.5445,113002.59,114199.205,,,,,1,3,0.21 ,0.93 ,0,306,2885,59.77 ,58.42 ,22.91 ,0.26 ,0.59 ,1.11 ,1,279.98 ,318.21 
2025-09-12T07:00:00+09:00,114428.20 ,115212.30 ,114383.40 ,115025.80 ,114799.2967,113725.3333,111762.662,113041.4833,114262.315,,,,,1,4,0.31 ,1.44 ,0,3959,3052,68.10 ,60.84 ,22.28 ,0.41 ,0.60 ,1.13 ,1,318.45 ,315.12 
2025-09-12T08:00:00+09:00,115025.80 ,115417.80 ,115024.10 ,115416.90 ,115051.9129,113579.4371,111778.9245,113091.8067,114315.675,,,,,1,4,0.65 ,1.78 ,0,2754,3062,72.16 ,62.31 ,22.28 ,0.39 ,0.61 ,1.13 ,-1,376.16 ,318.15 
2025-09-12T09:00:00+09:00,115416.90 ,116265.90 ,115346.00 ,115779.40 ,115365.6594,113432.9606,111798.7805,113144.3583,114399.31,,,,,1,4,0.96 ,2.08 ,0,6284,3297,75.30 ,63.60 ,23.10 ,0.52 ,0.62 ,1.16 ,-1,446.01 ,331.58 
2025-09-12T10:00:00+09:00,115779.40 ,115961.40 ,115321.00 ,115321.10 ,115496.1466,113413.7534,111814.1435,113187.8767,114454.95,,,,,1,4,0.57 ,1.69 ,0,8412,3635,65.28 ,60.91 ,24.48 ,0.54 ,0.64 ,1.19 ,-1,459.09 ,346.19 
2025-09-12T11:00:00+09:00,115321.10 ,115608.40 ,115199.20 ,115338.20 ,115613.7391,113402.9709,111831.058,113248.16,114508.355,,,,,1,4,0.58 ,1.71 ,0,5051,3831,65.46 ,60.97 ,26.23 ,0.47 ,0.65 ,1.20 ,-1,465.47 ,360.83 
2025-09-12T12:00:00+09:00,115338.20 ,115375.70 ,115005.00 ,115150.10 ,115681.4063,113445.4137,111846.097,113320.045,114563.41,,,,,1,4,0.42 ,1.55 ,0,2162,3833,61.58 ,59.89 ,28.12 ,0.42 ,0.65 ,1.22 ,-1,450.16 ,376.10 
2025-09-12T13:00:00+09:00,115150.10 ,115470.40 ,115045.50 ,115308.20 ,115760.6503,113496.4197,111861.903,113393.0933,114628.535,,,,,1,4,0.56 ,1.68 ,0,2556,3917,63.54 ,60.49 ,30.23 ,0.41 ,0.66 ,1.23 ,-1,445.64 ,392.07 
2025-09-12T14:00:00+09:00,115308.20 ,115611.60 ,115262.70 ,115559.40 ,115855.9273,113572.3227,111880.029,113469.25,114714.125,116265.9,,,,1,4,0.61 ,1.90 ,0,1342,3886,66.46 ,61.43 ,32.24 ,0.37 ,0.67 ,1.25 ,-1,457.07 ,410.89 
2025-09-12T15:00:00+09:00,115559.40 ,115559.50 ,115200.90 ,115270.10 ,115897.3545,113654.5855,111896.93,113538.7083,114775.97,,,,,1,4,0.86 ,1.65 ,0,1394,3893,60.45 ,59.76 ,33.99 ,0.35 ,0.67 ,1.26 ,-1,437.73 ,428.42 
2025-09-12T16:00:00+09:00,115270.10 ,115366.10 ,115028.10 ,115038.20 ,115891.5508,113767.9292,111913.8845,113601.8083,114829.74,,,,,1,4,1.07 ,1.45 ,0,1438,3892,56.07 ,58.46 ,35.06 ,0.33 ,0.68 ,1.27 ,-1,399.09 ,437.38 
2025-09-12T17:00:00+09:00,115038.20 ,115235.60 ,114908.90 ,115014.20 ,115863.1577,113905.3523,111928.8705,113660.66,114884.255,,,,,1,4,1.09 ,1.43 ,0,2584,3067,55.63 ,58.33 ,35.44 ,0.32 ,0.67 ,1.26 ,-1,362.36 ,435.84 
2025-09-12T18:00:00+09:00,115014.20 ,115091.70 ,114836.90 ,115005.60 ,115875.451,113936.009,111944.388,113723.455,114905.73,,,,,1,4,1.10 ,1.42 ,0,1320,2628,55.45 ,58.28 ,35.24 ,0.28 ,0.64 ,1.20 ,-1,328.76 ,422.82 
2025-09-12T19:00:00+09:00,115005.60 ,115049.50 ,114884.00 ,114935.20 ,115873.7916,113991.5784,111962.032,113780.6183,114932.685,,,,,1,4,1.16 ,1.36 ,0,861,2464,53.99 ,57.88 ,34.71 ,0.24 ,0.61 ,1.14 ,-1,293.08 ,404.37 
2025-09-12T20:00:00+09:00,114935.20 ,115115.00 ,114858.30 ,114870.60 ,115836.089,114103.941,111980.8735,113836.9417,114970.015,,,,,1,4,1.21 ,1.31 ,0,1120,2372,52.61 ,57.50 ,33.90 ,0.23 ,0.58 ,1.08 ,-1,256.63 ,381.17 
2025-09-12T21:00:00+09:00,114870.60 ,115131.90 ,114701.70 ,115040.10 ,115830.8107,114169.9793,112001.671,113904.8567,115000.395,,,,,1,4,1.07 ,1.45 ,0,2433,2411,55.79 ,58.23 ,32.60 ,0.28 ,0.56 ,1.04 ,-1,238.67 ,357.67 
2025-09-12T22:00:00+09:00,115040.10 ,115183.00 ,114770.00 ,115109.20 ,115832.2979,114226.1021,112024.1245,113973.995,115029.2,,,,,1,4,1.00 ,1.51 ,0,1699,2455,57.06 ,58.52 ,30.97 ,0.31 ,0.55 ,1.03 ,-1,227.39 ,333.42 
2025-09-12T23:00:00+09:00,115109.20 ,115425.00 ,114812.00 ,115212.20 ,115800.536,114353 ,112048.38,114038.165,115076.905,,,,,1,4,0.91 ,1.60 ,0,3970,2566,58.95 ,58.96 ,29.44 ,0.38 ,0.54 ,1.02 ,-1,224.18 ,307.54 
2025-09-13T00:00:00+09:00,115212.20 ,115242.20 ,114889.00 ,115062.20 ,115759.19,114463.61,112071.544,114097.6083,115111.4,,,,,1,4,1.05 ,1.47 ,0,1786,2611,55.15 ,58.04 ,28.11 ,0.36 ,0.54 ,1.01 ,-1,207.14 ,281.92 
2025-09-13T01:00:00+09:00,115062.20 ,115450.00 ,114981.50 ,115429.90 ,115722.5631,114608.9169,112095.701,114163.5883,115165.74,,,,,1,4,0.72 ,1.79 ,0,2254,2684,61.67 ,59.61 ,27.20 ,0.37 ,0.54 ,1.01 ,1,220.76 ,262.11 
2025-09-13T02:00:00+09:00,115429.90 ,115874.90 ,115326.10 ,115739.20 ,115731.133,114731.447,112120.55,114233.725,115231.29,,114701.7,,,1,4,0.46 ,0.90 ,0,4532,2895,66.13 ,60.87 ,26.88 ,0.41 ,0.55 ,1.04 ,1,253.59 ,250.02 
2025-09-13T03:00:00+09:00,115739.20 ,116431.50 ,115688.10 ,116400.70 ,116004.3064,114595.7636,112149.7035,114311.4417,115300.035,,,,,1,5,0.12 ,1.46 ,0,4907,2943,73.29 ,63.35 ,27.21 ,0.48 ,0.56 ,1.04 ,-1,329.19 ,250.07 
2025-09-13T04:00:00+09:00,116400.70 ,116589.40 ,116168.30 ,116561.60 ,116250.8429,114463.6971,112178.736,114379.3233,115357.27,,,,,1,5,0.25 ,1.60 ,0,2532,2932,74.69 ,63.92 ,28.34 ,0.44 ,0.56 ,1.05 ,-1,397.51 ,261.67 
2025-09-13T05:00:00+09:00,116561.60 ,116561.60 ,115896.20 ,116082.20 ,116303.55,114441.27,112204.7345,114441.9233,115372.41,,,,,1,5,0.16 ,1.19 ,0,2311,2733,63.93 ,61.04 ,29.87 ,0.49 ,0.56 ,1.05 ,-1,408.26 ,278.52 
2025-09-13T06:00:00+09:00,116082.20 ,116088.20 ,115701.20 ,115800.20 ,116345.4702,114447.2598,112231.6095,114501.31,115396.365,,,,,1,5,0.40 ,0.95 ,0,1315,2378,58.58 ,59.43 ,31.37 ,0.44 ,0.55 ,1.03 ,-1,389.54 ,295.28 
2025-09-13T07:00:00+09:00,115800.20 ,116276.50 ,115800.10 ,115969.40 ,116408.646,114447.204,112262.4385,114563.725,115427.925,,,,,1,5,0.26 ,1.09 ,0,1623,2207,60.70 ,60.07 ,32.91 ,0.43 ,0.55 ,1.03 ,-1,383.92 ,312.68 
2025-09-13T08:00:00+09:00,115969.40 ,116110.60 ,115870.20 ,115978.60 ,116469.4304,114469.2696,112294.9765,114625.735,115469.35,,,,,1,5,0.25 ,1.10 ,0,609,2129,60.82 ,60.11 ,34.35 ,0.35 ,0.54 ,1.02 ,-1,375.89 ,329.53 
2025-09-13T09:00:00+09:00,115978.60 ,116226.40 ,115908.00 ,116149.90 ,116550.9118,114471.9582,112328.7725,114671.7683,115511.435,116589.4,,,,1,5,0.38 ,1.25 ,-1,1015,2052,63.04 ,60.77 ,35.53 ,0.33 ,0.54 ,1.01 ,-1,378.97 ,348.63 
2025-09-13T10:00:00+09:00,116149.90 ,116211.70 ,115533.30 ,115709.00 ,116561.8122,114476.0178,112358.689,114701.85,115518.915,,,,,1,5,0.76 ,0.87 ,0,1847,2077,54.49 ,58.24 ,35.95 ,0.41 ,0.54 ,1.01 ,-1,341.89 ,362.09 
2025-09-13T11:00:00+09:00,115709.00 ,115945.00 ,115631.40 ,115839.00 ,116592.5906,114502.1294,112388.3035,114734.845,115547.36,,,,,1,5,0.65 ,0.98 ,0,1016,2059,56.37 ,58.76 ,35.64 ,0.37 ,0.54 ,1.01 ,-1,319.32 ,369.39 
2025-09-13T12:00:00+09:00,115839.00 ,115977.80 ,115805.20 ,115923.70 ,116621.7532,114561.5168,112419.202,114770.1917,115591.635,,,,,1,5,0.57 ,1.05 ,0,555,2014,57.60 ,59.10 ,34.97 ,0.29 ,0.54 ,1.01 ,-1,304.75 ,366.67 
2025-09-13T13:00:00+09:00,115923.70 ,115923.70 ,115645.00 ,115654.40 ,116619.2085,114628.0815,112445.761,114802.22,115623.645,,,,,1,5,0.81 ,0.82 ,0,1015,1936,52.53 ,57.57 ,34.02 ,0.28 ,0.54 ,1.00 ,-1,268.39 ,352.33 
2025-09-13T14:00:00+09:00,115654.40 ,115798.00 ,115618.10 ,115667.80 ,116611.0902,114702.4198,112471.897,114835.055,115656.755,,,,,1,5,0.80 ,0.84 ,0,1080,1924,52.75 ,57.63 ,32.70 ,0.24 ,0.53 ,1.00 ,-1,237.90 ,333.40 
2025-09-13T15:00:00+09:00,115667.80 ,115762.00 ,115617.40 ,115699.20 ,116590.0252,114799.8848,112493.205,114870.99,115694.955,,115533.3,,,1,5,0.77 ,0.14 ,0,701,1916,53.31 ,57.76 ,31.05 ,0.20 ,0.53 ,0.99 ,-1,213.81 ,313.87 
2025-09-13T16:00:00+09:00,115699.20 ,115813.90 ,115660.00 ,115744.10 ,116549.8583,114927.4017,112518.5165,114908.0283,115738.63,,,,,1,5,0.73 ,0.18 ,0,554,1888,54.13 ,57.95 ,29.09 ,0.18 ,0.53 ,0.98 ,-1,196.08 ,293.00 
2025-09-13T17:00:00+09:00,115744.10 ,116020.60 ,115739.40 ,115934.70 ,116531.8172,115034.9028,112546.084,114948.4567,115783.36,,,,,1,5,0.56 ,0.35 ,0,765,1804,57.57 ,58.76 ,27.39 ,0.20 ,0.52 ,0.97 ,-1,195.16 ,272.92 
2025-09-13T18:00:00+09:00,115934.70 ,115993.90 ,115824.50 ,115990.30 ,116513.047,115141.783,112570.615,114985.3383,115827.415,,,,,1,5,0.52 ,0.39 ,0,777,1758,58.54 ,59.00 ,25.94 ,0.18 ,0.51 ,0.95 ,-1,196.65 ,252.66 
2025-09-13T19:00:00+09:00,115990.30 ,116129.20 ,115856.80 ,115881.20 ,116485.7621,115235.9679,112593.5685,115019.4767,115860.865,,,,,1,5,0.61 ,0.30 ,0,1187,1619,55.83 ,58.33 ,24.79 ,0.20 ,0.50 ,0.93 ,-1,186.88 ,235.44 
2025-09-13T20:00:00+09:00,115881.20 ,115963.50 ,115830.00 ,115916.40 ,116409.7799,115397.3701,112616.8365,115053.085,115903.575,,,,,1,5,0.58 ,0.33 ,0,352,1547,56.53 ,58.49 ,24.03 ,0.17 ,0.48 ,0.90 ,1,179.90 ,219.95 
2025-09-13T21:00:00+09:00,115916.40 ,116009.40 ,115809.70 ,115952.60 ,116387.0046,115472.4154,112639.649,115088.45,115929.71,,,,,1,5,0.55 ,0.36 ,0,448,1457,57.28 ,58.65 ,23.69 ,0.17 ,0.47 ,0.87 ,1,175.26 ,205.56 
2025-09-13T22:00:00+09:00,115952.60 ,115952.70 ,115576.00 ,115709.80 ,116388.1563,115468.3237,112660.5965,115119.5783,115928.24,,,,,1,5,0.76 ,0.15 ,0,962,1278,50.94 ,57.13 ,23.40 ,0.22 ,0.45 ,0.85 ,1,150.27 ,192.44 
2025-09-13T23:00:00+09:00,115709.80 ,115899.70 ,115550.40 ,115740.90 ,116307.0087,115483.4913,112680.043,115152.5333,115895.25,,,,,1,5,0.73 ,0.18 ,0,1221,1094,51.68 ,57.28 ,23.07 ,0.25 ,0.44 ,0.82 ,1,131.46 ,180.61 
2025-09-14T00:00:00+09:00,115740.90 ,115885.70 ,115565.10 ,115727.50 ,116135.3455,115571.7445,112694.1885,115175.4967,115853.545,116129.2,,116589.4,,1,5,0.35 ,0.17 ,0,1809,1058,51.32 ,57.19 ,22.52 ,0.26 ,0.42 ,0.79 ,1,114.15 ,169.54 
2025-09-14T01:00:00+09:00,115727.50 ,115780.30 ,115091.00 ,115286.10 ,116170.1329,115457.3471,112707.703,115195.1533,115813.74,,,,,-1,1,0.73 ,0.21 ,0,3105,1098,41.19 ,54.49 ,22.17 ,0.37 ,0.41 ,0.77 ,1,64.08 ,154.87 
2025-09-14T02:00:00+09:00,115286.10 ,115546.90 ,115120.60 ,115526.00 ,116177.9007,115422.1593,112723.989,115217.115,115800.03,,,,,-1,1,0.52 ,0.01 ,0,2149,1139,47.28 ,55.65 ,21.89 ,0.37 ,0.41 ,0.77 ,1,43.25 ,137.99 
2025-09-14T03:00:00+09:00,115526.00 ,115615.90 ,115392.10 ,115590.10 ,116161.0972,115401.0328,112740.913,115239.115,115781.065,,,,,-1,1,0.47 ,0.05 ,0,812,1099,48.81 ,55.96 ,21.62 ,0.31 ,0.40 ,0.75 ,1,31.56 ,119.64 
2025-09-14T04:00:00+09:00,115590.10 ,115746.90 ,115525.50 ,115744.50 ,116138.6022,115400.1178,112758.115,115267.3733,115769.36,,,,,-1,1,0.33 ,0.18 ,0,911,1114,52.38 ,56.70 ,21.12 ,0.27 ,0.40 ,0.74 ,1,34.35 ,102.70 
2025-09-14T05:00:00+09:00,115744.50 ,115938.30 ,115744.50 ,115843.10 ,116081.9284,115426.1116,112771.5915,115297.9967,115754.02,,,,,-1,1,0.25 ,0.27 ,0,875,1107,54.56 ,57.16 ,20.69 ,0.24 ,0.39 ,0.72 ,1,44.02 ,87.60 
2025-09-14T06:00:00+09:00,115843.10 ,115919.50 ,115790.50 ,115843.80 ,116090.2277,115431.2923,112785.6485,115331.2667,115760.76,,115091,,,-1,1,0.25 ,0.65 ,0,720,1051,54.58 ,57.17 ,20.33 ,0.19 ,0.37 ,0.69 ,1,51.14 ,73.81 
2025-09-14T07:00:00+09:00,115843.80 ,115880.00 ,115754.70 ,115819.90 ,116088.4697,115431.1403,112812.1075,115361.045,115759.805,,,,,-1,1,0.27 ,0.63 ,0,499,1025,53.88 ,57.01 ,19.99 ,0.17 ,0.36 ,0.67 ,1,54.24 ,63.14 
2025-09-14T08:00:00+09:00,115819.90 ,115942.20 ,115816.00 ,115870.60 ,116081.3029,115432.9971,112838.0615,115392.8417,115757.15,,,,,-1,1,0.22 ,0.67 ,0,578,1026,55.18 ,57.26 ,19.36 ,0.15 ,0.35 ,0.65 ,1,60.09 ,55.21 
2025-09-14T09:00:00+09:00,115870.60 ,115960.00 ,115772.00 ,115892.70 ,116094.7496,115443.3804,112863.688,115425.655,115769.065,,,,,-1,1,0.20 ,0.69 ,0,451,998,55.77 ,57.37 ,18.38 ,0.15 ,0.34 ,0.63 ,1,65.75 ,49.83 
2025-09-14T10:00:00+09:00,115892.70 ,115946.50 ,115700.00 ,115909.70 ,116108.8642,115453.4558,112890.3795,115447.8817,115781.16,,,,,-1,1,0.19 ,0.71 ,0,638,976,56.24 ,57.46 ,17.23 ,0.17 ,0.33 ,0.62 ,1,70.79 ,50.58 
2025-09-14T11:00:00+09:00,115909.70 ,116075.20 ,115700.50 ,115808.30 ,116112.3063,115460.9237,112913.698,115471.4183,115786.615,,,,,-1,1,0.28 ,0.62 ,0,1077,994,52.62 ,56.76 ,16.15 ,0.22 ,0.33 ,0.62 ,1,65.84 ,53.09 
2025-09-14T12:00:00+09:00,115808.30 ,115824.10 ,115594.30 ,115629.90 ,116113.3126,115448.4974,112934.133,115496.5167,115780.905,,,,,-1,1,0.43 ,0.47 ,0,724,1003,46.90 ,55.53 ,15.13 ,0.21 ,0.34 ,0.63 ,1,46.99 ,54.80 
2025-09-14T13:00:00+09:00,115629.90 ,115733.70 ,115411.80 ,115700.10 ,116095.5487,115442.8013,112954.7165,115517.6433,115769.175,,,,,-1,1,0.37 ,0.53 ,0,1326,1031,49.24 ,55.92 ,14.39 ,0.24 ,0.34 ,0.63 ,1,37.28 ,55.13 
2025-09-14T14:00:00+09:00,115700.10 ,115869.20 ,115689.80 ,115814.40 ,116071.5716,115449.1884,112980.9875,115538.9983,115760.38,,,,,-1,1,0.27 ,0.62 ,0,498,1017,52.88 ,56.54 ,13.76 ,0.21 ,0.34 ,0.64 ,1,38.37 ,54.50 
2025-09-14T15:00:00+09:00,115814.40 ,115884.80 ,115634.50 ,115682.30 ,116058.2407,115442.6293,113005.615,115562.735,115750.435,,,,,-1,1,0.39 ,0.51 ,0,463,981,48.55 ,55.61 ,13.21 ,0.21 ,0.34 ,0.64 ,1,28.24 ,51.95 
2025-09-14T16:00:00+09:00,115682.30 ,115780.70 ,115682.20 ,115746.20 ,116040.1689,115443.6811,113031.225,115585.6333,115741.925,116075.2,,,,-1,1,0.28 ,0.57 ,0,259,976,50.65 ,55.97 ,12.81 ,0.17 ,0.34 ,0.64 ,1,25.09 ,48.71 
2025-09-14T17:00:00+09:00,115746.20 ,115923.60 ,115703.00 ,115878.20 ,116027.5688,115448.8412,113056.9225,115611.2183,115738.205,,,,,-1,1,0.17 ,0.68 ,0,754,992,54.77 ,56.70 ,12.45 ,0.18 ,0.34 ,0.64 ,1,32.86 ,45.69 
2025-09-14T18:00:00+09:00,115878.20 ,116118.10 ,115837.70 ,115994.00 ,116062.0092,115442.8208,113082.7615,115637.315,115752.415,,115411.8,,,-1,1,0.07 ,0.50 ,0,1372,1012,58.08 ,57.33 ,12.31 ,0.20 ,0.34 ,0.64 ,1,47.81 ,43.70 
2025-09-14T19:00:00+09:00,115994.00 ,116085.00 ,115900.10 ,115980.30 ,116089.4008,115439.3692,113106.818,115653.2233,115764.385,,,,,-1,1,0.08 ,0.49 ,0,470,975,57.54 ,57.23 ,12.44 ,0.19 ,0.34 ,0.63 ,1,57.89 ,42.26 
2025-09-14T20:00:00+09:00,115980.30 ,116048.50 ,115703.00 ,115746.20 ,116090.0134,115440.6266,113130.428,115658.7117,115765.32,,,,,-1,1,0.28 ,0.29 ,0,1123,940,49.19 ,55.52 ,12.31 ,0.22 ,0.33 ,0.62 ,1,46.45 ,40.11 
2025-09-14T21:00:00+09:00,115746.20 ,115832.10 ,115615.10 ,115737.20 ,116027.9139,115547.8361,113154.9575,115658.0083,115787.875,,,,115091,-1,1,0.29 ,0.28 ,0,860,828,48.90 ,55.46 ,12.24 ,0.21 ,0.32 ,0.60 ,1,36.24 ,38.91 
2025-09-14T22:00:00+09:00,115737.20 ,115748.40 ,115165.30 ,115293.70 ,116079.913,115472.607,113178.0835,115657.5517,115776.26,,,,,-1,2,0.68 ,0.10 ,0,3155,878,37.13 ,52.38 ,12.53 ,0.31 ,0.32 ,0.59 ,1,-7.55 ,33.93 
2025-09-14T23:00:00+09:00,115293.70 ,115655.60 ,115114.00 ,115348.10 ,116112.517,115415.803,113201.263,115657.7167,115764.16,116118.1,,,,-1,2,0.67 ,0.06 ,0,2942,985,39.07 ,52.71 ,13.19 ,0.36 ,0.32 ,0.60 ,1,-37.44 ,25.51 
2025-09-15T00:00:00+09:00,115348.10 ,115374.50 ,115150.00 ,115177.60 ,116168.102,115303.528,113223.251,115658.175,115735.815,,,,,-1,2,0.82 ,0.20 ,0,871,983,35.39 ,51.57 ,14.23 ,0.31 ,0.32 ,0.60 ,-1,-74.02 ,14.15 
2025-09-15T01:00:00+09:00,115177.60 ,115496.10 ,115142.50 ,115427.30 ,116164.3327,115265.7173,113245.8715,115660.16,115715.025,,,,,-1,2,0.60 ,0.01 ,0,867,982,43.74 ,53.08 ,15.21 ,0.31 ,0.33 ,0.61 ,-1,-81.93 ,2.26 
2025-09-15T02:00:00+09:00,115427.30 ,115600.00 ,115359.60 ,115500.00 ,116152.3963,115243.2737,113270.112,115659.17,115697.835,,,,,-1,2,0.54 ,0.08 ,0,579,975,45.94 ,53.51 ,15.98 ,0.27 ,0.33 ,0.62 ,-1,-81.39 ,-10.44 
2025-09-15T03:00:00+09:00,115500.00 ,115500.10 ,115310.90 ,115332.10 ,116150.9583,115195.9317,113293.119,115660.2033,115673.445,,,,,-1,2,0.68 ,0.07 ,0,289,965,41.88 ,52.38 ,16.92 ,0.24 ,0.34 ,0.63 ,-1,-93.43 ,-26.13 
2025-09-15T04:00:00+09:00,115332.10 ,115590.60 ,115268.10 ,115584.20 ,116129.2501,115188.9999,113317.358,115669.3033,115659.125,,115114,,,-1,2,0.46 ,0.41 ,0,1689,1020,49.14 ,53.88 ,17.78 ,0.25 ,0.35 ,0.65 ,-1,-81.69 ,-41.64 
2025-09-15T05:00:00+09:00,115584.20 ,115809.70 ,115584.10 ,115751.70 ,116112.0982,115192.0518,113342.199,115681.595,115652.075,,,,,-1,2,0.32 ,0.55 ,0,1228,1059,53.32 ,54.85 ,18.22 ,0.23 ,0.35 ,0.66 ,-1,-58.20 ,-53.27 
2025-09-15T06:00:00+09:00,115751.70 ,116029.40 ,115555.10 ,116008.50 ,116129.9393,115184.0907,113367.8455,115698.31,115657.015,,,,,-1,2,0.09 ,0.77 ,0,1897,1122,58.89 ,56.28 ,18.45 ,0.29 ,0.36 ,0.68 ,-1,-18.64 ,-59.37 
2025-09-15T07:00:00+09:00,116008.50 ,116030.00 ,115744.10 ,115949.30 ,116149.8296,115178.3004,113393.8325,115715.2117,115664.065,,,,,-1,2,0.15 ,0.72 ,0,1003,1118,57.20 ,55.87 ,18.48 ,0.28 ,0.37 ,0.68 ,-1,7.84 ,-57.66 
2025-09-15T08:00:00+09:00,115949.30 ,115949.30 ,115070.00 ,115222.60 ,116166.2449,115121.1551,113418.288,115721.0783,115643.7,,,,,-1,2,0.78 ,0.09 ,0,2778,1221,41.43 ,51.11 ,18.48 ,0.44 ,0.38 ,0.71 ,-1,-29.48 ,-56.77 
2025-09-15T09:00:00+09:00,115222.60 ,115222.60 ,114916.10 ,115029.30 ,116196.1759,115024.1441,113442.36,115720.8983,115610.16,,,,,-1,3,0.95 ,0.07 ,0,2327,1271,38.40 ,49.96 ,18.67 ,0.38 ,0.39 ,0.74 ,-1,-73.80 ,-56.75 
2025-09-15T10:00:00+09:00,115029.30 ,115242.00 ,114774.30 ,115184.00 ,116184.7921,114972.4879,113467.7585,115722.145,115578.64,,,,,-1,3,0.81 ,0.06 ,0,3687,1431,42.05 ,50.86 ,19.08 ,0.39 ,0.41 ,0.76 ,-1,-95.34 ,-58.24 
2025-09-15T11:00:00+09:00,115184.00 ,115393.40 ,115166.10 ,115315.00 ,116174.9484,114945.6016,113493.4295,115723.8583,115560.275,,,,,-1,3,0.70 ,0.17 ,0,970,1456,45.03 ,51.62 ,19.65 ,0.33 ,0.42 ,0.78 ,-1,-100.68 ,-60.38 
2025-09-15T12:00:00+09:00,115315.00 ,115529.40 ,115298.60 ,115389.80 ,116155.1963,114929.7137,113520.4235,115729.3183,115542.455,116030,,,,-1,3,0.55 ,0.24 ,0,449,1465,46.71 ,52.05 ,20.18 ,0.28 ,0.42 ,0.79 ,-1,-97.75 ,-60.86 
2025-09-15T13:00:00+09:00,115389.80 ,116106.00 ,115339.30 ,115995.10 ,116175.7933,114920.8067,113549.7975,115738.7383,115548.3,,,,,-1,3,0.03 ,0.76 ,0,4942,1675,57.93 ,55.34 ,20.56 ,0.41 ,0.44 ,0.83 ,-1,-46.05 ,-56.90 
2025-09-15T14:00:00+09:00,115995.10 ,116541.80 ,115948.40 ,116466.00 ,116293.1662,114850.6338,113581.339,115750.8517,115571.9,,,,,1,1,0.37 ,1.16 ,0,2625,1737,64.24 ,57.64 ,21.01 ,0.44 ,0.46 ,0.86 ,-1,32.54 ,-46.82 
2025-09-15T15:00:00+09:00,116466.00 ,116711.70 ,115989.50 ,116074.10 ,116309.5428,114843.6372,113611.12,115745.4083,115576.59,,114774.3,,,1,1,0.04 ,1.12 ,1,4429,1935,56.63 ,55.22 ,21.63 ,0.50 ,0.48 ,0.90 ,-1,62.48 ,-37.80 
2025-09-15T16:00:00+09:00,116074.10 ,116350.00 ,115576.00 ,115766.00 ,116311.4993,114843.6607,113639.25,115732.1483,115577.58,,,,,1,1,0.23 ,0.86 ,0,3487,2054,51.47 ,53.42 ,22.01 ,0.56 ,0.51 ,0.95 ,-1,60.65 ,-31.93 
2025-09-15T17:00:00+09:00,115766.00 ,115769.80 ,114658.30 ,114714.20 ,116346.2846,114706.5754,113661.2605,115709.3483,115526.43,,,,,-1,1,1.15 ,0.05 ,0,5947,2308,38.55 ,47.97 ,22.13 ,0.70 ,0.55 ,1.02 ,-1,-25.38 ,-31.48 
2025-09-15T18:00:00+09:00,114714.20 ,115146.60 ,114588.50 ,114826.50 ,116373.2002,114632.9398,113682.893,115693.12,115503.07,,,,,-1,1,1.05 ,0.05 ,0,5320,2416,40.27 ,48.54 ,22.21 ,0.63 ,0.57 ,1.06 ,-1,-83.53 ,-32.56 
2025-09-15T19:00:00+09:00,114826.50 ,114908.10 ,114683.50 ,114731.00 ,116403.7373,114540.6927,113703.5295,115672.48,115472.215,,,,,-1,1,1.13 ,0.04 ,0,1656,2352,39.26 ,48.08 ,22.38 ,0.48 ,0.58 ,1.08 ,-1,-135.76 ,-37.05 
2025-09-15T20:00:00+09:00,114731.00 ,115160.50 ,114711.80 ,115020.10 ,116408.272,114520.408,113725.784,115656.505,115464.34,116711.7,,,,-1,1,1.47 ,0.21 ,0,1593,2388,43.85 ,49.56 ,22.41 ,0.45 ,0.59 ,1.10 ,-1,-152.08 ,-42.76 
2025-09-15T21:00:00+09:00,115020.10 ,115031.40 ,114639.20 ,114694.80 ,116429.6162,114425.8138,113746.773,115632.2533,115427.715,,,,,-1,1,1.76 ,0.07 ,0,1248,2407,40.17 ,47.99 ,22.14 ,0.42 ,0.60 ,1.12 ,-1,-189.07 ,-52.91 
2025-09-15T22:00:00+09:00,114694.80 ,115050.20 ,114320.00 ,114618.70 ,116444.7321,114322.5679,113766.816,115614.0817,115383.65,,,,,-1,1,1.83 ,0.14 ,0,4997,2628,39.34 ,47.63 ,21.69 ,0.49 ,0.61 ,1.15 ,-1,-221.97 ,-72.46 
2025-09-15T23:00:00+09:00,114618.70 ,114991.90 ,114403.20 ,114627.10 ,116459.6457,114237 ,113787.623,115593.8833,115348.4,,,,,-1,1,1.82 ,0.13 ,0,2257,2726,39.49 ,47.67 ,21.37 ,0.50 ,0.63 ,1.18 ,-1,-244.55 ,-103.25 
2025-09-16T00:00:00+09:00,114627.10 ,114855.00 ,114360.00 ,114793.70 ,116439.8198,114177.9302,113808.1085,115575.05,115308.875,,,,,-1,1,1.67 ,0.02 ,0,2412,2763,42.50 ,48.55 ,21.17 ,0.48 ,0.65 ,1.21 ,-1,-246.16 ,-137.54 
2025-09-16T01:00:00+09:00,114793.70 ,114881.90 ,114544.00 ,114620.90 ,116401.9838,114102.6862,113826.105,115557.825,115252.335,,,,,-1,1,1.82 ,0.13 ,0,1401,2771,40.26 ,47.70 ,21.01 ,0.42 ,0.66 ,1.24 ,-1,-258.41 ,-172.99 
2025-09-16T02:00:00+09:00,114620.90 ,115083.50 ,114557.60 ,115073.60 ,116303.3076,114107.8724,113846.1465,115547.9217,115205.59,,,,,-1,1,1.42 ,0.26 ,0,956,2724,47.99 ,50.04 ,20.72 ,0.43 ,0.67 ,1.26 ,-1,-228.94 ,-195.61 
2025-09-16T03:00:00+09:00,115073.60 ,115300.00 ,114840.60 ,115254.10 ,116214.861,114126.799,113866.5675,115540.5033,115170.83,,114320,,,-1,1,1.26 ,0.81 ,1,1931,2771,50.73 ,50.93 ,20.37 ,0.42 ,0.68 ,1.28 ,-1,-188.85 ,-207.31 
2025-09-16T04:00:00+09:00,115254.10 ,115515.00 ,114904.90 ,115247.90 ,116216.4351,114127.7549,113886.639,115532.2333,115172.095,,,,,-1,1,1.27 ,0.81 ,0,3916,2828,50.63 ,50.90 ,20.08 ,0.46 ,0.69 ,1.28 ,-1,-155.78 ,-209.53 
2025-09-16T05:00:00+09:00,115247.90 ,115440.00 ,115136.00 ,115323.30 ,116230.958,114142.632,113907.942,115522.0433,115186.795,,,,,-1,1,1.20 ,0.87 ,0,856,2754,51.85 ,51.28 ,19.69 ,0.39 ,0.69 ,1.28 ,-1,-122.08 ,-206.20 
2025-09-16T06:00:00+09:00,115323.30 ,115471.90 ,115219.20 ,115457.90 ,116251.3107,114149.6693,113929.4255,115513.17,115200.49,,,,,-1,1,1.09 ,0.99 ,0,627,2601,54.05 ,51.95 ,19.24 ,0.33 ,0.68 ,1.27 ,-1,-83.55 ,-194.48 
2025-09-16T07:00:00+09:00,115457.90 ,115555.00 ,115158.20 ,115230.00 ,116245.8607,114146.6193,113950.137,115502.3167,115196.24,,,,,-1,1,1.29 ,0.79 ,0,834,2594,49.90 ,50.74 ,18.76 ,0.34 ,0.68 ,1.28 ,-1,-70.59 ,-177.65 
2025-09-16T08:00:00+09:00,115230.00 ,115429.80 ,115175.00 ,115300.30 ,116238.8066,114144.7234,113970.255,115492.0483,115191.765,,,,,-1,1,1.22 ,0.85 ,0,648,2604,51.15 ,51.10 ,18.29 ,0.30 ,0.68 ,1.28 ,-1,-54.02 ,-156.48 
2025-09-16T09:00:00+09:00,115300.30 ,115300.40 ,114882.90 ,115028.90 ,116124.8806,114162.0294,113989.6445,115476.6533,115143.455,,,,,-1,1,1.46 ,0.62 ,0,1217,2418,46.36 ,49.67 ,17.77 ,0.32 ,0.68 ,1.27 ,-1,-62.07 ,-136.03 
2025-09-16T10:00:00+09:00,115028.90 ,115475.30 ,114954.70 ,114968.10 ,115841.2721,114295.8479,114009.8735,115464.2917,115068.56,,,,,-1,1,1.52 ,0.56 ,0,1664,2370,45.34 ,49.35 ,17.38 ,0.36 ,0.67 ,1.25 ,-1,-72.53 ,-115.38 
2025-09-16T11:00:00+09:00,114968.10 ,115181.90 ,114968.10 ,114976.70 ,115633.776,114393.604,114029.7055,115451.555,115013.69,,,116711.7,,-1,1,1.51 ,0.57 ,0,539,2175,45.52 ,49.40 ,16.95 ,0.31 ,0.66 ,1.23 ,1,-79.21 ,-98.74 
2025-09-16T12:00:00+09:00,114976.70 ,115369.90 ,114976.60 ,115250.10 ,115516.8837,114458.9063,114049.8465,115443.5983,114987.895,115555,,,,-1,1,0.26 ,0.81 ,0,679,2035,51.13 ,50.86 ,16.66 ,0.32 ,0.64 ,1.19 ,1,-61.72 ,-84.61 
2025-09-16T13:00:00+09:00,115250.10 ,115495.40 ,114858.30 ,115450.00 ,115574.3589,114475.0111,114070.6395,115446.33,115024.685,,,,,-1,1,0.09 ,0.98 ,0,1489,1812,54.79 ,51.90 ,16.55 ,0.39 ,0.62 ,1.15 ,1,-31.38 ,-70.79 
2025-09-16T14:00:00+09:00,115450.00 ,115898.00 ,115388.30 ,115879.70 ,115732.6341,114422.0559,114095.0265,115452.225,115077.345,,,,,1,1,0.28 ,1.35 ,0,4046,1748,61.48 ,54.03 ,16.78 ,0.41 ,0.60 ,1.12 ,-1,27.03 ,-54.23 
2025-09-16T15:00:00+09:00,115879.70 ,115950.00 ,115544.40 ,115719.80 ,115818.2944,114435.2756,114117.6205,115454.3867,115126.785,,,,,1,1,0.14 ,1.21 ,0,3510,1841,58.04 ,53.13 ,17.33 ,0.39 ,0.59 ,1.11 ,-1,59.73 ,-38.31 
2025-09-16T16:00:00+09:00,115719.80 ,115849.10 ,115666.40 ,115785.80 ,115911.3314,114418.8086,114141.124,115455.075,115165.07,,,,,1,1,0.20 ,1.27 ,0,1230,1823,59.06 ,53.46 ,18.40 ,0.31 ,0.58 ,1.09 ,-1,89.93 ,-20.47 
2025-09-16T17:00:00+09:00,115785.80 ,115938.90 ,115464.30 ,115614.20 ,115948.9871,114473.0929,114165.269,115451.26,115211.04,,,,,1,1,0.05 ,1.12 ,0,1920,1856,55.30 ,52.49 ,19.61 ,0.35 ,0.58 ,1.08 ,-1,98.88 ,-3.48 
2025-09-16T18:00:00+09:00,115614.20 ,115679.60 ,115358.90 ,115436.50 ,115943.2122,114560.6478,114188.204,115444.4717,115251.93,,114858.3,,114320,1,1,0.10 ,0.50 ,0,1073,1660,51.64 ,51.51 ,20.82 ,0.32 ,0.56 ,1.05 ,-1,90.59 ,13.48 
2025-09-16T19:00:00+09:00,115436.50 ,115559.20 ,115320.00 ,115334.70 ,115916.7159,114657.9041,114208.8775,115436.385,115287.31,,,,,1,1,0.19 ,0.41 ,0,1076,1601,49.61 ,50.95 ,21.83 ,0.28 ,0.55 ,1.02 ,-1,74.95 ,29.87 
2025-09-16T20:00:00+09:00,115334.70 ,115397.30 ,115170.60 ,115250.00 ,115898.0178,114722.2322,114230.1135,115426.0417,115310.125,115950,,,,1,1,0.61 ,0.34 ,0,1657,1563,47.92 ,50.49 ,22.40 ,0.26 ,0.53 ,0.99 ,-1,55.07 ,44.79 
2025-09-16T21:00:00+09:00,115250.00 ,115429.20 ,115241.10 ,115393.00 ,115845 ,114852.722,114252.4155,115417.7133,115348.73,,,,,1,1,0.48 ,0.46 ,0,1042,1545,50.95 ,51.25 ,22.39 ,0.22 ,0.52 ,0.97 ,1,50.29 ,57.23 
2025-09-16T22:00:00+09:00,115393.00 ,115519.00 ,114684.80 ,115163.50 ,115840.7349,114865.7151,114273.307,115405.2767,115353.225,,,,,1,1,0.68 ,0.27 ,0,5509,1773,46.30 ,49.99 ,22.17 ,0.39 ,0.52 ,0.96 ,1,27.65 ,63.79 
2025-09-16T23:00:00+09:00,115163.50 ,115269.70 ,114772.60 ,115243.20 ,115840.656,114864.704,114294.179,115395.8583,115352.68,,,,,1,1,0.61 ,0.33 ,0,3017,1827,48.07 ,50.42 ,21.77 ,0.40 ,0.51 ,0.96 ,1,15.96 ,62.56 
2025-09-17T00:00:00+09:00,115243.20 ,115860.00 ,114980.00 ,115859.90 ,115915.8528,114850.7072,114317.3745,115399.6917,115383.28,,,,,1,1,0.08 ,0.86 ,0,2382,1751,59.29 ,53.60 ,21.17 ,0.52 ,0.52 ,0.97 ,1,55.82 ,62.13 
2025-09-17T01:00:00+09:00,115859.90 ,116015.00 ,115553.30 ,116009.80 ,116014.8545,114820.3555,114339.2645,115404.8533,115417.605,,,,,1,2,0.05 ,0.99 ,0,3763,1896,61.46 ,54.33 ,20.61 ,0.48 ,0.53 ,0.98 ,1,98.37 ,63.07 
2025-09-17T02:00:00+09:00,116009.80 ,116827.70 ,115999.90 ,116409.50 ,116203 ,114727.5551,114361.085,115414.7717,115465.185,,,,,1,2,0.39 ,1.33 ,0,7545,2242,66.60 ,56.20 ,20.49 ,0.56 ,0.54 ,1.01 ,-1,162.47 ,70.13 
2025-09-17T03:00:00+09:00,116409.50 ,116728.00 ,116168.00 ,116369.00 ,116348.8385,114695.4315,114382.952,115426.2167,115522.135,,114684.8,,,1,2,0.36 ,1.45 ,0,2833,2342,65.64 ,55.96 ,20.93 ,0.53 ,0.56 ,1.04 ,-1,207.60 ,83.13 
2025-09-17T04:00:00+09:00,116369.00 ,116762.60 ,116329.50 ,116751.20 ,116571.7499,114617.6101,114406.621,115442.9667,115594.68,,,,,1,2,0.69 ,1.77 ,0,1422,2381,70.01 ,57.68 ,21.85 ,0.48 ,0.57 ,1.06 ,-1,271.09 ,104.93 
2025-09-17T05:00:00+09:00,116751.20 ,116853.10 ,116658.10 ,116778.10 ,116749.9151,114614.3649,114430.5115,115457.965,115682.14,,,,,1,2,0.71 ,1.79 ,0,1246,2382,70.29 ,57.80 ,22.89 ,0.37 ,0.57 ,1.07 ,-1,319.89 ,134.35 
2025-09-17T06:00:00+09:00,116778.10 ,116894.80 ,116535.20 ,116748.20 ,116881.9025,114660.3875,114454.903,115470.535,115771.145,,,,,1,2,0.68 ,1.77 ,0,1146,2356,69.50 ,57.62 ,23.92 ,0.35 ,0.57 ,1.07 ,-1,352.09 ,167.88 
2025-09-17T07:00:00+09:00,116748.20 ,116895.50 ,116625.20 ,116789.90 ,116994.1694,114729.4406,114475.9275,115484.0283,115861.805,,,,,1,2,0.72 ,1.80 ,0,1455,2402,70.01 ,57.81 ,25.23 ,0.31 ,0.57 ,1.07 ,-1,376.63 ,206.66 
2025-09-17T08:00:00+09:00,116789.90 ,116855.50 ,116555.80 ,116728.60 ,117091.5066,114779.9534,114496.7335,115500.4017,115935.73,,,,,1,2,0.67 ,1.75 ,0,1167,2426,68.21 ,57.42 ,26.61 ,0.29 ,0.57 ,1.07 ,-1,386.68 ,247.85 
2025-09-17T09:00:00+09:00,116728.60 ,116774.90 ,116490.60 ,116504.50 ,117146.9942,114829.9158,114517.539,115513.19,115988.455,,,,,1,2,0.48 ,1.56 ,0,904,2397,61.94 ,56.02 ,27.64 ,0.28 ,0.56 ,1.05 ,-1,372.27 ,283.01 
2025-09-17T10:00:00+09:00,116504.50 ,116708.00 ,116450.00 ,116616.60 ,117214.1358,114836.4642,114539.7905,115535.2383,116025.3,,,,,1,2,0.57 ,1.66 ,0,1092,2249,63.73 ,56.56 ,28.30 ,0.26 ,0.55 ,1.03 ,-1,365.67 ,312.71 
2025-09-17T11:00:00+09:00,116616.60 ,117039.20 ,116500.00 ,116627.10 ,117278.4999,114862.8301,114560.765,115556.555,116070.665,,,,,1,2,0.58 ,1.67 ,0,1646,2156,63.91 ,56.62 ,28.82 ,0.33 ,0.55 ,1.02 ,-1,357.18 ,334.34 
2025-09-17T12:00:00+09:00,116627.10 ,116700.00 ,116313.70 ,116316.10 ,117302.1161,114892.2439,114582.1155,115575.53,116097.18,,,,,1,2,0.31 ,1.40 ,0,1615,2175,55.52 ,54.68 ,28.97 ,0.33 ,0.55 ,1.02 ,-1,321.65 ,347.02 
2025-09-17T13:00:00+09:00,116316.10 ,116433.60 ,116110.60 ,116270.80 ,117316.1528,114943.8672,114603.8715,115589.5883,116130.01,,,,,1,2,0.28 ,1.36 ,0,1460,2152,54.39 ,54.40 ,28.73 ,0.31 ,0.55 ,1.02 ,-1,286.53 ,348.73 
2025-09-17T14:00:00+09:00,116270.80 ,117160.00 ,116270.70 ,117059.80 ,117418.3595,115003.9905,114627.771,115615.585,116211.175,,,,,1,2,0.95 ,2.03 ,0,4309,2314,66.92 ,58.17 ,28.51 ,0.46 ,0.56 ,1.04 ,-1,318.69 ,348.60 
2025-09-17T15:00:00+09:00,117059.80 ,117236.50 ,116926.40 ,117177.20 ,117510.0914,115096.5086,114652.776,115646.3367,116303.3,,,,,1,2,1.05 ,2.13 ,0,2002,2361,68.31 ,58.69 ,28.42 ,0.39 ,0.56 ,1.05 ,-1,349.62 ,348.32 
2025-09-17T16:00:00+09:00,117177.20 ,117215.10 ,117066.60 ,117116.20 ,117550.6427,115242.5773,114678.306,115671.87,116396.61,,,,,1,2,1.00 ,2.08 ,0,1331,2344,66.74 ,58.30 ,28.53 ,0.31 ,0.57 ,1.06 ,-1,365.00 ,347.03 
2025-09-17T17:00:00+09:00,117116.20 ,117147.90 ,116655.70 ,116820.70 ,117538.4772,115397.5128,114704.3275,115689.6867,116467.995,,,,,1,2,0.75 ,1.83 ,0,2774,2431,59.58 ,56.48 ,28.51 ,0.34 ,0.58 ,1.08 ,-1,349.32 ,342.88 
2025-09-17T18:00:00+09:00,116820.70 ,116820.70 ,116520.00 ,116520.10 ,117423.3666,115648.2834,114730.2775,115698.2133,116535.825,,116110.6,,,1,2,0.49 ,0.35 ,0,1560,2233,53.31 ,54.70 ,28.05 ,0.32 ,0.57 ,1.07 ,-1,309.07 ,335.86 
2025-09-17T19:00:00+09:00,116520.10 ,116571.90 ,116234.60 ,116329.10 ,117261.171,115919.069,114755.4605,115704.5433,116590.12,,,,,1,2,0.33 ,0.19 ,0,1739,2170,49.73 ,53.61 ,27.47 ,0.31 ,0.56 ,1.05 ,-1,258.78 ,323.98 
2025-09-17T20:00:00+09:00,116329.10 ,116343.00 ,116217.00 ,116217.10 ,117216.4354,115999.5246,114778.272,115721.1183,116607.98,117236.5,,,,1,2,0.88 ,0.09 ,0,1980,2149,47.71 ,52.97 ,26.98 ,0.24 ,0.54 ,1.01 ,-1,207.50 ,307.35 
2025-09-17T21:00:00+09:00,116217.10 ,116491.70 ,116046.10 ,116160.90 ,117197.2583,116033.8117,114799.226,115739.9783,116615.535,,,,,1,2,0.93 ,0.04 ,0,2710,2097,46.68 ,52.66 ,26.28 ,0.29 ,0.53 ,0.99 ,1,160.47 ,289.44 
2025-09-17T22:00:00+09:00,116160.90 ,116293.10 ,115861.10 ,116072.20 ,117221.4193,115975.9207,114818.8035,115754.7817,116598.67,,,,,-1,1,1.00 ,0.03 ,0,3062,1873,45.04 ,52.15 ,25.47 ,0.32 ,0.51 ,0.95 ,-1,114.72 ,270.35 
2025-09-17T23:00:00+09:00,116072.20 ,116205.20 ,115425.00 ,115576.70 ,117320.5497,115797.5603,114831.7775,115759.1433,116559.055,,,,,-1,1,1.44 ,0.46 ,0,4987,1980,37.15 ,49.44 ,24.75 ,0.44 ,0.50 ,0.94 ,-1,38.04 ,239.17 
2025-09-18T00:00:00+09:00,115576.70 ,115844.70 ,115499.20 ,115836.10 ,117331.0096,115695.5904,114846.207,115766.5817,116513.3,,,,,-1,1,1.21 ,0.24 ,0,1995,2009,42.80 ,50.81 ,24.48 ,0.39 ,0.50 ,0.93 ,-1,-1.78 ,200.12 
2025-09-18T01:00:00+09:00,115836.10 ,115836.10 ,115338.00 ,115600.50 ,117352.9736,115555.8664,114859.427,115760.005,116454.42,,,,,-1,1,1.42 ,0.44 ,0,2588,2076,39.34 ,49.56 ,24.77 ,0.40 ,0.50 ,0.93 ,-1,-51.74 ,153.82 
2025-09-18T02:00:00+09:00,115600.50 ,116258.40 ,115465.70 ,115519.00 ,117367.6548,115418.2652,114872.428,115744.2217,116392.96,,,,,-1,1,1.49 ,0.51 ,0,5731,2305,38.19 ,49.14 ,25.13 ,0.50 ,0.51 ,0.95 ,-1,-96.81 ,104.25 
2025-09-18T03:00:00+09:00,115519.00 ,116302.50 ,114669.00 ,115186.90 ,117400.8071,115224.8129,114884.9015,115729.435,116312.81,,,,,-1,1,1.78 ,0.80 ,0,24359,3451,33.85 ,47.45 ,25.87 ,0.81 ,0.55 ,1.02 ,-1,-157.50 ,52.41 
2025-09-18T04:00:00+09:00,115186.90 ,115946.60 ,115032.90 ,115588.80 ,117369.8254,115141.8146,114900.858,115726.4817,116255.82,,,,,-1,1,1.43 ,0.45 ,0,5226,3653,42.38 ,49.59 ,26.85 ,0.80 ,0.59 ,1.09 ,-1,-171.20 ,4.63 
2025-09-18T05:00:00+09:00,115588.80 ,116095.80 ,115429.30 ,115564.70 ,117355.7114,115061.9486,114915.55,115740.6567,116208.83,,,,,-1,1,1.45 ,0.47 ,0,2407,3729,42.03 ,49.47 ,27.82 ,0.72 ,0.62 ,1.16 ,-1,-181.90 ,-38.63 
2025-09-18T06:00:00+09:00,115564.70 ,116075.90 ,115251.30 ,115998.40 ,117312.4314,115043.4086,114931.992,115760.1883,116177.92,,,,,-1,1,1.07 ,0.10 ,0,2684,3808,50.03 ,51.68 ,28.65 ,0.72 ,0.65 ,1.22 ,-1,-153.61 ,-73.53 
2025-09-18T07:00:00+09:00,115998.40 ,116783.60 ,115998.40 ,116505.10 ,117297.8857,115045.7543,114955.9115,115789.7567,116171.82,,,,,-1,1,0.63 ,0.34 ,0,3746,3913,57.42 ,54.07 ,28.90 ,0.70 ,0.68 ,1.27 ,-1,-89.28 ,-96.20 
2025-09-18T08:00:00+09:00,116505.10 ,116929.00 ,116261.20 ,116395.90 ,117304.4549,115047.1651,114983.706,115812.6867,116175.81,,114669,,,-1,1,0.72 ,1.48 ,0,3143,3989,55.52 ,53.49 ,28.57 ,0.66 ,0.71 ,1.32 ,-1,-46.57 ,-105.60 
2025-09-18T09:00:00+09:00,116395.90 ,116422.20 ,116044.10 ,116303.20 ,117306.7085,115048.1515,115010.5955,115839.4933,116177.43,,,,,-1,1,0.80 ,1.41 ,0,1957,4014,53.88 ,52.99 ,28.11 ,0.55 ,0.72 ,1.35 ,-1,-19.98 ,-107.62 
2025-09-18T10:00:00+09:00,116303.20 ,116827.20 ,116290.00 ,116594.50 ,117227.561,115080.769,115038.618,115872.4233,116154.165,,,,,-1,1,0.55 ,1.65 ,0,1955,3897,58.06 ,54.35 ,27.29 ,0.52 ,0.73 ,1.36 ,-1,24.33 ,-99.17 
2025-09-18T11:00:00+09:00,116594.50 ,116900.00 ,116368.50 ,116881.60 ,117163.0145,115115.7555,115067.513,115909.9983,116139.385,,,117236.5,,-1,1,0.30 ,1.89 ,0,2052,3899,61.74 ,55.63 ,26.17 ,0.50 ,0.74 ,1.38 ,-1,81.66 ,-79.34 
2025-09-18T12:00:00+09:00,116881.60 ,117830.00 ,116833.80 ,117520.30 ,117271.6764,115047.5036,115098.8535,115955.4417,116159.59,,,,,1,1,0.24 ,2.43 ,0,8636,4264,68.39 ,58.30 ,25.21 ,0.61 ,0.76 ,1.42 ,-1,176.60 ,-42.22 
2025-09-18T13:00:00+09:00,117520.30 ,117697.40 ,117178.10 ,117575.50 ,117440.1437,114954.5163,115129.3155,116004.685,116197.33,,,,,1,1,0.29 ,2.47 ,0,3416,4297,68.89 ,58.52 ,24.35 ,0.55 ,0.78 ,1.45 ,-1,253.38 ,4.96 
2025-09-18T14:00:00+09:00,117575.50 ,117575.60 ,117124.10 ,117218.90 ,117547 ,114917.8927,115159.2205,116040.44,116232.27,,,,,1,1,0.02 ,2.18 ,0,2669,4352,62.03 ,56.55 ,23.99 ,0.50 ,0.79 ,1.47 ,-1,282.20 ,56.52 
2025-09-18T15:00:00+09:00,117218.90 ,117286.30 ,116836.10 ,117053.10 ,117630.5357,114906.4043,115186.959,116070.4233,116268.47,,,,,1,1,0.16 ,2.04 ,0,2312,4381,59.08 ,55.66 ,23.88 ,0.46 ,0.80 ,1.49 ,-1,288.33 ,105.63 
2025-09-18T16:00:00+09:00,117053.10 ,117166.50 ,117004.90 ,117038.00 ,117711.7959,114907.2341,115214.693,116100.2583,116309.515,,,,,1,1,0.17 ,2.02 ,0,1114,4337,58.80 ,55.58 ,23.99 ,0.35 ,0.81 ,1.51 ,-1,288.65 ,147.62 
2025-09-18T17:00:00+09:00,117038.00 ,117381.90 ,116964.10 ,117192.20 ,117812.6878,114909.4722,115245.828,116131.4067,116361.08,117830,,,,1,1,0.54 ,2.15 ,0,1595,4282,60.80 ,56.25 ,24.31 ,0.35 ,0.81 ,1.52 ,-1,297.91 ,185.90 
2025-09-18T18:00:00+09:00,117192.20 ,117313.20 ,117065.60 ,117257.20 ,117916.0034,114924.6566,115277.3095,116161.395,116420.33,,,,,1,1,0.49 ,2.21 ,0,1354,4196,61.65 ,56.53 ,24.80 ,0.31 ,0.81 ,1.52 ,-1,306.95 ,222.22 
2025-09-18T19:00:00+09:00,117257.20 ,117263.90 ,117025.60 ,117142.50 ,117973.2336,115024.0064,115306.212,116193.27,116498.62,,,,,1,1,0.59 ,2.11 ,0,761,3985,59.22 ,55.88 ,25.08 ,0.27 ,0.80 ,1.50 ,-1,301.39 ,253.01 
2025-09-18T20:00:00+09:00,117142.50 ,117246.20 ,116951.80 ,117011.70 ,118015.3192,115099.4808,115333.7925,116221.7933,116557.4,,,,,1,1,0.70 ,2.00 ,0,827,3927,56.49 ,55.15 ,25.11 ,0.27 ,0.79 ,1.48 ,-1,283.16 ,275.40 
2025-09-18T21:00:00+09:00,117011.70 ,117243.10 ,116923.10 ,117073.20 ,118035.9971,115226.0729,115361.803,116255.865,116631.035,,,,,1,1,0.65 ,2.05 ,0,2449,3920,57.48 ,55.43 ,24.91 ,0.27 ,0.78 ,1.46 ,-1,270.56 ,285.84 
2025-09-18T22:00:00+09:00,117073.20 ,117608.90 ,116963.60 ,117376.50 ,118066.7557,115381.0643,115391.0305,116296.005,116723.91,,,,,1,1,0.39 ,2.31 ,0,4570,3862,62.08 ,56.79 ,24.90 ,0.36 ,0.77 ,1.44 ,-1,281.80 ,289.00 
2025-09-18T23:00:00+09:00,117376.50 ,117777.00 ,117344.10 ,117563.30 ,118032.3505,115653.1095,115420.1585,116339.115,116842.73,,,,114669,1,1,0.23 ,2.46 ,0,2996,2793,64.62 ,57.61 ,25.15 ,0.36 ,0.74 ,1.38 ,-1,302.30 ,291.23 
2025-09-19T00:00:00+09:00,117563.30 ,117650.00 ,117252.10 ,117526.50 ,118015 ,115864 ,115445.3475,116377.055,116939.615,,,,,1,1,0.26 ,2.43 ,0,2836,2674,63.71 ,57.39 ,25.43 ,0.36 ,0.70 ,1.32 ,-1,311.98 ,293.86 
2025-09-19T01:00:00+09:00,117526.50 ,117739.20 ,117447.70 ,117514.20 ,117935.2193,116138.9607,115471.2875,116411.4583,117037.09,,,,,1,1,0.27 ,2.42 ,0,1474,2627,63.39 ,57.31 ,25.80 ,0.32 ,0.67 ,1.26 ,-1,315.02 ,296.79 
2025-09-19T02:00:00+09:00,117514.20 ,117721.30 ,117360.00 ,117535.90 ,117899.4484,116328.4816,115497.782,116439.0617,117113.965,,116923.1,,,1,1,0.25 ,0.52 ,0,1941,2590,63.74 ,57.41 ,26.18 ,0.32 ,0.64 ,1.20 ,-1,315.55 ,298.75 
2025-09-19T03:00:00+09:00,117535.90 ,117855.50 ,117457.10 ,117752.60 ,117956.6279,116396.0521,115525.4225,116472.9417,117176.34,,,,,1,1,0.07 ,0.70 ,0,1402,2473,67.08 ,58.39 ,26.72 ,0.32 ,0.62 ,1.15 ,-1,329.65 ,301.27 
2025-09-19T04:00:00+09:00,117752.60 ,117752.60 ,117125.00 ,117397.20 ,117924.0881,116528.7219,115551.1185,116499.7983,117226.405,,,,,1,1,0.37 ,0.40 ,0,2322,2432,57.69 ,56.23 ,27.10 ,0.39 ,0.60 ,1.11 ,-1,308.59 ,302.07 
2025-09-19T05:00:00+09:00,117397.20 ,117604.90 ,117274.80 ,117462.10 ,117844.6893,116724 ,115571.4895,116530.5967,117284.35,,,,,1,1,0.31 ,0.46 ,0,834,2376,58.83 ,56.53 ,27.12 ,0.36 ,0.58 ,1.09 ,1,293.76 ,303.25 
2025-09-19T06:00:00+09:00,117462.10 ,117462.10 ,117241.50 ,117241.60 ,117780.3639,116853.0461,115588.177,116560.6817,117316.705,,,,,1,1,0.50 ,0.27 ,0,766,2316,53.58 ,55.21 ,26.70 ,0.30 ,0.56 ,1.05 ,1,261.19 ,302.20 
2025-09-19T07:00:00+09:00,117241.60 ,117281.50 ,116999.70 ,117006.00 ,117765.9477,116879.9023,115603.9105,116588.5367,117322.925,,,,,1,1,0.70 ,0.07 ,0,1105,2269,48.59 ,53.85 ,26.03 ,0.28 ,0.55 ,1.02 ,1,213.91 ,294.66 
2025-09-19T08:00:00+09:00,117006.00 ,117120.00 ,116555.00 ,117019.00 ,117750.0091,116845.7109,115619.991,116618.02,117297.86,117855.5,,,,1,1,0.71 ,0.08 ,-1,4409,2058,48.87 ,53.91 ,25.36 ,0.35 ,0.53 ,0.99 ,1,175.46 ,280.57 
2025-09-19T09:00:00+09:00,117019.00 ,117372.50 ,116959.60 ,117361.00 ,117722.2893,116851.9807,115638.1325,116650.82,117287.135,,,,,1,1,0.42 ,0.37 ,0,2038,1989,55.77 ,55.57 ,24.56 ,0.35 ,0.51 ,0.96 ,1,170.63 ,264.86 
2025-09-19T10:00:00+09:00,117361.00 ,117400.00 ,117061.00 ,117177.50 ,117721.8886,116848.2414,115655.5315,116684.3867,117285.065,,,,,1,1,0.58 ,0.22 ,0,839,1897,51.73 ,54.50 ,23.55 ,0.33 ,0.50 ,0.93 ,1,150.25 ,246.56 
2025-09-19T11:00:00+09:00,117177.50 ,117230.00 ,116984.90 ,117055.70 ,117721.7438,116848.6462,115673.0945,116714.595,117285.195,,,,,1,1,0.68 ,0.11 ,0,857,1824,49.19 ,53.79 ,22.72 ,0.29 ,0.49 ,0.91 ,1,122.86 ,225.15 
2025-09-19T12:00:00+09:00,117055.70 ,117237.40 ,116805.40 ,116932.00 ,117730.6619,116829.1281,115690.1455,116732.4633,117279.895,,,,,1,1,0.79 ,0.01 ,0,1632,1850,46.68 ,53.08 ,22.17 ,0.32 ,0.49 ,0.91 ,1,90.13 ,198.53 
2025-09-19T13:00:00+09:00,116932.00 ,117050.00 ,116660.30 ,116939.00 ,117740.7891,116793.6809,115707.2955,116747.95,117267.235,,116555,,,1,1,0.78 ,0.33 ,0,1906,1866,46.85 ,53.12 ,22.00 ,0.32 ,0.48 ,0.90 ,1,64.02 ,171.36 
2025-09-19T14:00:00+09:00,116939.00 ,116970.80 ,116738.60 ,116843.70 ,117754.8905,116738.2295,115722.627,116755.1867,117246.56,,,,,1,1,0.87 ,0.25 ,0,671,1832,44.81 ,52.56 ,22.14 ,0.28 ,0.48 ,0.90 ,1,35.23 ,142.63 
2025-09-19T15:00:00+09:00,116843.70 ,116843.80 ,116567.90 ,116641.00 ,117793.3764,116649.5936,115736.6675,116759.72,117221.485,,,,,1,1,1.04 ,0.07 ,0,1038,1846,40.76 ,51.38 ,22.37 ,0.27 ,0.48 ,0.90 ,-1,-3.89 ,113.18 
2025-09-19T16:00:00+09:00,116641.00 ,116948.70 ,116631.30 ,116856.30 ,117800.8167,116626.6133,115751.4495,116761.4717,117213.715,,,,,1,1,0.86 ,0.26 ,0,1521,1880,46.32 ,52.53 ,22.78 ,0.27 ,0.48 ,0.90 ,-1,-17.33 ,87.49 
2025-09-19T17:00:00+09:00,116856.30 ,117049.70 ,116836.00 ,116865.60 ,117807.1109,116599.5591,115766.624,116762.93,117203.335,,,,,1,1,0.85 ,0.27 ,0,1359,1826,46.55 ,52.58 ,23.26 ,0.24 ,0.48 ,0.89 ,-1,-26.91 ,65.00 
2025-09-19T18:00:00+09:00,116865.60 ,116940.80 ,116433.80 ,116442.60 ,117838.9668,116474.3132,115779.6265,116757.8367,117156.64,,,,,-1,1,1.21 ,0.10 ,0,1992,1697,38.38 ,50.16 ,24.00 ,0.31 ,0.47 ,0.89 ,-1,-67.86 ,38.50 
2025-09-19T19:00:00+09:00,116442.60 ,116508.10 ,116380.00 ,116486.00 ,117817.5066,116388.0434,115793.2385,116752.7717,117102.775,,,,,-1,1,1.18 ,0.06 ,0,1758,1635,39.55 ,50.40 ,24.87 ,0.24 ,0.46 ,0.87 ,-1,-95.71 ,11.17 
2025-09-19T20:00:00+09:00,116486.00 ,116508.00 ,116258.70 ,116352.20 ,117801.5661,116286.5539,115803.251,116746.4983,117044.06,,,,,-1,1,1.29 ,0.17 ,0,1568,1572,37.20 ,49.65 ,25.86 ,0.23 ,0.46 ,0.85 ,-1,-127.11 ,-16.60 
2025-09-19T21:00:00+09:00,116352.20 ,116499.70 ,116082.30 ,116117.80 ,117799.8921,116148.5879,115813.3065,116740.0533,116974.24,,,,,-1,1,1.50 ,0.38 ,0,2185,1607,33.45 ,48.36 ,27.01 ,0.27 ,0.45 ,0.84 ,-1,-168.96 ,-45.39 
2025-09-19T22:00:00+09:00,116117.80 ,116417.90 ,116021.50 ,116244.40 ,117751.3672,116067.9628,115823.487,116733.85,116909.665,,,,,-1,1,1.39 ,0.27 ,0,2260,1623,37.14 ,49.09 ,28.26 ,0.30 ,0.45 ,0.84 ,-1,-189.72 ,-73.58 
2025-09-19T23:00:00+09:00,116244.40 ,116450.00 ,115737.10 ,115852.90 ,117682.7909,115946.5691,115831.401,116720.9467,116814.68,,,117855.5,,-1,1,1.73 ,0.61 ,0,3832,1745,31.35 ,47.00 ,29.81 ,0.40 ,0.46 ,0.85 ,-1,-235.06 ,-103.62 
2025-09-20T00:00:00+09:00,115852.90 ,115900.00 ,115423.00 ,115825.90 ,117661.6408,115810.5892,115840.2855,116712.7767,116736.115,,,,,-1,1,1.75 ,0.63 ,0,5391,1898,31.00 ,46.86 ,31.86 ,0.41 ,0.46 ,0.85 ,-1,-270.06 ,-133.19 
2025-09-20T01:00:00+09:00,115825.90 ,116084.10 ,115751.30 ,116030.20 ,117575.7537,115753.2863,115850.408,116708.7667,116664.52,,,,,-1,1,1.57 ,0.45 ,0,1486,1931,36.88 ,48.06 ,33.88 ,0.37 ,0.46 ,0.86 ,-1,-278.10 ,-162.17 
2025-09-20T02:00:00+09:00,116030.20 ,116030.20 ,115483.60 ,115483.70 ,117582.4618,115570.7882,115858.5885,116682.4983,116576.625,,,,,-1,1,2.05 ,0.93 ,0,1672,1976,29.61 ,45.26 ,35.93 ,0.40 ,0.47 ,0.87 ,-1,-324.83 ,-195.27 
2025-09-20T03:00:00+09:00,115483.70 ,115595.90 ,115340.00 ,115373.30 ,117607.5439,115382.4361,115865.289,116652.4333,116494.99,,,,,-1,1,2.15 ,1.02 ,0,1556,1999,28.39 ,44.73 ,38.00 ,0.34 ,0.47 ,0.88 ,-1,-366.54 ,-228.45 
2025-09-20T04:00:00+09:00,115373.30 ,115440.10 ,115069.90 ,115086.10 ,117640.3161,115156.3739,115870.9055,116618.5983,116398.345,,,,,-1,1,2.41 ,1.28 ,0,1561,1856,25.46 ,43.37 ,40.07 ,0.34 ,0.47 ,0.88 ,-1,-417.96 ,-264.26 
2025-09-20T05:00:00+09:00,115086.10 ,115400.00 ,115059.30 ,115312.50 ,117541.3113,115050.5287,115877.8485,116593.4617,116295.92,,,,,-1,1,2.21 ,1.08 ,0,1815,1845,31.47 ,44.72 ,42.13 ,0.32 ,0.47 ,0.87 ,-1,-435.42 ,-298.52 
2025-09-20T06:00:00+09:00,115312.50 ,115496.50 ,115263.40 ,115417.40 ,117440 ,114975.461,115882.055,116575.0833,116207.915,,,,,-1,1,2.11 ,0.99 ,0,976,1852,34.12 ,45.34 ,43.93 ,0.28 ,0.46 ,0.87 ,-1,-435.77 ,-328.16 
2025-09-20T07:00:00+09:00,115417.40 ,115610.30 ,115417.40 ,115562.30 ,117331.6841,114934.8059,115887.886,116562.3033,116133.245,,,,,-1,1,1.98 ,0.86 ,0,1265,1872,37.70 ,46.19 ,45.27 ,0.24 ,0.46 ,0.86 ,-1,-419.52 ,-353.70 
2025-09-20T08:00:00+09:00,115562.30 ,115598.20 ,115396.80 ,115578.00 ,117228.292,114902.798,115895.156,116551.6517,116065.545,,,,,-1,1,1.97 ,0.85 ,0,447,1813,38.09 ,46.28 ,46.43 ,0.22 ,0.45 ,0.85 ,-1,-400.75 ,-372.11 
2025-09-20T09:00:00+09:00,115578.00 ,115669.20 ,115501.10 ,115667.90 ,117104.1983,114899.7817,115901.333,116543.435,116001.99,,,,,-1,1,1.89 ,0.77 ,0,663,1751,40.41 ,46.82 ,47.24 ,0.20 ,0.44 ,0.83 ,-1,-374.31 ,-383.69 
2025-09-20T10:00:00+09:00,115667.90 ,115668.80 ,115554.60 ,115578.70 ,116984.2067,114893.2733,115906.561,116535.21,115938.74,,115059.3,,,-1,1,1.97 ,0.45 ,0,346,1735,38.86 ,46.35 ,47.69 ,0.16 ,0.44 ,0.81 ,-1,-356.45 ,-392.39 
2025-09-20T11:00:00+09:00,115578.70 ,115578.70 ,115384.10 ,115551.10 ,116890.496,114877.994,115913.026,116534.7833,115884.245,,,,,-1,1,1.99 ,0.43 ,0,555,1710,38.37 ,46.20 ,47.84 ,0.16 ,0.43 ,0.80 ,-1,-340.59 ,-394.15 
2025-09-20T12:00:00+09:00,115551.10 ,115551.20 ,115358.10 ,115392.10 ,116733.296,114888.774,115918.125,116527.3833,115811.035,,,,,-1,1,2.13 ,0.29 ,0,359,1652,35.57 ,45.37 ,47.73 ,0.17 ,0.42 ,0.78 ,-1,-336.97 ,-390.86 
2025-09-20T13:00:00+09:00,115392.10 ,115537.00 ,115359.00 ,115520.70 ,116535.5698,114952.0102,115924.013,116526.0533,115743.79,,,,,-1,1,2.02 ,0.40 ,0,389,1604,39.41 ,46.17 ,47.52 ,0.16 ,0.41 ,0.77 ,-1,-320.03 ,-379.98 
2025-09-20T14:00:00+09:00,115520.70 ,115662.10 ,115461.10 ,115662.00 ,116428.9787,114980.5413,115930.182,116528.4367,115704.76,115669.2,,,,-1,1,0.01 ,0.52 ,0,412,1525,43.41 ,47.05 ,47.13 ,0.17 ,0.40 ,0.75 ,-1,-291.84 ,-364.02 
2025-09-20T15:00:00+09:00,115662.00 ,115662.40 ,115570.10 ,115644.50 ,116292.0263,115033.3437,115933.2755,116536.0633,115662.685,,,,,-1,1,0.02 ,0.51 ,0,382,1456,43.03 ,46.95 ,46.58 ,0.14 ,0.40 ,0.74 ,-1,-267.83 ,-345.36 
2025-09-20T16:00:00+09:00,115644.50 ,115920.10 ,115628.50 ,115907.70 ,116198.1472,115082.7728,115935.7295,116541.3783,115640.46,,,,,1,1,0.21 ,0.73 ,0,1386,1447,50.08 ,48.57 ,45.58 ,0.18 ,0.39 ,0.73 ,-1,-224.96 ,-323.75 
2025-09-20T17:00:00+09:00,115907.70 ,115907.70 ,115641.40 ,115645.20 ,116129.8751,115103.7849,115935.0585,116542.72,115616.83,,115358.1,,,1,1,0.02 ,0.25 ,0,987,1387,44.20 ,47.11 ,44.19 ,0.19 ,0.39 ,0.72 ,-1,-209.76 ,-302.53 
2025-09-20T18:00:00+09:00,115645.20 ,115743.90 ,115608.90 ,115611.20 ,116009.9563,115160.3837,115936.509,116536.2667,115585.17,,,,,1,1,0.05 ,0.22 ,0,373,1293,43.49 ,46.92 ,42.37 ,0.17 ,0.38 ,0.70 ,-1,-198.17 ,-282.95 
2025-09-20T19:00:00+09:00,115611.20 ,115740.50 ,115611.10 ,115693.90 ,115987.3653,115167.0747,115938.2875,116522.7467,115577.22,,,,,1,1,0.02 ,0.29 ,0,404,1121,45.78 ,47.44 ,40.14 ,0.15 ,0.36 ,0.67 ,-1,-180.23 ,-263.37 
2025-09-20T20:00:00+09:00,115693.90 ,115866.90 ,115693.90 ,115841.10 ,115990.0177,115165.9423,115941.7425,116513.5,115577.98,,,,,1,1,0.15 ,0.42 ,0,560,880,49.68 ,48.35 ,37.62 ,0.15 ,0.34 ,0.63 ,-1,-152.38 ,-242.46 
2025-09-20T21:00:00+09:00,115841.10 ,115905.00 ,115748.00 ,115824.50 ,115942.6693,115192.7207,115944.324,116505.5217,115567.695,115920.1,,,,1,1,0.08 ,0.40 ,0,513,831,49.25 ,48.26 ,35.09 ,0.14 ,0.32 ,0.60 ,-1,-130.15 ,-219.48 
2025-09-20T22:00:00+09:00,115824.50 ,115888.00 ,115800.00 ,115859.60 ,115979.9661,115193.0139,115945.825,116493.2733,115586.49,,,,,1,1,0.05 ,0.43 ,0,405,768,50.23 ,48.48 ,32.56 ,0.12 ,0.30 ,0.56 ,-1,-108.45 ,-195.97 
2025-09-20T23:00:00+09:00,115859.60 ,115969.20 ,115822.70 ,115901.20 ,116016.3142,115209.4558,115948.9805,116476.9333,115612.885,,,,,1,1,0.02 ,0.47 ,0,632,722,51.43 ,48.75 ,30.53 ,0.12 ,0.28 ,0.53 ,-1,-86.89 ,-173.20 
2025-09-21T00:00:00+09:00,115901.20 ,116062.60 ,115878.60 ,115929.90 ,116001.8232,115308.3268,115953.439,116450.4267,115655.075,,,,,1,2,0.01 ,0.49 ,0,1078,697,52.28 ,48.93 ,29.09 ,0.14 ,0.27 ,0.50 ,-1,-66.72 ,-150.86 
2025-09-21T01:00:00+09:00,115929.90 ,116000.00 ,115809.20 ,115966.60 ,116022.2855,115353.2745,115958.201,116423.6117,115687.78,,,,115059.3,1,2,0.04 ,0.52 ,0,530,633,53.41 ,49.17 ,27.97 ,0.14 ,0.26 ,0.48 ,-1,-47.23 ,-131.11 
2025-09-21T02:00:00+09:00,115966.60 ,116026.80 ,115759.50 ,115760.90 ,116016.6636,115393.2464,115961.9775,116399.3117,115704.955,,,,,1,2,0.14 ,0.35 ,0,540,611,46.74 ,47.88 ,27.05 ,0.17 ,0.25 ,0.46 ,-1,-47.83 ,-113.12 
2025-09-21T03:00:00+09:00,115760.90 ,115761.00 ,115633.20 ,115650.00 ,116015.3126,115403.3674,115965.5515,116375.9267,115709.34,,,,,1,2,0.23 ,0.25 ,0,787,587,43.58 ,47.20 ,26.16 ,0.15 ,0.24 ,0.45 ,-1,-56.61 ,-97.39 
2025-09-21T04:00:00+09:00,115650.00 ,115737.80 ,115637.80 ,115639.50 ,116014.2542,115410.5758,115969.396,116352.6183,115712.415,,,,,1,2,0.24 ,0.24 ,0,433,587,43.28 ,47.13 ,25.24 ,0.13 ,0.23 ,0.44 ,-1,-63.67 ,-84.44 
2025-09-21T05:00:00+09:00,115639.50 ,115728.10 ,115626.00 ,115670.00 ,116014.2986,115410.7414,115972.5455,116327.2483,115712.52,116062.6,,,,1,2,0.34 ,0.27 ,0,203,564,44.47 ,47.35 ,24.31 ,0.12 ,0.23 ,0.43 ,-1,-66.05 ,-74.84 
2025-09-21T06:00:00+09:00,115670.00 ,115880.00 ,115668.10 ,115727.40 ,116015 ,115424.469,115975.6365,116301.7517,115719.955,,,,,1,2,0.29 ,0.32 ,0,545,574,46.74 ,47.75 ,23.37 ,0.14 ,0.23 ,0.42 ,-1,-62.58 ,-67.34 
2025-09-21T07:00:00+09:00,115727.40 ,115740.20 ,115680.10 ,115718.80 ,116013.5217,115443.1583,115978.1695,116278.0233,115728.34,,,,,1,2,0.30 ,0.31 ,0,213,557,46.43 ,47.70 ,22.29 ,0.11 ,0.22 ,0.41 ,-1,-59.83 ,-61.93 
2025-09-21T08:00:00+09:00,115718.80 ,115718.90 ,115551.50 ,115633.90 ,115985.2079,115495.6521,115981.028,116255.06,115740.43,,,,,1,2,0.37 ,0.24 ,0,460,562,43.41 ,47.14 ,21.11 ,0.12 ,0.22 ,0.41 ,1,-63.77 ,-59.37 
2025-09-21T09:00:00+09:00,115633.90 ,115675.10 ,115490.70 ,115591.60 ,115977.7265,115510 ,115981.8365,116230.3667,115743.975,,,,,1,2,0.41 ,0.20 ,0,547,569,41.95 ,46.85 ,20.05 ,0.13 ,0.22 ,0.40 ,1,-69.51 ,-59.68 
2025-09-21T10:00:00+09:00,115591.60 ,115591.70 ,115433.50 ,115433.50 ,116000.9762,115464.1238,115980.308,116197.9833,115732.55,,,,,1,2,0.54 ,0.07 ,0,377,568,36.94 ,45.81 ,19.29 ,0.14 ,0.21 ,0.40 ,-1,-85.82 ,-63.96 
2025-09-21T11:00:00+09:00,115433.50 ,115653.40 ,115397.40 ,115634.00 ,116001.1781,115462.8719,115976.4745,116165.8283,115732.025,,,,,1,2,0.37 ,0.24 ,0,640,581,45.78 ,47.33 ,18.65 ,0.16 ,0.22 ,0.40 ,-1,-81.63 ,-67.72 
2025-09-21T12:00:00+09:00,115634.00 ,115655.00 ,115563.90 ,115613.70 ,115978.4894,115456.1606,115971.735,116133.9483,115717.325,,,,,1,2,0.39 ,0.22 ,0,269,525,45.09 ,47.19 ,18.10 ,0.14 ,0.21 ,0.40 ,-1,-79.03 ,-70.21 
2025-09-21T13:00:00+09:00,115613.70 ,115620.80 ,115441.10 ,115441.10 ,115993.4937,115420.7463,115968.5295,116099.3967,115707.12,,,,,1,2,0.54 ,0.07 ,0,288,490,39.63 ,46.04 ,17.74 ,0.14 ,0.21 ,0.39 ,-1,-89.87 ,-73.12 
2025-09-21T14:00:00+09:00,115441.10 ,115620.10 ,115441.10 ,115620.10 ,115993.3682,115421.7618,115967.629,116067.4667,115707.565,,,,,1,2,0.38 ,0.23 ,0,384,490,46.83 ,47.40 ,17.56 ,0.15 ,0.21 ,0.39 ,-1,-83.05 ,-75.01 
2025-09-21T15:00:00+09:00,115620.10 ,115737.40 ,115620.00 ,115632.10 ,115992.1327,115416.8173,115965.9425,116032.125,115704.475,,,,,1,2,0.37 ,0.24 ,0,484,494,47.28 ,47.49 ,17.37 ,0.13 ,0.21 ,0.39 ,-1,-75.81 ,-76.48 
2025-09-21T16:00:00+09:00,115632.10 ,115755.80 ,115561.00 ,115755.80 ,115982.1103,115418.3097,115964.8285,116004.7683,115700.21,,115397.4,,,1,2,0.27 ,0.31 ,0,341,483,51.84 ,48.43 ,17.18 ,0.14 ,0.21 ,0.38 ,-1,-59.41 ,-76.43 
2025-09-21T17:00:00+09:00,115755.80 ,115765.70 ,115504.70 ,115578.80 ,115968.5004,115407.3496,115961.973,115973.38,115687.925,,,,,1,2,0.42 ,0.16 ,0,337,475,45.74 ,47.20 ,17.01 ,0.17 ,0.21 ,0.39 ,-1,-59.99 ,-76.01 
2025-09-21T18:00:00+09:00,115578.80 ,115652.00 ,115271.90 ,115632.80 ,115946.6247,115406.5453,115961.592,115946.5667,115676.585,,,,,1,2,0.37 ,0.20 ,0,1254,517,47.76 ,47.61 ,17.27 ,0.22 ,0.22 ,0.40 ,-1,-55.46 ,-74.45 
2025-09-21T19:00:00+09:00,115632.80 ,115653.40 ,115448.90 ,115463.80 ,115919.2398,115390.1902,115959.716,115920.8633,115654.715,,,,,1,2,0.52 ,0.06 ,0,337,502,42.44 ,46.45 ,17.94 ,0.21 ,0.22 ,0.41 ,1,-64.76 ,-72.11 
2025-09-21T20:00:00+09:00,115463.80 ,115639.90 ,115459.80 ,115556.10 ,115871.3455,115400.7045,115957.878,115896.4817,115636.025,,,116062.6,,1,2,0.44 ,0.14 ,0,348,466,45.98 ,47.17 ,18.76 ,0.19 ,0.23 ,0.42 ,1,-63.95 ,-70.15 
2025-09-21T21:00:00+09:00,115556.10 ,115699.00 ,115556.00 ,115616.60 ,115798.4423,115438.6077,115957.689,115867.4083,115618.525,,,,,1,2,0.39 ,0.19 ,0,347,457,48.23 ,47.64 ,19.55 ,0.17 ,0.23 ,0.43 ,1,-57.76 ,-67.79 
2025-09-21T22:00:00+09:00,115616.60 ,115689.80 ,115579.00 ,115605.20 ,115778.398,115443.082,115957.376,115841.2033,115610.74,115765.7,,,,1,2,0.14 ,0.18 ,0,336,446,47.82 ,47.56 ,20.61 ,0.14 ,0.23 ,0.42 ,1,-53.16 ,-63.71 
2025-09-21T23:00:00+09:00,115605.20 ,115636.10 ,115433.30 ,115445.10 ,115781.7915,115419.1985,115956.1055,115814.36,115600.495,,115271.9,,,1,2,0.28 ,0.15 ,1,521,433,42.45 ,46.42 ,21.99 ,0.15 ,0.23 ,0.42 ,1,-61.72 ,-61.34 
2025-09-22T00:00:00+09:00,115445.10 ,115554.00 ,115415.70 ,115471.70 ,115780.7851,115403.4249,115954.7435,115790.0217,115592.105,,,,,1,2,0.25 ,0.17 ,0,528,438,43.58 ,46.64 ,23.59 ,0.14 ,0.23 ,0.42 ,1,-65.60 ,-60.20 
2025-09-22T01:00:00+09:00,115471.70 ,115499.90 ,115156.00 ,115275.20 ,115802.3949,115342.3351,115951.446,115762.2917,115572.365,,,,,1,2,0.43 ,0.00 ,0,1241,490,37.67 ,45.26 ,25.31 ,0.20 ,0.23 ,0.43 ,1,-83.57 ,-62.89 
2025-09-22T02:00:00+09:00,115275.20 ,115591.90 ,115207.60 ,115576.20 ,115783.6221,115345.9879,115949.3755,115741.1667,115564.805,,,,,1,2,0.16 ,0.26 ,0,1288,527,49.07 ,47.68 ,26.91 ,0.24 ,0.24 ,0.45 ,1,-72.68 ,-64.30 
2025-09-22T03:00:00+09:00,115576.20 ,115622.90 ,115476.10 ,115489.60 ,115762.4953,115344.1947,115947.4175,115721.9767,115553.345,,,,,1,2,0.24 ,0.19 ,0,512,542,46.44 ,47.07 ,28.32 ,0.20 ,0.25 ,0.46 ,1,-70.23 ,-65.94 
2025-09-22T04:00:00+09:00,115489.60 ,115489.60 ,115278.20 ,115443.20 ,115754.781,115332.839,115945.0515,115698.425,115543.81,,,,,1,2,0.28 ,0.15 ,0,286,533,45.04 ,46.74 ,29.91 ,0.20 ,0.25 ,0.47 ,1,-71.22 ,-66.65 
2025-09-22T05:00:00+09:00,115443.20 ,115464.10 ,115264.70 ,115264.70 ,115769.4646,115285.4654,115941.612,115671.7433,115527.465,,,,,-1,1,0.43 ,0.01 ,0,417,527,40.06 ,45.49 ,31.67 ,0.19 ,0.26 ,0.48 ,1,-85.41 ,-69.04 
2025-09-22T06:00:00+09:00,115264.70 ,115385.20 ,115200.90 ,115358.00 ,115773.6592,115273.7208,115939.853,115653.6667,115523.69,,115156,,,-1,1,0.35 ,0.18 ,0,651,540,43.57 ,46.26 ,33.43 ,0.18 ,0.26 ,0.49 ,1,-88.12 ,-72.41 
2025-09-22T07:00:00+09:00,115358.00 ,115502.40 ,115134.70 ,115480.40 ,115761.3461,115270.6739,115938.5505,115636.9067,115516.01,,,,,-1,1,0.25 ,0.28 ,0,629,540,47.89 ,47.25 ,34.88 ,0.23 ,0.26 ,0.49 ,1,-79.47 ,-75.34 
2025-09-22T08:00:00+09:00,115480.40 ,115480.50 ,115149.00 ,115191.00 ,115773.4799,115216.2701,115935.868,115617.5533,115494.875,,,,,-1,1,0.50 ,0.03 ,0,497,551,40.09 ,45.24 ,35.85 ,0.25 ,0.27 ,0.51 ,1,-94.88 ,-79.02 
2025-09-22T09:00:00+09:00,115191.00 ,115340.00 ,114231.00 ,114350.10 ,116012.3753,114868.2747,115931.188,115588.0917,115440.325,,,,,-1,2,1.24 ,0.70 ,0,7377,906,26.55 ,40.17 ,37.08 ,0.49 ,0.30 ,0.56 ,-1,-172.95 ,-90.95 
2025-09-22T10:00:00+09:00,114350.10 ,114697.10 ,114200.00 ,114215.80 ,116145.3193,114594.9007,115924.637,115554.2817,115370.11,,,,,-1,2,1.36 ,0.82 ,0,3569,1065,25.09 ,39.45 ,38.63 ,0.47 ,0.32 ,0.60 ,-1,-242.86 ,-108.65 
2025-09-22T11:00:00+09:00,114215.80 ,114555.00 ,114083.40 ,114137.60 ,116227.4271,114363.3429,115917.3745,115525.6933,115295.385,,,,,-1,2,1.43 ,0.89 ,0,3168,1199,24.26 ,39.03 ,40.33 ,0.45 ,0.35 ,0.65 ,-1,-301.10 ,-134.03 
2025-09-22T12:00:00+09:00,114137.60 ,114600.00 ,114137.60 ,114599.80 ,116191.3724,114283.7976,115911.651,115505.2583,115237.585,,,,,-1,2,1.02 ,0.49 ,0,1482,1256,37.50 ,42.68 ,42.09 ,0.43 ,0.37 ,0.69 ,-1,-306.43 ,-160.27 
2025-09-22T13:00:00+09:00,114599.80 ,114599.90 ,114343.80 ,114392.30 ,116185.8554,114170.6646,115904.397,115477.96,115178.26,,,,,-1,2,1.20 ,0.67 ,0,644,1272,34.57 ,41.54 ,43.84 ,0.36 ,0.38 ,0.72 ,-1,-323.66 ,-188.32 
2025-09-22T14:00:00+09:00,114392.30 ,114498.60 ,113590.00 ,113628.20 ,116267.2651,113888.7949,115893.319,115447.035,115078.03,,,,,-1,2,1.88 ,1.34 ,0,3254,1372,26.41 ,37.75 ,46.04 ,0.51 ,0.41 ,0.76 ,-1,-394.43 ,-222.66 
2025-09-22T15:00:00+09:00,113628.20 ,113632.40 ,111549.30 ,112755.40 ,116488.5997,113396.6203,115877.9965,115403.4033,114942.61,,,,,-1,2,2.67 ,2.13 ,0,37763,3243,20.47 ,34.12 ,48.78 ,0.96 ,0.46 ,0.86 ,-1,-515.01 ,-270.09 
2025-09-22T16:00:00+09:00,112755.40 ,112950.00 ,112397.50 ,112455.20 ,116646.6228,112928.5072,115860.9195,115359.555,114787.565,,,,,-1,2,2.94 ,2.40 ,0,3892,3420,18.89 ,33.01 ,51.52 ,0.81 ,0.51 ,0.95 ,-1,-627.55 ,-330.99 
2025-09-22T17:00:00+09:00,112455.20 ,112726.80 ,112390.00 ,112577.00 ,116685.8445,112585.3255,115844.341,115313.9633,114635.585,,,,,-1,2,2.83 ,2.29 ,0,1777,3492,21.53 ,33.90 ,54.25 ,0.64 ,0.54 ,1.01 ,-1,-698.86 ,-398.09 
2025-09-22T18:00:00+09:00,112577.00 ,112618.30 ,112118.60 ,112289.20 ,116707.346,112232.224,115826.2385,115261.8267,114469.785,,,,,-1,2,3.10 ,2.55 ,0,3087,3629,19.89 ,32.85 ,56.96 ,0.57 ,0.58 ,1.07 ,-1,-769.73 ,-464.40 
2025-09-22T19:00:00+09:00,112289.20 ,112797.00 ,112201.60 ,112730.30 ,116646.5959,112021.4941,115810.8485,115214.6267,114334.045,,,,,-1,2,2.69 ,2.15 ,0,1790,3693,28.86 ,35.97 ,59.58 ,0.56 ,0.61 ,1.13 ,-1,-781.29 ,-524.23 
2025-09-22T20:00:00+09:00,112730.30 ,112920.00 ,112618.00 ,112815.00 ,116542.1412,111860.2788,115796.774,115168.5767,114201.21,,111549.3,,,-1,2,2.62 ,1.12 ,0,1216,3727,30.47 ,36.55 ,61.99 ,0.46 ,0.63 ,1.17 ,-1,-774.69 ,-576.85 
2025-09-22T21:00:00+09:00,112815.00 ,112815.00 ,112450.60 ,112689.70 ,116446.6671,111697.2029,115781.722,115118.94,114071.935,,,,,-1,2,2.73 ,1.01 ,0,1586,3744,29.41 ,36.06 ,64.09 ,0.41 ,0.65 ,1.21 ,-1,-770.68 ,-628.43 
2025-09-22T22:00:00+09:00,112689.70 ,113099.60 ,112333.80 ,113086.00 ,116253.7624,111641.0876,115768.08,115077.395,113947.425,,,,,-1,2,2.37 ,1.36 ,0,2994,3830,36.89 ,38.72 ,65.52 ,0.50 ,0.67 ,1.24 ,-1,-727.15 ,-673.27 
2025-09-22T23:00:00+09:00,113086.00 ,113379.90 ,112717.20 ,112882.80 ,116053.6589,111580.5111,115754.0825,115032.9233,113817.085,,,,,-1,2,2.55 ,1.18 ,0,5864,4097,34.85 ,37.89 ,66.12 ,0.53 ,0.69 ,1.29 ,-1,-700.96 ,-707.32 
2025-09-23T00:00:00+09:00,112882.80 ,112986.60 ,112525.70 ,112772.70 ,115833.0356,111534.0844,115739.215,114989.2667,113683.56,,,,,-1,2,2.65 ,1.08 ,0,2301,4198,33.76 ,37.45 ,66.04 ,0.49 ,0.71 ,1.33 ,-1,-681.24 ,-725.79 
2025-09-23T01:00:00+09:00,112772.70 ,112848.50 ,112528.00 ,112555.30 ,115622.0789,111474.1011,115722.6005,114939.8433,113548.09,,,,,-1,2,2.85 ,0.89 ,0,1278,4241,31.66 ,36.59 ,65.33 ,0.42 ,0.73 ,1.36 ,-1,-675.37 ,-731.11 
2025-09-23T02:00:00+09:00,112555.30 ,112582.30 ,112200.00 ,112350.20 ,115358.0048,111437.3952,115704.3815,114884.6467,113397.7,,,,,-1,2,3.04 ,0.71 ,0,1714,4294,29.77 ,35.80 ,64.30 ,0.40 ,0.75 ,1.39 ,-1,-679.43 ,-728.95 
2025-09-23T03:00:00+09:00,112350.20 ,112780.40 ,112315.00 ,112395.80 ,114998.7136,111488.2264,115686.459,114830.5017,113243.47,,,,,-1,2,3.00 ,0.75 ,0,1051,4315,30.76 ,36.11 ,62.92 ,0.40 ,0.76 ,1.42 ,-1,-671.24 ,-718.00 
2025-09-23T04:00:00+09:00,112395.80 ,112559.00 ,111888.00 ,112068.60 ,114668.7657,111505.9343,115668.071,114766.5167,113087.35,113379.9,,,,-1,2,1.17 ,0.46 ,0,3602,4470,27.75 ,34.86 ,61.33 ,0.47 ,0.78 ,1.45 ,-1,-683.27 ,-707.11 
2025-09-23T05:00:00+09:00,112068.60 ,112925.70 ,111929.50 ,112743.30 ,114483.4327,111530.5873,115653.1015,114718.1517,113007.01,,,,,-1,2,0.56 ,1.06 ,0,1931,4198,40.66 ,39.28 ,59.54 ,0.60 ,0.78 ,1.46 ,-1,-631.08 ,-691.16 
2025-09-23T06:00:00+09:00,112743.30 ,112925.70 ,112560.00 ,112925.60 ,114310.8087,111574.1913,115641.261,114673.3917,112942.5,,,,,-1,2,0.40 ,1.22 ,0,944,4067,43.59 ,40.40 ,57.77 ,0.51 ,0.79 ,1.47 ,-1,-568.46 ,-668.69 
2025-09-23T07:00:00+09:00,112925.60 ,112925.70 ,112536.60 ,112586.30 ,114125.0645,111604.8055,115627.452,114621.5983,112864.935,,,,,-1,2,0.70 ,0.92 ,0,579,3938,39.66 ,39.04 ,55.98 ,0.46 ,0.79 ,1.47 ,-1,-539.99 ,-647.89 
2025-09-23T08:00:00+09:00,112586.30 ,112698.50 ,112542.50 ,112607.00 ,113744.8707,111785.7193,115614.599,114567.6967,112765.295,,,,,-1,2,0.69 ,0.94 ,0,446,3886,40.02 ,39.16 ,54.17 ,0.35 ,0.78 ,1.46 ,-1,-509.88 ,-626.66 
2025-09-23T09:00:00+09:00,112607.00 ,112789.10 ,112335.00 ,112350.10 ,113313.5011,112012.8689,115599.213,114509.79,112663.185,,111888,,,-1,2,0.92 ,0.41 ,0,937,3900,37.10 ,38.15 ,52.33 ,0.37 ,0.78 ,1.46 ,1,-500.97 ,-606.63 
2025-09-23T10:00:00+09:00,112350.10 ,112465.00 ,112096.00 ,112107.50 ,113111.8329,112062.4671,115582.2505,114447.255,112587.15,,,,,-1,2,1.13 ,0.20 ,0,791,3777,34.54 ,37.22 ,50.73 ,0.36 ,0.77 ,1.44 ,1,-507.64 ,-588.00 
2025-09-23T11:00:00+09:00,112107.50 ,112447.30 ,111618.40 ,111764.00 ,113166.3224,111908.8376,115564.41,114378.3017,112537.58,,,,111549.3,-1,3,1.45 ,0.11 ,0,3239,2051,31.25 ,35.96 ,49.37 ,0.49 ,0.73 ,1.37 ,1,-534.47 ,-571.89 
2025-09-23T12:00:00+09:00,111764.00 ,112405.80 ,111434.80 ,112294.40 ,113166.3511,111892.7289,115547.961,114317.71,112529.54,112925.7,,,,-1,3,0.56 ,0.36 ,0,3092,2011,40.65 ,39.21 ,48.54 ,0.61 ,0.72 ,1.34 ,1,-507.10 ,-553.65 
2025-09-23T13:00:00+09:00,112294.40 ,112425.00 ,111823.60 ,112383.70 ,113159.3733,111880.3767,115531.121,114257.995,112519.875,,,,,-1,3,0.48 ,0.44 ,0,1702,2007,42.09 ,39.74 ,48.16 ,0.58 ,0.72 ,1.34 ,1,-472.75 ,-530.26 
2025-09-23T14:00:00+09:00,112383.70 ,112846.60 ,112374.50 ,112617.90 ,113168.0989,111904.5211,115514.168,114205.6117,112536.31,,,,,-1,3,0.27 ,0.65 ,0,2556,1981,45.79 ,41.10 ,47.81 ,0.53 ,0.71 ,1.33 ,1,-421.76 ,-507.00 
2025-09-23T15:00:00+09:00,112617.90 ,113066.50 ,112555.90 ,112918.60 ,113194.1889,111897.2611,115499.0145,114160.0883,112545.725,,,,,-1,3,0.01 ,0.91 ,0,2386,2010,50.20 ,42.80 ,47.33 ,0.50 ,0.71 ,1.32 ,1,-353.03 ,-483.07 
2025-09-23T16:00:00+09:00,112918.60 ,113064.60 ,112813.80 ,113036.40 ,113230.3422,111883.2478,115488.0835,114116.7033,112556.795,,,,,1,1,0.10 ,1.02 ,0,2095,2054,51.85 ,43.46 ,46.62 ,0.41 ,0.70 ,1.31 ,1,-285.75 ,-454.82 
2025-09-23T17:00:00+09:00,113036.40 ,113108.40 ,112888.00 ,113072.40 ,113284.3354,111867.5246,115478.299,114073.41,112575.93,,111434.8,,,1,1,0.13 ,1.45 ,1,1243,2037,52.37 ,43.66 ,45.57 ,0.34 ,0.70 ,1.30 ,1,-226.92 ,-423.38 
2025-09-23T18:00:00+09:00,113072.40 ,113220.00 ,112827.00 ,112890.00 ,113251.0736,111881.1864,115466.829,114026.12,112566.13,,,,,1,1,0.03 ,1.29 ,0,2050,1990,49.46 ,42.87 ,43.97 ,0.34 ,0.69 ,1.28 ,1,-192.78 ,-389.13 
2025-09-23T19:00:00+09:00,112890.00 ,112974.30 ,112777.00 ,112930.70 ,113258.1996,111878.8504,115454.9075,113979.6517,112568.525,,,,,1,1,0.00 ,1.32 ,0,1509,1772,50.12 ,43.10 ,41.86 ,0.29 ,0.67 ,1.25 ,1,-160.60 ,-350.57 
2025-09-23T20:00:00+09:00,112930.70 ,113035.00 ,112642.40 ,112938.00 ,113279.8851,111873.6949,115442.6485,113934.72,112576.79,,,,,1,1,0.01 ,1.33 ,0,1411,1728,50.25 ,43.15 ,39.41 ,0.31 ,0.65 ,1.22 ,1,-132.97 ,-305.96 
2025-09-23T21:00:00+09:00,112938.00 ,113001.60 ,112760.90 ,112891.30 ,113309.7636,111877.4164,115427.1295,113889.715,112593.59,,,,,1,1,0.03 ,1.29 ,0,1039,1716,49.38 ,42.94 ,37.03 ,0.28 ,0.64 ,1.20 ,-1,-113.53 ,-262.23 
2025-09-23T22:00:00+09:00,112891.30 ,112974.40 ,112669.10 ,112895.10 ,113339.3539,111902.3161,115409.275,113847.4083,112620.835,,,,,1,1,0.03 ,1.29 ,0,1396,1700,49.46 ,42.96 ,34.94 ,0.27 ,0.63 ,1.18 ,-1,-96.71 ,-220.45 
2025-09-23T23:00:00+09:00,112895.10 ,113240.00 ,112524.00 ,112613.60 ,113342.835,111920.615,115391.9725,113797.0683,112631.725,,,,,1,1,0.28 ,1.05 ,0,4235,1859,44.16 ,41.69 ,32.84 ,0.39 ,0.63 ,1.18 ,1,-104.88 ,-185.24 
2025-09-24T00:00:00+09:00,112613.60 ,113024.60 ,112441.10 ,112830.10 ,113336.3787,112003.2213,115377.293,113750.675,112669.8,,,,,1,1,0.08 ,1.24 ,0,4248,1891,48.71 ,43.01 ,30.85 ,0.44 ,0.63 ,1.18 ,1,-92.82 ,-156.33 
2025-09-24T01:00:00+09:00,112830.10 ,112928.50 ,112429.70 ,112789.50 ,113340.0104,112004.2096,115367.6695,113706.4817,112672.11,,,,,1,1,0.12 ,1.20 ,0,4532,2021,47.92 ,42.83 ,29.06 ,0.44 ,0.62 ,1.15 ,1,-85.54 ,-134.08 
2025-09-24T02:00:00+09:00,112789.50 ,112790.70 ,111850.00 ,111926.80 ,113353.1699,111891.1701,115353.171,113644.9267,112622.17,,,,,1,1,0.89 ,0.44 ,0,3310,2140,34.96 ,39.15 ,27.80 ,0.57 ,0.62 ,1.16 ,-1,-147.69 ,-125.28 
2025-09-24T03:00:00+09:00,111926.80 ,112162.00 ,111646.30 ,111741.60 ,113405.7976,111754.0724,115338.224,113580.085,112579.935,,,,,1,1,1.06 ,0.27 ,0,3474,2284,32.90 ,38.43 ,27.02 ,0.54 ,0.63 ,1.18 ,-1,-209.48 ,-127.13 
2025-09-24T04:00:00+09:00,111741.60 ,111950.00 ,111504.00 ,111617.30 ,113456.431,111604.469,115321.21,113511.11,112530.45,113240,,,,1,1,1.45 ,0.16 ,0,1782,2351,31.56 ,37.95 ,26.73 ,0.49 ,0.64 ,1.19 ,-1,-265.41 ,-138.78 
2025-09-24T05:00:00+09:00,111617.30 ,111959.60 ,111408.70 ,111948.10 ,113468.0273,111552.6727,115307.4765,113450.5983,112510.35,,,,,1,1,1.15 ,0.46 ,0,2608,2435,38.73 ,39.98 ,26.86 ,0.49 ,0.65 ,1.21 ,-1,-279.82 ,-155.10 
2025-09-24T06:00:00+09:00,111948.10 ,112158.50 ,111850.00 ,112120.60 ,113467.5966,111554.4134,115294.986,113392.0617,112511.005,,,,,1,1,1.00 ,0.61 ,0,1173,2454,42.13 ,41.01 ,27.41 ,0.42 ,0.65 ,1.22 ,-1,-274.16 ,-172.94 
2025-09-24T07:00:00+09:00,112120.60 ,112179.50 ,111953.60 ,112112.80 ,113441.6597,111615.2303,115282.4145,113336.2117,112528.445,,,,,1,1,1.01 ,0.60 ,0,739,2329,42.01 ,40.98 ,28.25 ,0.35 ,0.64 ,1.20 ,-1,-267.22 ,-191.89 
2025-09-24T08:00:00+09:00,112112.80 ,112185.20 ,111823.20 ,111952.30 ,113453.7963,111568.8837,115268.2075,113276.1483,112511.34,,,,,1,1,1.15 ,0.46 ,0,699,2209,39.65 ,40.31 ,29.42 ,0.34 ,0.62 ,1.16 ,-1,-271.54 ,-210.41 
2025-09-24T09:00:00+09:00,111952.30 ,112343.80 ,111771.40 ,112182.10 ,113453.2258,111549.2942,115256.0135,113218.9067,112501.26,,,,,1,1,0.94 ,0.67 ,0,1281,2188,44.47 ,41.71 ,30.31 ,0.40 ,0.61 ,1.14 ,-1,-253.51 ,-228.26 
2025-09-24T10:00:00+09:00,112182.10 ,112460.70 ,112099.30 ,112400.00 ,113441.7292,111539.0008,115242.6455,113165.4867,112490.365,,111408.7,,,1,1,0.75 ,0.88 ,1,1015,2111,48.67 ,42.99 ,30.72 ,0.37 ,0.60 ,1.11 ,-1,-219.10 ,-243.10 
2025-09-24T11:00:00+09:00,112400.00 ,112447.30 ,111850.00 ,112074.20 ,113394.6783,111501.6117,115226.746,113109.305,112448.145,,,,,1,1,1.04 ,0.59 ,0,1881,2086,43.39 ,41.59 ,30.82 ,0.43 ,0.59 ,1.10 ,-1,-215.64 ,-250.65 
2025-09-24T12:00:00+09:00,112074.20 ,112176.50 ,111636.20 ,111645.90 ,113346.1431,111411.0969,115208.736,113045.5417,112378.62,,,,,1,1,1.43 ,0.21 ,0,2172,2090,37.62 ,39.85 ,30.72 ,0.45 ,0.59 ,1.11 ,-1,-244.64 ,-254.56 
2025-09-24T13:00:00+09:00,111645.90 ,112327.20 ,111013.00 ,112120.40 ,113249.7732,111412.2668,115192.7215,112992.9617,112331.02,,,,,1,1,1.00 ,0.63 ,0,7917,2424,46.16 ,42.57 ,30.90 ,0.69 ,0.62 ,1.16 ,-1,-226.71 ,-250.26 
2025-09-24T14:00:00+09:00,112120.40 ,112600.00 ,112080.70 ,112584.20 ,113206.5165,111424.9435,115178.353,112943.095,112315.73,,,,,1,1,0.58 ,1.04 ,0,2093,2426,52.95 ,45.06 ,31.11 ,0.61 ,0.64 ,1.20 ,-1,-173.09 ,-238.40 
2025-09-24T15:00:00+09:00,112584.20 ,112718.70 ,112469.20 ,112540.90 ,113148.5802,111443.8998,115164.9075,112893.95,112296.24,,,,,1,1,0.62 ,1.01 ,0,1644,2432,52.29 ,44.87 ,31.18 ,0.48 ,0.66 ,1.22 ,-1,-132.56 ,-222.67 
2025-09-24T16:00:00+09:00,112540.90 ,112683.10 ,112408.00 ,112530.00 ,113084.1572,111467.5228,115151.056,112845.3967,112275.84,,,,,1,1,0.63 ,1.00 ,0,765,2400,52.11 ,44.82 ,31.32 ,0.40 ,0.66 ,1.24 ,-1,-100.16 ,-204.11 
2025-09-24T17:00:00+09:00,112530.00 ,112600.00 ,112352.50 ,112575.40 ,113031.1272,111488.9628,115138.7885,112800.575,112260.045,,,,,1,1,0.59 ,1.04 ,0,1085,2402,52.83 ,45.07 ,31.69 ,0.34 ,0.67 ,1.25 ,-1,-70.02 ,-181.71 
2025-09-24T18:00:00+09:00,112575.40 ,112782.50 ,112451.90 ,112689.90 ,112991.7033,111507.8667,115127.3975,112756.1067,112249.785,,111013,,,1,1,0.49 ,1.49 ,1,1022,2384,54.66 ,45.69 ,31.92 ,0.32 ,0.67 ,1.25 ,1,-36.47 ,-157.60 
2025-09-24T19:00:00+09:00,112689.90 ,112917.30 ,112610.50 ,112881.80 ,113039.8158,111486.5742,115116.923,112712.7967,112263.195,,,113240,,1,1,0.32 ,1.66 ,0,1424,2243,57.65 ,46.73 ,31.78 ,0.31 ,0.66 ,1.24 ,-1,5.54 ,-132.64 
2025-09-24T20:00:00+09:00,112881.80 ,113095.70 ,112811.80 ,112970.80 ,113069.4838,111470.9762,115105.5265,112675.7933,112270.23,,,,,1,1,0.24 ,1.73 ,0,2284,2145,58.99 ,47.20 ,30.94 ,0.29 ,0.65 ,1.22 ,-1,45.49 ,-103.63 
2025-09-24T21:00:00+09:00,112970.80 ,113029.50 ,112873.20 ,113001.00 ,113112.211,111449.399,115093.2815,112653.3083,112280.805,,,,,1,1,0.21 ,1.76 ,0,957,1966,59.46 ,47.37 ,29.73 ,0.24 ,0.64 ,1.19 ,-1,78.68 ,-67.70 
2025-09-24T22:00:00+09:00,113001.00 ,113171.00 ,112750.00 ,112766.80 ,113163.2538,111482.3562,115077.717,112629.1583,112322.805,,,,,1,1,0.42 ,1.56 ,0,2505,1926,54.26 ,46.24 ,28.39 ,0.28 ,0.62 ,1.15 ,-1,85.10 ,-33.06 
2025-09-24T23:00:00+09:00,112766.80 ,113830.00 ,112766.70 ,113649.50 ,113395.1429,111441.2571,115067.3655,112621.0233,112418.2,,,,,1,2,0.36 ,2.32 ,0,6452,2075,66.25 ,50.76 ,27.28 ,0.50 ,0.61 ,1.15 ,-1,159.58 ,3.91 
2025-09-25T00:00:00+09:00,113649.50 ,113852.50 ,113188.60 ,113294.90 ,113477.6345,111526.5255,115054.911,112599.275,112502.08,,,,,1,2,0.05 ,2.01 ,0,4452,2208,59.50 ,49.07 ,26.35 ,0.53 ,0.62 ,1.15 ,-1,187.83 ,39.51 
2025-09-25T01:00:00+09:00,113294.90 ,113700.00 ,113113.00 ,113668.50 ,113652.4482,111524 ,115045.1825,112587.2117,112588.1,,,,,1,2,0.38 ,2.34 ,0,1888,2172,63.70 ,50.83 ,25.70 ,0.52 ,0.62 ,1.16 ,-1,237.62 ,77.04 
2025-09-25T02:00:00+09:00,113668.50 ,113888.50 ,113549.00 ,113688.60 ,113809.6359,111523.3641,115036.443,112588.2183,112666.5,,,,,1,2,0.39 ,2.35 ,0,1975,2213,63.91 ,50.92 ,25.50 ,0.45 ,0.62 ,1.16 ,-1,275.53 ,115.43 
2025-09-25T03:00:00+09:00,113688.60 ,113766.00 ,113446.80 ,113588.00 ,113920.7316,111559.7884,115027.7095,112602.095,112740.26,,,,,1,2,0.31 ,2.27 ,0,1622,2257,61.92 ,50.43 ,25.73 ,0.39 ,0.62 ,1.17 ,-1,294.06 ,152.16 
2025-09-25T04:00:00+09:00,113588.00 ,113624.40 ,113226.90 ,113363.10 ,113962.7633,111658.8367,115018.275,112617.2267,112810.8,,,,,1,2,0.11 ,2.07 ,0,1517,2298,57.60 ,49.35 ,26.12 ,0.38 ,0.63 ,1.17 ,-1,287.29 ,183.46 
2025-09-25T05:00:00+09:00,113363.10 ,113554.20 ,113341.40 ,113449.60 ,114020.2615,111728.0885,115008.558,112631.77,112874.175,,,,,1,2,0.18 ,2.15 ,0,634,2265,58.79 ,49.77 ,26.55 ,0.32 ,0.62 ,1.16 ,-1,285.61 ,210.15 
2025-09-25T06:00:00+09:00,113449.60 ,113532.50 ,113230.60 ,113284.60 ,114056.1266,111780.6834,114999.1635,112648.36,112918.405,,,,,1,2,0.04 ,2.01 ,0,658,2247,55.58 ,48.98 ,26.52 ,0.30 ,0.62 ,1.15 ,-1,267.88 ,231.17 
2025-09-25T07:00:00+09:00,113284.60 ,113590.80 ,113200.00 ,113274.20 ,114056.7333,111900.0767,114989.3185,112657.425,112978.405,113888.5,,,,1,2,0.54 ,2.00 ,0,588,2183,55.38 ,48.93 ,26.13 ,0.31 ,0.61 ,1.14 ,-1,250.10 ,249.50 
2025-09-25T08:00:00+09:00,113274.20 ,113371.80 ,113150.00 ,113254.20 ,113951.5822,112166.0578,114976.29,112664.745,113058.82,,,,,1,2,0.56 ,1.98 ,0,705,2109,54.96 ,48.83 ,25.43 ,0.28 ,0.60 ,1.11 ,-1,231.73 ,257.52 
2025-09-25T09:00:00+09:00,113254.20 ,113458.40 ,112917.30 ,113010.10 ,113886.54,112320.07,114961.2915,112670.085,113103.305,,,,111013,1,2,0.78 ,1.77 ,0,1985,1813,49.98 ,47.63 ,24.40 ,0.34 ,0.57 ,1.06 ,-1,195.23 ,258.34 
2025-09-25T10:00:00+09:00,113010.10 ,113316.60 ,112407.50 ,112623.20 ,113883.4889,112327.0211,114942.36,112662.3717,113105.255,,,,,1,2,1.12 ,1.43 ,0,3342,1875,43.28 ,45.82 ,23.51 ,0.50 ,0.56 ,1.05 ,-1,133.53 ,246.77 
2025-09-25T11:00:00+09:00,112623.20 ,113139.30 ,112460.10 ,112854.40 ,113864.9404,112376.9196,114924.787,112661.8983,113120.93,,,,,1,2,0.92 ,1.63 ,0,1943,1890,47.78 ,47.05 ,22.97 ,0.53 ,0.57 ,1.06 ,-1,102.12 ,227.51 
2025-09-25T12:00:00+09:00,112854.40 ,112855.50 ,112166.70 ,112507.10 ,113867.4908,112372.0792,114903.5665,112657.4717,113119.785,,,,,1,2,1.23 ,1.33 ,0,2573,1981,42.35 ,45.47 ,22.87 ,0.56 ,0.58 ,1.08 ,-1,48.64 ,200.24 
2025-09-25T13:00:00+09:00,112507.10 ,112578.70 ,111536.20 ,111700.10 ,114022.1873,112129.8527,114878.1765,112643.2183,113076.02,,,,,1,2,1.96 ,0.62 ,0,5515,2202,32.96 ,42.10 ,23.49 ,0.69 ,0.60 ,1.13 ,-1,-58.19 ,161.85 
2025-09-25T14:00:00+09:00,111700.10 ,111999.10 ,111557.40 ,111700.70 ,114137.3843,111915.7357,114852.939,112632.3933,113026.56,,,,,1,2,1.96 ,0.62 ,0,2887,2295,32.97 ,42.11 ,24.71 ,0.59 ,0.62 ,1.16 ,-1,-141.17 ,114.43 
2025-09-25T15:00:00+09:00,111700.70 ,111800.00 ,111459.90 ,111479.30 ,114256.0012,111656.8688,114826.386,112617.1183,112956.435,,,,,1,2,2.16 ,0.42 ,0,1805,2314,30.80 ,41.24 ,26.55 ,0.50 ,0.64 ,1.19 ,-1,-222.25 ,59.97 
2025-09-25T16:00:00+09:00,111479.30 ,111843.30 ,111386.20 ,111720.60 ,114300.573,111487.277,114801.346,112611.3183,112893.925,,,,,1,2,1.94 ,0.63 ,0,2080,2304,35.77 ,42.56 ,28.94 ,0.47 ,0.65 ,1.21 ,-1,-263.98 ,2.85 
2025-09-25T17:00:00+09:00,111720.60 ,111980.00 ,111642.30 ,111690.10 ,114328.0533,111328.7067,114777.274,112593.765,112828.38,,,,,1,2,1.97 ,0.61 ,0,1301,2321,35.42 ,42.44 ,31.33 ,0.41 ,0.66 ,1.24 ,-1,-296.11 ,-55.80 
2025-09-25T18:00:00+09:00,111690.10 ,112203.30 ,111511.70 ,111511.70 ,114371.6256,111159.6244,114751.7495,112570.2,112765.625,,,,,1,2,2.13 ,0.45 ,0,2342,2313,33.39 ,41.71 ,33.47 ,0.48 ,0.68 ,1.27 ,-1,-332.13 ,-114.39 
2025-09-25T19:00:00+09:00,111511.70 ,111816.90 ,111467.90 ,111598.40 ,114291.9972,111034.1428,114726.606,112553.735,112663.07,,,,,1,2,2.05 ,0.52 ,0,1394,2060,35.33 ,42.20 ,35.26 ,0.43 ,0.67 ,1.26 ,-1,-349.65 ,-168.08 
2025-09-25T20:00:00+09:00,111598.40 ,111682.10 ,111229.40 ,111302.70 ,114267.5711,110859.3489,114701.539,112531.9967,112563.46,,,,,1,2,2.32 ,0.26 ,0,2292,1952,31.91 ,41.01 ,36.66 ,0.42 ,0.66 ,1.24 ,-1,-382.99 ,-221.98 
2025-09-25T21:00:00+09:00,111302.70 ,111625.00 ,110978.70 ,111081.60 ,114175.3885,110692.8415,114675.593,112510.855,112434.115,,,,,1,2,2.53 ,0.06 ,0,10605,2388,29.60 ,40.14 ,37.80 ,0.47 ,0.66 ,1.23 ,-1,-422.38 ,-274.32 
2025-09-25T22:00:00+09:00,111081.60 ,111685.70 ,110574.80 ,110967.20 ,114051.212,110544.878,114645.13,112491.85,112298.045,,,113888.5,,-1,1,2.63 ,0.04 ,0,7171,2648,28.46 ,39.70 ,38.81 ,0.65 ,0.68 ,1.26 ,-1,-457.55 ,-318.69 
2025-09-25T23:00:00+09:00,110967.20 ,111680.00 ,110940.10 ,111493.10 ,113874.5195,110512.0805,114616.7095,112487.335,112193.3,,,,,-1,1,2.15 ,0.43 ,0,3145,2724,39.97 ,42.67 ,39.68 ,0.65 ,0.70 ,1.30 ,-1,-437.94 ,-351.66 
2025-09-26T00:00:00+09:00,111493.10 ,111537.80 ,110809.10 ,111536.30 ,113716.1999,110487.7201,114588.81,112474.7,112101.96,,,,,-1,1,2.11 ,0.47 ,0,3338,2815,40.81 ,42.90 ,40.62 ,0.65 ,0.72 ,1.34 ,-1,-414.14 ,-372.99 
2025-09-26T01:00:00+09:00,111536.30 ,111628.00 ,110865.50 ,110922.00 ,113543.0994,110408.0606,114559.3165,112450.3383,111975.58,,,,,-1,1,2.67 ,0.08 ,0,1997,2883,33.59 ,40.49 ,41.77 ,0.67 ,0.74 ,1.39 ,-1,-439.78 ,-392.52 
2025-09-26T02:00:00+09:00,110922.00 ,110932.60 ,108590.70 ,108786.20 ,113737.2358,109764.0842,114520.647,112386.4767,111750.66,,,,,-1,1,4.69 ,2.05 ,0,12746,3488,20.21 ,33.74 ,43.43 ,1.17 ,0.81 ,1.51 ,-1,-625.23 ,-429.09 
2025-09-26T03:00:00+09:00,108786.20 ,109753.60 ,108577.70 ,109710.10 ,113618.9147,109525.9953,114487.552,112333.0017,111572.455,,,,,-1,1,3.81 ,1.19 ,0,6937,3805,32.70 ,38.28 ,45.43 ,1.13 ,0.87 ,1.62 ,-1,-689.70 ,-468.82 
2025-09-26T04:00:00+09:00,109710.10 ,109928.60 ,109252.90 ,109314.20 ,113493.7211,109257.1889,114453.0375,112270.965,111375.455,,,,,-1,1,4.18 ,1.55 ,0,2657,3903,30.50 ,37.17 ,47.52 ,0.96 ,0.92 ,1.72 ,-1,-763.93 ,-514.85 
2025-09-26T05:00:00+09:00,109314.20 ,109440.00 ,109000.20 ,109110.20 ,113377.463,108983.457,114417.784,112204.9283,111180.46,,,,,-1,1,4.38 ,1.74 ,0,1850,3896,29.40 ,36.60 ,49.60 ,0.78 ,0.95 ,1.78 ,-1,-829.66 ,-564.48 
2025-09-26T06:00:00+09:00,109110.20 ,109610.70 ,109018.20 ,109357.70 ,113246.171,108788.199,114384.2115,112146.0567,111017.185,,,,,-1,1,4.14 ,1.51 ,0,1831,3820,32.57 ,37.77 ,51.53 ,0.70 ,0.97 ,1.81 ,-1,-851.96 ,-612.21 
2025-09-26T07:00:00+09:00,109357.70 ,109520.00 ,109208.90 ,109368.20 ,113014.4185,108671.3315,114353.169,112086.6817,110842.875,,,,,-1,1,4.13 ,1.50 ,0,1116,3779,32.71 ,37.82 ,53.29 ,0.56 ,0.97 ,1.81 ,-1,-858.88 ,-656.80 
2025-09-26T08:00:00+09:00,109368.20 ,109631.70 ,108694.10 ,108933.80 ,112846.6171,108481.8029,114318.6575,112019.945,110664.21,,108577.7,,,-1,1,4.55 ,0.33 ,0,4656,3883,29.97 ,36.59 ,55.10 ,0.66 ,0.98 ,1.82 ,-1,-889.17 ,-706.94 
2025-09-26T09:00:00+09:00,108933.80 ,109566.70 ,108760.20 ,109420.10 ,112742.4384,108357.9816,114287.7555,111962.0917,110550.21,,,,,-1,1,4.08 ,0.77 ,0,3012,3758,36.39 ,38.86 ,56.59 ,0.68 ,0.98 ,1.82 ,-1,-863.97 ,-756.92 
2025-09-26T10:00:00+09:00,109420.10 ,109709.80 ,109258.90 ,109634.50 ,112607.028,108286.772,114258.333,111907.7483,110446.9,,,,,-1,1,3.88 ,0.96 ,0,1970,3712,39.04 ,39.82 ,57.68 ,0.59 ,0.98 ,1.83 ,-1,-817.29 ,-798.87 
2025-09-26T11:00:00+09:00,109634.50 ,109766.90 ,109444.00 ,109572.20 ,112489.2149,108213.8751,114230.2595,111857.0583,110351.545,,,,,-1,1,3.94 ,0.91 ,0,1058,3675,38.54 ,39.64 ,58.47 ,0.49 ,0.98 ,1.82 ,-1,-776.36 ,-815.66 
2025-09-26T12:00:00+09:00,109572.20 ,109586.10 ,109245.40 ,109537.20 ,112311.1257,108173.6243,114200.0015,111802.1767,110242.375,,,,,-1,1,3.97 ,0.88 ,0,1222,3632,38.24 ,39.53 ,59.02 ,0.43 ,0.98 ,1.82 ,-1,-738.24 ,-821.05 
2025-09-26T13:00:00+09:00,109537.20 ,109580.00 ,109200.80 ,109299.40 ,112118.143,108127.537,114168.675,111744.0083,110122.84,,,,,-1,1,4.20 ,0.66 ,0,1008,3617,36.19 ,38.81 ,59.47 ,0.40 ,0.97 ,1.82 ,-1,-718.94 ,-816.05 
2025-09-26T14:00:00+09:00,109299.40 ,109540.00 ,109032.60 ,109200.10 ,111933.9936,108080.5264,114134.6835,111698.5633,110007.26,,,,,-1,1,4.29 ,0.57 ,0,1321,3566,35.34 ,38.51 ,59.89 ,0.43 ,0.97 ,1.81 ,-1,-703.54 ,-802.04 
2025-09-26T15:00:00+09:00,109200.10 ,109570.00 ,108962.80 ,109307.70 ,111695.878,108089.572,114098.6965,111657.9983,109892.725,,,,,-1,1,4.19 ,0.67 ,0,4233,3708,37.07 ,39.03 ,60.21 ,0.47 ,0.97 ,1.82 ,-1,-674.87 ,-782.36 
2025-09-26T16:00:00+09:00,109307.70 ,109535.90 ,108860.00 ,109252.60 ,111491.3014,108089.1386,114062.98,111618.5867,109790.22,109766.9,,,,-1,1,0.47 ,0.62 ,0,2872,3737,36.53 ,38.86 ,60.46 ,0.52 ,0.98 ,1.83 ,-1,-649.12 ,-759.06 
2025-09-26T17:00:00+09:00,109252.60 ,109550.00 ,109252.50 ,109501.10 ,111308.6566,108113.7334,114028.9695,111577.8033,109711.195,,,,,-1,1,0.24 ,0.84 ,0,1604,3287,40.71 ,40.07 ,60.76 ,0.44 ,0.98 ,1.83 ,-1,-601.72 ,-727.12 
2025-09-26T18:00:00+09:00,109501.10 ,109643.40 ,109348.70 ,109512.10 ,111129.4559,108147.4241,113993.5575,111534.3283,109638.44,,,,,-1,1,0.23 ,0.85 ,0,1402,2999,40.90 ,40.13 ,61.03 ,0.38 ,0.96 ,1.79 ,-1,-556.85 ,-692.99 
2025-09-26T19:00:00+09:00,109512.10 ,109519.20 ,108656.80 ,108852.20 ,110766.977,108245.813,113953.4105,111479.985,109506.395,,,,,-1,1,0.84 ,0.25 ,0,3175,3000,34.02 ,38.04 ,61.40 ,0.52 ,0.95 ,1.77 ,-1,-567.99 ,-665.29 
2025-09-26T20:00:00+09:00,108852.20 ,109164.30 ,108577.60 ,109091.00 ,110244.1764,108524.0836,113911.264,111432.2967,109384.13,,,,,-1,1,0.62 ,0.47 ,0,2465,2956,38.08 ,39.21 ,61.86 ,0.52 ,0.94 ,1.75 ,1,-551.20 ,-640.27 
2025-09-26T21:00:00+09:00,109091.00 ,109531.00 ,108773.40 ,109321.10 ,109795.8539,108812.3161,113869.992,111384.6133,109304.085,,,,,-1,1,0.41 ,0.68 ,0,5778,3146,41.79 ,40.32 ,62.00 ,0.58 ,0.93 ,1.74 ,1,-513.40 ,-615.29 
2025-09-26T22:00:00+09:00,109321.10 ,109728.70 ,108944.00 ,109610.00 ,109792.6295,108897.9205,113831.9475,111338.1133,109345.275,,,,,-1,1,0.14 ,0.94 ,0,3622,2689,46.16 ,41.68 ,61.66 ,0.62 ,0.89 ,1.66 ,1,-454.89 ,-585.95 
2025-09-26T23:00:00+09:00,109610.00 ,109725.60 ,108724.40 ,108807.70 ,109772.5539,108827.7561,113790.7205,111283.6717,109300.155,,,,,-1,1,0.88 ,0.21 ,0,3766,2531,37.70 ,39.15 ,60.94 ,0.73 ,0.86 ,1.61 ,1,-467.87 ,-559.77 
2025-09-27T00:00:00+09:00,108807.70 ,109315.10 ,108767.80 ,108978.80 ,109775.9803,108790.7897,113750.4245,111239.22,109283.385,,,,,-1,1,0.72 ,0.37 ,0,2554,2526,40.22 ,39.94 ,59.91 ,0.65 ,0.84 ,1.56 ,1,-459.06 ,-535.79 
2025-09-27T01:00:00+09:00,108978.80 ,109568.20 ,108978.70 ,109405.30 ,109786.7639,108809.5161,113711.49,111193.9683,109298.14,,108577.6,,,-1,1,0.33 ,0.76 ,1,1621,2514,46.07 ,41.87 ,58.48 ,0.61 ,0.82 ,1.54 ,1,-412.90 ,-509.54 
2025-09-27T02:00:00+09:00,109405.30 ,109947.10 ,109330.00 ,109854.10 ,109868.3021,108777.6179,113674.4745,111148.4667,109322.96,,,,,1,1,0.08 ,1.16 ,0,2789,2562,51.45 ,43.81 ,56.28 ,0.59 ,0.82 ,1.52 ,1,-336.23 ,-480.04 
2025-09-27T03:00:00+09:00,109854.10 ,110244.90 ,109646.00 ,109666.90 ,109903.3642,108772.4258,113637.0965,111100.5667,109337.895,,,,,1,1,0.09 ,0.99 ,0,2341,2623,49.24 ,43.19 ,53.52 ,0.58 ,0.82 ,1.53 ,1,-287.26 ,-450.09 
2025-09-27T04:00:00+09:00,109666.90 ,109666.90 ,108972.50 ,109126.20 ,109891.2885,108803.7415,113597.669,111043.8367,109347.515,,,,,1,1,0.59 ,0.50 ,0,3067,2544,43.44 ,41.48 ,50.64 ,0.60 ,0.81 ,1.52 ,1,-288.75 ,-419.06 
2025-09-27T05:00:00+09:00,109126.20 ,109291.80 ,109040.70 ,109242.70 ,109883.1801,108794.1099,113558.5165,110988.2917,109338.645,,,,,1,1,0.48 ,0.61 ,0,1241,2455,44.95 ,41.99 ,47.83 ,0.48 ,0.80 ,1.49 ,1,-277.34 ,-388.63 
2025-09-27T06:00:00+09:00,109242.70 ,109481.10 ,109137.00 ,109416.20 ,109856.6334,108798.8266,113518.715,110933.73,109327.73,,,,,1,1,0.32 ,0.77 ,0,904,2402,47.20 ,42.74 ,44.85 ,0.42 ,0.78 ,1.46 ,1,-251.39 ,-359.52 
2025-09-27T07:00:00+09:00,109416.20 ,109546.70 ,109300.00 ,109499.90 ,109847.2421,108800.9879,113478.398,110877.365,109324.115,,,,,1,1,0.24 ,0.84 ,0,551,2377,48.30 ,43.10 ,41.69 ,0.36 ,0.77 ,1.45 ,1,-221.53 ,-333.59 
2025-09-27T08:00:00+09:00,109499.90 ,109624.80 ,109367.90 ,109586.60 ,109854.1607,108799.0093,113438.6985,110820.9617,109326.585,110244.9,,,,1,1,0.60 ,0.92 ,0,547,2343,49.47 ,43.48 ,38.59 ,0.32 ,0.77 ,1.43 ,1,-188.68 ,-302.57 
2025-09-27T09:00:00+09:00,109586.60 ,109592.50 ,109412.60 ,109582.00 ,109880 ,108801.7928,113399.0375,110763.9783,109340.715,,,,,1,1,0.60 ,0.92 ,0,765,2331,49.41 ,43.47 ,35.77 ,0.26 ,0.76 ,1.41 ,1,-161.17 ,-269.47 
2025-09-27T10:00:00+09:00,109582.00 ,109591.10 ,109285.00 ,109377.60 ,109884.7905,108814.3895,113358.246,110707.4917,109349.59,,,,,1,1,0.79 ,0.73 ,0,1480,2339,46.52 ,42.77 ,33.10 ,0.27 ,0.74 ,1.39 ,1,-154.08 ,-240.71 
2025-09-27T11:00:00+09:00,109377.60 ,109417.80 ,109272.50 ,109350.10 ,109886.5658,108816.8542,113316.2335,110635.835,109351.71,,,,,1,1,0.82 ,0.71 ,0,678,2161,46.13 ,42.67 ,30.57 ,0.22 ,0.73 ,1.35 ,1,-148.97 ,-219.91 
2025-09-27T12:00:00+09:00,109350.10 ,109688.60 ,109332.00 ,109500.80 ,109900.7164,108827.5236,113276.7515,110572.6,109364.12,,,,,1,1,0.68 ,0.84 ,0,2015,2118,48.67 ,43.37 ,28.21 ,0.26 ,0.71 ,1.32 ,1,-131.24 ,-202.57 
2025-09-27T13:00:00+09:00,109500.80 ,109677.90 ,109457.20 ,109596.10 ,109911.8762,108825.8638,113237.4215,110504.7267,109368.87,,,,,1,1,0.59 ,0.93 ,0,692,2073,50.27 ,43.82 ,26.14 ,0.24 ,0.69 ,1.29 ,1,-108.25 ,-182.52 
2025-09-27T14:00:00+09:00,109596.10 ,109627.40 ,109543.80 ,109583.90 ,109920.1358,108824.7842,113199.133,110436.315,109372.46,,,,,1,1,0.60 ,0.92 ,0,290,2017,50.06 ,43.77 ,24.37 ,0.18 ,0.68 ,1.26 ,1,-89.98 ,-161.70 
2025-09-27T15:00:00+09:00,109583.90 ,109584.00 ,109427.40 ,109489.10 ,109898.7534,108909.8566,113161.5485,110368,109404.305,,,,,1,1,0.69 ,0.83 ,0,525,1885,48.33 ,43.42 ,22.74 ,0.17 ,0.65 ,1.21 ,1,-82.21 ,-142.90 
2025-09-27T16:00:00+09:00,109489.10 ,109515.00 ,109285.00 ,109357.30 ,109891.5187,108943.7213,113123.24,110301.2367,109417.62,,,,108577.6,1,1,0.81 ,0.71 ,0,548,1789,45.96 ,42.93 ,21.37 ,0.18 ,0.62 ,1.17 ,1,-85.69 ,-127.81 
2025-09-27T17:00:00+09:00,109357.30 ,109357.30 ,109210.50 ,109210.50 ,109892.8957,108931.2843,113082.4875,110230.585,109412.09,109688.6,,,,1,1,0.44 ,0.58 ,0,1205,1560,43.40 ,42.39 ,20.23 ,0.17 ,0.59 ,1.11 ,1,-99.15 ,-117.86 
2025-09-27T18:00:00+09:00,109210.50 ,109313.00 ,109030.00 ,109266.20 ,109870.7311,108919.0689,113042.931,110163.6117,109394.9,,,,,1,1,0.39 ,0.63 ,0,1560,1457,44.66 ,42.67 ,19.45 ,0.20 ,0.56 ,1.05 ,1,-104.13 ,-111.52 
2025-09-27T19:00:00+09:00,109266.20 ,109444.40 ,109223.60 ,109394.70 ,109816.6896,109031.8104,113004.626,110098.9533,109424.25,,,,,1,1,0.27 ,0.75 ,0,930,1315,47.55 ,43.32 ,18.78 ,0.20 ,0.52 ,0.97 ,1,-96.59 ,-105.14 
2025-09-27T20:00:00+09:00,109394.70 ,109401.90 ,109241.00 ,109265.90 ,109782.8642,109094.3458,112966.2955,110032.4817,109438.605,,,,,1,1,0.39 ,0.63 ,0,386,1207,45.01 ,42.82 ,18.21 ,0.18 ,0.49 ,0.91 ,1,-99.86 ,-99.68 
2025-09-27T21:00:00+09:00,109265.90 ,109438.50 ,109188.90 ,109359.70 ,109782.0372,109090.6128,112928.399,109971.6417,109436.325,,,,,1,1,0.30 ,0.72 ,0,1221,1187,47.22 ,43.31 ,17.79 ,0.20 ,0.46 ,0.85 ,1,-93.80 ,-95.52 
2025-09-27T22:00:00+09:00,109359.70 ,109363.70 ,109260.00 ,109272.20 ,109701.5276,109112.9324,112890.5415,109915.7917,109407.23,,,,,1,1,0.38 ,0.64 ,0,368,1066,45.39 ,42.96 ,17.61 ,0.16 ,0.42 ,0.79 ,1,-94.96 ,-94.04 
2025-09-27T23:00:00+09:00,109272.20 ,109349.90 ,109208.60 ,109246.30 ,109662.8514,109109.5486,112853.568,109855.6567,109386.2,,109030,110244.9,,1,1,0.40 ,0.20 ,0,736,986,44.83 ,42.86 ,17.62 ,0.15 ,0.39 ,0.73 ,1,-96.85 ,-94.80 
2025-09-28T00:00:00+09:00,109246.30 ,109378.80 ,109146.60 ,109348.80 ,109647.9298,109146.7302,112816.0305,109803.0183,109397.33,,,,,1,1,0.31 ,0.29 ,0,882,876,47.57 ,43.41 ,17.78 ,0.17 ,0.36 ,0.67 ,1,-89.06 ,-95.57 
2025-09-28T01:00:00+09:00,109348.80 ,109374.10 ,109262.90 ,109336.50 ,109644.2394,109159.8006,112778.385,109763.625,109402.02,,,,,1,1,0.32 ,0.28 ,0,567,843,47.26 ,43.36 ,17.95 ,0.15 ,0.34 ,0.63 ,1,-82.92 ,-95.26 
2025-09-28T02:00:00+09:00,109336.50 ,109363.00 ,109191.60 ,109338.10 ,109641.8078,109154.4222,112742.8625,109724.2483,109398.115,,,,,1,1,0.32 ,0.28 ,0,560,825,47.31 ,43.36 ,18.35 ,0.15 ,0.31 ,0.59 ,1,-77.03 ,-92.80 
2025-09-28T03:00:00+09:00,109338.10 ,109386.00 ,109291.80 ,109375.90 ,109631.2037,109152.6263,112707.312,109689.1917,109391.915,,,,,1,1,0.29 ,0.32 ,0,413,818,48.48 ,43.58 ,18.92 ,0.13 ,0.30 ,0.56 ,1,-68.53 ,-88.84 
2025-09-28T04:00:00+09:00,109375.90 ,109386.00 ,109332.90 ,109372.00 ,109603.2153,109159.1547,112672.411,109650.0483,109381.185,,,,,1,1,0.29 ,0.31 ,0,224,802,48.36 ,43.56 ,19.59 ,0.10 ,0.28 ,0.53 ,1,-61.40 ,-84.93 
2025-09-28T05:00:00+09:00,109372.00 ,109379.00 ,109308.30 ,109339.40 ,109571.5217,109166.5883,112638.519,109610.87,109369.055,,109146.6,,,1,1,0.32 ,0.18 ,0,200,774,47.31 ,43.41 ,20.38 ,0.09 ,0.27 ,0.50 ,1,-57.71 ,-80.25 
2025-09-28T06:00:00+09:00,109339.40 ,109430.00 ,109339.40 ,109425.90 ,109575.4334,109167.5066,112604.4265,109576.1067,109371.47,,,,,1,1,0.24 ,0.26 ,0,265,713,50.38 ,43.93 ,21.09 ,0.09 ,0.26 ,0.48 ,1,-47.26 ,-75.08 
2025-09-28T07:00:00+09:00,109425.90 ,109651.40 ,109425.90 ,109546.70 ,109598.7037,109163.8963,112572.8955,109541.9117,109381.3,,,,,1,1,0.13 ,0.37 ,0,916,725,54.38 ,44.64 ,21.55 ,0.13 ,0.25 ,0.46 ,1,-28.90 ,-67.74 
2025-09-28T08:00:00+09:00,109546.70 ,109622.90 ,109408.30 ,109574.10 ,109612.5368,109157.3932,112541.6365,109513.1017,109384.965,,,,,1,1,0.10 ,0.39 ,0,568,653,55.26 ,44.80 ,21.75 ,0.15 ,0.24 ,0.45 ,1,-12.00 ,-58.31 
2025-09-28T09:00:00+09:00,109574.10 ,109731.80 ,109489.70 ,109549.90 ,109602.411,109162.899,112509.235,109487.5733,109382.655,,,,,1,1,0.13 ,0.37 ,0,909,664,54.26 ,44.68 ,21.79 ,0.17 ,0.23 ,0.44 ,1,-0.56 ,-48.48 
2025-09-28T10:00:00+09:00,109549.90 ,109600.00 ,109287.00 ,109304.50 ,109570.2633,109167.1067,112478.339,109459.8617,109368.685,,,,,1,1,0.35 ,0.14 ,0,1668,733,45.34 ,43.49 ,21.52 ,0.21 ,0.24 ,0.44 ,1,-11.16 ,-40.51 
2025-09-28T11:00:00+09:00,109304.50 ,109497.00 ,109304.50 ,109410.20 ,109559.7177,109169.7623,112448.5235,109425.1467,109364.74,,,,,1,1,0.25 ,0.24 ,0,546,734,49.21 ,44.15 ,20.96 ,0.20 ,0.24 ,0.45 ,1,-10.91 ,-33.16 
2025-09-28T12:00:00+09:00,109410.20 ,109488.30 ,109362.50 ,109397.40 ,109562.1995,109171.2905,112420.08,109389.4983,109366.745,,,,,1,1,0.27 ,0.23 ,0,400,726,48.76 ,44.08 ,20.11 ,0.17 ,0.24 ,0.44 ,1,-11.60 ,-26.83 
2025-09-28T13:00:00+09:00,109397.40 ,109437.00 ,109320.10 ,109324.90 ,109555.6024,109189.3276,112390.142,109362.88,109372.465,,,,,1,1,0.33 ,0.16 ,0,238,678,46.18 ,43.72 ,19.20 ,0.15 ,0.24 ,0.44 ,1,-17.80 ,-21.99 
2025-09-28T14:00:00+09:00,109324.90 ,109356.20 ,109308.30 ,109310.70 ,109553.6426,109195.7374,112359.6085,109371.6217,109374.69,109731.8,,,,1,1,0.39 ,0.15 ,0,322,616,45.67 ,43.65 ,18.39 ,0.11 ,0.23 ,0.43 ,1,-23.59 ,-18.20 
2025-09-28T15:00:00+09:00,109310.70 ,109400.00 ,109214.00 ,109362.20 ,109551.8514,109194.2786,112328.608,109365.8233,109373.065,,,,,1,1,0.34 ,0.20 ,0,696,604,47.92 ,43.99 ,17.84 ,0.13 ,0.23 ,0.42 ,1,-23.74 ,-15.58 
2025-09-28T16:00:00+09:00,109362.20 ,109484.80 ,109303.10 ,109465.60 ,109559.0655,109207.0345,112298.046,109368.3467,109383.05,,,,,1,1,0.24 ,0.29 ,0,549,612,52.19 ,44.67 ,17.18 ,0.14 ,0.22 ,0.42 ,1,-15.35 ,-14.08 
2025-09-28T17:00:00+09:00,109465.60 ,109536.90 ,109376.50 ,109460.40 ,109566.8799,109209.2901,112267.0085,109374.1833,109388.085,,,,,1,1,0.25 ,0.29 ,0,669,585,51.96 ,44.65 ,16.53 ,0.14 ,0.22 ,0.41 ,1,-9.01 ,-13.75 
2025-09-28T18:00:00+09:00,109460.40 ,109507.70 ,109269.40 ,109467.10 ,109571.4692,109224.1908,112236.4505,109376.0067,109397.83,,,,,1,1,0.24 ,0.29 ,0,930,613,52.25 ,44.69 ,16.07 ,0.17 ,0.22 ,0.41 ,1,-3.41 ,-14.06 
2025-09-28T19:00:00+09:00,109467.10 ,109467.10 ,109308.50 ,109317.00 ,109565.1179,109237.6121,112205.28,109375.1533,109401.365,,,,,1,1,0.38 ,0.16 ,0,756,614,45.55 ,43.87 ,15.79 ,0.16 ,0.22 ,0.41 ,1,-10.95 ,-14.04 
2025-09-28T20:00:00+09:00,109317.00 ,109399.00 ,109199.50 ,109326.10 ,109565.7299,109234.7301,112174.95,109381.6917,109400.23,,,,,1,1,0.37 ,0.16 ,0,1495,644,46.00 ,43.93 ,15.78 ,0.17 ,0.22 ,0.41 ,1,-16.01 ,-14.61 
2025-09-28T21:00:00+09:00,109326.10 ,109397.10 ,109136.20 ,109263.90 ,109570.5033,109222.6967,112143.666,109379.0883,109396.6,,,,,1,1,0.43 ,0.11 ,0,921,662,43.35 ,43.58 ,16.07 ,0.19 ,0.22 ,0.42 ,1,-24.76 ,-16.07 
2025-09-28T22:00:00+09:00,109263.90 ,109607.90 ,109263.90 ,109570.40 ,109595.457,109220.973,112113.208,109378.02,109408.215,,,,,1,1,0.15 ,0.39 ,0,1234,696,56.61 ,45.74 ,16.02 ,0.23 ,0.23 ,0.43 ,1,-6.87 ,-14.85 
2025-09-28T23:00:00+09:00,109570.40 ,109825.60 ,109453.80 ,109785.90 ,109677.1077,109180 ,112083.915,109381.5817,109428.715,,,,,1,2,0.05 ,0.58 ,0,1537,752,63.15 ,47.19 ,16.14 ,0.27 ,0.24 ,0.45 ,1,24.40 ,-9.52 
2025-09-29T00:00:00+09:00,109785.90 ,109973.50 ,109650.00 ,109969.90 ,109799.2814,109117.9386,112054.226,109388.7933,109458.61,,,,,1,2,0.22 ,0.75 ,0,1532,817,67.63 ,48.39 ,16.66 ,0.28 ,0.25 ,0.47 ,-1,63.31 ,0.15 
2025-09-29T01:00:00+09:00,109969.90 ,110345.40 ,109944.10 ,110162.50 ,109953.1215,109046.4085,112026.8125,109403.1783,109499.765,,,,,1,2,0.39 ,0.92 ,0,2848,950,71.53 ,49.61 ,17.62 ,0.31 ,0.27 ,0.50 ,-1,108.44 ,13.90 
2025-09-29T02:00:00+09:00,110162.50 ,110316.20 ,110066.70 ,110142.30 ,110066.5076,109004.6624,111999.468,109418.8817,109535.585,,109136.2,,,1,2,0.37 ,0.91 ,0,1249,999,70.57 ,49.48 ,18.96 ,0.28 ,0.28 ,0.53 ,-1,140.94 ,30.57 
2025-09-29T03:00:00+09:00,110142.30 ,110227.60 ,109996.40 ,110227.60 ,110180.363,108958.897,111972.1365,109434.2133,109569.63,,,,,1,2,0.45 ,0.99 ,0,583,982,72.27 ,50.03 ,20.37 ,0.26 ,0.29 ,0.55 ,-1,171.61 ,50.01 
2025-09-29T04:00:00+09:00,110227.60 ,110321.30 ,110055.20 ,110274.20 ,110288.282,108920.988,111944.302,109451.24,109604.635,,,,,1,2,0.49 ,1.03 ,0,804,994,73.17 ,50.33 ,21.79 ,0.25 ,0.30 ,0.56 ,-1,197.40 ,73.16 
2025-09-29T05:00:00+09:00,110274.20 ,110875.00 ,110238.10 ,110734.10 ,110505.2064,108822.4836,111918.85,109471.79,109663.845,,,,,1,2,0.91 ,1.44 ,0,2991,1098,80.10 ,53.15 ,23.94 ,0.36 ,0.31 ,0.59 ,-1,252.04 ,102.95 
2025-09-29T06:00:00+09:00,110734.10 ,110822.60 ,110570.20 ,110760.10 ,110685.9566,108787.2934,111893.3525,109492.59,109736.625,,,,,1,2,0.93 ,1.47 ,0,931,1061,80.41 ,53.31 ,26.48 ,0.31 ,0.32 ,0.60 ,-1,294.05 ,138.37 
2025-09-29T07:00:00+09:00,110760.10 ,111953.00 ,110760.10 ,111868.90 ,111174.3935,108544.7265,111873.191,109542.8683,109859.56,,,,,1,2,1.91 ,2.44 ,0,4738,1271,88.55 ,59.13 ,29.43 ,0.56 ,0.35 ,0.65 ,-1,412.07 ,184.92 
2025-09-29T08:00:00+09:00,111868.90 ,112300.00 ,111868.90 ,112100.00 ,111612.3867,108376.9933,111854.0415,109593.0183,109994.69,,,,,1,2,2.11 ,2.64 ,0,3756,1439,89.53 ,60.18 ,32.52 ,0.50 ,0.37 ,0.70 ,-1,518.27 ,239.79 
2025-09-29T09:00:00+09:00,112100.00 ,112244.70 ,111920.50 ,112194.20 ,111985.4392,108290.8708,111835.1795,109640.9033,110138.155,,,,,1,2,2.19 ,2.73 ,0,2341,1544,89.91 ,60.61 ,35.76 ,0.43 ,0.39 ,0.74 ,-1,603.09 ,299.77 
2025-09-29T10:00:00+09:00,112194.20 ,112253.70 ,111666.60 ,111799.90 ,112203.1924,108322.0376,111815.3745,109677.4017,110262.615,,,,,1,2,1.85 ,2.38 ,0,1757,1616,77.32 ,57.97 ,38.98 ,0.46 ,0.42 ,0.79 ,-1,631.21 ,357.85 
2025-09-29T11:00:00+09:00,111799.90 ,111975.00 ,111580.00 ,111702.30 ,112370.4663,108388.7737,111795.636,109725.645,110379.62,,,,,1,2,1.76 ,2.30 ,0,2038,1683,74.54 ,57.34 ,42.03 ,0.43 ,0.44 ,0.83 ,-1,638.26 ,413.11 
2025-09-29T12:00:00+09:00,111702.30 ,111818.60 ,111531.40 ,111818.60 ,112535.6883,108458.8517,111776.5315,109772.975,110497.27,,,,,1,2,1.87 ,2.40 ,0,1249,1718,75.67 ,57.90 ,44.63 ,0.37 ,0.46 ,0.86 ,-1,645.80 ,465.80 
2025-09-29T13:00:00+09:00,111818.60 ,111854.50 ,111702.40 ,111759.40 ,112663.0417,108561.3983,111756.9785,109812.21,110612.22,112300,,,,1,2,0.48 ,2.35 ,0,862,1728,73.88 ,57.51 ,46.84 ,0.29 ,0.47 ,0.88 ,-1,639.61 ,514.93 
2025-09-29T14:00:00+09:00,111759.40 ,111768.80 ,111511.70 ,111697.00 ,112755.7668,108691.6632,111736.8265,109842.925,110723.715,,,,,1,2,0.54 ,2.29 ,0,1139,1738,71.95 ,57.09 ,48.27 ,0.27 ,0.48 ,0.89 ,-1,622.51 ,556.10 
2025-09-29T15:00:00+09:00,111697.00 ,111800.00 ,111563.30 ,111586.60 ,112794.4555,108879.9345,111716.1655,109874.92,110837.195,,,,,1,2,0.64 ,2.20 ,0,755,1738,68.54 ,56.36 ,48.99 ,0.25 ,0.49 ,0.91 ,-1,593.20 ,589.33 
2025-09-29T16:00:00+09:00,111586.60 ,111821.50 ,111504.40 ,111821.50 ,112834.3133,109090 ,111697.1035,109919.8417,110961.965,,,,,1,2,0.43 ,2.40 ,0,1446,1736,71.62 ,57.54 ,48.98 ,0.26 ,0.49 ,0.92 ,-1,582.22 ,608.24 
2025-09-29T17:00:00+09:00,111821.50 ,112375.60 ,111821.40 ,112026.60 ,112854.9127,109345.2873,111679.2785,109966.24,111100.1,,,,109136.2,1,2,0.24 ,2.58 ,0,4956,1937,74.02 ,58.55 ,48.82 ,0.34 ,0.50 ,0.94 ,-1,583.34 ,615.47 
2025-09-29T18:00:00+09:00,112026.60 ,112147.70 ,111915.40 ,112038.10 ,112874.6798,109572.2902,111662.3015,110009.9383,111223.485,,,,,1,2,0.23 ,2.59 ,0,1231,1937,74.15 ,58.60 ,48.61 ,0.30 ,0.51 ,0.95 ,-1,578.49 ,612.74 
2025-09-29T19:00:00+09:00,112038.10 ,112158.20 ,111961.50 ,112026.10 ,112882.029,109789 ,111644.262,110052.0417,111335.495,,,,,1,2,0.24 ,2.58 ,0,1053,1913,73.73 ,58.52 ,48.42 ,0.26 ,0.51 ,0.95 ,-1,567.14 ,605.62 
2025-09-29T20:00:00+09:00,112026.10 ,112054.40 ,111852.20 ,112043.50 ,112880.0267,109998.3233,111626.411,110092.99,111439.175,,,,,1,2,0.23 ,2.59 ,0,1219,1897,73.96 ,58.61 ,48.09 ,0.23 ,0.50 ,0.94 ,-1,553.17 ,596.16 
2025-09-29T21:00:00+09:00,112043.50 ,112471.40 ,111870.20 ,111967.70 ,112861.1084,110197.7616,111609.044,110132.7517,111529.435,,111504.4,,,1,2,0.30 ,0.41 ,0,2137,1862,71.04 ,58.06 ,48.01 ,0.33 ,0.51 ,0.94 ,-1,529.88 ,583.28 
2025-09-29T22:00:00+09:00,111967.70 ,113400.00 ,111842.50 ,113156.10 ,113031.7549,110328.4951,111596.724,110195.7267,111680.125,,,,,1,3,0.76 ,1.46 ,0,6708,2135,82.62 ,63.51 ,48.35 ,0.68 ,0.54 ,1.00 ,-1,600.39 ,578.92 
2025-09-29T23:00:00+09:00,113156.10 ,114158.20 ,113138.60 ,113946.80 ,113380.7388,110351.4312,111588.2975,110272.3383,111866.085,,,,,1,3,1.45 ,2.14 ,0,5735,2392,86.49 ,66.47 ,49.25 ,0.75 ,0.57 ,1.07 ,-1,711.87 ,588.85 
2025-09-30T00:00:00+09:00,113946.80 ,114045.70 ,113613.60 ,113740.60 ,113578.872,110499.938,111578.2215,110343.0017,112039.405,,,,,1,3,1.27 ,1.97 ,0,3148,2509,81.40 ,65.06 ,50.40 ,0.63 ,0.60 ,1.12 ,-1,774.64 ,609.01 
2025-09-30T01:00:00+09:00,113740.60 ,113995.10 ,113542.20 ,113579.00 ,113738.0337,110625.2663,111568.2225,110409.3833,112181.65,,,,,1,3,1.13 ,1.83 ,0,1858,2453,77.55 ,63.98 ,51.72 ,0.55 ,0.62 ,1.15 ,-1,802.11 ,633.45 
2025-09-30T02:00:00+09:00,113579.00 ,114100.00 ,113402.70 ,113994.40 ,113946.7286,110740.0014,111560.0305,110482.8917,112343.365,,,,,1,3,1.49 ,2.18 ,0,2102,2511,80.15 ,65.49 ,53.05 ,0.57 ,0.63 ,1.18 ,-1,847.63 ,662.81 
2025-09-30T03:00:00+09:00,113994.40 ,114090.00 ,113801.00 ,113953.80 ,114179.9447,110715.2753,111552.4805,110557.3033,112447.61,,,,,1,3,1.45 ,2.15 ,0,931,2321,79.18 ,65.22 ,54.54 ,0.46 ,0.63 ,1.17 ,-1,870.39 ,695.25 
2025-09-30T04:00:00+09:00,113953.80 ,114329.80 ,113784.90 ,114193.40 ,114434.4464,110670.1136,111545.667,110637.905,112552.28,,,,,1,3,1.66 ,2.35 ,0,2091,2238,80.66 ,66.06 ,56.06 ,0.47 ,0.62 ,1.17 ,-1,897.42 ,731.94 
2025-09-30T05:00:00+09:00,114193.40 ,114347.80 ,114051.30 ,114191.00 ,114655.6456,110648.5944,111538.539,110720.9133,112652.12,,,,,1,3,1.66 ,2.35 ,0,1889,2215,80.60 ,66.05 ,57.39 ,0.40 ,0.62 ,1.16 ,-1,908.18 ,771.39 
2025-09-30T06:00:00+09:00,114191.00 ,114270.70 ,114026.90 ,114120.30 ,114828.7532,110707.5268,111531.1145,110801.815,112768.14,,,,,1,3,1.60 ,2.29 ,0,936,2174,78.69 ,65.56 ,58.42 ,0.34 ,0.61 ,1.14 ,-1,900.61 ,812.58 
2025-09-30T07:00:00+09:00,114120.30 ,114154.70 ,113953.60 ,114123.00 ,114969.4286,110808.9214,111524.504,110880.62,112889.175,,,,,1,3,1.60 ,2.29 ,0,793,2112,78.71 ,65.57 ,59.11 ,0.28 ,0.60 ,1.12 ,-1,884.64 ,844.17 
2025-09-30T08:00:00+09:00,114123.00 ,114336.60 ,114123.00 ,114246.10 ,115109.9667,110911.1333,111518.376,110963.6233,113010.55,,,,,1,3,1.70 ,2.40 ,0,1039,2101,79.68 ,66.03 ,59.59 ,0.25 ,0.59 ,1.11 ,-1,871.87 ,861.94 
2025-09-30T09:00:00+09:00,114246.10 ,114718.90 ,113973.70 ,114461.80 ,115253.4344,111037.9056,111514.309,111048.6583,113145.67,,,,,1,3,1.89 ,2.58 ,0,3070,2212,81.30 ,66.82 ,60.11 ,0.38 ,0.60 ,1.12 ,-1,869.13 ,872.44 
2025-09-30T10:00:00+09:00,114461.80 ,114742.40 ,114214.50 ,114449.90 ,115353.9092,111212.7208,111508.6775,111134.9533,113283.315,,,,,1,3,1.88 ,2.57 ,0,1937,2252,80.91 ,66.73 ,60.68 ,0.41 ,0.61 ,1.14 ,-1,856.13 ,878.44 
2025-09-30T11:00:00+09:00,114449.90 ,114541.50 ,114305.40 ,114405.00 ,115394.9693,111453.5007,111503.2545,111220.9317,113424.235,,,,,1,3,1.84 ,2.54 ,0,927,2260,79.40 ,66.39 ,61.23 ,0.34 ,0.62 ,1.15 ,-1,832.61 ,876.78 
2025-09-30T12:00:00+09:00,114405.00 ,114466.20 ,114248.50 ,114312.20 ,115410.4097,111687.1303,111497.5995,111303.655,113548.77,,,,,1,3,1.76 ,2.46 ,0,873,2232,76.22 ,65.70 ,61.68 ,0.29 ,0.62 ,1.16 ,-1,797.29 ,868.65 
2025-09-30T13:00:00+09:00,114312.20 ,114312.20 ,114030.70 ,114036.50 ,115384.0507,111914.4793,111491.4585,111381.9883,113649.265,,,,,1,3,1.52 ,2.22 ,0,1780,2073,67.57 ,63.67 ,61.78 ,0.28 ,0.61 ,1.15 ,-1,738.54 ,851.00 
2025-09-30T14:00:00+09:00,114036.50 ,114170.70 ,113775.00 ,113862.00 ,115310.8408,112170.0792,111483.9785,111457.3867,113740.46,,,,,1,3,1.37 ,2.07 ,0,5029,2263,62.72 ,62.43 ,61.35 ,0.30 ,0.61 ,1.15 ,-1,670.17 ,824.55 
2025-09-30T15:00:00+09:00,113862.00 ,114042.10 ,113796.60 ,113846.70 ,115190.6814,112472.2986,111475.81,111531.9,113831.49,114742.4,,,,1,3,0.79 ,2.06 ,0,1660,2293,62.30 ,62.32 ,60.40 ,0.27 ,0.62 ,1.15 ,-1,607.75 ,792.01 
2025-09-30T16:00:00+09:00,113846.70 ,113949.90 ,113539.30 ,113666.60 ,115002.1921,112823.0979,111468.188,111603.4767,113912.645,,,,,1,3,0.95 ,1.90 ,0,2218,2343,57.40 ,61.04 ,58.63 ,0.30 ,0.62 ,1.16 ,-1,537.55 ,753.45 
2025-09-30T17:00:00+09:00,113666.60 ,113705.30 ,113305.70 ,113420.00 ,114662.0161,113308.5039,111463.5375,111671.4867,113985.26,,,,,1,3,1.17 ,1.69 ,0,2108,2342,51.44 ,59.34 ,56.28 ,0.32 ,0.62 ,1.16 ,1,456.75 ,707.32 
2025-09-30T18:00:00+09:00,113420.00 ,113425.70 ,112708.20 ,112751.00 ,114754.648,113175.362,111456.2135,111726.905,113965.005,,,,,1,3,1.77 ,1.11 ,0,4184,2215,39.46 ,55.09 ,53.71 ,0.43 ,0.60 ,1.12 ,-1,334.88 ,647.96 
2025-09-30T19:00:00+09:00,112751.00 ,113057.10 ,112630.00 ,112880.60 ,114832.1779,112991.2121,111449.9285,111782.47,113911.695,,,,,1,3,1.65 ,1.22 ,0,2483,2053,42.26 ,55.71 ,51.08 ,0.41 ,0.58 ,1.08 ,-1,245.91 ,580.16 
2025-09-30T20:00:00+09:00,112880.60 ,113090.00 ,112763.10 ,113018.40 ,114873.4896,112877.6804,111442.0215,111839.875,113875.585,,,,,1,3,1.53 ,1.34 ,0,1920,1991,45.17 ,56.38 ,48.64 ,0.37 ,0.56 ,1.04 ,-1,184.40 ,508.14 
2025-09-30T21:00:00+09:00,113018.40 ,113204.80 ,112930.40 ,112945.30 ,114915.0168,112772.7832,111434.7865,111896.465,113843.9,,,,,1,3,1.59 ,1.28 ,0,1798,1988,43.91 ,55.92 ,46.55 ,0.33 ,0.54 ,1.01 ,-1,128.28 ,433.80 
2025-09-30T22:00:00+09:00,112945.30 ,113621.00 ,112805.20 ,113339.20 ,114901.742,112720.538,111433.3415,111963.71,113811.14,,,,,1,3,1.24 ,1.62 ,0,4148,2091,51.74 ,57.79 ,44.42 ,0.46 ,0.53 ,0.99 ,-1,114.26 ,364.44 
2025-09-30T23:00:00+09:00,113339.20 ,113574.00 ,112841.60 ,113536.50 ,114885.1204,112695.4296,111437.247,112032.4817,113790.275,,,,,1,3,1.06 ,1.79 ,0,2748,2182,55.12 ,58.68 ,42.51 ,0.52 ,0.54 ,1.00 ,-1,117.72 ,303.05 
2025-10-01T00:00:00+09:00,113536.50 ,113538.70 ,112857.30 ,113052.10 ,114856.6597,112609.7603,111440.2315,112093.3933,113733.21,,112630,,,1,3,1.50 ,0.37 ,0,1785,2166,46.51 ,55.72 ,40.61 ,0.55 ,0.54 ,1.01 ,-1,80.45 ,244.47 
2025-10-01T01:00:00+09:00,113052.10 ,113242.10 ,112744.30 ,112794.10 ,114836.8628,112489.8672,111441.317,112151.2133,113663.365,,,,,1,3,1.73 ,0.15 ,0,1816,2163,42.68 ,54.24 ,38.51 ,0.51 ,0.55 ,1.03 ,-1,29.75 ,188.04 
2025-10-01T02:00:00+09:00,112794.10 ,113474.80 ,112764.80 ,113194.00 ,114787.8701,112446.2299,111445.841,112215.935,113617.05,,,,,1,3,1.37 ,0.50 ,0,3767,2304,49.60 ,56.09 ,36.16 ,0.55 ,0.57 ,1.06 ,-1,21.59 ,139.69 
2025-10-01T03:00:00+09:00,113194.00 ,113657.90 ,113129.70 ,113655.00 ,114741.57,112445.73,111450.4645,112287.4817,113593.65,,,,,1,3,0.96 ,0.90 ,0,1297,2329,56.17 ,58.09 ,33.75 ,0.52 ,0.58 ,1.09 ,-1,51.72 ,108.23 
2025-10-01T04:00:00+09:00,113655.00 ,114507.40 ,113655.00 ,114300.10 ,114750.6322,112442.0678,111457.89,112368.0567,113596.35,,,,,1,3,0.39 ,1.46 ,0,4767,2516,63.37 ,60.64 ,31.78 ,0.59 ,0.61 ,1.14 ,-1,126.20 ,94.93 
2025-10-01T05:00:00+09:00,114300.10 ,114670.20 ,114060.60 ,114564.20 ,114771.8581,112431.0819,111467.2625,112453.12,113601.47,,,,,1,3,0.16 ,1.69 ,0,3460,2535,65.84 ,61.62 ,30.63 ,0.57 ,0.62 ,1.17 ,-1,204.19 ,97.13 
2025-10-01T06:00:00+09:00,114564.20 ,114700.00 ,114063.20 ,114100.30 ,114712.877,112455.103,111472.334,112530.34,113583.99,,112744.3,114742.4,,1,3,0.56 ,1.19 ,0,2579,2567,58.39 ,58.99 ,30.23 ,0.57 ,0.64 ,1.19 ,-1,225.95 ,107.98 
2025-10-01T07:00:00+09:00,114100.30 ,114306.00 ,113820.30 ,113882.40 ,114632.4078,112483.3122,111477.332,112606.43,113557.86,,,,,1,3,0.76 ,1.00 ,0,1403,2591,55.22 ,57.81 ,30.29 ,0.52 ,0.65 ,1.21 ,-1,223.05 ,120.07 
2025-10-01T08:00:00+09:00,113882.40 ,113995.20 ,113700.10 ,113995.20 ,114580.3238,112503.6962,111483.4445,112684.2483,113542.01,,,,,1,3,0.66 ,1.10 ,0,1323,2614,56.54 ,58.25 ,30.56 ,0.43 ,0.66 ,1.23 ,-1,227.23 ,132.24 
2025-10-01T09:00:00+09:00,113995.20 ,114250.00 ,113893.50 ,114171.60 ,114601.5165,112496.0135,111491.526,112766.0433,113548.765,,,,,1,3,0.50 ,1.25 ,0,2458,2648,58.58 ,58.94 ,31.18 ,0.39 ,0.67 ,1.25 ,-1,241.99 ,150.18 
2025-10-01T10:00:00+09:00,114171.60 ,114488.00 ,114078.10 ,114488.00 ,114703.086,112457 ,111502.215,112848.0033,113580.065,,,,,1,3,0.22 ,1.52 ,0,1996,2496,62.03 ,60.14 ,32.07 ,0.38 ,0.68 ,1.26 ,-1,276.03 ,177.55 
2025-10-01T11:00:00+09:00,114488.00 ,114488.00 ,114209.90 ,114210.00 ,114749.3169,112447.1431,111511.286,112921.7383,113598.23,114700,,,,1,3,0.43 ,1.28 ,0,1435,2485,57.50 ,58.60 ,32.83 ,0.34 ,0.68 ,1.27 ,-1,277.38 ,205.97 
2025-10-01T12:00:00+09:00,114210.00 ,114473.70 ,114037.80 ,114128.10 ,114795.2252,112447.3848,111521.5835,112991.0417,113621.305,,,,,1,3,0.50 ,1.21 ,0,2103,2479,56.20 ,58.16 ,33.24 ,0.35 ,0.68 ,1.28 ,-1,268.75 ,230.09 
2025-10-01T13:00:00+09:00,114128.10 ,114665.90 ,114088.50 ,114229.30 ,114860.672,112462.868,111529.0135,113058.8217,113661.77,,,,,1,3,0.41 ,1.30 ,0,2561,2501,57.48 ,58.56 ,33.41 ,0.40 ,0.69 ,1.29 ,-1,266.99 ,245.73 
2025-10-01T14:00:00+09:00,114229.30 ,114693.50 ,114207.30 ,114505.80 ,114925.5838,112573.4362,111536.9145,113131.5467,113749.51,,,,,1,3,0.17 ,1.54 ,0,1378,2361,60.85 ,59.63 ,33.62 ,0.41 ,0.69 ,1.29 ,-1,284.63 ,254.67 
2025-10-01T15:00:00+09:00,114505.80 ,114568.30 ,114166.00 ,114207.50 ,114936.789,112694.921,111545.0205,113197.8783,113815.855,,,,112630,1,3,0.43 ,1.28 ,0,1531,2314,55.72 ,57.97 ,33.92 ,0.39 ,0.69 ,1.28 ,-1,271.41 ,259.72 
2025-10-01T16:00:00+09:00,114207.50 ,114534.40 ,114186.10 ,114480.40 ,114982.6898,112795.2202,111554.3875,113267.9817,113888.955,,,,,1,3,0.19 ,1.52 ,0,835,2259,59.11 ,59.04 ,34.17 ,0.36 ,0.69 ,1.28 ,-1,279.73 ,266.01 
2025-10-01T17:00:00+09:00,114480.40 ,116566.90 ,114420.80 ,116062.50 ,115410.7758,112678.8542,111572.9495,113356.7883,114044.815,,,,,1,4,1.17 ,2.86 ,0,17519,3045,72.36 ,64.36 ,34.82 ,0.85 ,0.73 ,1.36 ,-1,409.27 ,286.24 
2025-10-01T18:00:00+09:00,116062.50 ,116480.00 ,115860.80 ,116367.70 ,115855.671,112536.809,111594.2505,113450.2483,114196.24,,,,,1,4,1.43 ,3.11 ,0,4174,3047,74.10 ,65.25 ,35.82 ,0.75 ,0.75 ,1.40 ,-1,530.44 ,318.29 
2025-10-01T19:00:00+09:00,116367.70 ,116515.00 ,116153.90 ,116221.90 ,116178.5376,112482.4824,111616.54,113522.7983,114330.51,,,,,1,4,1.31 ,2.99 ,0,2530,3036,71.77 ,64.47 ,37.32 ,0.60 ,0.75 ,1.41 ,-1,607.70 ,355.14 
2025-10-01T20:00:00+09:00,116221.90 ,116742.20 ,116218.80 ,116736.70 ,116542.1834,112487.2966,111638.7515,113600.0767,114514.74,,,,,1,4,1.74 ,3.42 ,0,2922,3093,74.78 ,65.94 ,39.20 ,0.55 ,0.75 ,1.41 ,-1,702.37 ,402.36 
2025-10-01T21:00:00+09:00,116736.70 ,116841.90 ,116309.20 ,116354.90 ,116709.9193,112675.6407,111658.6075,113669.4217,114692.78,,,,,1,4,1.42 ,3.10 ,0,4089,3206,68.91 ,63.93 ,41.44 ,0.52 ,0.75 ,1.41 ,-1,738.08 ,454.51 
2025-10-01T22:00:00+09:00,116354.90 ,116792.10 ,116354.90 ,116770.00 ,116958.3655,112784.7945,111679.368,113752.2567,114871.58,,,,,1,4,1.77 ,3.45 ,0,2305,3133,71.53 ,65.11 ,44.04 ,0.47 ,0.75 ,1.40 ,-1,790.76 ,512.71 
2025-10-01T23:00:00+09:00,116770.00 ,117388.60 ,116670.00 ,117242.80 ,117299.1858,112802.7542,111700.989,113844.5983,115050.97,,,,,1,4,2.17 ,3.84 ,0,6656,3401,74.19 ,66.39 ,47.04 ,0.52 ,0.75 ,1.40 ,-1,860.74 ,576.72 
2025-10-02T00:00:00+09:00,117242.80 ,117622.70 ,117024.40 ,117354.60 ,117634.6939,112772.6961,111722.58,113936.865,115203.695,,,,,1,4,2.26 ,3.93 ,0,3412,3334,74.80 ,66.69 ,49.89 ,0.51 ,0.74 ,1.38 ,-1,914.68 ,648.20 
2025-10-02T01:00:00+09:00,117354.60 ,118171.40 ,117252.80 ,117489.40 ,117955.1971,112744.7129,111744.665,114032.365,115349.955,,,,,1,4,2.37 ,4.04 ,0,7238,3522,75.54 ,67.04 ,52.66 ,0.60 ,0.74 ,1.39 ,-1,957.27 ,723.48 
2025-10-02T02:00:00+09:00,117489.40 ,117632.30 ,116693.00 ,116740.40 ,118088.0922,112875.8278,111763.917,114116.4217,115481.96,,,,,1,4,1.75 ,3.42 ,0,3160,3551,64.25 ,63.21 ,54.90 ,0.67 ,0.75 ,1.40 ,-1,919.98 ,780.22 
2025-10-02T03:00:00+09:00,116740.40 ,117313.40 ,116738.40 ,117205.40 ,118248.8469,113047.3731,111785.2905,114210.0683,115648.11,,,,,1,4,2.14 ,3.81 ,0,2054,3584,67.50 ,64.50 ,56.65 ,0.61 ,0.76 ,1.42 ,-1,917.37 ,823.22 
2025-10-02T04:00:00+09:00,117205.40 ,117578.40 ,117180.10 ,117379.50 ,118406.2277,113228.4223,111807.498,114302.7017,115817.325,,,,,1,4,2.28 ,3.95 ,0,1606,3598,68.65 ,64.97 ,57.98 ,0.52 ,0.76 ,1.43 ,-1,918.76 ,857.78 
2025-10-02T05:00:00+09:00,117379.50 ,117482.90 ,117109.10 ,117478.80 ,118552.4047,113412.9653,111830.4355,114393.5717,115982.685,,,,,1,4,2.37 ,4.03 ,0,1178,3534,69.31 ,65.23 ,58.89 ,0.45 ,0.77 ,1.44 ,-1,917.30 ,881.66 
2025-10-02T06:00:00+09:00,117478.80 ,117536.10 ,117271.70 ,117498.60 ,118687.7414,113578.6886,111853.453,114484.58,116133.215,118171.4,,,,1,4,0.57 ,4.05 ,0,733,3471,69.45 ,65.29 ,59.35 ,0.38 ,0.77 ,1.44 ,-1,907.28 ,900.46 
2025-10-02T07:00:00+09:00,117498.60 ,118017.90 ,117498.50 ,117688.30 ,118786.7522,113827.5078,111878.8265,114578.95,116307.13,,,,,1,4,0.41 ,4.20 ,0,4126,3606,70.82 ,65.80 ,59.50 ,0.40 ,0.77 ,1.44 ,-1,904.23 ,913.07 
2025-10-02T08:00:00+09:00,117688.30 ,118620.80 ,117628.70 ,118546.60 ,118978.9131,114077.1969,111907.409,114687.335,116528.055,,,,,1,5,0.32 ,4.89 ,0,4760,3738,76.04 ,68.01 ,59.42 ,0.54 ,0.79 ,1.47 ,-1,960.00 ,924.10 
2025-10-02T09:00:00+09:00,118546.60 ,119423.90 ,118371.40 ,118396.60 ,119076.1804,114397 ,111935.4445,114794.4833,116736.42,,,,,1,5,0.19 ,4.77 ,0,6602,3940,73.56 ,67.24 ,59.65 ,0.66 ,0.81 ,1.51 ,-1,980.79 ,931.44 
2025-10-02T10:00:00+09:00,118396.60 ,118859.10 ,118336.40 ,118580.50 ,119174.7557,114705.5543,111968.713,114884.89,116940.155,,,,,1,5,0.34 ,4.92 ,0,2222,3983,74.65 ,67.70 ,60.13 ,0.59 ,0.82 ,1.53 ,-1,1000.57 ,936.25 
2025-10-02T11:00:00+09:00,118580.50 ,118735.10 ,118431.10 ,118705.30 ,119145.1472,115184.9428,112003.5315,114964.1983,117165.045,,,,,1,5,0.45 ,5.02 ,0,2007,4006,75.39 ,68.01 ,60.80 ,0.47 ,0.83 ,1.54 ,-1,1014.62 ,946.77 
2025-10-02T12:00:00+09:00,118705.30 ,119020.00 ,118650.10 ,118695.50 ,119040.1704,115711.4296,112038.9225,115046.78,117375.8,,,,,1,5,0.44 ,5.01 ,0,3431,4136,75.21 ,67.95 ,61.71 ,0.42 ,0.83 ,1.55 ,-1,1013.28 ,957.43 
2025-10-02T13:00:00+09:00,118695.50 ,118893.10 ,118382.90 ,118613.10 ,119136 ,115870.4479,112072.2475,115130.6817,117503.33,,,,,1,5,0.37 ,4.95 ,0,2030,3362,73.56 ,67.51 ,62.62 ,0.42 ,0.80 ,1.49 ,-1,994.12 ,965.80 
2025-10-02T14:00:00+09:00,118613.10 ,118637.20 ,118227.70 ,118329.80 ,119184.6233,116018.2467,112103.2935,115202.9383,117601.435,119423.9,,,,1,5,0.92 ,4.72 ,0,1682,3237,68.05 ,65.98 ,63.29 ,0.40 ,0.77 ,1.44 ,-1,945.17 ,968.90 
2025-10-02T15:00:00+09:00,118329.80 ,118636.10 ,118251.80 ,118602.50 ,119226.9893,116213.9407,112135.742,115280.4167,117720.465,,,,,1,5,0.69 ,4.94 ,0,1662,3194,70.36 ,66.72 ,63.66 ,0.37 ,0.76 ,1.41 ,-1,917.81 ,970.07 
2025-10-02T16:00:00+09:00,118602.50 ,118633.70 ,118383.00 ,118444.00 ,119272.6663,116338.9937,112168.2005,115351.26,117805.83,,,,,1,5,0.83 ,4.81 ,0,1148,3105,67.32 ,65.87 ,63.67 ,0.32 ,0.74 ,1.38 ,-1,873.26 ,966.62 
2025-10-02T17:00:00+09:00,118444.00 ,118647.00 ,118310.50 ,118639.90 ,119268.2237,116571.9363,112200.4895,115425.4083,117920.08,,,,,1,5,0.66 ,4.97 ,0,1123,2957,69.10 ,66.41 ,63.30 ,0.31 ,0.72 ,1.35 ,-1,844.04 ,953.74 
2025-10-02T18:00:00+09:00,118639.90 ,118826.90 ,118528.00 ,118826.70 ,119317.1508,116728.6792,112232.623,115503.8483,118022.915,,,,,1,5,0.50 ,5.12 ,0,2077,2945,70.73 ,66.92 ,62.65 ,0.29 ,0.71 ,1.32 ,-1,826.43 ,936.59 
2025-10-02T19:00:00+09:00,118826.70 ,118897.70 ,118518.70 ,118566.60 ,119352.0083,116826.2017,112265.085,115577.9083,118089.105,,118227.7,,,1,5,0.72 ,0.29 ,0,1509,2688,65.54 ,65.51 ,61.74 ,0.30 ,0.69 ,1.29 ,-1,782.46 ,912.35 
2025-10-02T20:00:00+09:00,118566.60 ,118849.60 ,118479.70 ,118716.20 ,119401.0239,116913.3461,112300.4365,115652.41,118157.185,,,,,1,5,0.60 ,0.41 ,0,1019,2568,67.04 ,65.93 ,60.76 ,0.30 ,0.68 ,1.26 ,-1,751.03 ,883.07 
2025-10-02T21:00:00+09:00,118716.20 ,119350.00 ,118695.30 ,119350.00 ,119557.0781,116943.3519,112336.5845,115733.88,118250.215,,,,,1,5,0.06 ,0.94 ,0,3572,2385,72.49 ,67.64 ,60.00 ,0.38 ,0.66 ,1.23 ,-1,768.41 ,855.86 
2025-10-02T22:00:00+09:00,119350.00 ,119719.80 ,118856.00 ,119565.20 ,119623.5366,117159.3734,112371.4895,115819.135,118391.455,,,,,1,6,0.12 ,1.12 ,0,5876,2521,74.06 ,68.19 ,59.52 ,0.50 ,0.65 ,1.21 ,-1,790.43 ,833.23 
2025-10-02T23:00:00+09:00,119565.20 ,119749.50 ,118604.00 ,118762.90 ,119582.89,117355.77,112402.5995,115891.7667,118469.33,,,,,1,6,0.56 ,0.45 ,0,7593,2798,60.25 ,64.03 ,59.05 ,0.65 ,0.65 ,1.21 ,-1,734.68 ,809.84 
2025-10-03T00:00:00+09:00,118762.90 ,119883.30 ,118460.30 ,119879.90 ,119751.0226,117437.6774,112439.349,115984.5617,118594.35,,,,,1,6,0.38 ,1.38 ,0,5371,2986,68.94 ,66.90 ,58.53 ,0.83 ,0.67 ,1.26 ,-1,771.73 ,793.61 
2025-10-03T01:00:00+09:00,119879.90 ,120281.90 ,119554.10 ,119684.40 ,119835.115,117574.145,112474.894,116078.6933,118704.63,,,,,1,6,0.22 ,1.22 ,0,5188,3187,66.21 ,65.96 ,58.04 ,0.76 ,0.70 ,1.30 ,-1,776.37 ,782.84 
2025-10-03T02:00:00+09:00,119684.40 ,119913.00 ,119304.20 ,119872.00 ,119920.2571,117726.3429,112510.8045,116178.86,118823.3,,,,,1,6,0.37 ,1.37 ,0,2708,3285,67.54 ,66.42 ,57.34 ,0.67 ,0.72 ,1.34 ,-1,786.12 ,776.41 
2025-10-03T03:00:00+09:00,119872.00 ,120641.00 ,119860.10 ,120465.00 ,120148.5603,117775.7097,112548.7205,116289.165,118962.135,,,,,1,6,0.86 ,1.86 ,0,4440,3301,71.37 ,67.83 ,56.72 ,0.66 ,0.74 ,1.38 ,-1,832.11 ,777.04 
2025-10-03T04:00:00+09:00,120465.00 ,120988.90 ,120391.50 ,120783.80 ,120483.5031,117664.4869,112587.7855,116407.785,119073.995,,,,,1,6,1.13 ,2.12 ,0,6994,3413,73.20 ,68.56 ,56.09 ,0.61 ,0.74 ,1.39 ,-1,884.09 ,788.33 
2025-10-03T05:00:00+09:00,120783.80 ,120867.30 ,120257.00 ,120599.00 ,120704.4975,117663.7325,112625.7755,116527.435,119184.115,,118460.3,,,1,6,0.97 ,1.77 ,0,3706,3268,70.39 ,67.66 ,55.27 ,0.57 ,0.74 ,1.38 ,-1,900.00 ,804.88 
2025-10-03T06:00:00+09:00,120599.00 ,120724.20 ,120093.90 ,120098.50 ,120803.6695,117716.3605,112662.434,116649.8933,119260.015,,,,,1,6,0.56 ,1.36 ,0,2055,3260,63.30 ,65.28 ,54.40 ,0.56 ,0.73 ,1.37 ,-1,862.28 ,815.31 
2025-10-03T07:00:00+09:00,120098.50 ,120370.40 ,120021.10 ,120215.80 ,120910.7278,117760.3522,112695.2655,116772.1467,119335.54,,,,,1,6,0.66 ,1.46 ,0,1395,3229,64.21 ,65.57 ,53.56 ,0.47 ,0.73 ,1.37 ,-1,832.25 ,819.96 
2025-10-03T08:00:00+09:00,120215.80 ,120625.00 ,120204.10 ,120481.50 ,121046.5777,117803.1023,112731.1985,116896.5317,119424.84,,,,,1,6,0.88 ,1.68 ,0,1984,3157,66.25 ,66.22 ,52.70 ,0.43 ,0.73 ,1.37 ,-1,820.44 ,829.49 
2025-10-03T09:00:00+09:00,120481.50 ,120504.20 ,120036.00 ,120097.00 ,121101.0927,117896.9773,112763.341,117015.7267,119499.035,120988.9,,,,1,6,0.74 ,1.36 ,0,1230,3117,60.85 ,64.42 ,51.89 ,0.42 ,0.73 ,1.37 ,-1,771.17 ,829.43 
2025-10-03T10:00:00+09:00,120097.00 ,120258.00 ,119777.00 ,119832.20 ,121088.3527,118059.9573,112794.059,117123.9433,119574.155,,,,,1,6,0.97 ,1.14 ,0,1252,3095,57.38 ,63.22 ,50.73 ,0.41 ,0.74 ,1.37 ,-1,702.65 ,821.23 
2025-10-03T11:00:00+09:00,119832.20 ,120231.90 ,119825.00 ,120120.10 ,121113.0975,118186.9725,112826.7195,117233.67,119650.035,,,,,1,6,0.72 ,1.38 ,0,1099,3067,60.05 ,63.97 ,49.18 ,0.39 ,0.74 ,1.37 ,-1,663.93 ,807.66 
2025-10-03T12:00:00+09:00,120120.10 ,120440.50 ,120120.00 ,120183.50 ,121106.7933,118367.2267,112860.8215,117352.5267,119737.01,,,,,1,6,0.67 ,1.43 ,0,1652,3092,60.63 ,64.13 ,47.47 ,0.35 ,0.74 ,1.38 ,-1,631.08 ,785.32 
2025-10-03T13:00:00+09:00,120183.50 ,120281.90 ,119960.00 ,120004.40 ,121082.4418,118528.0282,112893.5955,117472.6983,119805.235,,,,,1,6,0.82 ,1.29 ,0,820,3077,58.05 ,63.30 ,45.61 ,0.32 ,0.74 ,1.38 ,-1,583.87 ,751.96 
2025-10-03T14:00:00+09:00,120004.40 ,120037.50 ,119700.00 ,119872.00 ,121053.2073,118661.7927,112926.5325,117583.9983,119857.5,,,,,1,6,0.93 ,1.18 ,0,2203,3083,56.14 ,62.69 ,43.49 ,0.31 ,0.74 ,1.38 ,-1,529.66 ,710.81 
2025-10-03T15:00:00+09:00,119872.00 ,120050.60 ,119736.10 ,119888.00 ,120962.3946,118884.7454,112959.6015,117687.8817,119923.57,,,,,1,6,0.92 ,1.19 ,0,1998,3108,56.33 ,62.73 ,41.05 ,0.29 ,0.74 ,1.38 ,-1,482.43 ,668.61 
2025-10-03T16:00:00+09:00,119888.00 ,119986.10 ,119579.40 ,119618.20 ,120862.0468,119075.2932,112991.4215,117776.5167,119968.67,,,,,1,6,1.15 ,0.97 ,0,2025,3158,52.29 ,61.47 ,38.48 ,0.31 ,0.74 ,1.38 ,-1,418.41 ,622.63 
2025-10-03T17:00:00+09:00,119618.20 ,120048.60 ,119208.60 ,120012.10 ,120848.8671,119154.6829,113026.4315,117867.315,120001.775,,,,,1,6,0.81 ,1.29 ,0,3490,3154,57.12 ,62.59 ,36.20 ,0.44 ,0.74 ,1.39 ,1,394.90 ,575.34 
2025-10-03T18:00:00+09:00,120012.10 ,120333.00 ,119976.30 ,120270.10 ,120867.0058,119207.0342,113064.666,117970.145,120037.02,,,,,1,6,0.60 ,1.50 ,0,1951,2958,59.98 ,63.30 ,33.97 ,0.39 ,0.74 ,1.38 ,1,392.56 ,533.28 
2025-10-03T19:00:00+09:00,120270.10 ,120489.70 ,120237.30 ,120411.20 ,120723.6148,119515.2552,113102.45,118078.9583,120119.435,,,,,1,6,0.48 ,1.62 ,0,1155,2636,61.49 ,63.69 ,31.62 ,0.33 ,0.71 ,1.33 ,1,397.52 ,499.37 
2025-10-03T20:00:00+09:00,120411.20 ,120445.70 ,120101.30 ,120310.10 ,120740.0925,119541.7975,113141.465,118184.2067,120140.945,,,,,1,6,0.56 ,1.54 ,0,1309,2433,59.75 ,63.20 ,29.35 ,0.32 ,0.67 ,1.26 ,1,388.80 ,468.80 
2025-10-03T21:00:00+09:00,120310.10 ,120378.20 ,120064.50 ,120322.50 ,120738.369,119607.331,113184.577,118286.7217,120172.85,,,,,1,6,0.55 ,1.55 ,0,1178,2232,59.90 ,63.24 ,27.33 ,0.30 ,0.64 ,1.19 ,1,378.53 ,440.74 
2025-10-03T22:00:00+09:00,120322.50 ,120657.00 ,120065.50 ,120324.90 ,120747.1129,119643.8771,113227.698,118384.0033,120195.495,,119208.6,,,1,6,0.55 ,0.93 ,0,2794,2237,59.93 ,63.25 ,25.57 ,0.36 ,0.62 ,1.15 ,1,366.36 ,416.57 
2025-10-03T23:00:00+09:00,120324.90 ,120943.90 ,119823.50 ,120871.20 ,120831.7767,119599.8333,113274.6575,118495.0233,120215.805,,,,,1,6,0.10 ,1.38 ,0,5981,2314,66.34 ,64.80 ,24.17 ,0.55 ,0.61 ,1.14 ,1,396.23 ,401.75 
2025-10-04T00:00:00+09:00,120871.20 ,122358.50 ,120591.20 ,122228.50 ,121338.856,119237.224,113327.197,118630.03,120288.04,,,,,1,7,1.01 ,2.47 ,0,8773,2403,76.43 ,68.20 ,23.34 ,0.84 ,0.63 ,1.17 ,-1,523.40 ,406.30 
2025-10-04T01:00:00+09:00,122228.50 ,123864.50 ,122228.50 ,122524.90 ,121815.5906,118953.0794,113381.371,118768.29,120384.335,,,,,1,7,1.25 ,2.71 ,0,15933,3014,77.98 ,68.87 ,23.41 ,1.01 ,0.66 ,1.23 ,-1,640.70 ,431.00 
2025-10-04T02:00:00+09:00,122524.90 ,123095.50 ,121556.80 ,122046.10 ,122077.4949,118885.9351,113434.043,118893.9617,120481.715,,,,,1,7,0.87 ,2.32 ,0,14597,3641,69.97 ,66.55 ,24.05 ,1.09 ,0.70 ,1.30 ,-1,687.12 ,463.47 
2025-10-04T03:00:00+09:00,122046.10 ,122718.30 ,121437.10 ,122509.80 ,122413.6581,118779.1719,113488.6,119032.3333,120596.415,,,,,1,7,1.24 ,2.69 ,0,4326,3788,72.87 ,67.63 ,25.11 ,1.08 ,0.74 ,1.39 ,-1,752.64 ,503.48 
2025-10-04T04:00:00+09:00,122509.80 ,122931.00 ,122312.00 ,122603.20 ,122717.482,118687.518,113545.1025,119167.7133,120702.5,,119823.5,,,1,7,1.32 ,2.27 ,0,2296,3803,73.43 ,67.84 ,26.57 ,0.88 ,0.78 ,1.45 ,-1,802.85 ,548.51 
2025-10-04T05:00:00+09:00,122603.20 ,122678.00 ,121980.90 ,122387.20 ,122938.8062,118695 ,113601.6305,119273.125,120817.01,,,,,1,7,1.14 ,2.09 ,0,1892,3836,69.85 ,66.81 ,28.22 ,0.78 ,0.81 ,1.50 ,-1,815.80 ,595.96 
2025-10-04T06:00:00+09:00,122387.20 ,122407.10 ,121944.70 ,122251.70 ,123096.9608,118779.0092,113658.053,119371.1917,120937.985,123864.5,,,,1,7,1.32 ,1.99 ,0,1338,3841,67.63 ,66.16 ,29.85 ,0.65 ,0.82 ,1.54 ,-1,805.85 ,643.44 
2025-10-04T07:00:00+09:00,122251.70 ,122610.10 ,122251.70 ,122418.20 ,123269.3701,118836.4099,113712.6785,119474.4633,121052.89,,,,,1,7,1.18 ,2.12 ,0,675,3819,68.94 ,66.56 ,31.08 ,0.53 ,0.83 ,1.56 ,-1,802.15 ,691.86 
2025-10-04T08:00:00+09:00,122418.20 ,122418.20 ,122126.50 ,122184.00 ,123383.9412,118921.8888,113765.917,119565.2517,121152.915,,,,,1,7,1.38 ,1.93 ,0,569,3765,64.96 ,65.44 ,31.68 ,0.43 ,0.84 ,1.57 ,-1,771.43 ,733.55 
2025-10-04T09:00:00+09:00,122184.00 ,122256.30 ,121939.20 ,122070.50 ,123456.0758,119056.3642,113821.6595,119660.5117,121256.22,,,,,1,7,1.47 ,1.84 ,0,1168,3783,63.06 ,64.89 ,31.92 ,0.38 ,0.84 ,1.58 ,-1,729.51 ,756.45 
2025-10-04T10:00:00+09:00,122070.50 ,122072.60 ,121660.00 ,121828.20 ,123471.4146,119236.6454,113886.8695,119744.815,121354.03,,,,,1,7,1.67 ,1.65 ,0,1380,3741,59.08 ,63.74 ,31.75 ,0.36 ,0.85 ,1.58 ,-1,669.03 ,759.60 
2025-10-04T11:00:00+09:00,121828.20 ,121989.00 ,121645.80 ,121817.50 ,123465.2506,119435.7594,113947.4065,119821.06,121450.505,,,,,1,7,1.68 ,1.64 ,0,1297,3706,58.90 ,63.69 ,31.15 ,0.34 ,0.85 ,1.59 ,-1,613.16 ,751.38 
2025-10-04T12:00:00+09:00,121817.50 ,122300.00 ,121792.80 ,122207.40 ,123433.4131,119726.5169,114011.8725,119901.94,121579.965,,,,,1,7,1.36 ,1.95 ,0,1154,3663,63.22 ,64.74 ,30.44 ,0.36 ,0.86 ,1.60 ,-1,593.51 ,733.70 
2025-10-04T13:00:00+09:00,122207.40 ,122476.70 ,122179.00 ,122457.00 ,123445.1077,119959.3123,114078.6065,119984.7333,121702.21,,,,,1,7,1.15 ,2.15 ,0,1392,3558,65.70 ,65.39 ,29.73 ,0.32 ,0.85 ,1.58 ,-1,591.26 ,710.19 
2025-10-04T14:00:00+09:00,122457.00 ,122762.10 ,122350.20 ,122475.00 ,123455.1144,120169.7956,114144.193,120080.31,121812.455,,,,,1,7,1.13 ,2.16 ,0,2052,3563,65.88 ,65.44 ,29.05 ,0.33 ,0.84 ,1.57 ,-1,584.20 ,684.46 
2025-10-04T15:00:00+09:00,122475.00 ,122561.00 ,122332.00 ,122384.60 ,123438.264,120383.986,114209.275,120166.63,121911.125,,,,,1,7,1.21 ,2.09 ,0,960,3553,64.07 ,64.99 ,28.47 ,0.28 ,0.84 ,1.57 ,-1,564.79 ,657.67 
2025-10-04T16:00:00+09:00,122384.60 ,122410.60 ,122205.40 ,122265.10 ,123352.8753,120664.8747,114275.9315,120248.0567,122008.875,,121645.8,,,1,7,1.31 ,0.51 ,0,1370,3556,61.66 ,64.38 ,27.98 ,0.24 ,0.83 ,1.56 ,-1,533.62 ,627.83 
2025-10-04T17:00:00+09:00,122265.10 ,122486.00 ,122152.50 ,122227.10 ,123204.475,121003.735,114339.9665,120327.195,122104.105,,,,,1,7,1.34 ,0.48 ,0,1606,3578,60.88 ,64.19 ,27.74 ,0.25 ,0.83 ,1.55 ,-1,500.09 ,597.69 
2025-10-04T18:00:00+09:00,122227.10 ,122408.60 ,122146.10 ,122178.10 ,122934.6346,121458.8954,114402.6845,120405.1867,122196.765,,,,,1,7,1.38 ,0.44 ,0,712,3474,59.83 ,63.94 ,27.74 ,0.24 ,0.82 ,1.53 ,1,464.20 ,568.21 
2025-10-04T19:00:00+09:00,122178.10 ,122299.40 ,122072.70 ,122090.00 ,122682.5014,121832.9086,114465.2735,120478.5483,122257.705,122762.1,,,,1,7,0.55 ,0.36 ,0,745,3212,57.88 ,63.48 ,27.77 ,0.22 ,0.80 ,1.49 ,1,423.77 ,540.96 
2025-10-04T20:00:00+09:00,122090.00 ,122177.80 ,121917.00 ,121934.40 ,122690.5731,121795.4269,114527.2595,120535.0117,122243,,,,,1,7,0.68 ,0.24 ,0,1424,2844,54.52 ,62.67 ,27.62 ,0.22 ,0.75 ,1.40 ,1,374.86 ,514.48 
2025-10-04T21:00:00+09:00,121934.40 ,122067.00 ,121902.60 ,121974.50 ,122657.9924,121772.9676,114590.635,120594.6433,122215.48,,,123864.5,,1,7,0.65 ,0.27 ,0,652,2080,55.24 ,62.79 ,27.19 ,0.19 ,0.69 ,1.28 ,1,335.46 ,485.80 
2025-10-04T22:00:00+09:00,121974.50 ,122473.30 ,121972.00 ,122341.80 ,122668.895,121791.635,114656.3435,120657.3317,122230.265,,,,,1,7,0.34 ,0.57 ,0,1693,1435,61.30 ,63.92 ,26.76 ,0.26 ,0.63 ,1.17 ,1,330.07 ,456.78 
2025-10-04T23:00:00+09:00,122341.80 ,122420.10 ,121950.80 ,121950.90 ,122637.3529,121767.2871,114719.5595,120711.425,122202.32,,,,,1,7,0.67 ,0.25 ,0,961,1267,53.06 ,61.88 ,26.42 ,0.30 ,0.57 ,1.06 ,1,290.90 ,424.19 
2025-10-05T00:00:00+09:00,121950.90 ,122082.70 ,121664.40 ,121746.20 ,122596.9368,121722.0032,114782.0275,120762.27,122159.47,,,,,1,7,0.83 ,0.08 ,0,2394,1272,49.32 ,60.84 ,25.85 ,0.32 ,0.53 ,0.98 ,1,240.57 ,388.17 
2025-10-05T01:00:00+09:00,121746.20 ,121927.10 ,121551.40 ,121679.50 ,122595.329,121652.841,114842.9195,120813.3767,122124.085,,,,,1,7,0.89 ,0.03 ,0,1912,1273,48.13 ,60.50 ,25.00 ,0.32 ,0.49 ,0.92 ,1,193.07 ,350.33 
2025-10-05T02:00:00+09:00,121679.50 ,121881.00 ,121625.30 ,121705.70 ,122597.6261,121595.9439,114903.8875,120869.6417,122096.785,,,,,1,7,0.87 ,0.05 ,0,760,1244,48.66 ,60.59 ,23.96 ,0.28 ,0.46 ,0.86 ,-1,155.75 ,312.07 
2025-10-05T03:00:00+09:00,121705.70 ,121790.10 ,121465.30 ,121534.80 ,122586.9761,121518.2539,114967.3005,120918.5133,122052.615,,,,,-1,1,1.01 ,0.09 ,0,1068,1263,45.43 ,59.71 ,22.96 ,0.28 ,0.44 ,0.83 ,-1,111.10 ,272.84 
2025-10-05T04:00:00+09:00,121534.80 ,121929.10 ,121534.80 ,121929.10 ,122573.2468,121506.4932,115031.491,120976.5983,122039.87,,,,,-1,1,0.68 ,0.23 ,0,773,1274,53.15 ,61.04 ,21.92 ,0.29 ,0.43 ,0.81 ,-1,106.31 ,237.56 
2025-10-05T05:00:00+09:00,121929.10 ,122052.40 ,121839.20 ,121839.30 ,122568.5084,121488.1116,115094.082,121029.9217,122028.31,,,,,-1,1,0.76 ,0.16 ,0,1208,1276,51.37 ,60.58 ,20.69 ,0.25 ,0.42 ,0.79 ,-1,94.18 ,206.38 
2025-10-05T06:00:00+09:00,121839.30 ,122296.80 ,121822.50 ,122142.10 ,122578.2426,121509.7674,115156.7425,121085.1783,122044.005,,,,,-1,1,0.51 ,0.41 ,0,1404,1277,56.64 ,61.59 ,19.51 ,0.30 ,0.42 ,0.78 ,-1,107.75 ,181.08 
2025-10-05T07:00:00+09:00,122142.10 ,122323.90 ,122087.00 ,122230.00 ,122594 ,121535.1339,115223.854,121146.235,122064.63,,,,,-1,1,0.44 ,0.48 ,0,517,1238,58.07 ,61.88 ,18.63 ,0.26 ,0.41 ,0.77 ,-1,124.18 ,158.20 
2025-10-05T08:00:00+09:00,122230.00 ,122366.70 ,122149.60 ,122344.70 ,122611.6698,121531.3202,115290.6835,121206.71,122071.495,,121465.3,,,-1,1,0.34 ,0.72 ,0,411,1201,59.91 ,62.26 ,18.15 ,0.23 ,0.40 ,0.76 ,-1,144.78 ,141.96 
2025-10-05T09:00:00+09:00,122344.70 ,122366.70 ,122096.40 ,122107.60 ,122565.0102,121543.0398,115354.195,121252.67,122054.025,,,,,-1,1,0.54 ,0.53 ,0,617,1162,54.56 ,60.98 ,17.96 ,0.23 ,0.40 ,0.74 ,-1,140.35 ,130.83 
2025-10-05T10:00:00+09:00,122107.60 ,122347.00 ,122075.80 ,122325.10 ,122536.5642,121556.4958,115416.55,121298.6683,122046.53,,,,,-1,1,0.36 ,0.70 ,0,768,1098,58.25 ,61.72 ,17.93 ,0.23 ,0.39 ,0.73 ,-1,152.64 ,126.34 
2025-10-05T11:00:00+09:00,122325.10 ,124342.50 ,122280.10 ,124002.60 ,123105.3554,121149.5046,115488.2285,121385.9967,122127.43,,,,,1,1,1.00 ,2.05 ,0,9445,1522,75.05 ,66.68 ,18.82 ,0.70 ,0.42 ,0.79 ,-1,294.34 ,141.74 
2025-10-05T12:00:00+09:00,124002.60 ,124140.80 ,123305.90 ,123743.30 ,123406.7046,120995.9754,115561.314,121450.3867,122201.34,,,,,1,1,0.79 ,1.84 ,0,3357,1621,70.34 ,65.34 ,20.45 ,0.70 ,0.46 ,0.85 ,-1,381.32 ,171.76 
2025-10-05T13:00:00+09:00,123743.30 ,125798.30 ,123687.10 ,125164.80 ,124115.3949,120581.0551,115640.9245,121541.7267,122348.225,,,,,1,1,1.92 ,2.96 ,0,21948,2638,78.36 ,68.84 ,22.71 ,1.02 ,0.51 ,0.96 ,-1,558.52 ,222.01 
2025-10-05T14:00:00+09:00,125164.80 ,125422.40 ,124808.30 ,125115.60 ,124631.0973,120359.1027,115719.4215,121629.12,122495.1,,,,,1,1,1.88 ,2.92 ,0,6020,2904,77.58 ,68.60 ,25.53 ,0.84 ,0.56 ,1.04 ,-1,687.06 ,287.88 
2025-10-05T15:00:00+09:00,125115.60 ,125207.90 ,124783.30 ,124987.20 ,125024.8789,120255.0411,115796.858,121704.49,122639.96,,,,,1,1,1.78 ,2.82 ,0,2769,3005,75.46 ,67.95 ,28.81 ,0.68 ,0.59 ,1.11 ,-1,769.70 ,361.43 
2025-10-05T16:00:00+09:00,124987.20 ,125149.80 ,124600.90 ,124699.60 ,125300.1707,120256.2693,115872.423,121769.7533,122778.22,,,,,1,1,1.55 ,2.59 ,0,4264,3147,70.80 ,66.53 ,32.45 ,0.60 ,0.62 ,1.16 ,-1,802.73 ,436.83 
2025-10-05T17:00:00+09:00,124699.60 ,124835.80 ,124540.00 ,124587.40 ,125519.8794,120297.8506,115947.45,121836.2267,122908.865,,,,,1,1,1.47 ,2.51 ,0,1787,3204,69.01 ,65.97 ,36.39 ,0.48 ,0.64 ,1.20 ,-1,810.51 ,510.80 
2025-10-05T18:00:00+09:00,124587.40 ,124648.40 ,122743.10 ,122998.60 ,125539.8544,120343.5556,116015.555,121884.5617,122941.705,125798.3,,,,1,1,2.28 ,1.25 ,0,14330,3836,49.81 ,58.92 ,39.04 ,0.84 ,0.69 ,1.28 ,-1,680.63 ,570.83 
2025-10-05T19:00:00+09:00,122998.60 ,123107.80 ,122471.40 ,123000.00 ,125552.2286,120436.0914,116083.8045,121930.965,122994.16,,,,,1,1,2.28 ,1.25 ,0,4726,4024,49.82 ,58.92 ,40.60 ,0.73 ,0.72 ,1.34 ,-1,571.22 ,617.34 
2025-10-05T20:00:00+09:00,123000.00 ,123497.30 ,122805.10 ,123420.30 ,125575.9697,120579.7603,116153.402,121979.945,123077.865,,,,,1,1,1.93 ,1.58 ,0,3075,4058,53.77 ,60.10 ,40.98 ,0.67 ,0.74 ,1.39 ,-1,512.52 ,641.58 
2025-10-05T21:00:00+09:00,123420.30 ,123420.30 ,122881.20 ,123036.10 ,125560.5216,120730.8684,116220.602,122028.93,123145.695,,,,,1,1,2.25 ,1.28 ,0,2444,4085,49.90 ,58.53 ,40.31 ,0.60 ,0.77 ,1.43 ,-1,430.05 ,646.99 
2025-10-05T22:00:00+09:00,123036.10 ,123298.40 ,123014.40 ,123116.50 ,125539.3659,120893.1041,116288.265,122083.6683,123216.235,,,,,1,1,2.18 ,1.34 ,0,1346,4114,50.70 ,58.76 ,38.68 ,0.47 ,0.78 ,1.46 ,-1,366.94 ,625.71 
2025-10-05T23:00:00+09:00,123116.50 ,123287.50 ,122713.10 ,122984.80 ,125484.4535,121093.0165,116355.7435,122131.4133,123288.735,,,,121465.3,1,1,2.29 ,1.24 ,0,1577,4139,49.31 ,58.22 ,36.34 ,0.47 ,0.80 ,1.48 ,-1,302.81 ,583.01 
2025-10-06T00:00:00+09:00,122984.80 ,122984.80 ,122609.80 ,122760.50 ,125451.7084,121208.9016,116422.7595,122174.3633,123330.305,,122471.4,,,1,1,2.47 ,0.24 ,0,1368,4169,46.96 ,57.31 ,33.44 ,0.42 ,0.80 ,1.50 ,-1,231.22 ,523.18 
2025-10-06T01:00:00+09:00,122760.50 ,123297.70 ,122261.50 ,123222.10 ,125409.1598,121389.7302,116492.8175,122227.9917,123399.445,,,,,1,1,2.09 ,0.61 ,0,5043,4361,52.04 ,58.67 ,31.05 ,0.56 ,0.83 ,1.54 ,-1,209.32 ,457.25 
2025-10-06T02:00:00+09:00,123222.10 ,123421.80 ,122837.90 ,123002.30 ,125378.1502,121506.7598,116561.498,122280.1633,123442.455,,,,,1,1,2.27 ,0.43 ,0,2702,4426,49.60 ,57.78 ,28.97 ,0.53 ,0.84 ,1.58 ,-1,172.24 ,386.33 
2025-10-06T03:00:00+09:00,123002.30 ,123160.60 ,122811.00 ,122952.20 ,125348.2603,121608.8697,116629.2855,122331.2333,123478.565,,,,,1,1,2.31 ,0.39 ,0,905,4445,49.04 ,57.57 ,27.22 ,0.45 ,0.86 ,1.60 ,-1,137.24 ,325.95 
2025-10-06T04:00:00+09:00,122952.20 ,122975.00 ,122451.70 ,122546.40 ,125335.8127,121641.4873,116695.688,122380.0367,123488.65,,,,,1,1,2.65 ,0.06 ,0,1514,4500,44.62 ,55.93 ,25.92 ,0.44 ,0.87 ,1.63 ,-1,75.87 ,270.91 
2025-10-06T05:00:00+09:00,122546.40 ,123012.60 ,122422.60 ,122664.00 ,125295.0829,121737.8571,116762.2095,122424.235,123516.47,,,,,1,1,2.56 ,0.16 ,0,1342,4537,46.13 ,56.30 ,24.99 ,0.45 ,0.89 ,1.66 ,-1,36.31 ,218.00 
2025-10-06T06:00:00+09:00,122664.00 ,122754.70 ,122443.10 ,122682.50 ,125271.4109,121797.2691,116829.261,122464.4417,123534.34,,122261.5,,,1,1,2.54 ,0.34 ,1,1122,4554,46.38 ,56.36 ,24.38 ,0.39 ,0.90 ,1.69 ,-1,6.38 ,170.93 
2025-10-06T07:00:00+09:00,122682.50 ,123246.10 ,122682.50 ,123186.10 ,125223.009,121764.021,116898.96,122510.69,123493.515,123421.8,,,,1,1,0.19 ,0.75 ,0,2461,4205,52.77 ,57.92 ,23.71 ,0.41 ,0.88 ,1.65 ,-1,23.03 ,132.71 
2025-10-06T08:00:00+09:00,123186.10 ,123496.40 ,123168.50 ,123416.80 ,125203.1048,121751.2752,116969.3,122562.4683,123477.19,,,,,1,1,0.00 ,0.94 ,0,3460,4210,55.39 ,58.62 ,22.99 ,0.36 ,0.86 ,1.60 ,-1,54.21 ,105.09 
2025-10-06T09:00:00+09:00,123416.80 ,124316.60 ,123025.10 ,123297.40 ,124926.7942,121840.8458,117039.1045,122612.05,123383.82,,,125798.3,,1,1,0.10 ,0.84 ,0,11882,3707,53.73 ,58.11 ,22.59 ,0.59 ,0.82 ,1.54 ,-1,68.50 ,87.01 
2025-10-06T10:00:00+09:00,123297.40 ,124188.90 ,123140.10 ,123981.70 ,124683.4405,121970.8095,117112.3225,122672.9967,123327.125,,,,,1,2,0.45 ,1.39 ,0,3552,3583,60.96 ,60.13 ,22.48 ,0.67 ,0.81 ,1.51 ,-1,133.51 ,78.59 
2025-10-06T11:00:00+09:00,123981.70 ,124189.20 ,123423.60 ,124073.60 ,124461.0722,122101.8178,117185.811,122726.37,123281.445,,,,,1,2,0.53 ,1.46 ,0,4007,3645,61.82 ,60.39 ,22.48 ,0.65 ,0.81 ,1.51 ,-1,190.25 ,80.59 
2025-10-06T12:00:00+09:00,124073.60 ,124075.20 ,123688.30 ,123783.00 ,124251.094,122220.136,117257.866,122752.2783,123235.615,,,,,1,2,0.29 ,1.23 ,0,1296,3497,57.49 ,59.14 ,22.60 ,0.54 ,0.81 ,1.50 ,-1,209.35 ,88.60 
2025-10-06T13:00:00+09:00,123783.00 ,123945.20 ,123521.80 ,123533.40 ,124002.89,122362.94,117328.836,122769.0867,123182.915,,,,,1,2,0.09 ,1.03 ,0,1912,3503,54.00 ,58.08 ,22.72 ,0.48 ,0.81 ,1.50 ,1,202.02 ,102.62 
2025-10-06T14:00:00+09:00,123533.40 ,123708.30 ,123251.80 ,123530.00 ,124038.2397,122380.7303,117399.3565,122793.8183,123209.485,124316.6,,,,1,2,0.64 ,1.03 ,0,1634,2868,53.95 ,58.07 ,22.93 ,0.44 ,0.78 ,1.45 ,1,193.70 ,120.11 
2025-10-06T15:00:00+09:00,123530.00 ,124137.00 ,123529.90 ,123894.30 ,124128.1875,122380.2125,117471.0945,122816.8933,123254.2,,,,,1,2,0.34 ,1.32 ,0,3022,2783,58.24 ,59.18 ,23.32 ,0.46 ,0.75 ,1.41 ,1,214.04 ,143.18 
2025-10-06T16:00:00+09:00,123894.30 ,123978.20 ,123223.10 ,123346.60 ,124122.2888,122378.7412,117539.957,122829.2833,123250.515,,,,,1,2,0.79 ,0.88 ,0,3647,2812,50.60 ,56.87 ,23.36 ,0.51 ,0.74 ,1.39 ,1,183.84 ,161.05 
2025-10-06T17:00:00+09:00,123346.60 ,123841.90 ,123346.60 ,123801.20 ,124186.3177,122391.2223,117611.2135,122852.85,123288.77,,,,,1,2,0.42 ,1.24 ,0,1103,2745,55.79 ,58.25 ,23.09 ,0.47 ,0.73 ,1.37 ,-1,194.36 ,176.62 
2025-10-06T18:00:00+09:00,123801.20 ,124000.00 ,123720.30 ,123896.20 ,124259.0827,122396.4273,117684.172,122880.2583,123327.755,,,,,1,2,0.34 ,1.32 ,0,1515,2753,56.81 ,58.53 ,22.61 ,0.39 ,0.73 ,1.36 ,-1,207.95 ,192.11 
2025-10-06T19:00:00+09:00,123896.20 ,124096.70 ,123840.30 ,123908.90 ,124324.1463,122423.7737,117756.6655,122905.1033,123373.96,,,,,1,2,0.33 ,1.33 ,0,1902,2769,56.95 ,58.57 ,22.00 ,0.33 ,0.72 ,1.34 ,-1,217.25 ,201.42 
2025-10-06T20:00:00+09:00,123908.90 ,124512.50 ,123680.70 ,124165.30 ,124410.1692,122478.2308,117830.505,122938.125,123444.2,,,,,1,2,0.12 ,1.53 ,0,4175,2910,59.84 ,59.34 ,21.59 ,0.44 ,0.72 ,1.34 ,-1,242.51 ,207.23 
2025-10-06T21:00:00+09:00,124165.30 ,124645.50 ,124124.40 ,124488.90 ,124568.4183,122446.6617,117906.325,122978.4317,123507.54,,123223.1,,,1,3,0.14 ,1.02 ,0,3130,2814,63.20 ,60.30 ,21.60 ,0.43 ,0.71 ,1.32 ,-1,285.36 ,215.67 
2025-10-06T22:00:00+09:00,124488.90 ,125024.10 ,124324.20 ,124973.30 ,124816.5656,122395.6144,117984.638,123030.85,123606.09,,,,,1,3,0.53 ,1.40 ,0,6299,2994,67.57 ,61.67 ,21.92 ,0.47 ,0.70 ,1.31 ,-1,354.31 ,232.59 
2025-10-06T23:00:00+09:00,124973.30 ,125273.60 ,124291.60 ,124471.70 ,124909.4623,122454.6677,118060.1855,123075.0867,123682.065,,,,,1,3,0.12 ,1.00 ,0,6268,3262,59.67 ,59.49 ,22.79 ,0.58 ,0.71 ,1.33 ,-1,364.29 ,251.55 
2025-10-07T00:00:00+09:00,124471.70 ,125377.60 ,124448.20 ,124938.10 ,125029.2003,122574.0997,118137.548,123120.5983,123801.65,,,,,1,3,0.50 ,1.37 ,0,3779,3375,63.90 ,60.81 ,24.18 ,0.63 ,0.73 ,1.36 ,-1,405.16 ,272.78 
2025-10-07T01:00:00+09:00,124938.10 ,125463.70 ,124749.20 ,125417.90 ,125241.1297,122637.5603,118217.3355,123169.9467,123939.345,,,,,1,3,0.88 ,1.75 ,0,4254,3521,67.65 ,62.10 ,25.98 ,0.61 ,0.74 ,1.38 ,-1,470.83 ,304.67 
2025-10-07T02:00:00+09:00,125417.90 ,125777.00 ,125065.90 ,125241.20 ,125352.6621,122781.8979,118296.206,123216.05,124067.28,,,,,1,3,0.74 ,1.61 ,0,5371,3733,64.97 ,61.34 ,28.19 ,0.60 ,0.76 ,1.41 ,-1,502.83 ,338.94 
2025-10-07T03:00:00+09:00,125241.20 ,126173.60 ,124986.70 ,125970.90 ,125670.7995,122742.2405,118379.4755,123275.8217,124206.52,,,,,1,3,1.31 ,2.18 ,0,5183,3869,70.22 ,63.24 ,30.66 ,0.71 ,0.78 ,1.45 ,-1,580.37 ,380.32 
2025-10-07T04:00:00+09:00,125970.90 ,126080.00 ,125189.00 ,125352.40 ,125801.4741,122805.1259,118459.607,123327.2767,124303.3,,,,,1,3,0.83 ,1.70 ,0,4613,3927,61.77 ,60.66 ,33.31 ,0.71 ,0.80 ,1.50 ,-1,585.18 ,421.20 
2025-10-07T05:00:00+09:00,125352.40 ,125499.70 ,124985.00 ,125174.70 ,125866.445,122927.885,118539.161,123376.4033,124397.165,,,,,1,3,0.69 ,1.56 ,0,1789,3422,59.55 ,59.95 ,35.79 ,0.61 ,0.81 ,1.50 ,-1,568.10 ,457.38 
2025-10-07T06:00:00+09:00,125174.70 ,125233.20 ,124472.80 ,125074.60 ,125936.4314,122967.1886,118616.682,123424.6783,124451.81,,,,,1,3,0.61 ,1.48 ,0,4408,3465,58.28 ,59.54 ,37.62 ,0.61 ,0.80 ,1.50 ,-1,540.25 ,485.70 
2025-10-07T07:00:00+09:00,125074.60 ,125257.80 ,124742.70 ,125010.10 ,125991.6385,123005.6315,118692.803,123473.3467,124498.635,,,,,1,3,0.55 ,1.43 ,0,1381,3334,57.44 ,59.28 ,38.85 ,0.55 ,0.79 ,1.48 ,-1,507.14 ,502.68 
2025-10-07T08:00:00+09:00,125010.10 ,125071.00 ,124600.90 ,124625.40 ,125997.7211,123083.7889,118766.0805,123518.1967,124540.755,126173.6,,,,1,3,1.24 ,1.13 ,0,863,3312,52.52 ,57.73 ,39.39 ,0.49 ,0.79 ,1.47 ,-1,444.73 ,511.62 
2025-10-07T09:00:00+09:00,124625.40 ,124885.40 ,124560.40 ,124864.50 ,125994.0476,123220.5724,118839.5905,123566.3633,124607.31,,,,,1,3,1.05 ,1.31 ,0,1511,3292,55.09 ,58.42 ,39.21 ,0.41 ,0.78 ,1.46 ,-1,409.83 ,512.14 
2025-10-07T10:00:00+09:00,124864.50 ,125053.40 ,124400.60 ,124662.50 ,125959.5837,123368.2863,118912.1915,123605.0417,124663.935,,,,,1,3,1.21 ,1.15 ,0,1329,3277,52.50 ,57.61 ,38.39 ,0.45 ,0.79 ,1.47 ,-1,361.71 ,500.02 
2025-10-07T11:00:00+09:00,124662.50 ,124662.50 ,124092.70 ,124215.70 ,125944.6741,123415.3359,118982.132,123642.7883,124680.005,,,,,1,3,1.58 ,0.80 ,0,2415,3247,47.22 ,55.85 ,36.75 ,0.45 ,0.79 ,1.47 ,-1,284.24 ,475.73 
2025-10-07T12:00:00+09:00,124215.70 ,124527.00 ,124060.20 ,124285.40 ,125852.1664,123601.7236,119052.188,123685.1083,124726.945,,,,,1,3,1.52 ,0.85 ,0,1494,3139,48.10 ,56.07 ,34.57 ,0.43 ,0.78 ,1.45 ,-1,225.87 ,436.34 
2025-10-07T13:00:00+09:00,124285.40 ,124630.60 ,124064.90 ,124464.10 ,125810.8733,123709.3067,119120.838,123731.5183,124760.09,,,,,1,3,1.37 ,1.00 ,0,1957,3182,50.37 ,56.61 ,32.39 ,0.44 ,0.78 ,1.45 ,-1,191.82 ,392.63 
2025-10-07T14:00:00+09:00,124464.10 ,124595.50 ,124202.60 ,124358.60 ,125775.6742,123790.7458,119188.8305,123775.7333,124783.21,,,,,1,3,1.46 ,0.91 ,0,2411,3227,49.01 ,56.19 ,30.19 ,0.40 ,0.78 ,1.45 ,-1,154.54 ,346.68 
2025-10-07T15:00:00+09:00,124358.60 ,124413.60 ,123750.00 ,123854.00 ,125782.841,123778.089,119248.756,123814.3867,124780.465,,,,,1,3,1.87 ,0.51 ,0,3469,3305,42.99 ,54.22 ,28.26 ,0.44 ,0.79 ,1.47 ,-1,83.31 ,295.91 
2025-10-07T16:00:00+09:00,123854.00 ,124012.20 ,123526.30 ,123631.70 ,125844.7281,123662.8419,119306.4145,123842.7633,124753.785,,,,,1,3,2.06 ,0.33 ,0,3658,3279,40.63 ,53.38 ,26.73 ,0.43 ,0.78 ,1.46 ,-1,8.83 ,240.54 
2025-10-07T17:00:00+09:00,123631.70 ,123952.30 ,123272.80 ,123819.20 ,125880.6142,123559.9858,119364.5395,123875.7617,124720.3,,,,,1,3,1.90 ,0.48 ,0,3626,3304,43.45 ,53.99 ,25.59 ,0.47 ,0.79 ,1.47 ,-1,-34.67 ,187.28 
2025-10-07T18:00:00+09:00,123819.20 ,124206.20 ,123807.90 ,124053.20 ,125863.44,123485.15,119425.806,123907.6133,124674.295,,,,,1,3,1.71 ,0.67 ,0,1713,3075,46.85 ,54.75 ,24.81 ,0.42 ,0.78 ,1.46 ,-1,-49.69 ,136.22 
2025-10-07T19:00:00+09:00,124053.20 ,124364.20 ,123962.00 ,124236.20 ,125864.0556,123460.9844,119488.4755,123941.05,124662.52,,,,,1,3,1.56 ,0.82 ,0,1707,2847,49.41 ,55.34 ,24.24 ,0.39 ,0.77 ,1.43 ,-1,-46.29 ,90.88 
2025-10-07T20:00:00+09:00,124236.20 ,124464.20 ,124125.00 ,124397.90 ,125835.3373,123435.6827,119551.372,123975.27,124635.51,,,,,1,3,1.43 ,0.94 ,0,1557,2735,51.63 ,55.86 ,23.72 ,0.35 ,0.75 ,1.39 ,-1,-30.20 ,55.95 
2025-10-07T21:00:00+09:00,124397.90 ,125093.80 ,124274.70 ,124868.40 ,125759.1156,123456.9544,119616.917,124021.2833,124608.035,,,,,1,3,1.05 ,1.32 ,0,2972,2671,57.47 ,57.34 ,23.48 ,0.45 ,0.73 ,1.37 ,-1,20.28 ,33.10 
2025-10-07T22:00:00+09:00,124868.40 ,125000.00 ,123321.10 ,123850.00 ,125696.2211,123380.7289,119677.682,124046.6983,124538.475,,123272.8,,,1,3,1.88 ,0.47 ,0,6754,2740,44.85 ,53.40 ,23.20 ,0.75 ,0.75 ,1.39 ,-1,-21.64 ,9.38 
2025-10-07T23:00:00+09:00,123850.00 ,123943.10 ,122532.80 ,122696.30 ,125600.1019,123149.3881,119733.2305,124024.9267,124374.745,,,126173.6,,-1,1,2.83 ,0.47 ,0,9252,2944,35.37 ,49.47 ,23.02 ,0.89 ,0.76 ,1.42 ,-1,-146.27 ,-24.04 
2025-10-08T00:00:00+09:00,122696.30 ,122831.70 ,121131.90 ,121797.40 ,125782.0814,122611.9086,119783.11,123992.495,124196.995,,,,,-1,1,3.59 ,1.21 ,0,13489,3388,30.04 ,46.74 ,23.06 ,1.06 ,0.79 ,1.47 ,-1,-313.96 ,-68.18 
2025-10-08T01:00:00+09:00,121797.40 ,122044.40 ,120741.70 ,121626.20 ,125894.989,122144.151,119831.108,123933.5183,124019.57,,,,,-1,1,3.74 ,1.35 ,0,7993,3698,29.14 ,46.24 ,23.59 ,1.07 ,0.82 ,1.53 ,-1,-455.41 ,-119.76 
2025-10-08T02:00:00+09:00,121626.20 ,121775.20 ,121030.50 ,121075.90 ,126025.9263,121613.3437,119876.297,123866.19,123819.635,125093.8,,,,-1,1,3.32 ,1.81 ,0,3923,3674,26.40 ,44.68 ,24.68 ,0.92 ,0.84 ,1.57 ,-1,-604.95 ,-183.13 
2025-10-08T03:00:00+09:00,121075.90 ,121258.20 ,120530.60 ,120838.10 ,126098.6311,121123.4389,119920.357,123797.0383,123611.035,,,,,-1,1,3.52 ,2.01 ,0,3839,3797,25.29 ,44.02 ,26.42 ,0.81 ,0.86 ,1.61 ,-1,-734.18 ,-259.18 
2025-10-08T04:00:00+09:00,120838.10 ,121937.70 ,120807.30 ,121552.10 ,126052.7,120862.04,119967.9,123744.58,123457.37,,,,,-1,1,2.91 ,1.42 ,0,4003,3954,34.21 ,46.43 ,28.20 ,0.85 ,0.89 ,1.66 ,-1,-770.11 ,-339.61 
2025-10-08T05:00:00+09:00,121552.10 ,122140.30 ,121552.10 ,121882.20 ,125905.7588,120710.7512,120017.4725,123699.4933,123308.255,,,,,-1,1,2.64 ,1.14 ,0,1638,3960,37.90 ,47.50 ,30.02 ,0.73 ,0.91 ,1.71 ,-1,-763.15 ,-421.04 
2025-10-08T06:00:00+09:00,121882.20 ,122230.70 ,121702.30 ,121948.50 ,125756.4201,120588.6899,120061.4345,123681.9917,123172.555,,,,,-1,1,2.58 ,1.09 ,0,1446,3966,38.64 ,47.71 ,31.61 ,0.63 ,0.93 ,1.73 ,-1,-743.71 ,-505.93 
2025-10-08T07:00:00+09:00,121948.50 ,122114.30 ,121732.20 ,121949.80 ,125648.934,120469.586,120101.4495,123664.4883,123059.26,,,,,-1,1,2.58 ,1.08 ,0,925,3891,38.66 ,47.71 ,32.71 ,0.52 ,0.93 ,1.74 ,-1,-719.90 ,-583.51 
2025-10-08T08:00:00+09:00,121949.80 ,121950.00 ,121219.20 ,121285.10 ,125544.627,120273.863,120139.172,123628.9017,122909.245,,120530.6,,,-1,1,3.14 ,0.62 ,0,2948,3964,33.93 ,45.77 ,33.46 ,0.55 ,0.94 ,1.76 ,-1,-746.07 ,-650.16 
2025-10-08T09:00:00+09:00,121285.10 ,122047.10 ,121223.60 ,121872.90 ,125350.5569,120208.8131,120180.6415,123609.515,122779.685,,,,,-1,1,2.64 ,1.10 ,0,2718,4002,40.82 ,47.69 ,33.83 ,0.59 ,0.95 ,1.78 ,-1,-711.17 ,-694.29 
2025-10-08T10:00:00+09:00,121872.90 ,122017.20 ,121555.00 ,121910.00 ,125147.657,120166.853,120220.2195,123589.4067,122657.255,,,,,-1,1,2.61 ,1.13 ,0,1216,3942,41.24 ,47.81 ,33.80 ,0.52 ,0.96 ,1.80 ,-1,-672.77 ,-718.45 
2025-10-08T11:00:00+09:00,121910.00 ,122188.00 ,121777.00 ,121994.80 ,125007.4211,120121.1689,120260.4245,123572.9067,122564.295,122230.7,,,,-1,1,0.19 ,1.20 ,0,1212,3829,42.24 ,48.09 ,33.61 ,0.46 ,0.96 ,1.80 ,-1,-628.26 ,-721.04 
2025-10-08T12:00:00+09:00,121994.80 ,121994.80 ,121169.00 ,121332.80 ,124897.0961,120001.6039,120296.1215,123549.1117,122449.35,,,,,-1,1,0.74 ,0.66 ,0,1825,3738,36.95 ,46.14 ,33.57 ,0.53 ,0.97 ,1.81 ,-1,-639.03 ,-710.46 
2025-10-08T13:00:00+09:00,121332.80 ,121880.00 ,121030.50 ,121866.20 ,124727.8385,119975.5615,120334.4975,123526.5133,122351.7,,,,,-1,1,0.30 ,1.10 ,0,1631,3638,43.13 ,47.88 ,33.71 ,0.59 ,0.98 ,1.83 ,-1,-597.63 ,-691.30 
2025-10-08T14:00:00+09:00,121866.20 ,121870.00 ,121131.10 ,121343.60 ,124495.8795,119936.5605,120370.614,123498.8683,122216.22,,,,,-1,1,0.73 ,0.67 ,0,1649,3635,39.09 ,46.38 ,34.04 ,0.60 ,0.99 ,1.86 ,-1,-600.08 ,-673.18 
2025-10-08T15:00:00+09:00,121343.60 ,121808.00 ,121036.70 ,121748.70 ,124180.5341,120003.1559,120408.7425,123478.81,122091.845,,,,,-1,1,0.40 ,1.00 ,0,1742,3637,43.51 ,47.68 ,34.42 ,0.61 ,1.01 ,1.89 ,-1,-562.84 ,-653.08 
2025-10-08T16:00:00+09:00,121748.70 ,121837.90 ,121275.60 ,121554.30 ,123759.6303,120139.6997,120445.2835,123462.275,121949.665,,,,,-1,1,0.56 ,0.84 ,0,1161,3617,41.94 ,47.12 ,34.89 ,0.56 ,1.03 ,1.92 ,-1,-542.76 ,-633.40 
2025-10-08T17:00:00+09:00,121554.30 ,122812.00 ,121473.70 ,122328.30 ,123062.1451,120583.1749,120484.616,123456.68,121822.66,,,,,1,1,0.08 ,1.47 ,0,3632,3650,49.73 ,49.51 ,34.89 ,0.74 ,1.05 ,1.96 ,1,-459.10 ,-601.52 
2025-10-08T18:00:00+09:00,122328.30 ,122595.00 ,122320.70 ,122470.90 ,122636.4993,120870.9107,120524.721,123453.1533,121753.705,,121030.5,,,1,1,0.20 ,1.18 ,0,2521,3438,51.03 ,49.94 ,34.57 ,0.56 ,1.03 ,1.93 ,1,-376.95 ,-564.38 
2025-10-08T19:00:00+09:00,122470.90 ,123050.00 ,122437.60 ,122880.10 ,122687.5809,120838.2091,120567.0965,123448.0533,121762.895,,,,,1,1,0.53 ,1.51 ,0,2934,3122,54.67 ,51.15 ,33.98 ,0.54 ,1.01 ,1.88 ,1,-275.64 ,-520.26 
2025-10-08T20:00:00+09:00,122880.10 ,123139.10 ,122671.70 ,122815.40 ,122846.2658,120781.3242,120609.6125,123438.03,121813.795,,,,,1,1,0.48 ,1.45 ,0,2499,2573,53.98 ,50.95 ,33.14 ,0.49 ,0.96 ,1.80 ,1,-198.29 ,-472.48 
2025-10-08T21:00:00+09:00,122815.40 ,123000.00 ,122482.00 ,122575.70 ,122941.1042,120781.4358,120652.3085,123426.0017,121861.27,,,,,1,1,0.28 ,1.26 ,0,4162,2381,51.42 ,50.21 ,31.96 ,0.47 ,0.92 ,1.72 ,-1,-154.55 ,-418.65 
2025-10-08T22:00:00+09:00,122575.70 ,122721.10 ,121609.70 ,122552.00 ,122991.6325,120878.5175,120695.7585,123402.1733,121935.075,,,,,1,1,0.26 ,1.24 ,0,7545,2562,51.17 ,50.14 ,30.55 ,0.61 ,0.90 ,1.67 ,-1,-120.41 ,-365.63 
2025-10-08T23:00:00+09:00,122552.00 ,123317.20 ,122035.50 ,122269.30 ,122943.3851,121069.8849,120737.8715,123372.1017,122006.635,,,,120530.6,1,1,0.03 ,1.01 ,0,6980,2719,48.06 ,49.26 ,28.71 ,0.76 ,0.89 ,1.67 ,1,-114.85 ,-311.71 
2025-10-09T00:00:00+09:00,122269.30 ,122580.50 ,121889.40 ,122135.70 ,122950.2033,121121.4267,120780.217,123344.6467,122035.815,,,,,1,1,0.08 ,0.90 ,0,2661,2652,46.63 ,48.85 ,27.06 ,0.70 ,0.88 ,1.64 ,1,-119.83 ,-262.49 
2025-10-09T01:00:00+09:00,122135.70 ,123071.70 ,122050.50 ,122988.20 ,123091.3957,121090.8343,120828.058,123335.56,122091.115,,,,,1,1,0.62 ,1.59 ,0,3143,2727,55.73 ,51.49 ,25.68 ,0.74 ,0.88 ,1.65 ,1,-54.37 ,-208.22 
2025-10-09T02:00:00+09:00,122988.20 ,124097.90 ,122891.50 ,123973.40 ,123482.3565,120902.3635,120884.17,123342.95,122192.36,,,,,1,1,1.41 ,2.37 ,0,8818,3096,63.48 ,54.27 ,24.63 ,0.81 ,0.90 ,1.67 ,-1,76.13 ,-148.75 
2025-10-09T03:00:00+09:00,123973.40 ,124140.60 ,123351.10 ,123387.80 ,123648.9841,120879.5359,120936.706,123334.5083,122264.26,,,,,1,1,0.94 ,1.91 ,0,3677,3234,57.08 ,52.45 ,23.87 ,0.76 ,0.91 ,1.70 ,-1,130.80 ,-92.33 
2025-10-09T04:00:00+09:00,123387.80 ,123700.00 ,123086.10 ,123382.40 ,123759.0065,120979.2435,120988.526,123335.105,122369.125,,,,,1,1,0.93 ,1.91 ,0,2228,3198,57.03 ,52.43 ,23.34 ,0.67 ,0.92 ,1.72 ,-1,171.70 ,-42.63 
2025-10-09T05:00:00+09:00,123382.40 ,123673.20 ,122762.00 ,122801.80 ,123798.0807,121033.0593,121037.8085,123318.4483,122415.57,,,,,1,1,0.47 ,1.44 ,0,3477,3236,51.11 ,50.67 ,22.80 ,0.70 ,0.93 ,1.74 ,-1,155.48 ,-3.32 
2025-10-09T06:00:00+09:00,122801.80 ,123274.10 ,122759.00 ,123235.20 ,123887.8928,121075.7672,121087.2885,123307.4317,122481.83,,,,,1,1,0.82 ,1.79 ,0,1115,3231,54.87 ,51.90 ,22.46 ,0.60 ,0.94 ,1.75 ,-1,175.57 ,33.36 
2025-10-09T07:00:00+09:00,123235.20 ,123375.30 ,123140.10 ,123140.10 ,123954.4112,121123.7788,121135.3065,123294.6183,122539.095,,,,,1,1,0.74 ,1.71 ,0,676,3204,53.89 ,51.61 ,22.32 ,0.47 ,0.94 ,1.75 ,-1,181.72 ,66.93 
2025-10-09T08:00:00+09:00,123140.10 ,123476.30 ,123006.00 ,123244.70 ,123967.0234,121302.3566,121186.2695,123279.275,122634.69,124140.6,,,,1,1,0.73 ,1.80 ,0,1121,3169,54.85 ,51.91 ,22.18 ,0.44 ,0.93 ,1.73 ,-1,192.82 ,101.11 
2025-10-09T09:00:00+09:00,123244.70 ,123291.90 ,122778.00 ,122778.00 ,123965.8891,121394.6709,121236.189,123250.76,122680.28,,,,,1,1,1.11 ,1.42 ,0,1179,3146,49.88 ,50.49 ,21.64 ,0.43 ,0.92 ,1.71 ,-1,162.08 ,132.44 
2025-10-09T10:00:00+09:00,122778.00 ,122805.70 ,122288.40 ,122502.20 ,123873.2726,121603.1474,121282.73,123209.575,122738.21,,,,,1,1,1.34 ,1.20 ,0,3085,3218,47.16 ,49.66 ,20.90 ,0.43 ,0.91 ,1.69 ,-1,114.15 ,151.16 
2025-10-09T11:00:00+09:00,122502.20 ,122502.20 ,121439.20 ,121579.40 ,123896.288,121563.202,121322.352,123161.37,122729.745,,,,,1,1,2.11 ,0.45 ,0,4547,3358,39.42 ,47.05 ,20.37 ,0.58 ,0.90 ,1.69 ,-1,1.69 ,142.89 
2025-10-09T12:00:00+09:00,121579.40 ,122090.80 ,121569.20 ,121995.40 ,123842.8523,121660.7477,121360.8285,123112.325,122751.8,,,,,1,1,1.76 ,0.79 ,0,2215,3411,43.89 ,48.30 ,20.16 ,0.53 ,0.90 ,1.68 ,1,-53.26 ,122.44 
2025-10-09T13:00:00+09:00,121995.40 ,122224.50 ,121851.10 ,122090.80 ,123854.0816,121626 ,121398.4615,123056.8733,122739.925,,,,,1,1,1.68 ,0.87 ,0,1662,3312,44.90 ,48.59 ,20.18 ,0.45 ,0.88 ,1.64 ,-1,-88.09 ,93.57 
2025-10-09T14:00:00+09:00,122090.80 ,122148.50 ,121746.80 ,122055.40 ,123867.5656,121570.7344,121438.237,123003.7767,122719.15,,,,,1,1,1.71 ,0.84 ,0,2333,3303,44.58 ,48.48 ,20.39 ,0.41 ,0.87 ,1.62 ,-1,-117.21 ,63.27 
2025-10-09T15:00:00+09:00,122055.40 ,122124.70 ,121816.90 ,121900.00 ,123869.4251,121471 ,121478.325,122935.9283,122670.145,,,,,1,1,1.84 ,0.71 ,0,1276,3220,43.13 ,48.04 ,20.86 ,0.36 ,0.85 ,1.60 ,-1,-151.07 ,26.98 
2025-10-09T16:00:00+09:00,121900.00 ,122010.90 ,121667.00 ,121854.20 ,123870.2706,121373.8994,121517.62,122877.625,122622.085,,121439.2,,,1,1,1.88 ,0.34 ,0,1253,3158,42.69 ,47.90 ,21.73 ,0.33 ,0.84 ,1.57 ,-1,-179.54 ,-13.16 
2025-10-09T17:00:00+09:00,121854.20 ,121918.50 ,121093.90 ,121211.70 ,123945.5635,121162.2065,121552.8205,122811.575,122553.885,,,,,-1,1,2.42 ,0.19 ,0,4516,3175,36.98 ,46.07 ,22.97 ,0.45 ,0.84 ,1.57 ,-1,-251.05 ,-62.48 
2025-10-09T18:00:00+09:00,121211.70 ,121791.50 ,121211.70 ,121752.60 ,123948.7633,121079.0667,121589.1435,122756.2083,122513.915,,,,,-1,1,1.96 ,0.26 ,0,1975,2897,43.79 ,47.79 ,24.28 ,0.46 ,0.83 ,1.55 ,-1,-261.07 ,-109.50 
2025-10-09T19:00:00+09:00,121752.60 ,122278.90 ,121586.00 ,122105.50 ,123947.9159,121063.5341,121628.621,122707.7983,122505.725,,,,,-1,1,1.67 ,0.55 ,0,2567,2676,47.76 ,48.87 ,25.30 ,0.49 ,0.81 ,1.51 ,-1,-237.79 ,-148.60 
2025-10-09T20:00:00+09:00,122105.50 ,122763.10 ,122105.40 ,122660.70 ,123965.3549,121098.5951,121671.284,122675.0533,122531.975,,,,,-1,1,1.21 ,1.00 ,0,3386,2713,53.34 ,50.52 ,25.89 ,0.51 ,0.80 ,1.49 ,-1,-172.55 ,-167.96 
2025-10-09T21:00:00+09:00,122660.70 ,123707.30 ,122630.60 ,123499.90 ,124040.0266,121075.0934,121717.637,122652.31,122557.56,,,,,-1,1,0.52 ,1.67 ,0,6024,2857,60.25 ,52.86 ,26.33 ,0.63 ,0.79 ,1.47 ,-1,-52.53 ,-167.88 
2025-10-09T22:00:00+09:00,123499.90 ,123587.00 ,122244.90 ,122360.00 ,123810.5174,121143.2626,121756.908,122613.935,122476.89,,121093.9,,,-1,1,1.46 ,1.03 ,0,7361,2784,49.52 ,49.60 ,26.47 ,0.79 ,0.79 ,1.47 ,-1,-48.83 ,-163.52 
2025-10-09T23:00:00+09:00,122360.00 ,122531.30 ,120700.00 ,121250.00 ,123736.7335,121003.2665,121792.1205,122564.5067,122370,,,124140.6,,-1,1,2.38 ,0.13 ,0,11870,3193,41.73 ,46.74 ,26.45 ,1.03 ,0.81 ,1.51 ,-1,-133.92 ,-165.37 
2025-10-10T00:00:00+09:00,121250.00 ,121670.30 ,120611.20 ,121098.90 ,123646.4957,120865.1543,121825.213,122511.3983,122255.825,,,,,-1,1,2.51 ,0.00 ,0,5217,3343,40.79 ,46.37 ,26.13 ,0.98 ,0.83 ,1.55 ,-1,-211.11 ,-172.04 
2025-10-10T01:00:00+09:00,121098.90 ,121429.30 ,119658.00 ,119762.80 ,123843.1354,120364.6146,121843.7145,122433.0433,122103.875,,,,,-1,2,3.66 ,1.11 ,0,10790,3709,33.58 ,43.26 ,25.72 ,1.15 ,0.86 ,1.61 ,-1,-375.77 ,-193.85 
2025-10-10T02:00:00+09:00,119762.80 ,120988.00 ,119600.00 ,120918.40 ,123719.0584,120257.0116,121866.468,122375.7067,121988.035,123707.3,,,,-1,2,2.31 ,0.15 ,0,7386,4022,42.97 ,46.43 ,25.59 ,1.14 ,0.90 ,1.69 ,-1,-408.31 ,-211.32 
2025-10-10T03:00:00+09:00,120918.40 ,121051.90 ,120329.70 ,120600.80 ,123607.8943,120114.2457,121888.3625,122321.4867,121861.07,,,,,-1,2,2.58 ,0.41 ,0,2608,4119,41.24 ,45.71 ,25.95 ,0.96 ,0.94 ,1.76 ,-1,-454.48 ,-232.81 
2025-10-10T04:00:00+09:00,120600.80 ,121063.40 ,120600.70 ,120901.20 ,123416.5752,120071.2148,121909.185,122275.9783,121743.895,,,,,-1,2,2.32 ,0.16 ,0,2185,4172,43.55 ,46.51 ,26.46 ,0.77 ,0.97 ,1.81 ,-1,-461.52 ,-257.67 
2025-10-10T05:00:00+09:00,120901.20 ,121143.90 ,120793.10 ,121057.70 ,123285.3205,120030.4395,121932.699,122229.9533,121657.88,,,,,-1,2,2.19 ,0.03 ,0,1138,4170,44.77 ,46.92 ,27.23 ,0.61 ,0.98 ,1.83 ,-1,-449.28 ,-288.42 
2025-10-10T06:00:00+09:00,121057.70 ,121449.90 ,121005.60 ,121406.40 ,123186 ,120019.8566,121955.881,122185.84,121603.09,,,,,-1,2,1.90 ,0.26 ,0,2179,4124,47.49 ,47.84 ,27.92 ,0.53 ,0.99 ,1.84 ,-1,-406.76 ,-327.78 
2025-10-10T07:00:00+09:00,121406.40 ,121711.50 ,121340.00 ,121620.80 ,123188.3724,120021.9476,121977.771,122142.25,121605.16,,119600,,,-1,2,1.72 ,1.66 ,1,1209,3958,49.14 ,48.41 ,28.37 ,0.45 ,0.98 ,1.83 ,-1,-351.71 ,-361.43 
2025-10-10T08:00:00+09:00,121620.80 ,121652.40 ,121270.00 ,121572.50 ,123157.0785,120010.9515,121998.8605,122095.16,121584.015,,,,,-1,2,1.76 ,1.62 ,0,1860,3940,48.77 ,48.29 ,28.46 ,0.41 ,0.97 ,1.81 ,-1,-308.42 ,-380.82 
2025-10-10T09:00:00+09:00,121572.50 ,121805.80 ,121517.70 ,121669.90 ,123119.5259,120006.4141,122019.763,122041.8517,121562.97,,,,,-1,2,1.67 ,1.70 ,0,1890,3951,49.60 ,48.55 ,28.12 ,0.35 ,0.96 ,1.79 ,-1,-263.23 ,-386.61 
2025-10-10T10:00:00+09:00,121669.90 ,121827.70 ,121418.10 ,121565.60 ,123078.6005,119998.3595,122043.889,122003.7783,121538.48,,,,,-1,2,1.76 ,1.62 ,0,1333,3901,48.69 ,48.28 ,27.47 ,0.35 ,0.96 ,1.78 ,-1,-233.13 ,-370.76 
2025-10-10T11:00:00+09:00,121565.60 ,121588.90 ,120845.40 ,120994.80 ,123041.3659,119945.0741,122062.836,121975.42,121493.22,,,,,-1,2,2.24 ,1.15 ,0,3169,3996,43.93 ,46.84 ,26.76 ,0.44 ,0.96 ,1.80 ,-1,-252.43 ,-353.44 
2025-10-10T12:00:00+09:00,120994.80 ,121522.00 ,120845.40 ,120963.20 ,123003.9641,119893.3759,122080.7545,121961.5167,121448.67,,,,,-1,2,2.27 ,1.13 ,0,2590,4063,43.68 ,46.76 ,26.04 ,0.48 ,0.97 ,1.82 ,-1,-267.20 ,-332.63 
2025-10-10T13:00:00+09:00,120963.20 ,121337.60 ,120956.50 ,121191.80 ,123003.5996,119891.7504,122099.3195,121954.2767,121447.675,,,,,-1,2,2.08 ,1.31 ,0,1886,3931,46.11 ,47.42 ,25.46 ,0.42 ,0.97 ,1.81 ,-1,-257.49 ,-309.96 
2025-10-10T14:00:00+09:00,121191.80 ,121565.40 ,120939.90 ,121531.70 ,122986.8653,119886.3947,122119.485,121961.8733,121436.63,,,,,-1,2,1.79 ,1.59 ,0,1997,3932,49.60 ,48.38 ,24.98 ,0.45 ,0.97 ,1.81 ,-1,-219.83 ,-284.47 
2025-10-10T15:00:00+09:00,121531.70 ,121711.80 ,121190.00 ,121307.70 ,122916.8426,119876.6374,122137.582,121969.7,121396.74,121827.7,,,,-1,2,0.43 ,1.41 ,0,3413,3975,47.42 ,47.79 ,24.47 ,0.45 ,0.97 ,1.80 ,-1,-205.69 ,-262.13 
2025-10-10T16:00:00+09:00,121307.70 ,121331.30 ,120811.20 ,120894.10 ,122726.3357,119890.4843,122149.3195,121958.7333,121308.41,,,,,-1,2,0.77 ,1.07 ,0,2912,3951,43.61 ,46.72 ,24.19 ,0.44 ,0.96 ,1.80 ,-1,-225.26 ,-248.08 
2025-10-10T17:00:00+09:00,120894.10 ,121612.10 ,120872.80 ,121576.90 ,122225.8802,120198.6398,122165.221,121953.645,121212.26,,,,,-1,2,0.21 ,1.63 ,0,1982,3749,50.65 ,48.66 ,23.91 ,0.50 ,0.95 ,1.78 ,1,-183.56 ,-234.20 
2025-10-10T18:00:00+09:00,121576.90 ,121722.50 ,121200.10 ,121242.20 ,122023.3469,120289.3931,122178.5295,121941.8733,121156.37,,,,,-1,2,0.48 ,1.35 ,0,2164,3489,47.52 ,47.79 ,23.33 ,0.47 ,0.93 ,1.73 ,1,-175.49 ,-224.45 
2025-10-10T19:00:00+09:00,121242.20 ,121481.60 ,121156.70 ,121438.90 ,122040.7455,120290.8845,122192.1975,121933.3583,121165.815,,,,,-1,2,0.32 ,1.51 ,0,900,2940,49.50 ,48.34 ,22.50 ,0.41 ,0.88 ,1.65 ,1,-151.48 ,-215.38 
2025-10-10T20:00:00+09:00,121438.90 ,121600.00 ,121354.90 ,121493.30 ,122071.256,120299.814,122206.1865,121936.8283,121185.535,,,,,-1,2,0.28 ,1.56 ,0,1429,2751,50.06 ,48.49 ,21.38 ,0.34 ,0.83 ,1.56 ,1,-126.61 ,-201.40 
2025-10-10T21:00:00+09:00,121493.30 ,121633.70 ,121369.10 ,121537.60 ,121884.9775,120663.5725,122220.809,121931.24,121274.275,,120811.2,,,-1,2,0.24 ,0.60 ,1,1545,2289,50.54 ,48.62 ,20.16 ,0.30 ,0.77 ,1.44 ,1,-102.14 ,-183.06 
2025-10-10T22:00:00+09:00,121537.60 ,122455.00 ,121306.00 ,121602.00 ,121912.1401,120704.7699,122237.17,121926.1067,121308.455,,,,119600,-1,2,0.19 ,0.65 ,0,6906,2265,51.27 ,48.81 ,19.35 ,0.51 ,0.72 ,1.35 ,1,-76.67 ,-162.97 
2025-10-10T23:00:00+09:00,121602.00 ,122010.10 ,120413.60 ,120437.50 ,121945.0585,120655.5215,122246.345,121900.1517,121300.29,,,,,-1,3,1.15 ,0.31 ,0,11886,2729,39.77 ,45.72 ,18.37 ,0.79 ,0.71 ,1.32 ,1,-148.73 ,-155.07 
2025-10-11T00:00:00+09:00,120437.50 ,120581.90 ,118435.50 ,118971.90 ,122400.0398,120007.6102,122248.9845,121860.8033,121203.825,,,,,-1,3,2.40 ,1.55 ,0,17126,3476,30.49 ,42.29 ,17.92 ,1.13 ,0.74 ,1.37 ,-1,-320.41 ,-167.82 
2025-10-11T01:00:00+09:00,118971.90 ,119394.70 ,118163.90 ,118164.00 ,122845.4859,119272.7941,122246.605,121799.1,121059.14,,,,,-1,3,3.10 ,2.24 ,0,9073,3872,26.78 ,40.57 ,18.05 ,1.11 ,0.77 ,1.44 ,-1,-515.72 ,-200.09 
2025-10-11T02:00:00+09:00,118164.00 ,118376.70 ,117537.20 ,117592.60 ,123197.5792,118539.3208,122240.4345,121736.5833,120868.45,,,,,-1,3,3.60 ,2.74 ,0,7519,4139,24.51 ,39.42 ,18.79 ,0.98 ,0.81 ,1.51 ,-1,-708.44 ,-258.41 
2025-10-11T03:00:00+09:00,117592.60 ,117816.30 ,117170.90 ,117179.90 ,123445.6015,117847.2085,122233.501,121660.4367,120646.405,122455,,,,-1,3,4.50 ,3.10 ,0,4218,4290,23.00 ,38.61 ,20.20 ,0.84 ,0.84 ,1.56 ,-1,-884.28 ,-337.16 
2025-10-11T04:00:00+09:00,117179.90 ,117290.00 ,115891.00 ,116607.30 ,123666.2197,117130.0703,122222.9565,121577.9867,120398.145,,,,,-1,3,5.01 ,3.61 ,0,14579,4926,21.05 ,37.51 ,22.34 ,0.96 ,0.88 ,1.64 ,-1,-1057.65 ,-437.85 
2025-10-11T05:00:00+09:00,116607.30 ,117138.30 ,112891.40 ,114193.80 ,124207.2456,115841.4344,122197.1755,121442.4117,120024.34,,,,,-1,3,7.23 ,5.79 ,0,23263,5995,15.21 ,33.44 ,24.88 ,1.89 ,0.99 ,1.85 ,-1,-1373.95 ,-576.44 
2025-10-11T06:00:00+09:00,114193.80 ,115059.20 ,101668.10 ,113259.50 ,124657.2329,114561 ,122165.647,121288.8883,119609.035,,,,,-1,3,8.12 ,6.67 ,0,98601,10858,13.63 ,32.07 ,28.34 ,5.21 ,1.36 ,2.54 ,-1,-1680.64 ,-751.83 
2025-10-11T07:00:00+09:00,113259.50 ,114060.90 ,111154.80 ,113610.20 ,124874.7064,113604.9036,122139.8835,121134.39,119239.805,,,,,-1,3,7.79 ,6.34 ,0,18405,11620,17.11 ,33.12 ,32.11 ,4.32 ,1.65 ,3.08 ,-1,-1873.80 ,-951.51 
2025-10-11T08:00:00+09:00,113610.20 ,114750.00 ,112676.70 ,112709.00 ,125072.6582,112581.5318,122104.029,120965.95,118827.095,,,,,-1,3,8.65 ,7.19 ,0,8923,11936,15.39 ,31.83 ,36.02 ,3.52 ,1.88 ,3.51 ,-1,-2075.67 ,-1165.62 
2025-10-11T09:00:00+09:00,112709.00 ,113134.10 ,111568.80 ,112429.80 ,125119.9715,111658.0185,122067.756,120796.8517,118388.995,,,,,-1,3,8.92 ,7.45 ,0,6347,12159,14.90 ,31.44 ,39.98 ,2.81 ,2.06 ,3.84 ,-1,-2232.45 ,-1378.07 
2025-10-11T10:00:00+09:00,112429.80 ,112468.20 ,110966.50 ,111037.30 ,125147.055,110581.495,122023.5825,120604.94,117864.275,,,,,-1,3,10.28 ,8.80 ,0,4658,12292,12.69 ,29.60 ,43.94 ,2.35 ,2.20 ,4.11 ,-1,-2440.92 ,-1591.98 
2025-10-11T11:00:00+09:00,111037.30 ,113229.50 ,111025.00 ,113152.60 ,124835.0273,110078.0127,121987.0205,120452.995,117456.52,,101668.1,,,-1,3,8.22 ,10.15 ,0,5027,12373,29.71 ,35.46 ,47.64 ,2.19 ,2.33 ,4.35 ,-1,-2407.70 ,-1780.78 
2025-10-11T12:00:00+09:00,113152.60 ,113278.50 ,111760.00 ,112271.10 ,124556.1823,109494.5577,121944.457,120288.585,117025.37,,,,,-1,3,9.07 ,9.44 ,0,3890,12422,27.32 ,34.25 ,50.94 ,1.92 ,2.44 ,4.56 ,-1,-2424.55 ,-1951.92 
2025-10-11T13:00:00+09:00,112271.10 ,112935.40 ,111655.40 ,112891.40 ,124023.0134,109159.1766,121905.919,120120.305,116591.095,,,,,-1,3,8.47 ,9.94 ,0,3026,12474,31.50 ,35.82 ,53.71 ,1.65 ,2.53 ,4.72 ,-1,-2360.64 ,-2096.70 
2025-10-11T14:00:00+09:00,112891.40 ,112891.40 ,111949.00 ,112338.70 ,123476.0431,108815.7969,121867.12,119926.3933,116145.92,,,,,-1,3,9.01 ,9.50 ,0,2981,12515,29.85 ,35.06 ,56.00 ,1.39 ,2.60 ,4.85 ,-1,-2327.75 ,-2202.68 
2025-10-11T15:00:00+09:00,112338.70 ,112718.50 ,111948.90 ,112001.40 ,122792.4944,108555.5956,121826.048,119736.62,115674.045,,,,,-1,3,9.33 ,9.23 ,0,1642,12552,28.86 ,34.60 ,57.96 ,1.16 ,2.65 ,4.95 ,-1,-2302.37 ,-2271.76 
2025-10-11T16:00:00+09:00,112001.40 ,112050.40 ,110027.00 ,110333.30 ,122070.0965,108161.9935,121775.307,119519.135,115116.045,,,,,-1,3,10.99 ,7.85 ,0,5173,12739,24.52 ,32.45 ,59.68 ,1.39 ,2.73 ,5.10 ,-1,-2389.31 ,-2329.04 
2025-10-11T17:00:00+09:00,110333.30 ,111475.00 ,110115.00 ,111264.10 ,121084.9317,108119.8083,121731.1425,119326.84,114602.37,,,,,-1,3,10.06 ,8.62 ,0,4641,12894,30.77 ,34.76 ,61.16 ,1.33 ,2.81 ,5.24 ,-1,-2355.95 ,-2360.18 
2025-10-11T18:00:00+09:00,111264.10 ,111825.80 ,111207.90 ,111572.10 ,119850.2368,108351.5132,121689.842,119132.455,114100.875,,,122455,,-1,3,9.75 ,8.88 ,0,2626,12680,32.76 ,35.50 ,62.47 ,1.07 ,2.85 ,5.32 ,-1,-2278.39 ,-2365.29 
2025-10-11T19:00:00+09:00,111572.10 ,112207.20 ,111558.00 ,112046.20 ,118697.7625,108664.8575,121649.4725,118947.5567,113681.31,,,,,-1,3,9.29 ,9.26 ,0,1730,12172,35.81 ,36.64 ,63.52 ,0.90 ,2.86 ,5.34 ,-1,-2153.84 ,-2333.39 
2025-10-11T20:00:00+09:00,112046.20 ,112291.90 ,111604.40 ,112224.20 ,117763.8851,108923.9649,121609.676,118763.8817,113343.925,,,,,-1,3,9.12 ,9.41 ,0,1599,11396,36.96 ,37.06 ,64.31 ,0.80 ,2.83 ,5.29 ,-1,-2017.51 ,-2290.03 
2025-10-11T21:00:00+09:00,112224.20 ,112418.70 ,111972.90 ,112313.10 ,116893.2041,109209.5559,121571.2195,118589.4667,113051.38,,110027,,,-1,3,9.03 ,2.04 ,0,1084,10997,37.57 ,37.28 ,64.83 ,0.67 ,2.80 ,5.23 ,-1,-1880.62 ,-2229.60 
2025-10-11T22:00:00+09:00,112313.10 ,112448.60 ,111776.30 ,112198.90 ,116020.4449,109542.9451,121532.854,118417.745,112781.695,,,,,-1,3,9.14 ,1.94 ,0,2024,10722,37.08 ,37.11 ,65.11 ,0.65 ,2.78 ,5.18 ,-1,-1761.05 ,-2162.98 
2025-10-11T23:00:00+09:00,112198.90 ,112282.00 ,111802.70 ,111910.50 ,115066.7127,109969.7373,121492.9665,118256.5967,112518.225,,,,,-1,3,9.42 ,1.68 ,0,1199,10571,35.80 ,36.69 ,65.12 ,0.57 ,2.76 ,5.15 ,1,-1670.31 ,-2089.93 
2025-10-12T00:00:00+09:00,111910.50 ,112341.30 ,111730.40 ,111731.60 ,114017.057,110531.823,121453.5335,118085.5333,112274.44,,,,,-1,3,9.60 ,1.53 ,0,1807,9932,35.00 ,36.43 ,64.88 ,0.57 ,2.73 ,5.09 ,1,-1594.45 ,-2011.27 
2025-10-12T01:00:00+09:00,111731.60 ,112038.20 ,111396.00 ,111800.00 ,113667.2451,110642.2549,121412.473,117914.02,112154.75,,,,,-1,3,9.53 ,1.59 ,0,2199,8879,35.59 ,36.61 ,64.55 ,0.57 ,2.63 ,4.90 ,1,-1511.38 ,-1913.72 
2025-10-12T02:00:00+09:00,111800.00 ,112134.30 ,111659.70 ,111942.00 ,113515.4938,110662.2562,121370.8325,117745.4633,112088.875,,,,101668.1,-1,3,9.39 ,1.71 ,0,1343,4016,36.89 ,36.98 ,64.20 ,0.52 ,2.28 ,4.25 ,1,-1417.76 ,-1809.48 
2025-10-12T03:00:00+09:00,111942.00 ,111976.70 ,111775.90 ,111905.90 ,113248.6519,110758.6681,121328.306,117578.895,112003.66,112448.6,,,,-1,3,0.48 ,1.68 ,0,748,3133,36.68 ,36.92 ,63.86 ,0.41 ,1.98 ,3.70 ,1,-1331.12 ,-1704.23 
2025-10-12T04:00:00+09:00,111905.90 ,111975.70 ,110785.60 ,111112.80 ,113182.322,110665.378,121282.3195,117399.8717,111923.85,,,,,-1,3,1.20 ,0.98 ,0,2677,2821,32.48 ,35.71 ,63.67 ,0.63 ,1.77 ,3.30 ,1,-1311.35 ,-1610.62 
2025-10-12T05:00:00+09:00,111112.80 ,111300.70 ,109600.00 ,110182.40 ,113256.6707,110366.2893,121231.619,117216.05,111811.48,,,,,-1,3,2.06 ,0.14 ,0,3233,2665,28.38 ,34.35 ,63.70 ,0.94 ,1.62 ,3.03 ,1,-1355.13 ,-1537.02 
2025-10-12T06:00:00+09:00,110182.40 ,110943.40 ,109470.50 ,110839.50 ,113270.3524,110332.8276,121184.192,117034.165,111801.59,,,,,-1,3,1.45 ,0.73 ,0,2303,2548,34.66 ,36.10 ,63.93 ,1.06 ,1.53 ,2.85 ,1,-1321.57 ,-1474.90 
2025-10-12T07:00:00+09:00,110839.50 ,111237.00 ,110571.60 ,110972.80 ,113064.4895,110320.7105,121134.7,116848.62,111692.6,,,,,-1,3,1.33 ,0.85 ,0,2616,2427,35.89 ,36.45 ,64.20 ,0.91 ,1.43 ,2.67 ,1,-1269.58 ,-1420.29 
2025-10-12T08:00:00+09:00,110972.80 ,111063.70 ,110571.10 ,110574.90 ,113034.7546,110180.8254,121076.432,116647.19,111607.79,,,,,-1,3,1.69 ,0.50 ,0,956,2280,33.84 ,35.85 ,64.47 ,0.76 ,1.35 ,2.51 ,-1,-1246.12 ,-1373.16 
2025-10-12T09:00:00+09:00,110574.90 ,110609.40 ,109497.90 ,109573.10 ,112998.9809,109885 ,121011.673,116415.0767,111441.875,,,,,-1,4,2.62 ,0.41 ,0,2469,2253,29.31 ,34.40 ,64.88 ,0.85 ,1.28 ,2.40 ,-1,-1293.46 ,-1339.72 
2025-10-12T10:00:00+09:00,109573.10 ,110249.20 ,109563.90 ,109903.80 ,112956.4574,109683.8026,120950.9615,116207.4733,111320.13,,,,,-1,4,2.32 ,0.11 ,0,2656,2236,32.52 ,35.28 ,65.42 ,0.77 ,1.24 ,2.31 ,-1,-1289.43 ,-1315.06 
2025-10-12T11:00:00+09:00,109903.80 ,110635.40 ,109514.50 ,110035.90 ,112917.7202,109525.9898,120888.592,116020.5717,111221.855,,109470.5,,,-1,4,2.19 ,0.51 ,1,2658,2287,33.82 ,35.64 ,65.77 ,0.85 ,1.22 ,2.27 ,-1,-1261.03 ,-1297.64 
2025-10-12T12:00:00+09:00,110035.90 ,111283.70 ,109908.60 ,110612.50 ,112906.6041,109565.0259,120828.6385,115845.7983,111235.815,,,,,-1,4,1.66 ,1.03 ,0,7517,2404,39.29 ,37.16 ,65.56 ,0.98 ,1.19 ,2.21 ,-1,-1178.42 ,-1280.68 
2025-10-12T13:00:00+09:00,110612.50 ,111884.90 ,110530.70 ,111456.80 ,112919.0006,109571.8994,120773.9865,115707.365,111245.45,,,,,-1,4,0.89 ,1.78 ,0,2147,2280,46.29 ,39.32 ,64.63 ,1.05 ,1.16 ,2.17 ,-1,-1032.92 ,-1249.74 
2025-10-12T14:00:00+09:00,111456.80 ,111738.90 ,111111.10 ,111625.10 ,112923.8775,109572.3225,120720.8535,115552.4767,111248.1,,,,,-1,4,0.74 ,1.93 ,0,1365,2217,47.58 ,39.74 ,63.17 ,0.89 ,1.15 ,2.15 ,-1,-893.72 ,-1198.47 
2025-10-12T15:00:00+09:00,111625.10 ,112059.40 ,111526.20 ,111606.20 ,112870.6512,109581.5488,120666.7935,115402.5667,111226.1,,,,,-1,4,0.75 ,1.91 ,0,1692,2215,47.44 ,39.70 ,61.11 ,0.75 ,1.14 ,2.13 ,-1,-775.98 ,-1137.85 
2025-10-12T16:00:00+09:00,111606.20 ,111857.40 ,111395.20 ,111439.20 ,112770.5886,109603.1114,120613.0695,115244.8667,111186.85,,,,,-1,4,0.91 ,1.77 ,0,1430,2206,46.17 ,39.42 ,58.45 ,0.64 ,1.13 ,2.10 ,-1,-688.22 ,-1073.26 
2025-10-12T17:00:00+09:00,111439.20 ,111719.00 ,111209.90 ,111219.70 ,112629.7783,109634.5817,120558.8155,115080.9,111132.18,,,,,-1,4,1.10 ,1.57 ,0,1240,2214,44.47 ,39.05 ,55.30 ,0.58 ,1.12 ,2.09 ,-1,-629.13 ,-1004.70 
2025-10-12T18:00:00+09:00,111219.70 ,111830.50 ,111050.00 ,111748.10 ,112554.9987,109664.2813,120508.415,114919.9283,111109.64,,,,,-1,4,0.63 ,2.04 ,0,1382,2182,49.30 ,40.43 ,51.96 ,0.62 ,1.12 ,2.09 ,-1,-533.51 ,-920.26 
2025-10-12T19:00:00+09:00,111748.10 ,111950.00 ,111354.90 ,111572.30 ,112507.8107,109677.6493,120457.189,114752.4533,111092.73,,,,,-1,4,0.79 ,1.88 ,0,1026,2173,47.81 ,40.12 ,48.67 ,0.59 ,1.12 ,2.09 ,-1,-466.54 ,-828.83 
2025-10-12T20:00:00+09:00,111572.30 ,112050.00 ,111391.10 ,111767.50 ,112512.9299,109676.1201,120404.9895,114589.0367,111094.525,112059.4,,,,-1,4,0.26 ,2.06 ,0,1423,2154,49.63 ,40.64 ,45.60 ,0.59 ,1.12 ,2.09 ,-1,-393.18 ,-732.40 
2025-10-12T21:00:00+09:00,111767.50 ,112148.80 ,111458.90 ,111702.90 ,112499.0185,109680.3215,120351.219,114422.92,111089.67,,,,,-1,4,0.32 ,2.00 ,0,1733,2131,49.02 ,40.52 ,42.68 ,0.60 ,1.12 ,2.10 ,-1,-336.38 ,-638.84 
2025-10-12T22:00:00+09:00,111702.90 ,111860.50 ,111175.80 ,111230.80 ,112410.5375,109697.6825,120294.998,114250.6733,111054.11,,,,,-1,4,0.74 ,1.58 ,0,1695,2148,44.70 ,39.66 ,40.13 ,0.61 ,1.13 ,2.11 ,-1,-325.70 ,-560.26 
2025-10-12T23:00:00+09:00,111230.80 ,112930.00 ,111104.20 ,112230.20 ,112474.0244,109666.6256,120244.226,114104.5967,111070.325,,,,,1,1,0.15 ,2.46 ,0,8440,2533,53.95 ,42.30 ,37.89 ,0.94 ,1.17 ,2.19 ,-1,-233.90 ,-486.95 
2025-10-13T00:00:00+09:00,112230.20 ,113640.00 ,111979.90 ,113096.40 ,112828.318,109510.692,120198.3825,113973.4833,111169.505,,,,,1,1,0.92 ,3.21 ,0,9671,2883,60.17 ,44.44 ,36.05 ,1.11 ,1.21 ,2.25 ,-1,-90.21 ,-410.75 
2025-10-13T01:00:00+09:00,113096.40 ,114592.00 ,113096.40 ,113963.70 ,113352.3875,109364.7525,120157.0655,113853.015,111358.57,,,,,1,1,1.67 ,3.94 ,0,7591,3100,65.24 ,46.48 ,34.72 ,1.17 ,1.22 ,2.29 ,-1,92.58 ,-324.00 
2025-10-13T02:00:00+09:00,113963.70 ,114354.20 ,113413.40 ,113701.60 ,113723.7153,109279.6347,120114.683,113722.5133,111501.675,,,,109470.5,1,1,1.44 ,3.72 ,0,5093,3240,62.65 ,45.96 ,33.91 ,1.06 ,1.22 ,2.29 ,-1,213.83 ,-230.33 
2025-10-13T03:00:00+09:00,113701.60 ,114130.00 ,113430.90 ,113773.00 ,114057.2375,109226.1325,120073.098,113596.935,111641.685,,,,,1,1,1.51 ,3.78 ,0,1984,3208,63.08 ,46.13 ,33.62 ,0.91 ,1.22 ,2.29 ,-1,312.08 ,-136.38 
2025-10-13T04:00:00+09:00,113773.00 ,114303.20 ,113714.00 ,114251.90 ,114439.8664,109211.2036,120034.6855,113486.2317,111825.535,,,,,1,1,1.92 ,4.18 ,0,1570,3239,65.91 ,47.24 ,33.89 ,0.78 ,1.23 ,2.29 ,-1,423.71 ,-37.46 
2025-10-13T05:00:00+09:00,114251.90 ,115381.20 ,114246.10 ,114840.70 ,114801.9952,109375.8348,119999.0165,113373.9617,112088.915,,,,,1,1,2.42 ,4.68 ,0,3411,3286,69.06 ,48.58 ,34.72 ,0.84 ,1.23 ,2.29 ,-1,553.30 ,67.70 
2025-10-13T06:00:00+09:00,114840.70 ,115555.90 ,114164.50 ,114809.70 ,115099.2984,109569.1216,119961.356,113266.7533,112334.21,,,,,1,1,2.40 ,4.65 ,0,4128,3360,68.70 ,48.52 ,36.08 ,0.97 ,1.24 ,2.32 ,-1,646.06 ,176.86 
2025-10-13T07:00:00+09:00,114809.70 ,115698.40 ,114809.60 ,115135.60 ,115399.6676,109778.7224,119927.2795,113161.6983,112589.195,,,,,1,1,2.67 ,4.92 ,0,3218,3388,70.44 ,49.26 ,37.75 ,0.90 ,1.24 ,2.32 ,-1,737.37 ,294.98 
2025-10-13T08:00:00+09:00,115135.60 ,115274.90 ,114655.00 ,114873.90 ,115627.0963,109977.4337,119892.918,113051.375,112802.265,,,,,1,1,2.45 ,4.70 ,0,1935,3109,67.21 ,48.68 ,39.41 ,0.78 ,1.23 ,2.29 ,-1,779.63 ,407.59 
2025-10-13T09:00:00+09:00,114873.90 ,115811.90 ,114671.30 ,115181.10 ,115922.8766,110054.0834,119860.426,112945.4333,112988.48,,,,,1,1,2.71 ,4.96 ,0,2419,3122,69.01 ,49.39 ,41.15 ,0.85 ,1.21 ,2.27 ,-1,828.36 ,509.66 
2025-10-13T10:00:00+09:00,115181.10 ,115645.00 ,114967.60 ,115603.20 ,116261.1485,110113.6215,119829.9135,112845.4533,113187.385,,,,,1,1,3.07 ,5.30 ,0,1466,3127,71.34 ,50.35 ,42.95 ,0.76 ,1.20 ,2.25 ,-1,890.77 ,598.35 
2025-10-13T11:00:00+09:00,115603.20 ,115867.60 ,114902.20 ,115236.50 ,116476.3067,110261.4933,119798.422,112758.77,113368.9,,,,,1,1,2.76 ,5.00 ,0,1737,3130,66.65 ,49.52 ,44.82 ,0.79 ,1.21 ,2.25 ,-1,900.26 ,674.62 
2025-10-13T12:00:00+09:00,115236.50 ,115528.00 ,114520.30 ,114732.20 ,116562.4948,110504.6052,119762.4375,112688.1083,113533.55,,,,,1,1,2.33 ,4.59 ,0,2173,3167,60.74 ,48.39 ,46.33 ,0.82 ,1.22 ,2.28 ,-1,857.21 ,735.19 
2025-10-13T13:00:00+09:00,114732.20 ,114924.70 ,114338.10 ,114642.50 ,116573.9277,110835.4523,119726.4535,112629.4167,113704.69,,,,,1,1,2.25 ,4.51 ,0,2640,3237,59.73 ,48.20 ,47.36 ,0.72 ,1.23 ,2.30 ,-1,806.56 ,777.73 
2025-10-13T14:00:00+09:00,114642.50 ,114769.10 ,114441.60 ,114557.00 ,116589.8141,111100.4559,119688.528,112578.8233,113845.135,,,,,1,1,2.18 ,4.44 ,0,1101,3223,58.72 ,48.00 ,47.96 ,0.57 ,1.23 ,2.29 ,-1,750.86 ,799.68 
2025-10-13T15:00:00+09:00,114557.00 ,115322.00 ,114356.90 ,115156.50 ,116615.7883,111432.9017,119653.1605,112545.1,114024.345,,,,,1,1,2.69 ,4.94 ,0,1976,3270,63.38 ,49.44 ,48.39 ,0.66 ,1.23 ,2.30 ,-1,746.49 ,810.84 
2025-10-13T16:00:00+09:00,115156.50 ,115510.40 ,114955.70 ,115350.00 ,116636.5827,111770.3573,119618.187,112524.145,114203.47,115867.6,,,,1,1,0.45 ,5.10 ,0,2266,3312,64.76 ,49.90 ,48.63 ,0.60 ,1.23 ,2.30 ,-1,750.00 ,812.24 
2025-10-13T17:00:00+09:00,115350.00 ,115373.40 ,115069.30 ,115182.50 ,116554.625,112200.275,119583.5615,112540.6233,114377.45,,,,,1,1,0.59 ,4.96 ,0,1405,3296,62.56 ,49.51 ,48.70 ,0.49 ,1.23 ,2.29 ,-1,730.83 ,806.82 
2025-10-13T18:00:00+09:00,115182.50 ,115194.90 ,114703.30 ,115053.90 ,116213.3439,112923.8661,119547.2055,112570.53,114568.605,,114338.1,,,1,1,0.71 ,0.62 ,0,1473,3285,60.85 ,49.20 ,48.32 ,0.47 ,1.21 ,2.27 ,-1,697.23 ,792.25 
2025-10-13T19:00:00+09:00,115053.90 ,115090.80 ,114674.40 ,114756.90 ,115941.8511,113448.0289,119500.977,112589.6417,114694.94,,,,,1,1,0.97 ,0.36 ,0,1092,2918,56.98 ,48.49 ,47.77 ,0.43 ,1.18 ,2.20 ,1,639.27 ,764.30 
2025-10-13T20:00:00+09:00,114756.90 ,114756.90 ,113550.00 ,114131.90 ,115793.8069,113699.6231,119452.92,112613.3567,114746.715,,,,,-1,1,1.52 ,0.18 ,0,6316,2750,49.79 ,47.04 ,46.93 ,0.64 ,1.14 ,2.13 ,1,536.71 ,723.91 
2025-10-13T21:00:00+09:00,114131.90 ,114711.80 ,113871.80 ,114369.60 ,115767.2972,113766.7228,119398.944,112645.6867,114767.01,,,,,-1,1,1.31 ,0.03 ,0,2740,2507,52.26 ,47.65 ,45.83 ,0.67 ,1.10 ,2.06 ,1,469.21 ,680.80 
2025-10-13T22:00:00+09:00,114369.60 ,115484.60 ,114172.60 ,115303.20 ,115744.5328,113949.6472,119349.882,112716.785,114847.09,,,,,-1,1,0.49 ,0.84 ,0,10867,2796,60.47 ,49.96 ,44.34 ,0.82 ,1.09 ,2.03 ,1,485.45 ,645.12 
2025-10-13T23:00:00+09:00,115303.20 ,115423.40 ,113730.00 ,113970.10 ,115710.2348,114003.6552,119294.7965,112730.41,114856.945,,,,,-1,1,1.66 ,0.32 ,0,5646,2979,47.82 ,46.94 ,42.32 ,1.05 ,1.10 ,2.05 ,1,386.29 ,604.61 
2025-10-14T00:00:00+09:00,113970.10 ,114680.80 ,113921.90 ,114265.60 ,115708.9956,114006.2644,119242.6265,112763.6517,114857.63,,,,,-1,1,1.40 ,0.06 ,0,2649,3033,50.30 ,47.66 ,39.82 ,0.92 ,1.11 ,2.07 ,1,327.78 ,558.08 
2025-10-14T01:00:00+09:00,114265.60 ,115109.90 ,114208.30 ,114597.10 ,115704.3725,113986.5275,119192.675,112792.08,114845.45,,113550,,,-1,1,1.11 ,0.91 ,0,3655,3045,53.00 ,48.45 ,37.28 ,0.87 ,1.11 ,2.07 ,1,304.65 ,508.60 
2025-10-14T02:00:00+09:00,114597.10 ,115000.00 ,114144.40 ,114977.50 ,115714.4782,113993.2018,119152.5695,112836.06,114853.84,,,,,-1,1,0.77 ,1.24 ,0,2258,2952,55.96 ,49.35 ,34.68 ,0.83 ,1.10 ,2.05 ,1,313.39 ,462.22 
2025-10-14T03:00:00+09:00,114977.50 ,115307.50 ,114644.60 ,115096.40 ,115710.1178,113993.6422,119113.0515,112887.6433,114851.88,115484.6,,,,-1,1,0.34 ,1.34 ,0,2801,2931,56.87 ,49.63 ,32.39 ,0.74 ,1.09 ,2.03 ,1,326.16 ,420.99 
2025-10-14T04:00:00+09:00,115096.40 ,115832.00 ,115005.30 ,115716.10 ,115831.4106,113956.5694,119074.5305,112977.3567,114893.99,,,,,1,1,0.20 ,1.87 ,0,4493,3059,61.37 ,51.08 ,30.56 ,0.73 ,1.08 ,2.02 ,1,381.88 ,392.39 
2025-10-14T05:00:00+09:00,115716.10 ,115800.00 ,115323.10 ,115642.10 ,115902.9809,113931.0991,119037.5605,113050.3233,114917.04,,,,,1,1,0.14 ,1.81 ,0,1686,3022,60.56 ,50.90 ,29.14 ,0.63 ,1.07 ,1.99 ,1,415.28 ,378.90 
2025-10-14T06:00:00+09:00,115642.10 ,115711.90 ,115484.30 ,115635.90 ,115909.2595,113928.0905,119000.1575,113118.0533,114918.675,,,,,1,1,0.13 ,1.80 ,0,571,2977,60.49 ,50.88 ,28.23 ,0.48 ,1.05 ,1.95 ,1,436.22 ,375.23 
2025-10-14T07:00:00+09:00,115635.90 ,115769.00 ,115356.20 ,115429.30 ,115934.71,113921.92,118962.38,113174.4383,114928.315,,,115867.6,,1,1,0.05 ,1.63 ,0,851,2933,58.00 ,50.37 ,27.70 ,0.44 ,1.02 ,1.90 ,1,431.18 ,369.20 
2025-10-14T08:00:00+09:00,115429.30 ,115429.40 ,114934.00 ,115124.80 ,115953.5884,113942.3016,118924.2015,113222.7817,114947.945,,,,,1,1,0.31 ,1.37 ,0,2071,2928,54.46 ,49.63 ,27.14 ,0.44 ,0.99 ,1.85 ,1,398.02 ,370.51 
2025-10-14T09:00:00+09:00,115124.80 ,115369.10 ,114817.60 ,114908.40 ,115957.365,113965.115,118882.633,113266.0367,114961.24,115832,,,,1,1,0.80 ,1.18 ,0,1372,2864,52.02 ,49.10 ,26.52 ,0.45 ,0.97 ,1.81 ,1,350.25 ,373.00 
2025-10-14T10:00:00+09:00,114908.40 ,114942.20 ,114079.00 ,114215.90 ,115978.3638,113910.0062,118838.701,113299.6533,114944.185,,,,,1,1,1.41 ,0.58 ,0,1814,2900,45.08 ,47.44 ,26.03 ,0.56 ,0.97 ,1.81 ,1,253.58 ,367.33 
2025-10-14T11:00:00+09:00,114215.90 ,114246.00 ,113562.60 ,113587.80 ,116050.5952,113680.9048,118791.879,113327.6083,114865.75,,,,,1,1,1.98 ,0.03 ,0,3604,2982,39.88 ,46.01 ,25.65 ,0.57 ,0.96 ,1.80 ,-1,124.85 ,346.38 
2025-10-14T12:00:00+09:00,113587.80 ,113651.80 ,113221.90 ,113445.90 ,116083.5177,113457.5723,118746.3765,113356.18,114770.545,,,,,-1,1,2.10 ,0.09 ,0,2984,3017,38.79 ,45.69 ,25.45 ,0.51 ,0.96 ,1.79 ,-1,11.25 ,311.39 
2025-10-14T13:00:00+09:00,113445.90 ,113550.60 ,112730.50 ,113020.80 ,116164.3082,113160.6118,118698.1605,113376.5267,114662.46,,,,,-1,1,2.49 ,0.47 ,0,5286,3211,35.65 ,44.74 ,25.53 ,0.58 ,0.96 ,1.80 ,-1,-111.79 ,256.54 
2025-10-14T14:00:00+09:00,113020.80 ,113639.10 ,112318.40 ,112451.70 ,116302.8529,112761.8471,118647.0065,113385.0217,114532.35,,,,,-1,1,3.01 ,0.98 ,0,7245,3500,31.92 ,43.51 ,26.02 ,0.78 ,0.99 ,1.84 ,-1,-252.31 ,182.36 
2025-10-14T15:00:00+09:00,112451.70 ,112662.00 ,111302.90 ,111948.60 ,116484.991,112298.879,118590.819,113385.7333,114391.935,,,,,-1,1,3.47 ,1.43 ,0,6673,3779,29.03 ,42.46 ,27.28 ,0.93 ,1.02 ,1.91 ,-1,-399.67 ,89.48 
2025-10-14T16:00:00+09:00,111948.60 ,112167.30 ,111407.70 ,111676.30 ,116673.7329,111864.5771,118532.1165,113395.125,114269.155,,,,,-1,1,3.72 ,1.68 ,0,3985,3663,27.58 ,41.89 ,29.29 ,0.85 ,1.04 ,1.94 ,-1,-532.28 ,-17.57 
2025-10-14T17:00:00+09:00,111676.30 ,112101.60 ,111477.00 ,111769.70 ,116777.6893,111500.6307,118474.478,113421.58,114139.16,,,,,-1,1,3.63 ,1.59 ,0,2818,3666,28.90 ,42.16 ,31.68 ,0.75 ,1.05 ,1.95 ,-1,-622.67 ,-130.98 
2025-10-14T18:00:00+09:00,111769.70 ,111964.00 ,111000.00 ,111251.60 ,116799.1462,111074.0138,118410.8275,113428.4483,113936.58,,,,,-1,1,4.12 ,2.07 ,0,3996,3323,26.07 ,41.09 ,34.32 ,0.79 ,1.04 ,1.95 ,-1,-727.72 ,-250.75 
2025-10-14T19:00:00+09:00,111251.60 ,111297.90 ,110000.90 ,110584.00 ,116980.8964,110553.6536,118343.3795,113421.9683,113767.275,,,,,-1,1,4.75 ,2.68 ,0,7427,3412,22.95 ,39.76 ,37.18 ,0.92 ,1.03 ,1.93 ,-1,-854.98 ,-373.92 
2025-10-14T20:00:00+09:00,110584.00 ,111575.90 ,110562.30 ,111243.20 ,117001.4967,110230.8133,118280.6805,113433.1067,113616.155,,,,,-1,1,4.13 ,2.07 ,0,5133,3536,31.64 ,41.66 ,39.98 ,0.91 ,1.03 ,1.93 ,-1,-892.36 ,-486.95 
2025-10-14T21:00:00+09:00,111243.20 ,111290.00 ,110668.70 ,110742.10 ,116997.1308,109849.6792,118216.724,113452.59,113423.405,,,,,-1,1,4.60 ,2.54 ,0,3471,3527,28.97 ,40.67 ,42.64 ,0.80 ,1.03 ,1.92 ,-1,-951.46 ,-593.92 
2025-10-14T22:00:00+09:00,110742.10 ,111279.10 ,109796.70 ,110956.90 ,116875.2576,109569.4924,118153.8585,113470.1417,113222.375,,,,,-1,1,4.39 ,2.34 ,0,8183,3823,31.64 ,41.28 ,45.14 ,0.98 ,1.04 ,1.94 ,-1,-969.77 ,-689.25 
2025-10-14T23:00:00+09:00,110956.90 ,112142.80 ,110864.80 ,111368.00 ,116667.7436,109404.1664,118091.227,113492.3433,113035.955,,,,,-1,1,4.01 ,1.96 ,0,6359,4001,36.55 ,42.45 ,47.07 ,1.03 ,1.06 ,1.98 ,-1,-940.28 ,-765.69 
2025-10-15T00:00:00+09:00,111368.00 ,112833.10 ,110987.00 ,112829.50 ,116309.0002,109474.2498,118038.6415,113529.2933,112891.625,,,,,-1,1,2.66 ,0.64 ,0,7355,4144,50.24 ,46.31 ,48.21 ,1.22 ,1.10 ,2.05 ,-1,-789.87 ,-809.04 
2025-10-15T01:00:00+09:00,112829.50 ,113144.20 ,112117.10 ,112256.60 ,115905.3464,109539.3536,117980.9185,113542.6233,112722.35,,,,,-1,1,3.19 ,1.15 ,0,6832,4401,46.05 ,45.10 ,48.48 ,1.13 ,1.13 ,2.12 ,-1,-708.73 ,-828.65 
2025-10-15T02:00:00+09:00,112256.60 ,112849.80 ,111616.00 ,112673.20 ,115463.2319,109685.1981,117924.8035,113560.0917,112574.215,,,,,-1,1,2.80 ,0.78 ,0,5524,4649,49.36 ,46.15 ,47.98 ,1.11 ,1.18 ,2.21 ,-1,-603.85 ,-826.56 
2025-10-15T03:00:00+09:00,112673.20 ,113376.70 ,112568.60 ,112763.90 ,115020.1443,109861.7457,117869.0785,113579.3867,112440.945,,109796.7,,,-1,1,2.72 ,2.63 ,0,3733,4793,50.08 ,46.38 ,46.78 ,0.98 ,1.22 ,2.28 ,-1,-507.56 ,-802.10 
2025-10-15T04:00:00+09:00,112763.90 ,113468.10 ,111938.80 ,112539.60 ,114580.3338,110043.0362,117810.95,113597.7267,112311.685,,,,,-1,1,2.93 ,2.44 ,0,7580,5069,48.25 ,45.89 ,45.09 ,1.11 ,1.27 ,2.38 ,-1,-444.22 ,-756.46 
2025-10-15T05:00:00+09:00,112539.60 ,112951.20 ,112166.90 ,112941.00 ,114172.5706,110254.0594,117753.2105,113626.415,112213.315,,,,,-1,1,2.56 ,2.78 ,0,1889,5094,51.65 ,46.91 ,42.85 ,0.97 ,1.31 ,2.45 ,-1,-357.52 ,-697.03 
2025-10-15T06:00:00+09:00,112941.00 ,113139.00 ,112647.00 ,113076.10 ,113937.4767,110375.1733,117693.7245,113648.5483,112156.325,,,,,-1,1,2.44 ,2.90 ,0,1579,5083,52.77 ,47.25 ,40.49 ,0.79 ,1.33 ,2.48 ,-1,-274.74 ,-621.84 
2025-10-15T07:00:00+09:00,113076.10 ,113527.80 ,112775.00 ,113160.20 ,113856.108,110413.782,117637.167,113675.0133,112134.945,,,,,-1,1,2.36 ,2.97 ,0,1602,4983,53.49 ,47.47 ,38.12 ,0.75 ,1.34 ,2.50 ,-1,-200.04 ,-536.31 
2025-10-15T08:00:00+09:00,113160.20 ,113467.20 ,112956.10 ,112977.80 ,113772.4346,110450.6454,117577.3655,113695.185,112111.54,,,,,-1,1,2.53 ,2.82 ,0,1419,4904,51.64 ,47.04 ,35.85 ,0.65 ,1.35 ,2.52 ,-1,-153.79 ,-448.92 
2025-10-15T09:00:00+09:00,112977.80 ,113070.40 ,112550.00 ,112935.50 ,113759.2222,110455.3278,117514.9535,113715.7283,112107.275,,,,,-1,1,2.56 ,2.78 ,0,2259,4753,51.20 ,46.94 ,33.70 ,0.59 ,1.35 ,2.52 ,-1,-119.18 ,-374.40 
2025-10-15T10:00:00+09:00,112935.50 ,112960.60 ,112257.40 ,112680.00 ,113783.1074,110454.2726,117452.1475,113739.8817,112118.69,,,,,-1,1,2.80 ,2.56 ,0,1739,4478,48.50 ,46.34 ,31.90 ,0.60 ,1.34 ,2.50 ,-1,-111.08 ,-308.00 
2025-10-15T11:00:00+09:00,112680.00 ,113568.70 ,112610.30 ,112758.70 ,113844.3832,110474.0068,117386.0865,113748.69,112159.195,,,,,-1,1,2.73 ,2.63 ,0,2332,4261,49.39 ,46.55 ,30.04 ,0.68 ,1.32 ,2.47 ,-1,-97.19 ,-251.70 
2025-10-15T12:00:00+09:00,112758.70 ,112812.90 ,111764.00 ,111978.20 ,113847.27,110501.31,117319.2155,113730.0533,112174.29,,,,,-1,1,3.44 ,1.95 ,0,2608,4192,41.73 ,44.73 ,28.36 ,0.77 ,1.31 ,2.45 ,-1,-147.47 ,-211.69 
2025-10-15T13:00:00+09:00,111978.20 ,112433.00 ,111681.10 ,112306.10 ,113864.4563,110537.7637,117254.8725,113702.4267,112201.11,,,,,-1,1,3.14 ,2.23 ,0,1809,4141,45.55 ,45.64 ,26.94 ,0.74 ,1.31 ,2.45 ,-1,-159.02 ,-180.00 
2025-10-15T14:00:00+09:00,112306.10 ,112619.90 ,112131.80 ,112380.70 ,113863.8368,110651.2932,117191.403,113680.4117,112257.565,,,,,-1,1,3.07 ,2.30 ,0,1915,4037,46.41 ,45.85 ,25.82 ,0.63 ,1.30 ,2.43 ,-1,-160.30 ,-158.09 
2025-10-15T15:00:00+09:00,112380.70 ,112537.50 ,111836.30 ,112408.10 ,113759.8702,110937.6698,117128.393,113657.6633,112348.77,,,,,-1,1,3.05 ,2.32 ,0,2038,3768,46.74 ,45.93 ,25.06 ,0.63 ,1.28 ,2.39 ,-1,-157.30 ,-145.04 
2025-10-15T16:00:00+09:00,112408.10 ,112644.80 ,112175.00 ,112520.40 ,113730.3271,111094.9329,117067.868,113628.805,112412.63,113568.7,,,,-1,1,0.93 ,2.42 ,0,1016,3562,48.17 ,46.25 ,24.43 ,0.56 ,1.25 ,2.34 ,1,-144.19 ,-138.84 
2025-10-15T17:00:00+09:00,112520.40 ,113473.90 ,112487.20 ,112890.10 ,113605.225,111434.835,117007.996,113596.295,112520.03,,,,,-1,1,0.60 ,2.74 ,0,3175,3547,52.65 ,47.31 ,23.66 ,0.66 ,1.24 ,2.32 ,1,-102.79 ,-133.17 
2025-10-15T18:00:00+09:00,112890.10 ,113069.20 ,112323.00 ,112506.70 ,113412.9891,111782.0509,116947.217,113557.9117,112597.52,,111681.1,,109796.7,-1,1,0.94 ,0.73 ,0,1999,3238,48.01 ,46.34 ,22.94 ,0.66 ,1.22 ,2.28 ,1,-99.77 ,-131.01 
2025-10-15T19:00:00+09:00,112506.70 ,112599.00 ,111979.60 ,112218.20 ,113259.8641,112020.1959,116887.2295,113509.2883,112640.03,,,,,-1,1,1.20 ,0.48 ,0,3507,3095,44.81 ,45.63 ,22.13 ,0.63 ,1.19 ,2.22 ,1,-119.27 ,-131.92 
2025-10-15T20:00:00+09:00,112218.20 ,112556.10 ,111634.30 ,111853.90 ,113292.0328,111890.4672,116825.072,113458.955,112591.25,,,,,-1,1,1.53 ,0.15 ,0,3591,2907,41.09 ,44.74 ,21.31 ,0.69 ,1.15 ,2.15 ,1,-162.26 ,-139.15 
2025-10-15T21:00:00+09:00,111853.90 ,112043.30 ,111320.00 ,111671.00 ,113358.6137,111765.3263,116761.1065,113400.4533,112561.97,,,,,-1,2,1.70 ,0.01 ,0,2898,2711,39.32 ,44.30 ,20.66 ,0.68 ,1.12 ,2.08 ,1,-208.68 ,-145.95 
2025-10-15T22:00:00+09:00,111671.00 ,111967.60 ,110678.00 ,111336.70 ,113451.4722,111538.8178,116695.997,113329.345,112495.145,113473.9,,,,-1,2,1.92 ,0.31 ,0,5192,2694,36.26 ,43.50 ,20.25 ,0.84 ,1.10 ,2.05 ,1,-269.34 ,-158.21 
2025-10-15T23:00:00+09:00,111336.70 ,112196.20 ,110739.40 ,111006.90 ,113552.8168,111261.7732,116631.7615,113258.8517,112407.295,,,,,-1,2,2.22 ,0.61 ,0,6065,2810,33.48 ,42.72 ,19.99 ,1.00 ,1.10 ,2.05 ,1,-340.10 ,-178.19 
2025-10-16T00:00:00+09:00,111006.90 ,111533.30 ,110333.30 ,110756.40 ,113667.9542,110968.3158,116567.385,113192.5883,112318.135,,,,,-1,2,2.45 ,0.83 ,0,4425,2653,31.51 ,42.13 ,20.16 ,1.03 ,1.09 ,2.04 ,-1,-411.65 ,-206.45 
2025-10-16T01:00:00+09:00,110756.40 ,111062.10 ,110537.70 ,110703.70 ,113694.7742,110717.7658,116501.8075,113126.9417,112206.27,,,,,-1,2,2.50 ,0.88 ,0,2072,2662,31.10 ,42.01 ,20.76 ,0.84 ,1.08 ,2.02 ,-1,-467.22 ,-242.34 
2025-10-16T02:00:00+09:00,110703.70 ,111148.40 ,110100.00 ,111148.30 ,113610.2199,110609.5401,116437.283,113070.13,112109.88,,,,,-1,2,2.09 ,0.48 ,0,4325,2799,38.46 ,43.44 ,21.77 ,0.88 ,1.09 ,2.03 ,-1,-469.96 ,-283.14 
2025-10-16T03:00:00+09:00,111148.30 ,111452.80 ,110775.90 ,111396.20 ,113471.2097,110572.1503,116373.083,113007.4583,112021.68,,,,,-1,2,1.87 ,0.26 ,0,1717,2805,42.17 ,44.22 ,22.88 ,0.78 ,1.09 ,2.04 ,-1,-446.99 ,-321.72 
2025-10-16T04:00:00+09:00,111396.20 ,111500.00 ,111020.00 ,111214.00 ,113353.9346,110513.0454,116307.1635,112938.525,111933.49,,,,,-1,2,2.03 ,0.42 ,0,1702,2819,40.25 ,43.77 ,23.95 ,0.67 ,1.09 ,2.04 ,-1,-438.42 ,-357.18 
2025-10-16T05:00:00+09:00,111214.00 ,111499.00 ,110448.90 ,111032.90 ,113232.2293,110444.4907,116237.986,112869.365,111838.36,,,,,-1,2,2.20 ,0.58 ,0,4495,2931,38.38 ,43.31 ,24.99 ,0.76 ,1.11 ,2.06 ,-1,-441.16 ,-388.17 
2025-10-16T06:00:00+09:00,111032.90 ,111369.10 ,110428.90 ,110791.10 ,113152.7696,110335.0604,116172.6915,112798.3183,111743.915,,,,,-1,2,2.42 ,0.80 ,0,2785,2983,35.97 ,42.71 ,26.10 ,0.79 ,1.12 ,2.09 ,-1,-457.57 ,-415.82 
2025-10-16T07:00:00+09:00,110791.10 ,111342.90 ,110600.00 ,110607.60 ,113047.3467,110225.3733,116112.248,112729.1633,111636.36,,110100,113568.7,,-1,2,2.59 ,0.46 ,0,1213,2927,34.22 ,42.26 ,27.18 ,0.75 ,1.13 ,2.10 ,-1,-479.85 ,-439.21 
2025-10-16T08:00:00+09:00,110607.60 ,110967.50 ,110539.00 ,110711.20 ,113029.9396,110116.0804,116056.817,112672.1517,111573.01,,,,,-1,2,2.50 ,0.55 ,0,1328,2863,36.11 ,42.61 ,28.26 ,0.63 ,1.12 ,2.08 ,-1,-483.58 ,-455.16 
2025-10-16T09:00:00+09:00,110711.20 ,110808.40 ,110310.70 ,110385.20 ,112980.4409,109973.4891,116000.612,112605.745,111476.965,,,,,-1,2,2.80 ,0.26 ,0,1531,2849,32.90 ,41.79 ,29.28 ,0.57 ,1.10 ,2.06 ,-1,-506.99 ,-465.75 
2025-10-16T10:00:00+09:00,110385.20 ,111285.50 ,110371.70 ,111258.70 ,112867.9419,109973.7881,115951.526,112538.3367,111420.865,,,,,-1,2,1.99 ,1.04 ,0,1698,2839,46.59 ,44.69 ,30.10 ,0.65 ,1.10 ,2.06 ,-1,-449.87 ,-463.82 
2025-10-16T11:00:00+09:00,111258.70 ,111500.00 ,110963.80 ,111457.80 ,112748.2489,109998.4511,115904.6245,112496.465,111373.35,,,,,-1,2,1.81 ,1.22 ,0,1505,2812,49.14 ,45.33 ,30.63 ,0.59 ,1.10 ,2.06 ,-1,-384.11 ,-454.28 
2025-10-16T12:00:00+09:00,111457.80 ,111800.00 ,111205.90 ,111271.30 ,112581.2031,110040.5869,115853.2205,112446.56,111310.895,,,,,-1,2,1.98 ,1.05 ,0,1688,2846,46.89 ,44.84 ,30.58 ,0.57 ,1.10 ,2.06 ,-1,-343.09 ,-442.74 
2025-10-16T13:00:00+09:00,111271.30 ,111611.40 ,110750.50 ,110912.30 ,112264.4135,110159.5965,115798.371,112385.1467,111212.005,,,,,-1,2,2.31 ,0.73 ,0,1575,2765,42.81 ,43.90 ,30.20 ,0.64 ,1.10 ,2.06 ,1,-335.68 ,-431.32 
2025-10-16T14:00:00+09:00,110912.30 ,111420.00 ,110669.00 ,110883.70 ,112006.9441,110254.7659,115743.047,112316.9167,111130.855,,110310.7,,,-1,2,2.34 ,0.52 ,0,1688,2750,42.50 ,43.83 ,29.55 ,0.65 ,1.10 ,2.05 ,1,-328.33 ,-418.79 
2025-10-16T15:00:00+09:00,110883.70 ,111664.30 ,110853.60 ,111600.60 ,111855.8758,110344.0742,115691.301,112258.6533,111099.975,,,,,-1,2,1.68 ,1.16 ,0,1557,2652,52.07 ,46.16 ,28.50 ,0.68 ,1.10 ,2.06 ,1,-261.64 ,-397.02 
2025-10-16T16:00:00+09:00,111600.60 ,111718.50 ,110512.00 ,110532.10 ,111744 ,110323.4413,115637.536,112172.2533,111033.885,,,,,-1,2,2.66 ,0.20 ,0,4284,2687,41.09 ,43.42 ,27.17 ,0.82 ,1.11 ,2.08 ,1,-291.65 ,-376.11 
2025-10-16T17:00:00+09:00,110532.10 ,110856.70 ,110326.20 ,110766.40 ,111644.1501,110333.1599,115582.0035,112090.9917,110988.655,111800,,,,-1,2,0.93 ,0.41 ,0,1800,2632,43.88 ,44.16 ,25.98 ,0.70 ,1.11 ,2.08 ,1,-293.15 ,-354.95 
2025-10-16T18:00:00+09:00,110766.40 ,111606.60 ,109477.50 ,111106.90 ,111615.6907,110338.6393,115527.988,112015.5083,110977.165,,,,,-1,2,0.62 ,0.72 ,0,17111,3228,47.76 ,45.23 ,25.32 ,1.11 ,1.13 ,2.12 ,1,-263.81 ,-327.93 
2025-10-16T19:00:00+09:00,111106.90 ,111667.10 ,110981.30 ,111420.50 ,111665.0307,110330.6593,115475.1165,111948.695,110997.845,,,,,-1,2,0.34 ,1.00 ,0,2908,3070,51.11 ,46.19 ,25.26 ,0.94 ,1.13 ,2.11 ,1,-212.81 ,-301.59 
2025-10-16T20:00:00+09:00,111420.50 ,111528.00 ,110955.20 ,111362.70 ,111703.7527,110352.5673,115425.266,111885.9933,111028.16,,,,,-1,2,0.39 ,0.94 ,0,1703,2934,50.47 ,46.04 ,25.54 ,0.80 ,1.11 ,2.08 ,1,-175.04 ,-278.36 
2025-10-16T21:00:00+09:00,111362.70 ,111947.20 ,111284.10 ,111465.20 ,111750.174,110382.296,115373.261,111828.6067,111066.235,,,,,-1,2,0.30 ,1.04 ,0,3454,3003,51.63 ,46.36 ,25.83 ,0.73 ,1.10 ,2.06 ,1,-135.27 ,-255.26 
2025-10-16T22:00:00+09:00,111465.20 ,111511.60 ,110634.70 ,110805.10 ,111741.0909,110357.0591,115320.5685,111771.76,111049.075,,,,,-1,2,0.90 ,0.45 ,0,3511,2963,44.41 ,44.61 ,26.47 ,0.75 ,1.10 ,2.05 ,1,-155.23 ,-235.21 
2025-10-16T23:00:00+09:00,110805.10 ,111350.00 ,109638.30 ,110447.50 ,111721.4768,110281.8032,115264.0625,111719.4217,111001.64,,109477.5,,,-1,2,1.22 ,0.88 ,1,9251,3339,41.06 ,43.70 ,27.50 ,1.02 ,1.11 ,2.08 ,1,-197.62 ,-220.69 
2025-10-17T00:00:00+09:00,110447.50 ,110666.70 ,108271.00 ,108486.00 ,112169.2395,109561.2405,115198.721,111636.7567,110865.24,,,,,-1,3,3.05 ,0.91 ,0,11817,3845,28.40 ,39.22 ,28.98 ,1.43 ,1.17 ,2.18 ,1,-385.06 ,-234.40 
2025-10-17T01:00:00+09:00,108486.00 ,109208.00 ,107525.50 ,109183.10 ,112264.8942,109281 ,115132.995,111572.795,110772.75,,,,,-1,3,2.40 ,0.27 ,0,8950,4068,35.96 ,41.40 ,30.67 ,1.46 ,1.22 ,2.28 ,-1,-471.91 ,-254.43 
2025-10-17T02:00:00+09:00,109183.10 ,109193.40 ,108144.80 ,108221.40 ,112504.9828,108783.5472,115061.7475,111502.29,110644.265,111947.2,,,,-1,3,3.44 ,1.16 ,0,4822,4170,31.08 ,39.41 ,32.59 ,1.31 ,1.26 ,2.35 ,-1,-611.30 ,-289.78 
2025-10-17T03:00:00+09:00,108221.40 ,108600.00 ,107614.60 ,108599.50 ,112607.3255,108480.3945,114990.3445,111446.4717,110543.86,,,,,-1,3,3.08 ,0.81 ,0,5934,4406,34.82 ,40.56 ,34.76 ,1.17 ,1.29 ,2.41 ,-1,-683.38 ,-336.40 
2025-10-17T04:00:00+09:00,108599.50 ,108695.40 ,107633.50 ,108146.80 ,112725.555,108105.725,114917.0015,111387.6467,110415.64,,,,,-1,3,3.51 ,1.23 ,0,5820,4630,32.55 ,39.64 ,37.37 ,1.11 ,1.33 ,2.48 ,-1,-768.18 ,-398.11 
2025-10-17T05:00:00+09:00,108146.80 ,108379.90 ,107344.40 ,107799.30 ,112862.7184,107709.9716,114843.1195,111321.4733,110286.345,,,,,-1,3,3.85 ,1.56 ,0,3496,4729,30.88 ,38.95 ,40.20 ,1.06 ,1.37 ,2.55 ,-1,-853.58 ,-473.50 
2025-10-17T06:00:00+09:00,107799.30 ,108416.50 ,107536.40 ,108386.70 ,112805.047,107480.443,114772.293,111273.725,110142.745,,,,,-1,3,3.28 ,1.01 ,0,1658,4727,36.78 ,40.73 ,43.01 ,0.98 ,1.39 ,2.59 ,-1,-863.91 ,-554.46 
2025-10-17T07:00:00+09:00,108386.70 ,108459.00 ,107726.00 ,107748.10 ,112741.362,107173.158,114699.687,111226.46,109957.26,,,,,-1,3,3.90 ,1.61 ,0,1915,4747,33.44 ,39.45 ,45.60 ,0.88 ,1.41 ,2.63 ,-1,-913.09 ,-638.67 
2025-10-17T08:00:00+09:00,107748.10 ,108378.50 ,107677.30 ,108135.00 ,112623.8554,106977.0346,114629.6835,111174.6567,109800.445,,,,,-1,3,3.53 ,1.24 ,0,2131,4769,37.16 ,40.61 ,47.93 ,0.80 ,1.43 ,2.67 ,-1,-910.36 ,-717.86 
2025-10-17T09:00:00+09:00,108135.00 ,108788.30 ,107880.70 ,108730.60 ,112503.0708,106879.6492,114558.3955,111141.1317,109691.36,,,,,-1,3,2.96 ,0.69 ,0,2119,4796,42.50 ,42.33 ,49.74 ,0.81 ,1.44 ,2.69 ,-1,-850.33 ,-769.56 
2025-10-17T10:00:00+09:00,108730.60 ,109051.30 ,108451.00 ,108773.80 ,112368.8937,106802.8363,114482.3975,111104.7467,109585.865,,107344.4,,,-1,3,2.92 ,1.31 ,0,1584,4791,42.88 ,42.45 ,50.89 ,0.72 ,1.45 ,2.70 ,-1,-790.17 ,-804.92 
2025-10-17T11:00:00+09:00,108773.80 ,109000.40 ,108330.70 ,108906.50 ,112088.0413,106814.2787,114409.991,111063.7217,109451.16,,,,,-1,3,2.79 ,1.43 ,0,2058,4816,44.10 ,42.84 ,51.51 ,0.69 ,1.45 ,2.70 ,-1,-723.44 ,-817.38 
2025-10-17T12:00:00+09:00,108906.50 ,109166.70 ,108824.10 ,109101.60 ,111972.5932,106786.6768,114338.587,111001.59,109379.635,,,,,-1,3,2.61 ,1.61 ,0,1314,4668,45.92 ,43.41 ,51.53 ,0.56 ,1.43 ,2.66 ,-1,-647.35 ,-813.38 
2025-10-17T13:00:00+09:00,109101.60 ,109166.70 ,108712.00 ,108720.80 ,111803.9687,106750.7413,114268.182,110942.66,109277.355,,,,,-1,3,2.97 ,1.27 ,0,1217,4639,42.97 ,42.56 ,51.05 ,0.52 ,1.41 ,2.64 ,-1,-610.73 ,-795.88 
2025-10-17T14:00:00+09:00,108720.80 ,108857.00 ,108242.10 ,108329.70 ,111550.3016,106726.6884,114193.6545,110870.2683,109138.495,,,,,-1,3,3.34 ,0.91 ,0,1982,3882,40.12 ,41.72 ,50.30 ,0.53 ,1.37 ,2.56 ,-1,-606.29 ,-768.41 
2025-10-17T15:00:00+09:00,108329.70 ,108476.90 ,106587.60 ,106706.90 ,111297.7372,106507.8928,114111.4885,110769.3183,108902.815,,,,,-1,4,4.91 ,0.60 ,0,9328,4203,30.94 ,38.47 ,49.57 ,0.95 ,1.37 ,2.56 ,-1,-725.35 ,-753.01 
2025-10-17T16:00:00+09:00,106706.90 ,106866.10 ,105491.30 ,105590.30 ,111141.4051,106087 ,114023.2165,110653.4967,108614.195,,,,,-1,4,6.02 ,1.66 ,0,8356,4536,26.46 ,36.47 ,49.24 ,1.08 ,1.39 ,2.60 ,-1,-899.44 ,-751.49 
2025-10-17T17:00:00+09:00,105590.30 ,105661.30 ,104424.60 ,104843.60 ,110960.0846,105606.1454,113933.5445,110518.54,108283.115,,,111947.2,,-1,4,6.78 ,2.39 ,0,9486,4838,23.96 ,35.23 ,49.49 ,1.11 ,1.42 ,2.65 ,-1,-1085.15 ,-770.91 
2025-10-17T18:00:00+09:00,104843.60 ,105588.70 ,104482.00 ,104485.40 ,110861.8193,105072.4407,113843.4605,110375.3617,107967.13,109166.7,,,,-1,4,4.48 ,2.74 ,0,3704,4847,22.84 ,34.65 ,50.24 ,1.10 ,1.45 ,2.70 ,-1,-1246.85 ,-814.97 
2025-10-17T19:00:00+09:00,104485.40 ,104876.30 ,103469.30 ,104710.10 ,110670.4524,104690.0676,113759.114,110234.5267,107680.26,,,,,-1,4,4.26 ,2.52 ,0,6951,4732,25.20 ,35.33 ,51.60 ,1.18 ,1.46 ,2.72 ,-1,-1341.41 ,-876.22 
2025-10-17T20:00:00+09:00,104710.10 ,106560.40 ,104623.00 ,105611.60 ,110632.4496,104440.6304,113677.195,110111.7567,107536.54,,,,,-1,4,3.37 ,1.64 ,0,8792,4581,33.90 ,37.98 ,52.88 ,1.39 ,1.46 ,2.72 ,-1,-1328.30 ,-943.43 
2025-10-17T21:00:00+09:00,105611.60 ,106000.00 ,105152.30 ,105285.00 ,110488.7541,104194.5159,113593.166,109984.2483,107341.635,,,,,-1,4,3.69 ,1.96 ,0,2421,4254,32.43 ,37.41 ,53.93 ,1.20 ,1.44 ,2.68 ,-1,-1328.94 ,-1019.16 
2025-10-17T22:00:00+09:00,105285.00 ,106121.80 ,104802.40 ,105771.60 ,110410.1556,104028.1344,113511.747,109869.1083,107219.145,,,,,-1,4,3.21 ,1.49 ,0,5359,4281,36.83 ,38.80 ,54.55 ,1.21 ,1.43 ,2.67 ,-1,-1275.48 ,-1093.02 
2025-10-17T23:00:00+09:00,105771.60 ,105940.10 ,104479.00 ,105114.10 ,110295.4496,103794.3004,113427.8175,109741.6983,107044.875,,,,,-1,4,3.86 ,2.12 ,0,5867,4278,33.64 ,37.65 ,54.72 ,1.28 ,1.44 ,2.68 ,-1,-1271.51 ,-1166.94 
2025-10-18T00:00:00+09:00,105114.10 ,106788.60 ,105043.60 ,106741.10 ,110187.3899,103761.7901,113352.252,109654.4133,106974.59,,103469.3,,,-1,4,2.27 ,3.07 ,0,4061,4190,46.09 ,42.00 ,54.15 ,1.38 ,1.46 ,2.72 ,-1,-1124.12 ,-1211.24 
2025-10-18T01:00:00+09:00,106741.10 ,107507.60 ,106190.50 ,106326.70 ,110102.2599,103699.6601,113277.827,109554.7567,106900.96,,,,,-1,4,2.67 ,2.69 ,0,4586,4245,43.83 ,41.25 ,52.71 ,1.34 ,1.48 ,2.76 ,-1,-1028.89 ,-1225.63 
2025-10-18T02:00:00+09:00,106326.70 ,106676.20 ,106019.80 ,106398.30 ,109934.882,103668.198,113201.0555,109455.05,106801.54,,,,,-1,4,2.60 ,2.75 ,0,1342,4229,44.34 ,41.44 ,50.46 ,1.10 ,1.49 ,2.78 ,-1,-936.84 ,-1209.15 
2025-10-18T03:00:00+09:00,106398.30 ,107050.00 ,106398.30 ,106593.90 ,109847.6886,103639.9714,113123.4975,109358.1467,106743.83,,,,,-1,4,2.41 ,2.93 ,0,1426,4204,45.78 ,41.95 ,47.97 ,0.93 ,1.49 ,2.78 ,-1,-838.45 ,-1163.77 
2025-10-18T04:00:00+09:00,106593.90 ,106831.30 ,106170.40 ,106404.20 ,109697.0236,103617.5564,113042.215,109256.21,106657.29,,,,,-1,4,2.60 ,2.76 ,0,954,4145,44.57 ,41.59 ,45.34 ,0.83 ,1.49 ,2.79 ,-1,-766.93 ,-1099.94 
2025-10-18T05:00:00+09:00,106404.20 ,107122.60 ,106296.10 ,106971.40 ,109462.2598,103676.4002,112959.5725,109157.565,106569.33,,,,,-1,4,2.05 ,3.27 ,0,806,4080,48.90 ,43.07 ,42.44 ,0.81 ,1.49 ,2.79 ,-1,-656.92 ,-1025.34 
2025-10-18T06:00:00+09:00,106971.40 ,107382.10 ,106950.30 ,107240.90 ,109224.6822,103760.6878,112883.977,109069.8017,106492.685,107507.6,,,,-1,4,0.25 ,3.52 ,0,1123,4057,50.86 ,43.76 ,39.30 ,0.67 ,1.49 ,2.78 ,-1,-541.74 ,-937.87 
2025-10-18T07:00:00+09:00,107240.90 ,107366.80 ,106743.30 ,106927.40 ,108903.1393,103884.3207,112812.364,108981.6217,106393.73,,,,,-1,4,0.54 ,3.23 ,0,618,3985,48.53 ,43.14 ,36.15 ,0.64 ,1.49 ,2.77 ,-1,-470.33 ,-848.41 
2025-10-18T08:00:00+09:00,106927.40 ,106931.60 ,106323.60 ,106381.30 ,108438.6904,104076.7396,112738.776,108890.4117,106257.715,,,,,-1,4,1.06 ,2.74 ,0,681,3953,44.68 ,42.07 ,33.33 ,0.62 ,1.49 ,2.78 ,-1,-452.59 ,-757.42 
2025-10-18T09:00:00+09:00,106381.30 ,106793.50 ,106261.30 ,106780.00 ,108047.5203,104273.8297,112673.862,108808.895,106160.675,,,,,-1,4,0.68 ,3.10 ,0,867,3936,47.93 ,43.12 ,30.76 ,0.58 ,1.50 ,2.79 ,-1,-401.73 ,-677.16 
2025-10-18T10:00:00+09:00,106780.00 ,107247.50 ,106761.70 ,107094.20 ,107765.7175,104432.0825,112604.741,108738.1867,106098.9,,,,,-1,4,0.39 ,3.38 ,0,808,3877,50.40 ,43.93 ,28.42 ,0.54 ,1.50 ,2.79 ,-1,-332.24 ,-599.75 
2025-10-18T11:00:00+09:00,107094.20 ,107243.40 ,106450.00 ,106541.80 ,107746.9383,104434.3517,112534.446,108663.7683,106090.645,,,,,-1,4,0.91 ,2.88 ,0,1546,3488,46.24 ,42.83 ,26.29 ,0.61 ,1.47 ,2.74 ,-1,-318.07 ,-531.00 
2025-10-18T12:00:00+09:00,106541.80 ,107080.50 ,106521.40 ,107020.20 ,107849.0326,104475.2474,112465.041,108601.4983,106162.14,,,,,-1,4,0.46 ,3.32 ,0,780,3109,50.08 ,44.07 ,24.42 ,0.58 ,1.43 ,2.67 ,-1,-265.19 ,-467.31 
2025-10-18T13:00:00+09:00,107020.20 ,107032.00 ,106400.00 ,106434.80 ,107818.8641,104664.5359,112391.9265,108530.35,106241.7,,,,,-1,4,1.01 ,2.79 ,0,1322,2701,45.77 ,42.91 ,22.79 ,0.58 ,1.39 ,2.60 ,-1,-267.43 ,-411.80 
2025-10-18T14:00:00+09:00,106434.80 ,106793.60 ,106434.70 ,106764.60 ,107724.3331,104986.9869,112318.7175,108457.2883,106355.66,,,,,-1,4,0.70 ,3.09 ,0,640,2548,48.46 ,43.76 ,21.43 ,0.50 ,1.35 ,2.52 ,-1,-239.83 ,-365.46 
2025-10-18T15:00:00+09:00,106764.60 ,106903.40 ,106663.80 ,106802.60 ,107612.6122,105307.9578,112244.6265,108380.7283,106460.285,,,,103469.3,-1,4,0.66 ,3.12 ,0,596,2230,48.78 ,43.86 ,20.15 ,0.41 ,1.29 ,2.41 ,1,-212.44 ,-328.87 
2025-10-18T16:00:00+09:00,106802.60 ,107448.00 ,106588.40 ,106651.90 ,107598.728,105426 ,112170.0235,108304.6933,106512.3,,,,,-1,4,0.80 ,2.98 ,0,2875,1934,47.54 ,43.55 ,19.01 ,0.54 ,1.23 ,2.29 ,1,-200.58 ,-298.90 
2025-10-18T17:00:00+09:00,106651.90 ,106937.50 ,106572.50 ,106675.00 ,107511.8785,105651.7215,112095.049,108232.0617,106581.8,,,,,-1,4,0.78 ,3.01 ,0,1530,1889,47.76 ,43.61 ,18.12 ,0.47 ,1.17 ,2.19 ,1,-187.16 ,-269.41 
2025-10-18T18:00:00+09:00,106675.00 ,106893.30 ,106576.60 ,106839.90 ,107492.9281,105777.5019,112021.4205,108166.2083,106635.215,,,,,-1,4,0.62 ,3.15 ,0,480,1645,49.38 ,44.06 ,17.39 ,0.41 ,1.11 ,2.08 ,1,-161.36 ,-242.70 
2025-10-18T19:00:00+09:00,106839.90 ,107090.20 ,106734.50 ,106872.20 ,107226.3463,106219.8937,111950.8075,108103.9517,106723.12,,,,,-1,4,0.59 ,3.18 ,0,482,1376,49.71 ,44.15 ,16.90 ,0.39 ,1.05 ,1.95 ,1,-136.73 ,-220.98 
2025-10-18T20:00:00+09:00,106872.20 ,107162.20 ,106713.20 ,107150.10 ,107280.1906,106206.9494,111881.742,108044.6,106743.57,,,,,-1,4,0.33 ,3.44 ,0,530,1200,52.58 ,44.92 ,16.61 ,0.40 ,0.97 ,1.81 ,1,-93.71 ,-196.05 
2025-10-18T21:00:00+09:00,107150.10 ,107234.00 ,106890.90 ,106988.00 ,107287.3028,106265.9672,111810.723,107987.98,106776.635,107448,,,,-1,4,0.43 ,3.29 ,0,569,999,50.76 ,44.55 ,16.54 ,0.37 ,0.90 ,1.68 ,1,-71.87 ,-174.57 
2025-10-18T22:00:00+09:00,106988.00 ,107028.50 ,106740.40 ,106821.40 ,107278.1698,106317.4102,111737.1715,107914.025,106797.79,,,,,-1,4,0.59 ,3.14 ,0,388,951,48.89 ,44.18 ,16.62 ,0.34 ,0.84 ,1.57 ,1,-67.22 ,-152.32 
2025-10-18T23:00:00+09:00,106821.40 ,107070.10 ,106661.50 ,106969.20 ,107292.9144,106340.1956,111665.479,107839.215,106816.555,,,,,-1,4,0.45 ,3.27 ,0,680,914,50.63 ,44.60 ,16.65 ,0.35 ,0.80 ,1.49 ,1,-51.03 ,-131.35 
2025-10-19T00:00:00+09:00,106969.20 ,107085.40 ,106760.60 ,106887.30 ,107278.4063,106403.0137,111595.445,107766.1483,106840.71,,,,,-1,4,0.52 ,3.20 ,0,527,892,49.62 ,44.41 ,16.67 ,0.34 ,0.76 ,1.42 ,1,-44.29 ,-112.66 
2025-10-19T01:00:00+09:00,106887.30 ,107018.80 ,106417.30 ,106601.10 ,107267.4741,106376.9159,111520.566,107694.295,106822.195,,,,,-1,4,0.79 ,2.94 ,0,907,898,46.16 ,43.74 ,16.63 ,0.41 ,0.73 ,1.37 ,1,-61.34 ,-97.19 
2025-10-19T02:00:00+09:00,106601.10 ,106898.20 ,106509.30 ,106819.30 ,107202.9046,106399.3254,111448.4515,107626.555,106801.115,,,,,-1,4,0.59 ,3.14 ,0,275,855,49.08 ,44.39 ,16.45 ,0.40 ,0.71 ,1.33 ,1,-56.59 ,-82.68 
2025-10-19T03:00:00+09:00,106819.30 ,106869.10 ,106670.50 ,106788.10 ,107191.7492,106396.5508,111375.1975,107546.3467,106794.15,,,,,-1,4,0.62 ,3.11 ,0,169,833,48.67 ,44.32 ,16.10 ,0.33 ,0.69 ,1.28 ,1,-54.71 ,-70.83 
2025-10-19T04:00:00+09:00,106788.10 ,107040.40 ,106704.90 ,107012.20 ,107185.5907,106465.7993,111302.792,107487.6817,106825.695,,,,,-1,4,0.41 ,3.31 ,0,276,812,51.76 ,45.00 ,15.51 ,0.32 ,0.67 ,1.24 ,1,-34.74 ,-59.50 
2025-10-19T05:00:00+09:00,107012.20 ,107287.60 ,106932.00 ,106951.80 ,107197.593,106470.977,111229.863,107424.105,106834.285,,,,,-1,4,0.46 ,3.26 ,0,565,797,50.87 ,44.85 ,15.00 ,0.33 ,0.65 ,1.21 ,1,-23.52 ,-51.70 
2025-10-19T06:00:00+09:00,106951.80 ,107165.40 ,106778.30 ,107106.10 ,107199.9235,106469.8365,111157.3835,107357.425,106834.88,,106417.3,,,-1,4,0.32 ,0.64 ,1,300,772,53.08 ,45.32 ,14.48 ,0.34 ,0.63 ,1.18 ,1,-2.15 ,-43.96 
2025-10-19T07:00:00+09:00,107106.10 ,107222.00 ,107000.00 ,107050.00 ,107210.6473,106509.9327,111090.446,107284.5833,106860.29,,,,,-1,4,0.37 ,0.59 ,0,189,704,52.16 ,45.18 ,13.99 ,0.29 ,0.61 ,1.13 ,1,10.14 ,-35.36 
2025-10-19T08:00:00+09:00,107050.00 ,107140.90 ,106946.20 ,107118.00 ,107226.875,106503.485,111031.1765,107213.8383,106865.18,,,,,-1,4,0.31 ,0.65 ,0,197,675,53.22 ,45.39 ,13.52 ,0.26 ,0.58 ,1.09 ,1,25.08 ,-26.90 
2025-10-19T09:00:00+09:00,107118.00 ,107200.00 ,106692.50 ,106841.00 ,107189.2083,106581.7717,110974.5615,107136.7683,106885.49,,,,,-1,4,0.57 ,0.40 ,0,598,639,48.51 ,44.66 ,13.13 ,0.33 ,0.56 ,1.05 ,1,14.41 ,-20.38 
2025-10-19T10:00:00+09:00,106841.00 ,106938.40 ,106685.00 ,106925.40 ,107192.4981,106594.5619,110921.2255,107072.1067,106893.53,107287.6,,,,-1,4,0.34 ,0.48 ,0,287,621,49.97 ,44.94 ,12.82 ,0.30 ,0.55 ,1.03 ,1,12.61 ,-12.16 
2025-10-19T11:00:00+09:00,106925.40 ,106949.80 ,106758.80 ,106806.10 ,107192.464,106594.946,110869.3565,107011.4167,106893.705,,,,,-1,4,0.45 ,0.36 ,0,153,599,47.91 ,44.62 ,12.63 ,0.26 ,0.54 ,1.00 ,1,1.54 ,-5.71 
2025-10-19T12:00:00+09:00,106806.10 ,107329.20 ,106752.20 ,107203.30 ,107227.3672,106615.1828,110822.3365,106990.0383,106921.275,,,,,-1,4,0.08 ,0.73 ,0,720,491,54.61 ,45.93 ,12.44 ,0.35 ,0.52 ,0.98 ,1,24.54 ,3.10 
2025-10-19T13:00:00+09:00,107203.30 ,107221.90 ,106947.00 ,106995.70 ,107223.0397,106651.5803,110786.346,106953.5817,106937.31,,,,,-1,4,0.27 ,0.54 ,0,506,440,50.92 ,45.36 ,12.40 ,0.32 ,0.51 ,0.96 ,1,25.71 ,9.82 
2025-10-19T14:00:00+09:00,106995.70 ,107133.50 ,106773.70 ,106861.00 ,107222.8012,106653.9288,110754.3535,106930.9083,106938.365,,,,,-1,4,0.40 ,0.42 ,0,306,431,48.63 ,44.98 ,12.26 ,0.33 ,0.51 ,0.94 ,1,15.60 ,14.16 
2025-10-19T15:00:00+09:00,106861.00 ,106870.00 ,106522.50 ,106743.50 ,107227.6616,106636.1984,110720.02,106899.975,106931.93,,,,,-1,4,0.51 ,0.31 ,0,529,434,46.65 ,44.66 ,12.24 ,0.33 ,0.50 ,0.93 ,1,-1.88 ,14.19 
2025-10-19T16:00:00+09:00,106743.50 ,106881.80 ,106666.00 ,106749.80 ,107199.9592,106623.8708,110690.224,106876.6917,106911.915,,,,,-1,4,0.50 ,0.31 ,0,268,420,46.78 ,44.68 ,12.25 ,0.28 ,0.49 ,0.92 ,1,-15.05 ,11.39 
2025-10-19T17:00:00+09:00,106749.80 ,107171.30 ,106228.70 ,106407.10 ,107242.5988,106523.1412,110660.1105,106853.4883,106882.87,107329.2,,,,-1,5,0.87 ,0.01 ,0,2561,520,41.14 ,43.72 ,12.58 ,0.49 ,0.50 ,0.94 ,1,-52.53 ,2.77 
2025-10-19T18:00:00+09:00,106407.10 ,108169.80 ,106063.20 ,107350.00 ,107321.0002,106497.5998,110641.674,106836.21,106909.3,,,,,1,1,0.02 ,0.87 ,0,5515,776,56.63 ,46.93 ,12.97 ,0.98 ,0.55 ,1.02 ,1,-6.09 ,0.49 
2025-10-19T19:00:00+09:00,107350.00 ,107824.20 ,106938.10 ,107824.20 ,107525.5285,106378.5715,110615.032,106837.4783,106952.05,,,,,1,1,0.46 ,1.30 ,0,1569,821,62.04 ,48.45 ,13.35 ,0.92 ,0.59 ,1.10 ,1,68.20 ,6.67 
2025-10-19T20:00:00+09:00,107824.20 ,108187.00 ,107580.00 ,107728.80 ,107658.6744,106329.5756,110592.3205,106830.7083,106994.125,,,,,1,1,0.37 ,1.22 ,0,1891,889,60.41 ,48.16 ,13.87 ,0.80 ,0.63 ,1.17 ,1,118.02 ,19.61 
2025-10-19T21:00:00+09:00,107728.80 ,107807.90 ,107387.70 ,107602.40 ,107733.1791,106355.2009,110565.8755,106811.905,107044.19,,,,,1,1,0.25 ,1.10 ,0,593,873,58.22 ,47.79 ,14.56 ,0.67 ,0.65 ,1.20 ,1,145.62 ,33.07 
2025-10-19T22:00:00+09:00,107602.40 ,108172.50 ,107317.30 ,108037.80 ,107909.5997,106300.6303,110544.371,106799.6383,107105.115,,,,,1,1,0.66 ,1.50 ,0,892,904,63.16 ,49.18 ,15.42 ,0.71 ,0.67 ,1.25 ,-1,200.32 ,52.47 
2025-10-19T23:00:00+09:00,108037.80 ,108465.90 ,107826.60 ,108355.80 ,108140.2453,106226.7547,110526.143,106790.46,107183.5,,106063.2,,,1,1,0.95 ,2.12 ,1,1334,962,66.30 ,50.18 ,16.53 ,0.67 ,0.69 ,1.30 ,-1,266.26 ,80.32 
2025-10-20T00:00:00+09:00,108355.80 ,108566.00 ,108269.00 ,108429.30 ,108349.7155,106158.9945,110516.623,106779.255,107254.355,,,,,1,1,1.01 ,2.18 ,0,1067,1002,67.00 ,50.41 ,17.63 ,0.53 ,0.71 ,1.33 ,-1,320.75 ,116.17 
2025-10-20T01:00:00+09:00,108429.30 ,108918.50 ,108179.60 ,108569.00 ,108560.3728,106110.0572,110503.1475,106776.725,107335.215,,,,,1,1,1.14 ,2.31 ,0,1185,1033,68.35 ,50.84 ,19.04 ,0.58 ,0.73 ,1.36 ,-1,370.93 ,159.05 
2025-10-20T02:00:00+09:00,108569.00 ,109374.80 ,108557.90 ,109043.30 ,108859.1337,106005.0163,110490.5035,106788.6183,107432.075,,,,,1,1,1.57 ,2.73 ,0,2070,1122,72.45 ,52.30 ,20.85 ,0.64 ,0.75 ,1.40 ,-1,443.85 ,214.21 
2025-10-20T03:00:00+09:00,109043.30 ,109385.80 ,108962.40 ,109308.20 ,109176.0198,105913.9502,110476.8135,106831.9733,107544.985,,,,,1,1,1.81 ,2.97 ,0,791,1152,74.44 ,53.10 ,22.87 ,0.55 ,0.77 ,1.44 ,-1,517.06 ,272.33 
2025-10-20T04:00:00+09:00,109308.20 ,109308.30 ,108727.40 ,108845.90 ,109343.8142,105918.9458,110459.922,106886.2333,107631.38,,,,,1,1,1.39 ,2.56 ,0,704,1177,65.53 ,51.57 ,25.01 ,0.55 ,0.79 ,1.48 ,-1,531.65 ,323.83 
2025-10-20T05:00:00+09:00,108845.90 ,108930.80 ,108738.60 ,108779.80 ,109470.0648,105986.5752,110442.2555,106951.8367,107728.32,,,,,1,1,1.33 ,2.50 ,0,227,1158,64.35 ,51.35 ,27.11 ,0.42 ,0.80 ,1.49 ,-1,531.74 ,369.80 
2025-10-20T06:00:00+09:00,108779.80 ,108807.90 ,108541.90 ,108672.20 ,109562.7741,106068.5459,110424.622,107021.6167,107815.66,,,,,1,1,1.24 ,2.40 ,0,470,1168,62.37 ,51.00 ,28.90 ,0.36 ,0.81 ,1.50 ,-1,517.18 ,411.08 
2025-10-20T07:00:00+09:00,108672.20 ,109311.60 ,108672.20 ,109079.50 ,109694.6459,106164.0141,110410.467,107094.44,107929.33,,,,,1,1,1.60 ,2.77 ,0,851,1202,66.56 ,52.27 ,30.57 ,0.44 ,0.82 ,1.53 ,-1,532.36 ,447.97 
2025-10-20T08:00:00+09:00,109079.50 ,109079.60 ,108420.00 ,108595.30 ,109753.9921,106243.8679,110394.7855,107144.1683,107998.93,109385.8,,,,1,1,0.73 ,2.33 ,0,747,1204,58.25 ,50.67 ,31.81 ,0.50 ,0.83 ,1.55 ,-1,499.56 ,473.90 
2025-10-20T09:00:00+09:00,108595.30 ,108595.30 ,107376.50 ,108012.60 ,109743.4826,106356.0674,110375.8485,107189.6283,108049.775,,,,,1,1,1.27 ,1.80 ,0,2256,1291,50.14 ,48.84 ,32.34 ,0.71 ,0.86 ,1.60 ,-1,421.69 ,485.11 
2025-10-20T10:00:00+09:00,108012.60 ,108242.80 ,107850.10 ,108002.80 ,109711.0509,106502.6791,110356.1525,107226.815,108106.865,,,,,1,1,1.28 ,1.80 ,0,766,1314,50.01 ,48.81 ,32.20 ,0.59 ,0.88 ,1.64 ,-1,355.09 ,483.35 
2025-10-20T11:00:00+09:00,108002.80 ,108925.00 ,107794.50 ,108714.10 ,109700.9129,106709.8771,110340.1935,107286.815,108205.395,,,,,1,1,0.62 ,2.44 ,0,1534,1365,58.23 ,51.06 ,31.65 ,0.74 ,0.91 ,1.70 ,-1,355.61 ,473.55 
2025-10-20T12:00:00+09:00,108714.10 ,110397.70 ,108504.00 ,110089.60 ,109925.2293,106819.5407,110335.0775,107342.6233,108372.385,,,,,1,2,0.64 ,3.66 ,0,2581,1480,68.88 ,54.97 ,31.12 ,1.06 ,0.97 ,1.81 ,-1,461.69 ,467.40 
2025-10-20T13:00:00+09:00,110089.60 ,110475.00 ,109868.30 ,110369.00 ,110080.1767,107060.7833,110336.0105,107409.995,108570.48,,,,,1,2,0.89 ,3.90 ,0,1958,1450,70.52 ,55.71 ,30.78 ,0.89 ,1.00 ,1.86 ,-1,561.83 ,470.75 
2025-10-20T14:00:00+09:00,110369.00 ,111050.00 ,110232.10 ,110954.90 ,110479.4264,107022.0236,110336.5875,107485.9383,108750.725,,107376.5,,106063.2,1,2,1.41 ,3.23 ,0,1669,1258,73.66 ,57.20 ,30.53 ,0.83 ,0.99 ,1.84 ,-1,680.62 ,487.29 
2025-10-20T15:00:00+09:00,110954.90 ,111296.00 ,110928.00 ,111210.50 ,110897.9549,106942.1251,110337.776,107562.8817,108920.04,,,,,1,2,1.64 ,3.45 ,0,1450,1252,74.92 ,57.84 ,30.60 ,0.67 ,0.97 ,1.81 ,-1,786.32 ,517.20 
2025-10-20T16:00:00+09:00,111210.50 ,111354.90 ,110985.50 ,111111.00 ,111204.3344,106973.9656,110340.4565,107641.3283,109089.15,,,,,1,2,1.55 ,3.36 ,0,1362,1225,73.45 ,57.50 ,31.20 ,0.55 ,0.95 ,1.77 ,-1,852.24 ,552.74 
2025-10-20T17:00:00+09:00,111111.00 ,111600.00 ,110875.00 ,111022.40 ,111419.42,107100.88,110347.703,107708.845,109260.15,,,,,1,2,1.47 ,3.28 ,0,1430,1267,72.10 ,57.19 ,32.34 ,0.59 ,0.94 ,1.76 ,-1,887.11 ,595.80 
2025-10-20T18:00:00+09:00,111022.40 ,111139.00 ,110645.80 ,110919.10 ,111602.1739,107206.2561,110352.7795,107770.1483,109404.215,,,,,1,2,1.38 ,3.19 ,0,1175,1281,70.46 ,56.84 ,33.82 ,0.54 ,0.93 ,1.74 ,-1,896.07 ,648.51 
2025-10-20T19:00:00+09:00,110919.10 ,111060.20 ,110612.40 ,110694.40 ,111732.3468,107309.9432,110356.072,107832.9317,109521.145,,,,,1,2,1.18 ,3.00 ,0,701,1250,66.92 ,56.06 ,35.22 ,0.50 ,0.92 ,1.71 ,-1,874.96 ,706.27 
2025-10-20T20:00:00+09:00,110694.40 ,110990.60 ,110570.00 ,110982.20 ,111887.7075,107409.8725,110357.9205,107909.6133,109648.79,,,,,1,2,1.44 ,3.25 ,0,777,1235,69.06 ,56.83 ,36.50 ,0.46 ,0.91 ,1.70 ,-1,871.41 ,763.58 
2025-10-20T21:00:00+09:00,110982.20 ,111190.80 ,110677.20 ,110794.50 ,111994.4697,107525.6603,110354.609,107976.5217,109760.065,,,,,1,2,1.27 ,3.08 ,0,1059,1229,66.05 ,56.17 ,37.63 ,0.46 ,0.90 ,1.69 ,-1,843.72 ,806.03 
2025-10-20T22:00:00+09:00,110794.50 ,111150.00 ,110527.50 ,111106.60 ,112145.7446,107580.7154,110352.0165,108043.395,109863.23,111600,,,,1,2,0.44 ,3.36 ,0,1327,1192,68.51 ,57.02 ,38.47 ,0.49 ,0.89 ,1.67 ,-1,837.31 ,836.64 
2025-10-20T23:00:00+09:00,111106.60 ,111337.90 ,110665.30 ,111149.90 ,112288.8631,107621.7669,110349.735,108120.1967,109955.315,,,,,1,2,0.40 ,3.39 ,0,1585,1232,68.85 ,57.13 ,39.10 ,0.53 ,0.89 ,1.66 ,-1,826.20 ,852.81 
2025-10-21T00:00:00+09:00,111149.90 ,111648.70 ,110938.50 ,111072.10 ,112390.2361,107743.0139,110347.8995,108187.7283,110066.625,,,,,1,2,0.48 ,3.33 ,0,1943,1293,67.45 ,56.85 ,39.58 ,0.57 ,0.89 ,1.67 ,-1,801.87 ,854.54 
2025-10-21T01:00:00+09:00,111072.10 ,111260.50 ,110057.60 ,110640.10 ,112417.7703,107901.5097,110345.0015,108257.8167,110159.64,,,,,1,2,0.87 ,2.95 ,0,3794,1472,60.15 ,55.29 ,39.54 ,0.74 ,0.92 ,1.71 ,-1,739.21 ,841.98 
2025-10-21T02:00:00+09:00,110640.10 ,111050.00 ,109800.70 ,110238.20 ,112390.4658,108085.4142,110337.452,108315.71,110237.94,,,,,1,2,1.24 ,2.60 ,0,2204,1558,54.26 ,53.89 ,38.92 ,0.87 ,0.95 ,1.78 ,-1,649.64 ,815.60 
2025-10-21T03:00:00+09:00,110238.20 ,110916.70 ,110160.00 ,110882.40 ,112429.4018,108226.7682,110334.0025,108383.7067,110328.085,,,,,1,2,0.65 ,3.16 ,0,779,1555,60.87 ,55.73 ,37.82 ,0.81 ,0.98 ,1.83 ,-1,623.44 ,785.31 
2025-10-21T04:00:00+09:00,110882.40 ,111018.70 ,110472.10 ,110738.80 ,112385.3407,108485.1793,110328.859,108451.8217,110435.26,,,,,1,2,0.78 ,3.04 ,0,553,1545,58.83 ,55.23 ,36.26 ,0.70 ,1.00 ,1.86 ,-1,584.36 ,753.02 
2025-10-21T05:00:00+09:00,110738.80 ,111200.00 ,110587.30 ,111025.80 ,112200.8232,108971.0168,110325.4735,108524.335,110585.92,111648.7,,,,1,2,0.56 ,3.29 ,-1,716,1468,61.60 ,56.03 ,34.48 ,0.65 ,0.99 ,1.85 ,-1,569.97 ,719.52 
2025-10-21T06:00:00+09:00,111025.80 ,111186.40 ,110390.30 ,110502.40 ,111812 ,109609.8434,110321.8315,108585.3767,110710.9,,,,,1,2,1.04 ,2.83 ,0,764,1468,54.41 ,54.22 ,32.34 ,0.68 ,1.00 ,1.87 ,1,510.45 ,682.49 
2025-10-21T07:00:00+09:00,110502.40 ,110800.00 ,110348.80 ,110735.00 ,111423.6306,110200.2594,110314.3555,108649.7567,110811.945,,109800.7,,,1,2,0.83 ,0.84 ,0,381,1410,56.82 ,54.88 ,29.75 ,0.59 ,0.99 ,1.84 ,1,476.56 ,642.41 
2025-10-21T08:00:00+09:00,110735.00 ,110772.40 ,110466.00 ,110479.00 ,111370.3556,110292.4744,110301.2685,108705.2383,110831.415,,,,,1,2,1.06 ,0.61 ,0,329,1298,53.47 ,54.00 ,27.29 ,0.48 ,0.94 ,1.76 ,1,424.15 ,597.74 
2025-10-21T09:00:00+09:00,110479.00 ,110485.60 ,110111.70 ,110401.70 ,111366.5402,110299.5598,110283.4585,108762.1333,110833.05,,,,,1,2,1.13 ,0.54 ,0,539,1227,52.46 ,53.74 ,25.25 ,0.44 ,0.91 ,1.70 ,1,372.09 ,549.99 
2025-10-21T10:00:00+09:00,110401.70 ,110444.20 ,109502.80 ,109806.10 ,111467.9756,110083 ,110263.981,108811.8783,110775.61,,,,,1,2,1.68 ,0.00 ,0,1644,1226,45.37 ,51.74 ,23.84 ,0.58 ,0.89 ,1.66 ,1,279.55 ,498.91 
2025-10-21T11:00:00+09:00,109806.10 ,109867.50 ,109263.00 ,109469.60 ,111555.9573,109821.1727,110242.464,108853.5517,110688.565,,,,,-1,1,1.99 ,0.30 ,0,1493,1228,41.92 ,50.65 ,23.05 ,0.57 ,0.88 ,1.65 ,1,177.02 ,446.40 
2025-10-21T12:00:00+09:00,109469.60 ,109573.90 ,109020.00 ,109020.00 ,111692.9686,109475.0614,110216.3045,108889.0967,110584.015,,,,,-1,1,2.41 ,0.72 ,0,860,1203,37.79 ,49.24 ,22.79 ,0.55 ,0.88 ,1.65 ,-1,58.81 ,383.66 
2025-10-21T13:00:00+09:00,109020.00 ,109020.10 ,107604.80 ,107750.00 ,112060.695,108780.095,110180.851,108908.245,110420.395,,,,,-1,1,3.62 ,1.90 ,0,4305,1346,29.08 ,45.58 ,23.39 ,0.81 ,0.90 ,1.68 ,-1,-135.79 ,303.65 
2025-10-21T14:00:00+09:00,107750.00 ,107944.20 ,107403.40 ,107503.40 ,112305.3202,108193.8998,110144.3195,108919.6467,110249.61,,,,,-1,1,3.86 ,2.14 ,0,3001,1438,27.74 ,44.91 ,24.83 ,0.71 ,0.91 ,1.70 ,-1,-306.38 ,206.27 
2025-10-21T15:00:00+09:00,107503.40 ,108176.00 ,107461.30 ,107882.60 ,112395.4718,107822.5682,110108.0545,108937.8883,110109.02,,,,,-1,1,3.49 ,1.78 ,0,1455,1475,32.85 ,46.14 ,26.88 ,0.69 ,0.93 ,1.73 ,-1,-406.29 ,104.41 
2025-10-21T16:00:00+09:00,107882.60 ,108146.50 ,107609.10 ,108026.40 ,112381.0372,107541.4228,110073.817,108954.7917,109961.23,,,,,-1,1,3.35 ,1.64 ,0,1025,1488,34.74 ,46.60 ,29.29 ,0.63 ,0.94 ,1.76 ,-1,-468.47 ,-0.59 
2025-10-21T17:00:00+09:00,108026.40 ,108050.90 ,107426.20 ,107652.00 ,112389.5169,107218.6931,110036.1715,108966.4617,109804.105,,,,,-1,1,3.71 ,2.00 ,0,1406,1505,32.20 ,45.57 ,31.80 ,0.61 ,0.95 ,1.78 ,-1,-541.71 ,-107.91 
2025-10-21T18:00:00+09:00,107652.00 ,107824.00 ,107487.70 ,107707.90 ,112300.3207,106968.0193,109996.695,108976.4917,109634.17,,,,,-1,1,3.66 ,1.94 ,0,686,1473,32.99 ,45.75 ,34.32 ,0.51 ,0.95 ,1.78 ,-1,-588.46 ,-214.64 
2025-10-21T19:00:00+09:00,107707.90 ,108767.90 ,107516.20 ,108446.10 ,112117.7715,106880.1885,109962.743,108999.76,109498.98,,107403.4,,,-1,1,2.95 ,0.96 ,0,2187,1503,42.48 ,48.11 ,36.21 ,0.72 ,0.97 ,1.81 ,-1,-559.49 ,-307.86 
2025-10-21T20:00:00+09:00,108446.10 ,108588.00 ,108101.80 ,108523.90 ,111918.7941,106824.3459,109931.7015,109023.1917,109371.57,,,111648.7,,-1,1,2.88 ,1.03 ,0,933,1453,43.40 ,48.35 ,37.24 ,0.63 ,0.97 ,1.82 ,-1,-524.22 ,-385.78 
2025-10-21T21:00:00+09:00,108523.90 ,109429.90 ,108414.90 ,108729.90 ,111768.5239,106783.5961,109902.1385,109054.6733,109276.06,,,,,-1,1,2.68 ,1.22 ,0,2762,1401,45.84 ,49.00 ,37.45 ,0.73 ,0.97 ,1.81 ,-1,-474.17 ,-445.00 
2025-10-21T22:00:00+09:00,108729.90 ,108851.10 ,107850.40 ,108379.10 ,111663.7458,106702.4642,109871.249,109078.9017,109183.105,,,,,-1,1,3.02 ,0.90 ,0,3776,1480,42.48 ,47.96 ,36.96 ,0.80 ,0.97 ,1.80 ,-1,-457.54 ,-480.75 
2025-10-21T23:00:00+09:00,108379.10 ,112266.60 ,108350.00 ,112120.00 ,111944.2093,106545.7607,109856.0665,109167.4667,109244.985,,,,,1,1,0.42 ,4.21 ,0,8693,1875,68.78 ,57.71 ,36.39 ,1.68 ,1.03 ,1.93 ,-1,-140.88 ,-462.36 
2025-10-22T00:00:00+09:00,112120.00 ,113464.60 ,111656.80 ,113348.50 ,112559.6774,106191.2626,109846.059,109269.8867,109375.47,,,,,1,1,1.50 ,5.24 ,0,7288,2212,73.13 ,60.21 ,35.82 ,1.64 ,1.10 ,2.06 ,-1,206.82 ,-394.23 
2025-10-22T01:00:00+09:00,113348.50 ,113935.70 ,112400.00 ,112502.10 ,112844.5505,106054.0195,109832.657,109361.66,109449.285,,,,,1,1,0.76 ,4.53 ,0,5444,2449,66.28 ,57.81 ,35.30 ,1.56 ,1.17 ,2.18 ,-1,409.36 ,-296.70 
2025-10-22T02:00:00+09:00,112502.10 ,112950.00 ,111733.20 ,111972.40 ,113066.4597,105979.1103,109817.2495,109446.85,109522.785,,,,,1,1,0.29 ,4.08 ,0,4217,2621,62.35 ,56.37 ,35.20 ,1.40 ,1.22 ,2.29 ,-1,521.13 ,-178.60 
2025-10-22T03:00:00+09:00,111972.40 ,112261.00 ,111280.40 ,111940.10 ,113246 ,105919.9953,109803.1655,109533.46,109583.04,,,,,1,1,0.26 ,4.05 ,0,1935,2699,62.11 ,56.28 ,35.37 ,1.23 ,1.27 ,2.38 ,-1,600.18 ,-46.53 
2025-10-22T04:00:00+09:00,111940.10 ,112157.40 ,111508.80 ,111732.20 ,113409.3977,105882.0023,109791.167,109616.5,109645.7,,,,,1,1,0.07 ,3.87 ,0,1043,2735,60.48 ,55.72 ,35.81 ,1.01 ,1.31 ,2.45 ,-1,638.69 ,86.60 
2025-10-22T05:00:00+09:00,111732.20 ,111750.20 ,110508.00 ,110737.00 ,113442.4354,105882.4946,109773.004,109688.665,109662.465,,,,,1,1,0.82 ,3.01 ,0,2686,2842,53.28 ,53.11 ,36.34 ,1.06 ,1.36 ,2.54 ,-1,582.19 ,209.53 
2025-10-22T06:00:00+09:00,110737.00 ,111076.10 ,110063.30 ,110764.00 ,113520.5503,105900.1697,109750.308,109745.565,109710.36,113935.7,,,,1,1,2.86 ,3.03 ,0,1679,2844,53.44 ,53.17 ,36.26 ,1.01 ,1.39 ,2.60 ,-1,533.45 ,321.49 
2025-10-22T07:00:00+09:00,110764.00 ,110764.00 ,108188.00 ,109000.10 ,113508.4876,105865.2824,109725.458,109765.1633,109686.885,,,,,1,1,4.53 ,1.46 ,0,7038,3121,42.97 ,48.94 ,35.73 ,1.47 ,1.46 ,2.72 ,-1,348.47 ,411.04 
2025-10-22T08:00:00+09:00,109000.10 ,109370.20 ,107983.30 ,108252.00 ,113511.3311,105785.6389,109695.39,109773.8833,109648.485,,,,,1,1,5.25 ,0.78 ,0,2556,3206,39.44 ,47.31 ,34.78 ,1.41 ,1.52 ,2.84 ,-1,139.89 ,442.24 
2025-10-22T09:00:00+09:00,108252.00 ,108582.00 ,107778.40 ,107936.90 ,113503.1241,105812.5359,109662.089,109779.4583,109657.83,,,,,1,1,5.56 ,0.49 ,0,1897,3085,38.02 ,46.65 ,33.66 ,1.19 ,1.55 ,2.90 ,-1,-50.25 ,413.68 
2025-10-22T10:00:00+09:00,107936.90 ,108427.10 ,107936.80 ,108323.50 ,113468.0968,105929.5732,109628.819,109784.22,109698.835,,,,107403.4,1,1,5.18 ,0.85 ,0,1145,2993,40.83 ,47.57 ,32.53 ,0.94 ,1.57 ,2.93 ,-1,-167.81 ,349.55 
2025-10-22T11:00:00+09:00,108323.50 ,108640.60 ,108160.20 ,108160.20 ,113457.0843,105968.3457,109594.138,109780.96,109712.715,,,,,1,1,5.34 ,0.70 ,0,743,2957,40.00 ,47.22 ,31.31 ,0.78 ,1.58 ,2.94 ,-1,-271.03 ,261.53 
2025-10-22T12:00:00+09:00,108160.20 ,108183.00 ,107810.00 ,108177.60 ,113451.5827,105988.9673,109556.4455,109776.765,109720.275,,,,,1,1,5.32 ,0.72 ,0,1350,2973,40.14 ,47.26 ,30.36 ,0.63 ,1.58 ,2.94 ,-1,-347.43 ,156.24 
2025-10-22T13:00:00+09:00,108177.60 ,108590.80 ,108116.00 ,108573.10 ,113416.2372,106116.4228,109521.1005,109776.8333,109766.33,,,,,1,1,4.94 ,1.08 ,0,943,2950,43.35 ,48.23 ,29.63 ,0.57 ,1.57 ,2.94 ,-1,-371.77 ,43.97 
2025-10-22T14:00:00+09:00,108573.10 ,108597.80 ,107848.70 ,108132.20 ,113394.0213,106181.0687,109483.582,109761.6483,109787.545,,107778.4,,,1,1,5.37 ,0.33 ,0,1334,2982,40.73 ,47.24 ,28.96 ,0.61 ,1.58 ,2.95 ,-1,-421.78 ,-67.59 
2025-10-22T15:00:00+09:00,108132.20 ,108298.10 ,107906.00 ,107959.30 ,113411.8901,106114.5199,109446.232,109739.1667,109763.205,,,,,1,1,5.54 ,0.17 ,0,1036,2925,39.72 ,46.86 ,28.32 ,0.53 ,1.57 ,2.92 ,-1,-469.94 ,-179.07 
2025-10-22T16:00:00+09:00,107959.30 ,108292.30 ,107574.60 ,108292.30 ,113417.3996,106085.8504,109412.0695,109729.94,109751.625,,,,,1,1,5.21 ,0.47 ,0,2218,2989,42.67 ,47.70 ,27.76 ,0.57 ,1.56 ,2.92 ,-1,-475.76 ,-270.65 
2025-10-22T17:00:00+09:00,108292.30 ,108328.90 ,108050.10 ,108185.60 ,113428.0087,106020.8113,109378.4555,109720.0367,109724.41,,,,,1,1,5.32 ,0.38 ,0,730,2887,41.96 ,47.45 ,27.24 ,0.47 ,1.54 ,2.88 ,-1,-483.41 ,-339.91 
2025-10-22T18:00:00+09:00,108185.60 ,108240.00 ,107719.90 ,107910.60 ,113444.0396,105957.9304,109346.929,109707.3433,109700.985,,,,,1,1,5.58 ,0.12 ,0,947,2746,40.11 ,46.82 ,26.92 ,0.47 ,1.52 ,2.83 ,-1,-505.83 ,-390.53 
2025-10-22T19:00:00+09:00,107910.60 ,108064.00 ,107589.70 ,107612.90 ,113151.0907,105800.1693,109317.0545,109682.9,109475.63,,,,,-1,1,5.88 ,0.15 ,0,935,2358,38.14 ,46.14 ,26.73 ,0.46 ,1.43 ,2.66 ,-1,-541.38 ,-432.04 
2025-10-22T20:00:00+09:00,107612.90 ,108180.80 ,106674.90 ,107510.20 ,112491.42,105876.01,109287.376,109664.815,109183.715,,,,,-1,1,5.98 ,0.25 ,0,8250,2406,37.46 ,45.91 ,26.99 ,0.78 ,1.36 ,2.54 ,-1,-571.25 ,-465.39 
2025-10-22T21:00:00+09:00,107510.20 ,108338.00 ,107401.40 ,107988.20 ,111927.9821,105988.0579,109262.213,109664.4083,108958.02,,,113935.7,,-1,1,5.51 ,0.19 ,0,1595,2214,42.61 ,47.18 ,27.52 ,0.80 ,1.31 ,2.44 ,-1,-550.02 ,-487.90 
2025-10-22T22:00:00+09:00,107988.20 ,108965.30 ,107556.50 ,108716.80 ,111423.7425,106166.7375,109243.5385,109676.3083,108795.24,,,,,-1,1,4.80 ,0.86 ,0,4341,2220,49.43 ,49.05 ,28.01 ,0.96 ,1.27 ,2.38 ,-1,-468.99 ,-498.71 
2025-10-22T23:00:00+09:00,108716.80 ,108982.10 ,107432.80 ,108913.50 ,110844.4078,106443.4122,109228.363,109679.6317,108643.91,,,,,-1,1,4.61 ,1.04 ,0,8396,2543,51.12 ,49.54 ,28.41 ,1.12 ,1.26 ,2.36 ,-1,-384.47 ,-494.56 
2025-10-23T00:00:00+09:00,108913.50 ,109139.00 ,107700.00 ,108364.90 ,110159.8448,106791.2452,109211.806,109650.8867,108475.545,,,,,-1,1,5.14 ,0.54 ,0,4390,2710,46.46 ,48.22 ,28.69 ,1.19 ,1.28 ,2.38 ,-1,-357.64 ,-482.08 
2025-10-23T01:00:00+09:00,108364.90 ,108769.90 ,107811.00 ,108178.00 ,109676.5991,107018.5909,109193.8475,109614.37,108347.595,,106674.9,,,-1,1,5.32 ,1.39 ,1,3910,2772,44.95 ,47.77 ,28.76 ,1.09 ,1.28 ,2.39 ,1,-347.44 ,-467.83 
2025-10-23T02:00:00+09:00,108178.00 ,108293.90 ,107516.70 ,107730.70 ,108959.1811,107432.6789,109176.243,109560.6333,108195.93,,,,,-1,1,5.76 ,0.98 ,0,1710,2773,41.49 ,46.72 ,28.72 ,0.97 ,1.28 ,2.38 ,1,-371.18 ,-455.36 
2025-10-23T03:00:00+09:00,107730.70 ,108167.80 ,107410.00 ,107983.90 ,108817.3395,107472.9005,109163.2425,109506.8567,108145.12,,,,,-1,1,5.51 ,1.21 ,0,1241,2483,44.11 ,47.39 ,28.42 ,0.88 ,1.23 ,2.30 ,1,-365.35 ,-439.75 
2025-10-23T04:00:00+09:00,107983.90 ,108375.00 ,107660.20 ,107828.20 ,108807.9519,107439.9081,109146.1675,109452.1433,108123.93,,,,,-1,1,5.66 ,1.07 ,0,1861,2448,42.84 ,47.02 ,27.84 ,0.81 ,1.19 ,2.22 ,1,-369.04 ,-420.60 
2025-10-23T05:00:00+09:00,107828.20 ,108034.30 ,107469.30 ,107650.60 ,108820.163,107399.067,109130.71,109395.9467,108109.615,109139,,,,-1,1,1.38 ,0.91 ,0,1030,2405,41.38 ,46.59 ,27.36 ,0.71 ,1.15 ,2.15 ,1,-381.89 ,-399.56 
2025-10-23T06:00:00+09:00,107650.60 ,107701.50 ,106621.50 ,107153.60 ,108866.4944,107235.7456,109111.6935,109333.1883,108051.12,,,,,-1,1,1.85 ,0.45 ,0,4945,2595,37.51 ,45.42 ,27.18 ,0.81 ,1.14 ,2.13 ,1,-427.26 ,-385.92 
2025-10-23T07:00:00+09:00,107153.60 ,107637.00 ,106868.60 ,107141.20 ,108904.4172,107095.9228,109090.5595,109273.9683,108000.17,,,,,-1,1,1.86 ,0.44 ,0,1484,2632,37.41 ,45.39 ,27.35 ,0.78 ,1.14 ,2.13 ,1,-458.92 ,-384.80 
2025-10-23T08:00:00+09:00,107141.20 ,107900.00 ,107112.40 ,107537.60 ,108890.1597,107046.1803,109064.1,109216.5583,107968.17,,,,,-1,1,1.49 ,0.80 ,0,1274,2628,42.38 ,46.51 ,27.67 ,0.76 ,1.15 ,2.15 ,1,-446.87 ,-391.73 
2025-10-23T09:00:00+09:00,107537.60 ,107950.00 ,107469.80 ,107820.20 ,108811.1993,107049.8507,109041.918,109166.9867,107930.525,,,,,-1,1,1.22 ,1.06 ,0,470,2605,45.69 ,47.30 ,27.99 ,0.66 ,1.16 ,2.16 ,1,-409.80 ,-397.53 
2025-10-23T10:00:00+09:00,107820.20 ,108450.00 ,107779.10 ,108102.10 ,108808.4126,107049.6274,109019.0625,109116.9117,107929.02,,,,,-1,1,0.96 ,1.32 ,0,2597,2668,48.85 ,48.07 ,28.02 ,0.64 ,1.16 ,2.17 ,1,-353.59 ,-398.21 
2025-10-23T11:00:00+09:00,108102.10 ,108356.70 ,108006.70 ,108356.70 ,108847.862,107049.918,108997.0265,109070.3583,107948.89,,106621.5,,,-1,1,0.72 ,1.60 ,1,408,2637,51.59 ,48.77 ,27.88 ,0.54 ,1.16 ,2.17 ,1,-285.22 ,-388.66 
2025-10-23T12:00:00+09:00,108356.70 ,108647.40 ,108257.40 ,108303.10 ,108849.2391,107049.6209,108975.844,109024.2083,107949.43,,,,,-1,1,0.77 ,1.55 ,0,814,2566,50.97 ,48.63 ,27.49 ,0.48 ,1.15 ,2.15 ,1,-232.68 ,-373.92 
2025-10-23T13:00:00+09:00,108303.10 ,108868.40 ,108283.10 ,108578.00 ,108904.9888,107033.1112,108954.029,108989.84,107969.05,,,,,-1,1,0.52 ,1.80 ,0,610,2560,54.02 ,49.39 ,26.73 ,0.50 ,1.16 ,2.16 ,1,-166.93 ,-351.46 
2025-10-23T14:00:00+09:00,108578.00 ,108923.90 ,108564.10 ,108882.00 ,109033.7683,107001.4717,108933.0585,108967.2367,108017.62,,,,,-1,1,0.24 ,2.08 ,0,662,2546,57.18 ,50.22 ,25.67 ,0.44 ,1.15 ,2.15 ,1,-89.26 ,-318.95 
2025-10-23T15:00:00+09:00,108882.00 ,110251.40 ,108782.80 ,110180.90 ,109513.4291,106778.6109,108918.162,108955.545,108146.02,,,,,1,1,0.95 ,3.23 ,0,3357,2667,67.49 ,53.55 ,24.90 ,0.73 ,1.17 ,2.19 ,-1,76.22 ,-263.01 
2025-10-23T16:00:00+09:00,110180.90 ,110211.70 ,109144.00 ,109219.30 ,109642.1947,106820.7553,108899.3695,108930.22,108231.475,,,,,1,1,0.07 ,2.38 ,0,1925,2351,56.62 ,50.97 ,24.44 ,0.82 ,1.18 ,2.20 ,-1,128.29 ,-197.76 
2025-10-23T17:00:00+09:00,109219.30 ,109866.70 ,109200.00 ,109467.20 ,109809.3606,106801.4894,108882.028,108904.2433,108305.425,,,,,1,1,0.30 ,2.60 ,0,1166,2329,58.48 ,51.58 ,24.54 ,0.75 ,1.17 ,2.19 ,-1,187.40 ,-127.29 
2025-10-23T18:00:00+09:00,109467.20 ,109498.40 ,109083.00 ,109392.50 ,109907.5713,106770.8487,108865.5905,108885.745,108339.21,,,,,1,1,0.23 ,2.53 ,0,966,2161,57.68 ,51.39 ,25.06 ,0.63 ,1.15 ,2.14 ,-1,225.62 ,-56.68 
2025-10-23T19:00:00+09:00,109392.50 ,109673.90 ,109325.10 ,109386.10 ,109978.6239,106747.0561,108848.7275,108863.2633,108362.84,,,,,1,1,0.23 ,2.53 ,0,630,1772,57.61 ,51.37 ,26.05 ,0.52 ,1.10 ,2.06 ,-1,252.48 ,10.66 
2025-10-23T20:00:00+09:00,109386.10 ,109612.10 ,109054.00 ,109213.00 ,110062.99,106747.5,108834.9015,108842.1633,108405.245,110251.4,,,,1,1,0.95 ,2.37 ,0,861,1596,55.56 ,50.90 ,27.17 ,0.52 ,1.05 ,1.97 ,-1,256.84 ,70.89 
2025-10-23T21:00:00+09:00,109213.00 ,109213.00 ,108624.80 ,109127.60 ,110135.9161,106769.5339,108819.009,108820.9283,108452.725,,,,,1,1,1.03 ,2.30 ,0,1686,1485,54.54 ,50.67 ,28.12 ,0.53 ,1.01 ,1.89 ,-1,250.52 ,124.58 
2025-10-23T22:00:00+09:00,109127.60 ,109585.30 ,108758.00 ,109449.90 ,110241.0902,106836.2798,108804.355,108814.9917,108538.685,,,,,1,1,0.73 ,2.58 ,0,1570,1478,57.71 ,51.52 ,28.65 ,0.60 ,0.98 ,1.84 ,-1,268.42 ,172.95 
2025-10-23T23:00:00+09:00,109449.90 ,109778.30 ,108666.70 ,109541.00 ,110352.4281,106880.6519,108790.0195,108816.1817,108616.54,,,,,1,1,0.65 ,2.67 ,0,2217,1527,58.59 ,51.77 ,28.87 ,0.74 ,0.97 ,1.82 ,-1,286.65 ,214.72 
2025-10-24T00:00:00+09:00,109541.00 ,110050.00 ,109423.30 ,109840.70 ,110491.4884,106942.8416,108776.621,108829.86,108717.165,,,,,1,1,0.37 ,2.93 ,0,1487,1508,61.44 ,52.56 ,28.90 ,0.68 ,0.96 ,1.80 ,-1,321.58 ,241.98 
2025-10-24T01:00:00+09:00,109840.70 ,110525.10 ,109575.00 ,110185.30 ,110657.0598,107030.7402,108763.097,108870.4483,108843.9,,,,,1,1,0.06 ,3.23 ,0,1741,1543,64.46 ,53.46 ,28.99 ,0.74 ,0.97 ,1.80 ,-1,372.77 ,269.14 
2025-10-24T02:00:00+09:00,110185.30 ,111230.00 ,109563.30 ,111171.60 ,110952.238,107137.362,108756.4215,108931.585,109044.8,,108624.8,,106621.5,1,2,0.83 ,2.29 ,0,3329,1463,71.38 ,55.91 ,29.21 ,0.99 ,0.98 ,1.83 ,-1,487.30 ,302.46 
2025-10-24T03:00:00+09:00,111171.60 ,111222.20 ,110196.20 ,110512.50 ,111010.7946,107415.9354,108747.893,108975.4167,109213.365,,,,,1,2,0.24 ,1.71 ,0,1957,1486,62.61 ,53.97 ,29.77 ,0.97 ,0.99 ,1.85 ,-1,518.91 ,335.05 
2025-10-24T04:00:00+09:00,110512.50 ,110567.30 ,110031.20 ,110134.40 ,111007.9401,107678.4699,108739.2955,109010.55,109343.205,,,,,1,2,0.11 ,1.37 ,0,822,1464,58.19 ,52.90 ,30.76 ,0.81 ,1.00 ,1.86 ,-1,507.59 ,363.40 
2025-10-24T05:00:00+09:00,110134.40 ,110136.20 ,109281.80 ,109467.60 ,110936.6639,107914.4861,108728.2785,109040.81,109425.575,,,,,1,2,0.72 ,0.77 ,0,1920,1536,51.32 ,51.07 ,31.58 ,0.81 ,1.01 ,1.88 ,-1,439.75 ,383.72 
2025-10-24T06:00:00+09:00,109467.60 ,109679.30 ,109325.40 ,109493.80 ,110878.8634,108111.4566,108719.064,109070.575,109495.16,,,,,1,2,0.69 ,0.79 ,0,749,1444,51.56 ,51.14 ,32.16 ,0.64 ,1.01 ,1.88 ,-1,383.68 ,398.52 
2025-10-24T07:00:00+09:00,109493.80 ,110128.40 ,109466.20 ,109898.90 ,110862.322,108282.218,108713.524,109094.7883,109572.27,111230,,,,1,2,1.21 ,1.16 ,0,844,1466,55.26 ,52.18 ,32.59 ,0.63 ,1.01 ,1.89 ,-1,367.69 ,409.55 
2025-10-24T08:00:00+09:00,109898.90 ,110060.80 ,109796.50 ,110029.40 ,110822.2293,108494.9407,108709.889,109119.88,109658.585,,,,,1,2,1.09 ,1.28 ,0,413,1446,56.42 ,52.52 ,32.75 ,0.50 ,1.02 ,1.90 ,-1,361.39 ,417.85 
2025-10-24T09:00:00+09:00,110029.40 ,110664.00 ,109946.30 ,110452.70 ,110853.008,108651.632,108708.634,109148.5933,109752.32,,,,,1,2,0.70 ,1.65 ,0,971,1464,60.03 ,53.59 ,32.70 ,0.55 ,1.02 ,1.90 ,1,386.10 ,425.02 
2025-10-24T10:00:00+09:00,110452.70 ,110616.00 ,110086.80 ,110540.70 ,110910.81,108759.7,108705.596,109184.62,109835.255,,109281.8,,,1,2,0.62 ,1.14 ,0,867,1474,60.76 ,53.81 ,32.44 ,0.52 ,1.03 ,1.92 ,1,408.07 ,428.94 
2025-10-24T11:00:00+09:00,110540.70 ,110780.10 ,110300.00 ,110504.90 ,110956.6968,108746.2132,108701.1395,109157.7017,109851.455,,,,,1,2,0.66 ,1.11 ,0,444,1328,60.28 ,53.71 ,32.17 ,0.49 ,1.01 ,1.88 ,-1,417.79 ,421.22 
2025-10-24T12:00:00+09:00,110504.90 ,110590.80 ,110222.00 ,110405.10 ,111001.1022,108820.3878,108697.095,109108.645,109910.745,,,,,1,2,0.75 ,1.02 ,0,722,1268,58.88 ,53.41 ,32.26 ,0.44 ,0.98 ,1.83 ,-1,412.67 ,409.42 
2025-10-24T13:00:00+09:00,110405.10 ,111445.30 ,110288.70 ,111111.00 ,111180.6362,108805.2338,108697.4855,109085.46,109992.935,,,,,1,2,0.11 ,1.65 ,0,2714,1346,65.06 ,55.22 ,32.87 ,0.64 ,0.97 ,1.81 ,-1,460.28 ,404.16 
2025-10-24T14:00:00+09:00,111111.00 ,111250.00 ,110872.90 ,111181.00 ,111342.8528,108821.8672,108699.435,109072.27,110082.36,,,,,1,2,0.04 ,1.71 ,0,942,1344,65.61 ,55.39 ,33.82 ,0.54 ,0.97 ,1.80 ,-1,497.91 ,410.62 
2025-10-24T15:00:00+09:00,111181.00 ,111426.00 ,111050.00 ,111391.40 ,111522.1739,108843.0761,108703.354,109063.125,110182.625,,,,,1,3,0.14 ,1.89 ,0,709,1348,67.28 ,55.92 ,35.10 ,0.47 ,0.96 ,1.79 ,-1,538.51 ,427.82 
2025-10-24T16:00:00+09:00,111391.40 ,111490.40 ,110695.10 ,110990.20 ,111577.3211,108965.6489,108704.749,109050.7583,110271.485,,,,,1,3,0.22 ,1.54 ,0,1418,1376,61.17 ,54.66 ,36.24 ,0.55 ,0.96 ,1.80 ,-1,532.17 ,446.10 
2025-10-24T17:00:00+09:00,110990.20 ,111182.50 ,110639.60 ,111040.70 ,111602.1509,109132.1291,108708.0265,109055.82,110367.14,,,,,1,3,0.17 ,1.58 ,0,1063,1345,61.64 ,54.79 ,37.22 ,0.53 ,0.96 ,1.80 ,-1,525.17 ,464.30 
2025-10-24T18:00:00+09:00,111040.70 ,111437.50 ,110942.80 ,111277.50 ,111678.9036,109238.1364,108708.1205,109064.3783,110458.52,,,,,1,3,0.04 ,1.79 ,0,938,1313,63.86 ,55.41 ,38.09 ,0.50 ,0.96 ,1.79 ,-1,532.59 ,480.57 
2025-10-24T19:00:00+09:00,111277.50 ,111277.50 ,111014.00 ,111055.30 ,111704.3913,109364.0787,108706.108,109098.6317,110534.235,,,,,1,3,0.16 ,1.60 ,0,788,1242,60.34 ,54.69 ,38.91 ,0.41 ,0.93 ,1.74 ,-1,514.61 ,492.41 
2025-10-24T20:00:00+09:00,111055.30 ,111221.70 ,110530.80 ,111015.40 ,111735.5864,109450.3536,108704.8285,109144.6883,110592.97,,,,,1,3,0.19 ,1.56 ,0,1220,1229,59.70 ,54.56 ,39.12 ,0.48 ,0.92 ,1.71 ,-1,491.48 ,500.60 
2025-10-24T21:00:00+09:00,111015.40 ,112105.70 ,110825.00 ,111262.90 ,111808.9526,109484.7474,108706.5815,109200.1217,110646.85,,,,,1,3,0.03 ,1.78 ,0,7743,1529,62.36 ,55.23 ,39.10 ,0.71 ,0.92 ,1.71 ,-1,487.49 ,508.91 
2025-10-24T22:00:00+09:00,111262.90 ,111409.10 ,110306.80 ,110885.10 ,111775.303,109489.747,108706.5885,109242.815,110632.525,,,,,1,3,0.31 ,1.45 ,0,2410,1483,56.26 ,53.99 ,38.54 ,0.80 ,0.90 ,1.68 ,-1,448.68 ,507.62 
2025-10-24T23:00:00+09:00,110885.10 ,110885.20 ,109651.70 ,110181.90 ,111774.6926,109457.2974,108699.495,109276.51,110615.995,,,,,1,3,0.95 ,0.82 ,0,3315,1551,47.04 ,51.78 ,37.56 ,0.91 ,0.90 ,1.67 ,-1,357.06 ,491.97 
2025-10-25T00:00:00+09:00,110181.90 ,110590.90 ,109842.70 ,110008.10 ,111780.1248,109439.2352,108696.875,109307.0183,110609.68,,,,,1,3,1.11 ,0.66 ,0,1567,1588,45.07 ,51.25 ,36.26 ,0.84 ,0.90 ,1.68 ,-1,267.35 ,461.84 
2025-10-25T01:00:00+09:00,110008.10 ,110347.80 ,109764.20 ,110231.90 ,111711.7435,109584.0465,108694.2025,109334.665,110647.895,,,,,1,3,0.91 ,0.86 ,0,820,1533,48.08 ,51.90 ,34.60 ,0.73 ,0.89 ,1.67 ,-1,211.86 ,426.25 
2025-10-25T02:00:00+09:00,110231.90 ,110539.10 ,110144.20 ,110180.40 ,111633.2154,109731.2346,108689.57,109368.8017,110682.225,112105.7,,,,1,3,1.75 ,0.82 ,0,716,1531,47.44 ,51.74 ,32.55 ,0.61 ,0.89 ,1.66 ,1,161.87 ,385.89 
2025-10-25T03:00:00+09:00,110180.40 ,110595.70 ,110119.00 ,110566.10 ,111598.7093,109832.4607,108685.298,109412.2483,110715.585,,,,,1,3,1.39 ,1.16 ,0,389,1509,52.56 ,52.86 ,30.54 ,0.55 ,0.88 ,1.65 ,1,151.63 ,343.56 
2025-10-25T04:00:00+09:00,110566.10 ,110898.00 ,110463.70 ,110569.00 ,111571.4947,109913.6353,108681.3295,109450.1933,110742.565,,109651.7,,,1,3,1.39 ,0.83 ,0,699,1523,52.60 ,52.86 ,28.38 ,0.50 ,0.88 ,1.65 ,1,142.10 ,302.17 
2025-10-25T05:00:00+09:00,110569.00 ,110972.00 ,110421.90 ,110847.30 ,111581.4145,109943.1755,108678.24,109494.555,110762.295,,,,,1,3,1.14 ,1.08 ,0,415,1495,56.17 ,53.67 ,26.41 ,0.50 ,0.88 ,1.64 ,1,155.23 ,264.81 
2025-10-25T06:00:00+09:00,110847.30 ,111060.20 ,110588.60 ,111038.40 ,111608.0976,109966.2624,108679.4065,109546.685,110787.18,,,,,1,3,0.96 ,1.25 ,0,819,1493,58.49 ,54.22 ,24.82 ,0.47 ,0.88 ,1.64 ,1,178.98 ,230.53 
2025-10-25T07:00:00+09:00,111038.40 ,111080.00 ,110870.70 ,110968.00 ,111624.1924,109996.4776,108682.009,109602.6033,110810.335,,,,,1,3,1.03 ,1.19 ,0,263,1484,57.29 ,53.98 ,23.60 ,0.38 ,0.87 ,1.62 ,1,189.94 ,201.78 
2025-10-25T08:00:00+09:00,110968.00 ,111066.20 ,110819.90 ,110964.20 ,111632.7267,110043.8533,108694.4,109660.17,110838.29,,,,,1,3,1.03 ,1.18 ,0,207,1458,57.22 ,53.97 ,22.64 ,0.33 ,0.86 ,1.60 ,1,196.05 ,183.89 
2025-10-25T09:00:00+09:00,110964.20 ,110994.20 ,110565.50 ,110711.40 ,111604.3628,110032.2572,108702.0415,109705.5567,110818.31,,,,,1,3,1.26 ,0.96 ,0,689,1356,52.72 ,53.09 ,21.79 ,0.35 ,0.84 ,1.56 ,1,178.44 ,174.01 
2025-10-25T10:00:00+09:00,110711.40 ,111181.10 ,110694.40 ,111015.70 ,111584 ,110036.0363,108716.013,109743.8717,110810.045,,,,,1,3,0.98 ,1.23 ,0,558,1337,57.09 ,54.01 ,21.12 ,0.38 ,0.82 ,1.54 ,1,186.89 ,171.24 
2025-10-25T11:00:00+09:00,111015.70 ,111067.00 ,110900.00 ,110970.10 ,111520.3099,110057.6501,108727.866,109778.1483,110788.98,,,,,1,3,1.02 ,1.19 ,0,158,1310,56.25 ,53.85 ,20.49 ,0.30 ,0.81 ,1.52 ,1,187.74 ,174.11 
2025-10-25T12:00:00+09:00,110970.10 ,111072.30 ,110936.40 ,110962.50 ,111517.4988,110057.6912,108741.9445,109821.4417,110787.595,,,,,1,3,1.03 ,1.18 ,0,259,1252,56.11 ,53.82 ,19.85 ,0.24 ,0.79 ,1.47 ,1,185.66 ,177.89 
2025-10-25T13:00:00+09:00,110962.50 ,111380.00 ,110962.40 ,111156.00 ,111532.9266,110053.7934,108758.728,109871.075,110793.36,,,,,1,3,0.85 ,1.35 ,0,887,1243,59.06 ,54.42 ,19.37 ,0.29 ,0.77 ,1.44 ,1,197.35 ,184.03 
2025-10-25T14:00:00+09:00,111156.00 ,111384.10 ,111020.00 ,111320.70 ,111540.959,110050.081,108773.398,109930.9083,110795.52,,,,,1,3,0.71 ,1.50 ,0,526,1222,61.44 ,54.94 ,19.02 ,0.30 ,0.75 ,1.41 ,1,217.40 ,190.94 
2025-10-25T15:00:00+09:00,111320.70 ,111438.50 ,111191.10 ,111304.40 ,111578.2693,110037.6807,108791.1795,109986.25,110807.975,,,,,1,3,0.72 ,1.48 ,0,699,1218,61.06 ,54.87 ,18.87 ,0.27 ,0.74 ,1.39 ,1,229.32 ,196.53 
2025-10-25T16:00:00+09:00,111304.40 ,111754.50 ,111304.30 ,111439.90 ,111643.3328,110015.0672,108807.704,110046.445,110829.2,,,,,1,3,0.60 ,1.60 ,0,1325,1223,63.10 ,55.31 ,19.25 ,0.32 ,0.73 ,1.37 ,-1,246.87 ,202.86 
2025-10-25T17:00:00+09:00,111439.90 ,111754.30 ,111434.30 ,111725.80 ,111737.6859,109967.0041,108822.68,110114.365,110852.345,,,112105.7,,1,3,0.34 ,1.86 ,0,896,881,67.01 ,56.21 ,20.01 ,0.31 ,0.70 ,1.31 ,-1,280.60 ,212.25 
2025-10-25T18:00:00+09:00,111725.80 ,111791.50 ,111439.00 ,111466.90 ,111806.5105,109956.3595,108836.1455,110186.2533,110881.435,,,,,1,3,0.57 ,1.63 ,0,1235,822,60.73 ,55.18 ,21.13 ,0.31 ,0.66 ,1.24 ,-1,283.19 ,223.89 
2025-10-25T19:00:00+09:00,111466.90 ,111666.20 ,111324.10 ,111508.10 ,111852.6475,110042.8425,108849.1535,110259.035,110947.745,,,,,1,3,0.54 ,1.66 ,0,471,680,61.35 ,55.31 ,22.41 ,0.31 ,0.62 ,1.16 ,-1,285.27 ,234.82 
2025-10-25T20:00:00+09:00,111508.10 ,111620.00 ,111423.20 ,111513.00 ,111849.7411,110196.2389,108861.2105,110325.2917,111022.99,,,,,1,3,0.53 ,1.67 ,0,389,621,61.43 ,55.33 ,23.64 ,0.26 ,0.58 ,1.08 ,-1,284.04 ,245.52 
2025-10-25T21:00:00+09:00,111513.00 ,111896.80 ,111475.00 ,111859.00 ,111923.8941,110284.7959,108876.9015,110392.605,111104.345,,,,,1,3,0.22 ,1.97 ,0,879,624,66.57 ,56.46 ,25.01 ,0.30 ,0.54 ,1.02 ,-1,307.44 ,259.05 
2025-10-25T22:00:00+09:00,111859.00 ,111875.30 ,111461.40 ,111630.10 ,111908.399,110445.261,108893.4035,110451.405,111176.83,,,,,1,3,0.43 ,1.77 ,0,760,626,60.80 ,55.51 ,26.44 ,0.33 ,0.52 ,0.98 ,-1,304.01 ,270.90 
2025-10-25T23:00:00+09:00,111630.10 ,111720.30 ,111464.10 ,111543.90 ,111917.0825,110534.3575,108917.5885,110504.525,111225.72,,,,,1,3,0.50 ,1.70 ,0,292,621,58.73 ,55.15 ,27.76 ,0.29 ,0.50 ,0.94 ,-1,290.99 ,279.08 
2025-10-26T00:00:00+09:00,111543.90 ,111543.90 ,111255.30 ,111330.20 ,111886.7687,110640.7913,108946.288,110554.9767,111263.78,,,,,1,3,0.70 ,1.51 ,0,499,611,53.85 ,54.27 ,28.66 ,0.28 ,0.49 ,0.91 ,-1,260.42 ,282.54 
2025-10-26T01:00:00+09:00,111330.20 ,111431.00 ,111092.70 ,111323.40 ,111880.7696,110694.4004,108978.687,110600.7333,111287.585,,,,,1,3,0.70 ,1.50 ,0,775,629,53.69 ,54.25 ,28.96 ,0.29 ,0.47 ,0.88 ,-1,232.95 ,280.99 
2025-10-26T02:00:00+09:00,111323.40 ,111407.90 ,111232.60 ,111323.60 ,111883.9922,110719.6978,109012.878,110641.4267,111301.845,111896.8,,,,1,3,0.51 ,1.50 ,0,263,602,53.70 ,54.25 ,28.87 ,0.25 ,0.46 ,0.85 ,-1,208.80 ,273.01 
2025-10-26T03:00:00+09:00,111323.60 ,111690.60 ,111262.10 ,111670.80 ,111919.1286,110754.8414,109047.6815,110666.2583,111336.985,,,,,1,3,0.20 ,1.81 ,0,482,612,60.37 ,55.47 ,28.69 ,0.29 ,0.45 ,0.84 ,-1,215.19 ,265.46 
2025-10-26T04:00:00+09:00,111670.80 ,111679.90 ,111533.30 ,111584.50 ,111933.2455,110802.7545,109077.546,110705.6783,111368,,,,,1,3,0.28 ,1.73 ,0,161,610,58.13 ,55.10 ,28.26 ,0.24 ,0.44 ,0.83 ,-1,210.87 ,257.19 
2025-10-26T05:00:00+09:00,111584.50 ,111612.20 ,111309.00 ,111394.00 ,111880.4118,110923.8482,109108.091,110737.7917,111402.13,,,,,1,3,0.45 ,1.56 ,0,223,587,53.41 ,54.27 ,27.33 ,0.25 ,0.44 ,0.81 ,-1,189.88 ,246.73 
2025-10-26T06:00:00+09:00,111394.00 ,111436.80 ,111293.30 ,111431.20 ,111867.1239,110978.6861,109136.389,110771.77,111422.905,,111092.7,,,1,3,0.42 ,0.30 ,0,229,570,54.19 ,54.41 ,25.94 ,0.21 ,0.42 ,0.79 ,-1,174.23 ,231.93 
2025-10-26T07:00:00+09:00,111431.20 ,111644.90 ,111358.70 ,111581.10 ,111850.4385,111056.4715,109168.724,110808.3533,111453.455,,,,,1,3,0.28 ,0.44 ,0,199,573,57.30 ,54.96 ,24.65 ,0.22 ,0.42 ,0.78 ,1,171.95 ,217.25 
2025-10-26T08:00:00+09:00,111581.10 ,111633.60 ,111479.30 ,111596.10 ,111815.9576,111154.3124,109192.999,110848.0717,111485.135,,,,,1,3,0.27 ,0.45 ,0,184,569,57.61 ,55.02 ,23.66 ,0.20 ,0.41 ,0.77 ,1,169.40 ,203.74 
2025-10-26T09:00:00+09:00,111596.10 ,111865.00 ,111490.70 ,111669.90 ,111814.0862,111207.5738,109219.715,110890.4433,111510.83,,,,,1,3,0.20 ,0.52 ,0,518,550,59.18 ,55.29 ,23.12 ,0.24 ,0.41 ,0.77 ,1,171.36 ,193.85 
2025-10-26T10:00:00+09:00,111669.90 ,111790.90 ,111471.00 ,111594.10 ,111816.6878,111232.3122,109245.694,110926.18,111524.5,,,,,1,3,0.27 ,0.45 ,0,317,540,56.85 ,54.94 ,22.72 ,0.26 ,0.41 ,0.76 ,1,164.89 ,186.29 
2025-10-26T11:00:00+09:00,111594.10 ,111637.50 ,111364.70 ,111406.70 ,111809.5358,111249.6942,109269.758,110957.275,111529.615,,,,,1,3,0.44 ,0.28 ,0,305,520,51.46 ,54.06 ,22.26 ,0.25 ,0.41 ,0.76 ,1,143.00 ,178.98 
2025-10-26T12:00:00+09:00,111406.70 ,111458.00 ,111208.30 ,111211.10 ,111828.84,111207.51,109293.7925,110980.115,111518.175,,,,,1,3,0.62 ,0.11 ,0,378,473,46.51 ,53.16 ,21.84 ,0.24 ,0.40 ,0.75 ,1,108.61 ,167.13 
2025-10-26T13:00:00+09:00,111211.10 ,111432.20 ,111209.20 ,111381.20 ,111801.7041,111200.1859,109315.8415,111000.0467,111500.945,,,,,1,3,0.46 ,0.26 ,0,253,441,50.93 ,53.84 ,21.48 ,0.23 ,0.39 ,0.74 ,1,94.00 ,154.15 
2025-10-26T14:00:00+09:00,111381.20 ,111599.90 ,111309.10 ,111561.60 ,111807.1271,111204.2329,109337.445,111006.5467,111505.68,111865,,,,1,3,0.27 ,0.42 ,0,272,393,55.17 ,54.56 ,21.14 ,0.24 ,0.39 ,0.73 ,1,95.88 ,143.70 
2025-10-26T15:00:00+09:00,111561.60 ,111629.10 ,111488.50 ,111574.00 ,111811.893,111206.057,109360.678,111024.2383,111508.975,,,,,1,3,0.26 ,0.43 ,0,155,377,55.45 ,54.61 ,20.85 ,0.20 ,0.38 ,0.71 ,1,97.24 ,135.15 
2025-10-26T16:00:00+09:00,111574.00 ,111677.90 ,111562.60 ,111674.40 ,111828.4429,111205.6471,109387.1435,111049.905,111517.045,,,,,1,3,0.17 ,0.52 ,0,259,370,57.79 ,55.02 ,20.47 ,0.17 ,0.37 ,0.70 ,1,105.21 ,127.73 
2025-10-26T17:00:00+09:00,111674.40 ,111795.40 ,111674.30 ,111719.30 ,111795.6615,111224.4585,109411.84,111087.4333,111510.06,,111208.3,111896.8,,1,3,0.13 ,0.46 ,0,451,349,58.83 ,55.20 ,20.14 ,0.15 ,0.36 ,0.68 ,1,113.84 ,121.56 
2025-10-26T18:00:00+09:00,111719.30 ,112750.00 ,111651.40 ,112474.40 ,112059.7671,111044.7829,109438.741,111137.11,111552.275,,,,,1,4,0.54 ,1.13 ,0,3128,467,71.53 ,58.13 ,20.47 ,0.42 ,0.37 ,0.69 ,-1,179.54 ,122.47 
2025-10-26T19:00:00+09:00,112474.40 ,112512.60 ,112134.30 ,112436.90 ,112234.1628,110959.6872,109468.2165,111179.41,111596.925,,,,,1,4,0.51 ,1.09 ,0,648,485,70.37 ,57.93 ,21.61 ,0.39 ,0.38 ,0.70 ,-1,225.97 ,129.25 
2025-10-26T20:00:00+09:00,112436.90 ,113412.50 ,112377.00 ,113220.10 ,112631.1358,110751.7042,109499.216,111232.5883,111691.42,,,,,1,4,1.20 ,1.78 ,0,2645,592,78.30 ,60.70 ,23.64 ,0.57 ,0.40 ,0.74 ,-1,322.25 ,149.17 
2025-10-26T21:00:00+09:00,113220.10 ,113772.40 ,113210.80 ,113506.20 ,113011.7648,110589.3552,109534.573,111283.48,111800.56,,,,,1,4,1.45 ,2.02 ,0,2053,656,80.36 ,61.64 ,26.32 ,0.54 ,0.42 ,0.78 ,-1,416.84 ,183.42 
2025-10-26T22:00:00+09:00,113506.20 ,113991.30 ,113211.40 ,113647.90 ,113348.567,110484.983,109568.9895,111335.2667,111916.775,,,,,1,4,1.57 ,2.15 ,0,2077,747,81.31 ,62.10 ,29.60 ,0.59 ,0.44 ,0.83 ,-1,497.50 ,228.25 
2025-10-26T23:00:00+09:00,113647.90 ,113824.80 ,113474.10 ,113511.40 ,113593.9281,110423.6819,109602.5335,111385.375,112008.805,,,,,1,4,1.45 ,2.03 ,0,1186,782,77.43 ,61.38 ,33.36 ,0.50 ,0.46 ,0.86 ,-1,544.13 ,278.06 
2025-10-27T00:00:00+09:00,113511.40 ,113692.30 ,113373.80 ,113646.50 ,113835.4185,110388.3915,109637.5065,111439.3983,112111.905,,,,,1,4,1.57 ,2.15 ,0,706,809,78.52 ,61.83 ,37.33 ,0.42 ,0.47 ,0.88 ,-1,585.25 ,332.28 
2025-10-27T01:00:00+09:00,113646.50 ,113719.80 ,113230.80 ,113467.90 ,114002.2603,110428.9397,109671.471,111478.68,112215.6,,,,,1,4,1.41 ,1.99 ,0,992,848,73.46 ,60.87 ,40.89 ,0.43 ,0.49 ,0.91 ,-1,596.54 ,386.87 
2025-10-27T02:00:00+09:00,113467.90 ,113717.40 ,113400.00 ,113400.10 ,114133.6441,110494.4459,109704.272,111515.665,112314.045,,,,,1,4,1.35 ,1.93 ,0,352,854,71.57 ,60.51 ,44.07 ,0.38 ,0.50 ,0.93 ,-1,593.19 ,440.13 
2025-10-27T03:00:00+09:00,113400.10 ,113759.90 ,113400.00 ,113546.10 ,114274.6803,110549.9097,109737.6415,111551.5767,112412.295,113991.3,,,,1,4,0.39 ,2.06 ,0,421,865,73.17 ,61.02 ,46.75 ,0.36 ,0.51 ,0.95 ,-1,595.44 ,486.35 
2025-10-27T04:00:00+09:00,113546.10 ,113676.70 ,113460.70 ,113559.60 ,114397.2536,110623.6864,109769.689,111594.4,112510.47,,,,,1,4,0.38 ,2.07 ,0,234,867,73.32 ,61.07 ,48.96 ,0.30 ,0.52 ,0.96 ,-1,591.50 ,526.96 
2025-10-27T05:00:00+09:00,113559.60 ,113559.60 ,113258.40 ,113268.10 ,114463.3186,110717.4414,109801.0895,111631.5233,112590.38,,,,,1,4,0.64 ,1.82 ,0,360,860,64.92 ,59.47 ,50.43 ,0.29 ,0.52 ,0.97 ,-1,558.42 ,553.20 
2025-10-27T06:00:00+09:00,113268.10 ,113547.40 ,112854.60 ,113457.30 ,114534.2099,110832.8701,109834.269,111667.8533,112683.54,,,,,1,4,0.47 ,1.98 ,0,1055,896,67.52 ,60.16 ,50.83 ,0.40 ,0.53 ,0.99 ,-1,541.23 ,567.02 
2025-10-27T07:00:00+09:00,113457.30 ,115496.60 ,113457.30 ,114642.70 ,114784.8914,110905.7886,109872.6365,111727.6433,112845.34,,,,,1,5,0.57 ,3.00 ,0,5976,1180,78.35 ,64.07 ,50.98 ,0.85 ,0.58 ,1.07 ,-1,616.16 ,580.21 
2025-10-27T08:00:00+09:00,114642.70 ,114932.30 ,114325.80 ,114492.20 ,114923.157,111095.633,109910.661,111785.59,113009.395,,,,,1,5,0.44 ,2.87 ,0,1124,1217,74.94 ,63.26 ,51.07 ,0.75 ,0.61 ,1.14 ,-1,655.83 ,592.62 
2025-10-27T09:00:00+09:00,114492.20 ,115130.00 ,114309.20 ,114707.90 ,115072.7265,111278.7335,109951.195,111843.0067,113175.73,,,,,1,5,0.62 ,3.05 ,0,1127,1261,76.52 ,63.93 ,51.15 ,0.74 ,0.65 ,1.22 ,-1,696.65 ,605.00 
2025-10-27T10:00:00+09:00,114707.90 ,115330.00 ,114644.00 ,115220.00 ,115302.7389,111415 ,109993.1985,111915.255,113358.65,,,,,1,5,1.07 ,3.48 ,0,890,1292,79.78 ,65.43 ,51.22 ,0.69 ,0.68 ,1.28 ,-1,761.54 ,623.33 
2025-10-27T11:00:00+09:00,115220.00 ,115393.60 ,114765.40 ,114820.30 ,115382.2511,111659.6789,110033.3595,111992.5617,113520.965,,112854.6,,,1,5,0.72 ,1.71 ,0,1087,1339,71.44 ,63.32 ,51.31 ,0.64 ,0.72 ,1.34 ,-1,771.82 ,643.18 
2025-10-27T12:00:00+09:00,114820.30 ,115200.00 ,114766.40 ,114912.20 ,115433.4832,111932.2268,110072.8595,112074.2967,113682.855,115496.6,,,,1,5,0.51 ,1.79 ,0,555,1353,72.16 ,63.60 ,51.68 ,0.55 ,0.75 ,1.39 ,-1,778.41 ,663.51 
2025-10-27T13:00:00+09:00,114912.20 ,115230.00 ,114894.60 ,115200.00 ,115479.4751,112234.3049,110114.1005,112157.0983,113856.89,,,,,1,5,0.26 ,2.04 ,0,505,1356,74.34 ,64.45 ,52.72 ,0.46 ,0.77 ,1.44 ,-1,797.66 ,686.41 
2025-10-27T14:00:00+09:00,115200.00 ,115598.80 ,115200.00 ,115500.00 ,115651.017,112365.323,110156.07,112245.7583,114008.17,,,,,1,6,0.00 ,2.29 ,0,1564,1278,76.42 ,65.32 ,53.82 ,0.42 ,0.77 ,1.44 ,-1,827.58 ,716.32 
2025-10-27T15:00:00+09:00,115500.00 ,116072.20 ,115305.90 ,115988.00 ,115877.7684,112493.6816,110200.76,112336.1233,114185.725,,,,,1,6,0.42 ,2.70 ,0,2191,1355,79.35 ,66.67 ,55.03 ,0.50 ,0.78 ,1.45 ,-1,880.52 ,754.02 
2025-10-27T16:00:00+09:00,115988.00 ,116350.60 ,115450.00 ,115508.20 ,116024.6469,112575.6131,110242.711,112418.4433,114300.13,,,,,1,6,0.01 ,2.30 ,0,2180,1332,70.13 ,64.16 ,56.36 ,0.60 ,0.78 ,1.46 ,-1,873.69 ,782.63 
2025-10-27T17:00:00+09:00,115508.20 ,115554.20 ,114850.30 ,114980.00 ,116082.2161,112665.4239,110283.406,112487.3217,114373.82,,,,,1,6,0.45 ,1.85 ,0,1704,1314,61.64 ,61.57 ,57.28 ,0.60 ,0.79 ,1.47 ,-1,816.25 ,800.46 
2025-10-27T18:00:00+09:00,114980.00 ,115317.00 ,114763.30 ,115201.10 ,116162.0294,112740.9306,110324.7845,112556.7,114451.48,,,,,1,6,0.26 ,2.04 ,0,1437,1282,63.62 ,62.22 ,57.77 ,0.56 ,0.78 ,1.46 ,-1,779.58 ,809.67 
2025-10-27T19:00:00+09:00,115201.10 ,115513.20 ,115066.50 ,115410.10 ,116248.4635,112844.3665,110367.8045,112630.735,114546.415,,,,,1,6,0.07 ,2.21 ,0,637,1255,65.44 ,62.83 ,57.92 ,0.50 ,0.78 ,1.46 ,-1,758.63 ,809.35 
2025-10-27T20:00:00+09:00,115410.10 ,115478.70 ,115067.40 ,115296.50 ,116308.29,112949.54,110408.2705,112702.94,114628.915,,,,,1,6,0.17 ,2.12 ,0,824,1261,63.58 ,62.27 ,57.76 ,0.45 ,0.79 ,1.47 ,-1,724.52 ,804.09 
2025-10-27T21:00:00+09:00,115296.50 ,115384.80 ,114938.90 ,115014.10 ,116305.1231,113107.3269,110448.3625,112774.6517,114706.225,116350.6,,,,1,6,1.16 ,1.88 ,0,707,1247,59.08 ,60.90 ,57.15 ,0.43 ,0.79 ,1.47 ,-1,667.01 ,791.71 
2025-10-27T22:00:00+09:00,115014.10 ,115384.90 ,114534.00 ,115222.70 ,116292.4849,113302.2251,110490.171,112844.7683,114797.355,,,,,1,6,0.98 ,2.06 ,0,2361,1347,61.26 ,61.54 ,55.77 ,0.53 ,0.80 ,1.49 ,-1,630.99 ,773.20 
2025-10-27T23:00:00+09:00,115222.70 ,115325.20 ,114451.00 ,114768.10 ,116239.5864,113477.3236,110530.294,112908.0683,114858.455,,,,,1,6,1.38 ,1.67 ,0,1867,1419,54.45 ,59.38 ,53.60 ,0.61 ,0.82 ,1.53 ,-1,559.31 ,743.39 
2025-10-28T00:00:00+09:00,114768.10 ,115187.20 ,114733.20 ,114929.50 ,116172.8883,113681.0117,110571.1925,112974.185,114926.95,,,,,1,6,1.24 ,1.81 ,0,933,1454,56.31 ,59.89 ,51.20 ,0.54 ,0.83 ,1.56 ,-1,509.65 ,702.18 
2025-10-28T01:00:00+09:00,114929.50 ,115596.10 ,114802.80 ,115451.50 ,116040.791,114031.449,110616.4145,113045.7767,115036.12,,,,,1,6,0.78 ,2.25 ,0,1582,1515,61.74 ,61.49 ,48.84 ,0.59 ,0.86 ,1.60 ,1,506.58 ,661.39 
2025-10-28T02:00:00+09:00,115451.50 ,115666.00 ,115250.00 ,115650.00 ,115879.3214,114412.1886,110657.9145,113117.9317,115145.755,,,,,1,6,0.61 ,2.42 ,0,689,1497,63.60 ,62.07 ,46.50 ,0.51 ,0.87 ,1.62 ,1,514.24 ,627.83 
2025-10-28T03:00:00+09:00,115650.00 ,115740.90 ,115260.30 ,115280.60 ,115875.557,114479.743,110695.1965,113184.2017,115177.65,,,,,1,6,0.93 ,2.10 ,0,781,1237,57.97 ,60.33 ,44.21 ,0.48 ,0.84 ,1.56 ,1,484.91 ,595.09 
2025-10-28T04:00:00+09:00,115280.60 ,115280.60 ,114723.80 ,114896.60 ,115836.0458,114559.6942,110731.0355,113241.8133,115197.87,,114451,,,1,6,1.27 ,0.39 ,0,1154,1239,52.74 ,58.58 ,41.67 ,0.48 ,0.82 ,1.53 ,1,425.77 ,558.11 
2025-10-28T05:00:00+09:00,114896.60 ,114896.60 ,114247.20 ,114407.10 ,115878.1089,114487.5511,110765.059,113286.5017,115182.83,,,,,-1,1,1.70 ,0.04 ,0,1353,1250,46.93 ,56.45 ,39.44 ,0.51 ,0.80 ,1.50 ,1,335.54 ,514.89 
2025-10-28T06:00:00+09:00,114407.10 ,114586.90 ,114080.10 ,114253.10 ,115938.6411,114330.3289,110796.1355,113332.9383,115134.485,,,,,-1,1,1.84 ,0.17 ,0,1177,1264,45.24 ,55.80 ,37.60 ,0.49 ,0.79 ,1.47 ,1,248.73 ,468.41 
2025-10-28T07:00:00+09:00,114253.10 ,114559.00 ,114017.60 ,114084.80 ,116015.2517,114180.1683,110824.7805,113375.8833,115097.71,,,,,-1,1,1.99 ,0.32 ,0,688,1245,43.40 ,55.09 ,36.15 ,0.49 ,0.77 ,1.45 ,-1,164.46 ,416.58 
2025-10-28T08:00:00+09:00,114084.80 ,114190.30 ,113800.00 ,114074.10 ,116074.3978,114037.2122,110853.0045,113418.5683,115055.805,115740.9,,,,-1,1,1.46 ,0.33 ,-1,1056,1270,43.28 ,55.05 ,34.93 ,0.44 ,0.77 ,1.43 ,-1,95.71 ,365.07 
2025-10-28T09:00:00+09:00,114074.10 ,114343.60 ,113735.30 ,113942.60 ,116117.8383,113868.0317,110879.8725,113453.295,114992.935,,,,,-1,1,1.58 ,0.45 ,0,1053,1297,41.75 ,54.49 ,33.77 ,0.47 ,0.77 ,1.43 ,-1,30.27 ,311.80 
2025-10-28T10:00:00+09:00,113942.60 ,114503.80 ,113942.60 ,114389.40 ,116066.343,113808.467,110906.603,113499.2833,114937.405,,,,,-1,1,1.18 ,0.05 ,0,923,1265,48.43 ,56.04 ,32.51 ,0.48 ,0.77 ,1.44 ,-1,14.29 ,257.10 
2025-10-28T11:00:00+09:00,114389.40 ,114436.20 ,113529.90 ,113895.10 ,115940.5635,113724.9565,110929.5375,113538.47,114832.76,,,,,-1,1,1.62 ,0.49 ,0,1178,1214,42.61 ,53.96 ,31.74 ,0.58 ,0.78 ,1.45 ,-1,-37.82 ,195.76 
2025-10-28T12:00:00+09:00,113895.10 ,114069.10 ,113661.20 ,113870.00 ,115888.6238,113613.0762,110954.658,113580.8,114750.85,,,116350.6,,-1,1,1.64 ,0.51 ,0,684,1139,42.33 ,53.85 ,31.18 ,0.51 ,0.77 ,1.44 ,-1,-80.22 ,132.97 
2025-10-28T13:00:00+09:00,113870.00 ,114040.00 ,113713.50 ,113928.90 ,115884.9287,113511.6613,110980.4035,113624.225,114698.295,,,,,-1,1,1.59 ,0.46 ,0,329,1071,43.27 ,54.07 ,30.76 ,0.43 ,0.76 ,1.41 ,-1,-107.83 ,73.68 
2025-10-28T14:00:00+09:00,113928.90 ,113954.30 ,113416.30 ,113574.20 ,115875.4359,113358.4641,111004.9135,113661.735,114616.95,,,,,-1,1,1.91 ,0.77 ,0,936,1046,39.14 ,52.58 ,30.55 ,0.45 ,0.75 ,1.40 ,-1,-156.52 ,19.01 
2025-10-28T15:00:00+09:00,113574.20 ,114149.70 ,113574.10 ,114076.60 ,115774.4412,113326.1088,111029.899,113701.8317,114550.275,,,,,-1,1,1.46 ,0.33 ,0,1023,1065,46.87 ,54.39 ,30.28 ,0.47 ,0.75 ,1.39 ,-1,-152.81 ,-25.61 
2025-10-28T16:00:00+09:00,114076.60 ,114314.00 ,114053.70 ,114124.30 ,115678.9994,113304.3306,111057.544,113744.1617,114491.665,,,,,-1,1,1.42 ,0.29 ,0,1054,1076,47.55 ,54.56 ,29.92 ,0.39 ,0.74 ,1.38 ,-1,-144.36 ,-59.92 
2025-10-28T17:00:00+09:00,114124.30 ,114420.00 ,114045.30 ,114361.50 ,115622.7811,113295.2889,111089.2885,113793.62,114459.035,,,,,-1,1,1.21 ,0.08 ,0,590,1071,50.91 ,55.40 ,29.54 ,0.37 ,0.74 ,1.37 ,-1,-117.17 ,-83.58 
2025-10-28T18:00:00+09:00,114361.50 ,114595.70 ,114131.90 ,114460.80 ,115530.8336,113311.0464,111121.5785,113844.1133,114420.94,,,,,-1,1,1.12 ,0.01 ,0,845,995,52.29 ,55.74 ,28.82 ,0.38 ,0.72 ,1.35 ,-1,-86.61 ,-96.56 
2025-10-28T19:00:00+09:00,114460.80 ,114551.20 ,114361.60 ,114542.20 ,115509.7315,113309.5585,111150.719,113893.465,114409.645,,113416.3,,,-1,1,1.05 ,0.98 ,0,425,923,53.45 ,56.03 ,27.79 ,0.31 ,0.70 ,1.31 ,-1,-55.19 ,-104.28 
2025-10-28T20:00:00+09:00,114542.20 ,114619.90 ,114232.80 ,114284.10 ,115452.1435,113302.6065,111171.6915,113938.265,114377.375,,,,,-1,1,1.27 ,0.76 ,0,635,908,49.37 ,54.88 ,26.57 ,0.32 ,0.68 ,1.28 ,-1,-50.53 ,-105.69 
2025-10-28T21:00:00+09:00,114284.10 ,114466.90 ,114078.10 ,114397.40 ,115280.3621,113368.9779,111191.8335,113983.7233,114324.67,,,,,-1,1,1.17 ,0.86 ,0,764,867,51.13 ,55.29 ,25.14 ,0.33 ,0.67 ,1.24 ,-1,-37.27 ,-100.92 
2025-10-28T22:00:00+09:00,114397.40 ,115457.10 ,114397.40 ,115457.10 ,115219.5442,113410.5058,111214.3445,114048.1067,114315.025,,,,,-1,1,0.25 ,1.77 ,0,2646,965,63.83 ,58.87 ,23.90 ,0.52 ,0.67 ,1.24 ,-1,58.08 ,-82.49 
2025-10-28T23:00:00+09:00,115457.10 ,116050.50 ,114160.20 ,115020.40 ,115156.7206,113447.3094,111233.394,114108.335,114302.015,,,,,-1,1,0.63 ,1.39 ,0,5926,1222,57.23 ,56.95 ,23.16 ,0.90 ,0.70 ,1.30 ,1,97.29 ,-54.29 
2025-10-29T00:00:00+09:00,115020.40 ,115377.80 ,114459.80 ,114582.60 ,115107.6401,113464.9899,111250.752,114164.5267,114286.315,,,,,-1,1,1.01 ,1.02 ,0,2104,1269,51.48 ,55.11 ,22.96 ,0.87 ,0.73 ,1.36 ,1,91.98 ,-27.09 
2025-10-29T01:00:00+09:00,114582.60 ,115450.00 ,114471.70 ,115291.70 ,115261.1318,113399.9582,111272.0985,114229.7017,114330.545,,,,,-1,1,0.39 ,1.63 ,0,1732,1288,58.72 ,57.39 ,23.38 ,0.86 ,0.75 ,1.40 ,-1,143.33 ,4.88 
2025-10-29T02:00:00+09:00,115291.70 ,115549.60 ,115159.20 ,115235.90 ,115389.1734,113370.1966,111293.6825,114290.94,114379.685,,,,,-1,1,0.44 ,1.58 ,0,663,1263,57.98 ,57.16 ,24.39 ,0.68 ,0.77 ,1.43 ,-1,177.48 ,37.62 
2025-10-29T03:00:00+09:00,115235.90 ,115317.80 ,114561.60 ,114967.00 ,115454.7559,113392.8341,111315.0455,114347.49,114423.795,,,,,-1,1,0.67 ,1.35 ,0,896,1273,54.46 ,56.04 ,25.41 ,0.68 ,0.78 ,1.46 ,-1,180.76 ,67.33 
2025-10-29T04:00:00+09:00,114967.00 ,115033.40 ,113507.00 ,113648.80 ,115478.0474,113327.0126,111328.3785,114380.3967,114402.53,116050.5,,,,-1,1,2.11 ,0.20 ,-1,2920,1366,41.22 ,51.04 ,26.41 ,0.90 ,0.82 ,1.52 ,-1,76.12 ,81.92 
2025-10-29T05:00:00+09:00,113648.80 ,113655.40 ,112276.00 ,112755.70 ,115624.8843,113061.4857,111338.1845,114397.67,114343.185,,,,,-1,2,2.92 ,0.59 ,0,5207,1574,35.02 ,48.08 ,27.48 ,1.02 ,0.86 ,1.60 ,-1,-77.98 ,78.87 
2025-10-29T06:00:00+09:00,112755.70 ,113186.20 ,112133.60 ,112949.10 ,115689.012,112853.328,111347.397,114405.5817,114271.17,,,,,-1,2,2.75 ,0.41 ,0,2274,1642,37.22 ,48.74 ,28.46 ,0.99 ,0.89 ,1.67 ,-1,-182.39 ,62.74 
2025-10-29T07:00:00+09:00,112949.10 ,113261.40 ,112783.00 ,113186.00 ,115723.156,112748.274,111357.5775,114418.0667,114235.715,,,,,-1,2,2.53 ,0.20 ,0,559,1611,39.91 ,49.54 ,29.31 ,0.80 ,0.91 ,1.70 ,-1,-243.23 ,29.26 
2025-10-29T08:00:00+09:00,113186.00 ,113186.00 ,112733.50 ,112866.10 ,115782.6493,112588.3907,111366.5475,114412.1667,114185.52,,,,,-1,2,2.82 ,0.49 ,0,846,1619,37.57 ,48.49 ,30.03 ,0.67 ,0.92 ,1.72 ,-1,-313.63 ,-16.40 
2025-10-29T09:00:00+09:00,112866.10 ,112866.10 ,112390.00 ,112390.00 ,115885.8616,112331.2884,111375.297,114393.5633,114108.575,,,,,-1,2,3.26 ,0.91 ,0,1235,1664,34.34 ,46.99 ,30.69 ,0.59 ,0.93 ,1.74 ,-1,-403.20 ,-71.42 
2025-10-29T10:00:00+09:00,112390.00 ,112928.50 ,112050.10 ,112440.70 ,115961.1275,112142.6725,111386.3095,114373.4433,114051.9,,,,,-1,2,3.21 ,0.87 ,0,2328,1734,34.98 ,47.17 ,31.79 ,0.65 ,0.95 ,1.77 ,-1,-464.73 ,-138.98 
2025-10-29T11:00:00+09:00,112440.70 ,112742.90 ,112358.80 ,112610.10 ,115988.3707,111968.7793,111394.948,114358.4217,113978.575,,,,,-1,2,3.06 ,0.72 ,0,772,1721,37.19 ,47.77 ,33.24 ,0.55 ,0.96 ,1.78 ,-1,-494.13 ,-213.60 
2025-10-29T12:00:00+09:00,112610.10 ,112610.20 ,112271.70 ,112465.10 ,116008.8172,111782.4128,111403.5795,114338.7317,113895.615,,,,,-1,2,3.19 ,0.85 ,0,387,1688,36.06 ,47.30 ,34.71 ,0.47 ,0.96 ,1.80 ,-1,-523.10 ,-291.81 
2025-10-29T13:00:00+09:00,112465.10 ,112815.80 ,112450.00 ,112756.10 ,115973.154,111657.536,111412.231,114326.8683,113815.345,,,,,-1,2,2.92 ,0.59 ,0,479,1682,39.99 ,48.34 ,36.02 ,0.42 ,0.97 ,1.80 ,-1,-516.63 ,-357.67 
2025-10-29T14:00:00+09:00,112756.10 ,113315.20 ,112750.00 ,112976.10 ,115907.1294,111575.0906,111424.5995,114319.8017,113741.11,,,,,-1,2,2.72 ,0.39 ,0,959,1688,42.85 ,49.11 ,36.92 ,0.44 ,0.97 ,1.81 ,-1,-488.12 ,-403.24 
2025-10-29T15:00:00+09:00,112976.10 ,113310.60 ,112903.10 ,113232.90 ,115819.894,111531.396,111437.089,114314.5817,113675.645,,112050.1,,,-1,2,2.49 ,1.04 ,0,1139,1724,46.08 ,50.00 ,37.43 ,0.42 ,0.98 ,1.83 ,-1,-439.73 ,-431.83 
2025-10-29T16:00:00+09:00,113232.90 ,113530.00 ,113165.90 ,113509.70 ,115763.7233,111510.1267,111452.2425,114313.75,113636.925,,,,,-1,2,2.24 ,1.29 ,0,968,1740,49.41 ,50.95 ,37.38 ,0.38 ,0.98 ,1.84 ,-1,-374.73 ,-446.44 
2025-10-29T17:00:00+09:00,113509.70 ,113571.90 ,112876.00 ,113005.60 ,115681.0875,111453.5825,111465.262,114309.375,113567.335,,,,,-1,2,2.69 ,0.85 ,0,1296,1767,44.08 ,49.22 ,36.88 ,0.46 ,0.99 ,1.85 ,-1,-359.74 ,-451.57 
2025-10-29T18:00:00+09:00,113005.60 ,113040.20 ,112700.00 ,112920.00 ,115382.939,111498.021,111480.8315,114300.42,113440.48,,,,,-1,2,2.77 ,0.77 ,0,1162,1693,43.23 ,48.93 ,36.05 ,0.41 ,0.99 ,1.84 ,-1,-350.73 ,-445.74 
2025-10-29T19:00:00+09:00,112920.00 ,113136.80 ,112660.00 ,112806.20 ,115147.833,111511.707,111497.5145,114269.8117,113329.77,,,116050.5,,-1,2,2.88 ,0.67 ,0,737,1433,42.06 ,48.54 ,34.83 ,0.41 ,0.95 ,1.77 ,-1,-348.75 ,-432.85 
2025-10-29T20:00:00+09:00,112806.20 ,113200.00 ,112689.90 ,113082.20 ,114981.3602,111528.1398,111517.8255,114246.3117,113254.75,,,,,-1,2,2.62 ,0.91 ,0,959,1376,45.87 ,49.53 ,33.37 ,0.43 ,0.92 ,1.71 ,-1,-321.21 ,-413.64 
2025-10-29T21:00:00+09:00,113082.20 ,113279.70 ,113003.80 ,113096.30 ,114596.9349,111693.0251,111544.557,114219.4517,113144.98,,,,,-1,2,2.61 ,0.93 ,0,1069,1343,46.07 ,49.58 ,31.94 ,0.36 ,0.88 ,1.64 ,-1,-294.85 ,-388.28 
2025-10-29T22:00:00+09:00,113096.30 ,113591.60 ,112630.00 ,112817.30 ,114118.0164,111930.0836,111571.1265,114179.4067,113024.05,,,,,-1,2,2.87 ,0.68 ,0,2446,1432,42.78 ,48.60 ,30.73 ,0.53 ,0.87 ,1.62 ,-1,-293.09 ,-363.44 
2025-10-29T23:00:00+09:00,112817.30 ,112860.10 ,112187.80 ,112457.00 ,113564.1772,112232.9228,111593.9985,114140.0183,112898.55,,,,,-1,2,3.20 ,0.36 ,0,2204,1497,38.92 ,47.37 ,30.02 ,0.55 ,0.86 ,1.60 ,1,-317.11 ,-344.44 
2025-10-30T00:00:00+09:00,112457.00 ,112537.60 ,111355.10 ,111461.80 ,113623.1694,111955.2306,111611.1755,114082.5117,112789.2,,,,,-1,3,4.12 ,0.53 ,0,5498,1626,30.69 ,44.20 ,29.86 ,0.73 ,0.84 ,1.58 ,1,-411.71 ,-341.33 
2025-10-30T01:00:00+09:00,111461.80 ,111474.20 ,110912.00 ,111080.00 ,113824.1079,111586.7221,111628.3155,114013.845,112705.415,,,,,-1,3,4.47 ,0.87 ,0,3167,1524,28.22 ,43.08 ,30.19 ,0.65 ,0.82 ,1.53 ,-1,-511.59 ,-356.53 
2025-10-30T02:00:00+09:00,111080.00 ,111888.00 ,110968.70 ,111839.00 ,113823.5407,111476.2793,111648.971,113952.8283,112649.91,,,,,-1,3,3.77 ,0.19 ,0,1974,1509,38.76 ,45.88 ,30.78 ,0.71 ,0.80 ,1.49 ,-1,-523.47 ,-374.72 
2025-10-30T03:00:00+09:00,111839.00 ,111983.60 ,109105.50 ,110736.10 ,113938.9547,111115.8753,111660.421,113865.2967,112527.415,113591.6,,,,-1,3,2.58 ,1.19 ,0,24318,2697,31.52 ,42.76 ,31.93 ,1.34 ,0.84 ,1.56 ,-1,-614.79 ,-404.06 
2025-10-30T04:00:00+09:00,110736.10 ,111379.00 ,110077.40 ,110582.90 ,114048.3698,110778.1402,111670.716,113783.2083,112413.255,,,,,-1,3,2.72 ,1.33 ,0,3058,2808,30.66 ,42.35 ,33.66 ,1.29 ,0.88 ,1.65 ,-1,-691.55 ,-442.15 
2025-10-30T05:00:00+09:00,110582.90 ,111489.60 ,110339.10 ,111374.70 ,114059.2231,110665.7569,111683.94,113723.12,112362.49,,,,,-1,3,1.99 ,0.61 ,0,2126,2852,39.78 ,45.11 ,35.66 ,1.20 ,0.93 ,1.74 ,-1,-680.64 ,-482.09 
2025-10-30T06:00:00+09:00,111374.70 ,111745.90 ,111318.00 ,111558.60 ,114050.1895,110586.5805,111699.8375,113662.4117,112318.385,,,,,-1,3,1.82 ,0.44 ,0,766,2774,41.69 ,45.73 ,37.60 ,0.92 ,0.95 ,1.77 ,-1,-649.68 ,-521.51 
2025-10-30T07:00:00+09:00,111558.60 ,111559.50 ,110900.00 ,110968.40 ,114058.2954,110414.3046,111694.0795,113588.3833,112236.3,,,,,-1,3,2.36 ,0.97 ,0,722,2772,37.56 ,44.11 ,39.34 ,0.82 ,0.97 ,1.81 ,-1,-665.09 ,-562.85 
2025-10-30T08:00:00+09:00,110968.40 ,111020.70 ,109684.70 ,109984.10 ,114176.7414,110047.7586,111677.2575,113499.8433,112112.25,,109105.5,,,-1,3,3.28 ,0.80 ,0,2153,2860,31.88 ,41.59 ,40.97 ,0.96 ,1.01 ,1.88 ,-1,-748.11 ,-610.73 
2025-10-30T09:00:00+09:00,109984.10 ,110539.90 ,109675.60 ,110517.50 ,114153.8632,109846.7768,111667.3345,113424.9,112000.32,,,,,-1,3,2.78 ,1.28 ,0,1115,2892,37.40 ,43.38 ,42.77 ,0.89 ,1.04 ,1.95 ,-1,-762.07 ,-649.66 
2025-10-30T10:00:00+09:00,110517.50 ,110686.00 ,110202.40 ,110419.00 ,114082.0003,109662.9297,111659.5675,113344.8383,111872.465,,,,,-1,3,2.87 ,1.19 ,0,751,2881,36.81 ,43.13 ,44.35 ,0.74 ,1.07 ,1.99 ,-1,-772.19 ,-678.62 
2025-10-30T11:00:00+09:00,110419.00 ,110974.20 ,110300.00 ,110935.30 ,113910.4332,109604.7368,111654.5435,113280.9583,111757.585,,,,,-1,3,2.39 ,1.65 ,0,981,2873,42.00 ,44.82 ,45.59 ,0.70 ,1.09 ,2.03 ,-1,-730.13 ,-701.58 
2025-10-30T12:00:00+09:00,110935.30 ,110955.00 ,110480.00 ,110707.00 ,113657.7854,109577.1146,111649.4175,113210.5833,111617.45,,,,,-1,3,2.61 ,1.45 ,0,1055,2878,40.42 ,44.23 ,46.56 ,0.61 ,1.10 ,2.06 ,-1,-707.06 ,-711.83 
2025-10-30T13:00:00+09:00,110707.00 ,110707.00 ,107877.50 ,108503.30 ,113740.6227,109044.0473,111638.249,113094.78,111392.335,,,,,-1,4,4.69 ,0.56 ,0,8985,3262,29.05 ,39.12 ,47.74 ,1.28 ,1.16 ,2.17 ,-1,-856.73 ,-730.19 
2025-10-30T14:00:00+09:00,108503.30 ,110360.90 ,108366.00 ,110186.50 ,113549.9552,108961.3648,111635.3615,113003.7217,111255.66,,,,,-1,4,3.09 ,0.98 ,0,2299,3319,42.38 ,44.15 ,49.03 ,1.45 ,1.24 ,2.32 ,-1,-829.96 ,-746.78 
2025-10-30T15:00:00+09:00,110186.50 ,110900.00 ,109922.70 ,110701.30 ,113341.331,108959.499,111643.8675,112927.4,111150.415,,,,,-1,4,2.61 ,1.44 ,0,1973,3381,45.74 ,45.55 ,50.04 ,1.25 ,1.31 ,2.44 ,-1,-758.45 ,-758.86 
2025-10-30T16:00:00+09:00,110701.30 ,111543.70 ,110581.80 ,111307.00 ,113068.4297,109054.8803,111659.1425,112867.5733,111061.655,,,,,-1,4,2.05 ,1.98 ,0,1674,3417,49.47 ,47.15 ,50.55 ,1.12 ,1.36 ,2.53 ,-1,-645.47 ,-756.68 
2025-10-30T17:00:00+09:00,111307.00 ,111367.60 ,110608.10 ,110652.10 ,112720.7351,109158.1549,111672.7185,112804.99,110939.445,,,,,-1,4,2.66 ,1.40 ,0,1950,3461,45.81 ,45.67 ,50.70 ,0.98 ,1.40 ,2.62 ,-1,-601.84 ,-740.43 
2025-10-30T18:00:00+09:00,110652.10 ,110750.00 ,110062.30 ,110122.00 ,112394.876,109214.484,111681.711,112736.1383,110804.68,,107877.5,,,-1,4,3.15 ,2.04 ,0,1748,3426,43.02 ,44.52 ,50.75 ,0.86 ,1.43 ,2.67 ,1,-603.08 ,-722.77 
2025-10-30T19:00:00+09:00,110122.00 ,110194.40 ,109780.00 ,110073.70 ,112111.2626,109259.7674,111691.2785,112669.2867,110685.515,,,,,-1,4,3.20 ,2.00 ,0,1098,3370,42.77 ,44.41 ,50.77 ,0.70 ,1.44 ,2.69 ,1,-601.04 ,-703.75 
2025-10-30T20:00:00+09:00,110073.70 ,110116.80 ,109652.70 ,109669.90 ,112040.3639,109151.4761,111698.74,112595.8833,110595.92,,,,,-1,4,3.58 ,1.63 ,0,1005,3146,40.60 ,43.54 ,50.48 ,0.61 ,1.43 ,2.67 ,1,-624.80 ,-692.05 
2025-10-30T21:00:00+09:00,109669.90 ,109745.00 ,108231.40 ,108344.20 ,112185.0368,108733.2232,111697.5955,112502.5767,110459.13,111543.7,,,,-1,4,2.95 ,0.43 ,0,4408,3208,34.44 ,40.86 ,50.08 ,0.88 ,1.45 ,2.70 ,-1,-742.05 ,-695.94 
2025-10-30T22:00:00+09:00,108344.20 ,108702.70 ,107356.00 ,107595.20 ,112261.454,108232.426,111694.9105,112389.34,110246.94,,,,,-1,5,3.67 ,0.26 ,0,5298,3374,31.53 ,39.46 ,49.89 ,1.01 ,1.47 ,2.74 ,-1,-885.20 ,-699.10 
2025-10-30T23:00:00+09:00,107595.20 ,108320.10 ,107583.90 ,108225.10 ,112304.2613,107938.5187,111696.2395,112294.84,110121.39,,,,,-1,5,3.07 ,0.32 ,0,2036,2260,36.40 ,41.19 ,50.14 ,0.89 ,1.44 ,2.68 ,-1,-937.03 ,-711.00 
2025-10-31T00:00:00+09:00,108225.10 ,108299.90 ,107266.00 ,107674.60 ,112391.5708,107560.3792,111693.151,112191.5833,109975.975,,,,,-1,5,3.59 ,0.19 ,0,1673,2191,34.12 ,40.16 ,50.82 ,0.92 ,1.41 ,2.63 ,-1,-1010.86 ,-739.04 
2025-10-31T01:00:00+09:00,107674.60 ,108186.40 ,107519.50 ,108099.90 ,112269.9789,107354.4911,111692.7225,112094.4333,109812.235,,,,,-1,5,3.19 ,0.21 ,0,1112,2140,37.38 ,41.32 ,51.78 ,0.82 ,1.38 ,2.58 ,-1,-1023.27 ,-781.02 
2025-10-31T02:00:00+09:00,108099.90 ,108114.80 ,106755.00 ,107446.70 ,112132.6291,107080.6509,111690.403,111992.3083,109606.64,,,,,-1,5,3.81 ,0.40 ,0,3893,2296,34.55 ,40.11 ,53.03 ,0.97 ,1.38 ,2.58 ,-1,-1073.43 ,-833.42 
2025-10-31T03:00:00+09:00,107446.70 ,107509.20 ,106725.70 ,106790.70 ,112121.9273,106673.5827,111686.292,111870.8767,109397.755,,,,,-1,5,4.45 ,1.02 ,0,1255,2323,31.93 ,38.94 ,54.52 ,0.89 ,1.39 ,2.59 ,-1,-1152.83 ,-894.50 
2025-10-31T04:00:00+09:00,106790.70 ,107116.10 ,106237.60 ,106502.60 ,112208.2287,106239.1313,111681.254,111743.8483,109223.68,,,,,-1,5,4.73 ,1.29 ,0,3536,2392,30.83 ,38.43 ,56.08 ,0.87 ,1.38 ,2.58 ,-1,-1224.88 ,-963.82 
2025-10-31T05:00:00+09:00,106502.60 ,107598.30 ,106270.00 ,107455.60 ,112087.9026,106053.2674,111678.591,111628.75,109070.585,,,,,-1,5,3.80 ,0.39 ,0,2277,2450,38.42 ,41.00 ,57.38 ,0.99 ,1.39 ,2.60 ,-1,-1191.35 ,-1026.77 
2025-10-31T06:00:00+09:00,107455.60 ,107906.30 ,107338.50 ,107867.50 ,111937.1613,105948.8587,111674.3445,111518.8617,108943.01,,,,,-1,5,3.41 ,0.01 ,0,895,2458,41.41 ,42.07 ,58.28 ,0.83 ,1.40 ,2.61 ,-1,-1118.65 ,-1068.61 
2025-10-31T07:00:00+09:00,107867.50 ,107889.80 ,107412.70 ,107864.20 ,111672.0837,105906.8263,111669.098,111407.5617,108789.455,,,,,-1,5,3.41 ,0.01 ,0,622,2440,41.39 ,42.07 ,58.81 ,0.70 ,1.40 ,2.61 ,-1,-1049.20 ,-1086.83 
2025-10-31T08:00:00+09:00,107864.20 ,108287.40 ,107550.00 ,108254.00 ,111418.4086,105915.2014,111668.5435,111307.06,108666.805,,,,,-1,5,3.04 ,0.35 ,0,1391,2456,44.36 ,43.08 ,58.79 ,0.69 ,1.40 ,2.62 ,-1,-951.74 ,-1088.47 
2025-10-31T09:00:00+09:00,108254.00 ,109537.20 ,108218.00 ,109254.20 ,111466.4767,105942.2233,111673.9245,111221.34,108704.35,,106237.6,,,-1,5,2.10 ,2.76 ,1,2142,2114,51.19 ,45.58 ,57.85 ,0.86 ,1.37 ,2.56 ,-1,-784.74 ,-1063.34 
2025-10-31T10:00:00+09:00,109254.20 ,109991.50 ,109115.20 ,109576.70 ,111382.8212,105964.8988,111683.1545,111123.3333,108673.86,,,,,-1,5,1.80 ,3.05 ,0,2388,2119,53.18 ,46.36 ,56.18 ,0.84 ,1.33 ,2.48 ,-1,-619.24 ,-1018.45 
2025-10-31T11:00:00+09:00,109576.70 ,109641.60 ,108510.00 ,108806.30 ,111125.4732,106032.7468,111687.2665,111019.765,108579.11,,,,,-1,5,2.52 ,2.36 ,0,1942,2117,48.12 ,44.80 ,53.68 ,0.91 ,1.30 ,2.43 ,-1,-543.97 ,-959.62 
2025-10-31T12:00:00+09:00,108806.30 ,109274.40 ,108571.40 ,109176.10 ,110713.449,106231.681,111694.006,110929.6567,108472.565,,,,,-1,5,2.17 ,2.69 ,0,1573,2112,50.56 ,45.69 ,50.67 ,0.82 ,1.28 ,2.39 ,-1,-449.30 ,-881.45 
2025-10-31T13:00:00+09:00,109176.10 ,110175.30 ,109046.40 ,110028.10 ,110574.7966,106307.9334,111705.8935,110841.93,108441.365,,,,,-1,5,1.38 ,3.45 ,0,2299,2130,55.71 ,47.69 ,47.55 ,0.88 ,1.27 ,2.37 ,-1,-302.04 ,-778.91 
2025-10-31T14:00:00+09:00,110028.10 ,110028.10 ,109631.50 ,109829.50 ,110517.47,106336.01,111719.273,110751.8233,108426.74,,,,,-1,5,1.56 ,3.27 ,0,1058,2095,54.29 ,47.27 ,44.34 ,0.71 ,1.26 ,2.35 ,-1,-199.07 ,-668.66 
2025-10-31T15:00:00+09:00,109829.50 ,109902.20 ,109454.50 ,109573.80 ,110423.9485,106379.5415,111731.436,110661.9367,108401.745,,,,,-1,5,1.80 ,3.04 ,0,1007,2091,52.43 ,46.74 ,41.17 ,0.61 ,1.25 ,2.34 ,-1,-136.52 ,-559.54 
2025-10-31T16:00:00+09:00,109573.80 ,109741.00 ,109194.80 ,109394.60 ,110378.9742,106397 ,111740.721,110591.0333,108387.98,,,,,-1,5,1.96 ,2.89 ,0,1165,2099,51.12 ,46.37 ,38.31 ,0.57 ,1.25 ,2.33 ,-1,-100.26 ,-454.10 
2025-10-31T17:00:00+09:00,109394.60 ,110064.20 ,109140.80 ,110022.70 ,110586.1336,106357.6764,111751.7335,110545.4833,108471.905,,,,,-1,5,1.38 ,3.44 ,0,1738,1965,55.35 ,47.86 ,35.72 ,0.66 ,1.23 ,2.30 ,-1,-20.60 ,-350.64 
2025-10-31T18:00:00+09:00,110022.70 ,110431.50 ,109752.40 ,109800.00 ,110731.6557,106432.6343,111760.223,110492.9983,108582.145,,,,,-1,5,1.59 ,3.24 ,0,1629,1782,53.58 ,47.38 ,33.62 ,0.65 ,1.21 ,2.25 ,-1,24.29 ,-260.74 
2025-10-31T19:00:00+09:00,109800.00 ,110055.30 ,109644.80 ,109756.00 ,110860.2918,106457.0882,111767.2195,110435.8317,108658.69,,,,,-1,5,1.63 ,3.21 ,0,811,1720,53.22 ,47.29 ,31.92 ,0.56 ,1.18 ,2.21 ,-1,55.66 ,-185.76 
2025-10-31T20:00:00+09:00,109756.00 ,110500.00 ,109402.20 ,110359.20 ,111064.4041,106521.4359,111777.5,110394.05,108792.92,,,,,-1,5,1.07 ,3.73 ,0,2348,1754,57.46 ,48.72 ,30.51 ,0.70 ,1.17 ,2.18 ,-1,127.73 ,-111.12 
2025-10-31T21:00:00+09:00,110359.20 ,110644.80 ,109566.50 ,109609.70 ,111143.1002,106593.7198,111782.6585,110347.7117,108868.41,,,,,-1,5,1.76 ,3.08 ,0,2695,1833,51.24 ,47.10 ,29.39 ,0.80 ,1.16 ,2.17 ,-1,122.95 ,-47.54 
2025-10-31T22:00:00+09:00,109609.70 ,110188.40 ,109315.00 ,110111.00 ,111239.433,106763.817,111788.8035,110308.8833,109001.625,,,,,-1,5,1.30 ,3.52 ,0,2830,1780,54.77 ,48.28 ,28.49 ,0.79 ,1.15 ,2.15 ,-1,157.79 ,3.55 
2025-10-31T23:00:00+09:00,110111.00 ,111011.00 ,109530.40 ,110732.20 ,111313.829,107083.571,111791.56,110277.585,109198.7,,,,,-1,5,0.73 ,4.06 ,0,5209,1978,58.75 ,49.70 ,28.09 ,0.97 ,1.16 ,2.16 ,-1,232.84 ,51.54 
2025-11-01T00:00:00+09:00,110732.20 ,111167.30 ,110083.60 ,110168.00 ,111135.1204,107628.8196,111796.3035,110239.3,109381.97,,,,106237.6,-1,5,1.25 ,3.57 ,0,3777,1990,54.09 ,48.46 ,28.09 ,0.98 ,1.17 ,2.17 ,-1,243.99 ,93.82 
2025-11-01T01:00:00+09:00,110168.00 ,110280.70 ,108622.30 ,108816.50 ,110991.6982,107908.3318,111793.05,110173.64,109450.015,,,,,-1,5,2.51 ,2.37 ,0,3160,2034,44.90 ,45.69 ,27.86 ,1.17 ,1.18 ,2.20 ,-1,142.12 ,120.75 
2025-11-01T02:00:00+09:00,108816.50 ,109397.80 ,108600.00 ,109275.30 ,110885.0303,108155.7797,111792.464,110111.96,109520.405,,,,,-1,5,2.08 ,2.78 ,0,1546,2067,48.13 ,46.75 ,27.46 ,1.02 ,1.19 ,2.23 ,-1,97.30 ,133.85 
2025-11-01T03:00:00+09:00,109275.30 ,109775.10 ,108938.30 ,109416.00 ,110734.5242,108461.4658,111792.6135,110048.345,109597.995,,,,,-1,5,1.94 ,2.90 ,0,1439,2107,49.11 ,47.07 ,26.81 ,0.93 ,1.21 ,2.26 ,1,72.29 ,139.18 
2025-11-01T04:00:00+09:00,109416.00 ,110207.70 ,109067.60 ,109792.80 ,110631.1488,108718.7212,111795.5125,109986.3967,109674.935,,,,,-1,5,1.59 ,3.24 ,0,1230,2099,51.74 ,47.93 ,26.03 ,0.97 ,1.23 ,2.30 ,1,81.93 ,142.10 
2025-11-01T05:00:00+09:00,109792.80 ,109792.80 ,109387.30 ,109441.70 ,110627.4268,108741.1932,111797.083,109926.9983,109684.31,111167.3,,,,-1,5,1.58 ,2.93 ,0,752,2030,49.19 ,47.20 ,25.24 ,0.77 ,1.22 ,2.28 ,1,60.55 ,134.64 
2025-11-01T06:00:00+09:00,109441.70 ,109705.50 ,109270.60 ,109518.10 ,110626.1785,108736.5815,111797.424,109870.3,109681.38,,,,,-1,5,1.51 ,3.00 ,0,594,1940,49.77 ,47.38 ,24.18 ,0.65 ,1.21 ,2.26 ,1,49.19 ,126.44 
2025-11-01T07:00:00+09:00,109518.10 ,109757.90 ,109428.00 ,109533.30 ,110577.1434,108858.3166,111797.3855,109815.7517,109717.73,,108600,,,-1,5,1.49 ,0.85 ,0,427,1864,49.89 ,47.41 ,22.86 ,0.53 ,1.18 ,2.20 ,1,40.95 ,113.46 
2025-11-01T08:00:00+09:00,109533.30 ,109635.30 ,109464.00 ,109555.10 ,110563.5851,108909.7749,111795.9575,109756.9667,109736.68,,,,,-1,5,1.47 ,0.87 ,0,284,1800,50.08 ,47.47 ,21.79 ,0.41 ,1.15 ,2.15 ,1,35.77 ,91.56 
2025-11-01T09:00:00+09:00,109555.10 ,109713.80 ,109335.10 ,109680.00 ,110535.4966,108903.0534,111793.431,109700.0283,109719.275,,,,,-1,5,1.36 ,0.98 ,0,545,1712,51.21 ,47.77 ,20.87 ,0.39 ,1.11 ,2.08 ,1,41.26 ,69.04 
2025-11-01T10:00:00+09:00,109680.00 ,110005.00 ,109651.00 ,109679.00 ,110526.5418,108896.9582,111785.968,109647.7233,109711.75,,,,,-1,5,1.36 ,0.98 ,0,527,1686,51.20 ,47.77 ,20.18 ,0.36 ,1.09 ,2.03 ,1,45.02 ,58.25 
2025-11-01T11:00:00+09:00,109679.00 ,109832.30 ,109423.30 ,109738.30 ,110532.3481,108907.6019,111782.097,109602.4117,109719.975,,,,,-1,5,1.30 ,1.04 ,0,750,1673,51.81 ,47.92 ,19.46 ,0.37 ,1.07 ,1.99 ,1,52.17 ,53.24 
2025-11-01T12:00:00+09:00,109738.30 ,110272.00 ,109738.30 ,110184.10 ,110581.4145,108937.4855,111782.3455,109581.1167,109759.45,,,,,-1,5,0.89 ,1.44 ,0,664,1648,56.19 ,49.04 ,18.88 ,0.41 ,1.06 ,1.97 ,1,92.75 ,55.51 
2025-11-01T13:00:00+09:00,110184.10 ,110531.50 ,110061.60 ,110238.00 ,110611.1098,108929.3202,111786.1975,109567.0833,109770.215,,,,,-1,5,0.84 ,1.49 ,0,710,1596,56.70 ,49.18 ,18.58 ,0.41 ,1.04 ,1.94 ,1,127.78 ,60.61 
2025-11-01T14:00:00+09:00,110238.00 ,110331.70 ,109997.30 ,110082.20 ,110636.1449,108932.5051,111789.1395,109537.8033,109784.325,,,,,-1,5,0.99 ,1.35 ,0,418,1536,54.71 ,48.80 ,18.47 ,0.38 ,1.02 ,1.90 ,1,141.35 ,69.58 
2025-11-01T15:00:00+09:00,110082.20 ,110121.00 ,109885.50 ,109954.40 ,110649.1299,108939.3601,111789.417,109524.775,109794.245,,,,,-1,5,1.10 ,1.23 ,0,482,1519,53.06 ,48.48 ,18.46 ,0.32 ,1.00 ,1.86 ,1,140.17 ,79.69 
2025-11-01T16:00:00+09:00,109954.40 ,110209.00 ,109941.50 ,110021.20 ,110599.63,108955.06,111789.376,109515.4133,109777.345,,,,,-1,5,1.04 ,1.29 ,0,391,1422,53.84 ,48.66 ,18.65 ,0.30 ,0.97 ,1.81 ,1,142.98 ,91.03 
2025-11-01T17:00:00+09:00,110021.20 ,110227.60 ,110021.10 ,110199.40 ,110645.0902,108968.5698,111788.1095,109495.825,109806.83,,,,,-1,5,0.88 ,1.45 ,0,413,1307,55.95 ,49.13 ,18.91 ,0.26 ,0.93 ,1.73 ,1,157.76 ,104.58 
2025-11-01T18:00:00+09:00,110199.40 ,110207.00 ,109929.00 ,109951.90 ,110628.4124,108969.3376,111785.1655,109469.0467,109798.875,110531.5,,,,-1,5,0.53 ,1.23 ,0,363,1184,52.37 ,48.50 ,19.28 ,0.26 ,0.89 ,1.66 ,1,147.80 ,116.42 
2025-11-01T19:00:00+09:00,109951.90 ,110134.10 ,109792.70 ,110115.70 ,110496.1901,109039.9099,111783.2195,109454.835,109768.05,,,,,-1,5,0.38 ,1.38 ,0,615,954,54.45 ,48.94 ,19.46 ,0.27 ,0.84 ,1.56 ,1,151.39 ,128.24 
2025-11-01T20:00:00+09:00,110115.70 ,110195.70 ,109956.60 ,110093.20 ,110484.9241,109043.6959,111781.66,109456.6533,109764.31,,,111167.3,,-1,5,0.40 ,1.36 ,0,404,786,54.10 ,48.88 ,19.41 ,0.26 ,0.78 ,1.46 ,1,150.67 ,139.18 
2025-11-01T21:00:00+09:00,110093.20 ,110167.60 ,109964.90 ,109986.10 ,110402.2504,109243 ,111776.0355,109447.7967,109822.79,,,,,-1,5,0.50 ,1.26 ,0,251,640,52.38 ,48.60 ,19.20 ,0.23 ,0.71 ,1.33 ,1,139.85 ,144.42 
2025-11-01T22:00:00+09:00,109986.10 ,110025.90 ,109672.90 ,109907.90 ,110377.1745,109331.6655,111769.67,109439.2783,109854.42,,,,,-1,5,0.57 ,1.19 ,0,566,591,51.10 ,48.38 ,18.83 ,0.26 ,0.65 ,1.22 ,1,123.54 ,143.95 
2025-11-01T23:00:00+09:00,109907.90 ,109952.50 ,109693.30 ,109897.40 ,110361.0683,109395.9117,111762.2,109421.98,109878.49,,,,,-1,5,0.58 ,1.18 ,0,506,545,50.92 ,48.36 ,18.27 ,0.25 ,0.60 ,1.13 ,1,108.52 ,140.30 
2025-11-02T00:00:00+09:00,109897.40 ,110321.70 ,109865.90 ,110253.20 ,110408.8315,109394.1885,111758.515,109414.4167,109901.51,,,,,-1,5,0.25 ,1.50 ,0,716,519,56.50 ,49.40 ,17.66 ,0.31 ,0.55 ,1.03 ,-1,123.89 ,138.49 
2025-11-02T01:00:00+09:00,110253.20 ,110479.00 ,110142.80 ,110418.00 ,110459.1578,109441.4922,111755.4015,109446.3283,109950.325,,,,,-1,5,0.10 ,1.65 ,0,757,519,58.83 ,49.88 ,17.18 ,0.31 ,0.52 ,0.97 ,-1,147.67 ,139.01 
2025-11-02T02:00:00+09:00,110418.00 ,110443.60 ,110131.50 ,110148.10 ,110456.5893,109507.0607,111749.7545,109445.6883,109981.825,,,,,-1,5,0.35 ,1.41 ,0,391,509,53.75 ,49.10 ,16.91 ,0.30 ,0.49 ,0.92 ,1,143.09 ,137.38 
2025-11-02T03:00:00+09:00,110148.10 ,110316.90 ,110132.00 ,110284.50 ,110464.1834,109574.5866,111745.9005,109438.7417,110019.385,,109672.9,,,-1,5,0.22 ,0.55 ,0,178,497,55.83 ,49.51 ,16.79 ,0.25 ,0.47 ,0.88 ,1,148.75 ,137.49 
2025-11-02T04:00:00+09:00,110284.50 ,110284.50 ,110159.10 ,110245.10 ,110454.0874,109653.6826,111742.049,109421.0433,110053.885,,,,,-1,5,0.26 ,0.52 ,0,116,488,55.06 ,49.39 ,16.81 ,0.21 ,0.46 ,0.85 ,1,148.35 ,137.15 
2025-11-02T05:00:00+09:00,110245.10 ,110468.40 ,110245.00 ,110348.30 ,110468.1854,109706.4146,111737.476,109415.98,110087.3,,,,,-1,5,0.17 ,0.61 ,0,261,474,56.74 ,49.71 ,17.17 ,0.21 ,0.44 ,0.83 ,1,154.58 ,137.58 
2025-11-02T06:00:00+09:00,110348.30 ,110375.90 ,109792.40 ,109810.90 ,110450.0373,109737.7527,111732.105,109410.795,110093.895,110479,,,,-1,5,0.61 ,0.13 ,0,572,476,46.90 ,48.11 ,17.46 ,0.32 ,0.44 ,0.82 ,1,114.82 ,134.80 
2025-11-02T07:00:00+09:00,109810.90 ,110049.00 ,109810.80 ,110049.00 ,110427.2123,109791.6477,111731.4405,109410.3833,110109.43,,,,,-1,5,0.39 ,0.34 ,0,254,451,50.96 ,48.86 ,17.56 ,0.28 ,0.43 ,0.81 ,1,101.36 ,132.34 
2025-11-02T08:00:00+09:00,110049.00 ,110104.90 ,109911.40 ,110050.70 ,110419.5917,109785.9283,111731.6535,109416.73,110102.76,,,,,-1,5,0.39 ,0.34 ,0,150,426,50.98 ,48.86 ,17.37 ,0.25 ,0.42 ,0.79 ,1,89.80 ,130.26 
2025-11-02T09:00:00+09:00,110050.70 ,110088.60 ,109854.70 ,109938.20 ,110405.9548,109769.5852,111730.185,109443.2967,110087.77,,,,,-1,5,0.49 ,0.24 ,0,226,402,48.94 ,48.52 ,16.94 ,0.24 ,0.41 ,0.76 ,1,70.74 ,124.35 
2025-11-02T10:00:00+09:00,109938.20 ,110060.20 ,109878.00 ,109938.10 ,110405.3848,109755.7452,111728.9735,109482.345,110080.565,,,,,-1,5,0.49 ,0.24 ,0,111,386,48.93 ,48.52 ,16.30 ,0.21 ,0.40 ,0.74 ,1,54.99 ,114.05 
2025-11-02T11:00:00+09:00,109938.10 ,110230.30 ,109851.90 ,109978.90 ,110404.8775,109758.7025,111726.0375,109511.575,110081.79,,109792.4,,,-1,5,0.45 ,0.17 ,0,303,377,49.78 ,48.65 ,15.57 ,0.26 ,0.39 ,0.73 ,1,45.28 ,103.19 
2025-11-02T12:00:00+09:00,109978.90 ,110051.00 ,109928.50 ,110017.50 ,110404.8353,109758.3747,111723.28,109550.6233,110081.605,,,,,-1,5,0.42 ,0.20 ,0,100,363,50.62 ,48.78 ,14.61 ,0.21 ,0.38 ,0.72 ,1,40.24 ,91.13 
2025-11-02T13:00:00+09:00,110017.50 ,110754.70 ,109984.60 ,110621.00 ,110500.3213,109705.0487,111722.1485,109592.6417,110102.685,,,,,1,1,0.13 ,0.75 ,0,811,383,61.43 ,50.78 ,14.32 ,0.37 ,0.39 ,0.73 ,1,83.97 ,83.98 
2025-11-02T14:00:00+09:00,110621.00 ,110666.50 ,110230.50 ,110456.50 ,110547.5079,109708.3221,111719.239,109642.805,110127.915,,,,,1,1,0.02 ,0.60 ,0,943,412,57.72 ,50.24 ,14.64 ,0.38 ,0.40 ,0.75 ,1,104.16 ,78.37 
2025-11-02T15:00:00+09:00,110456.50 ,110672.40 ,110250.00 ,110607.00 ,110621.0086,109683.9514,111717.434,109706.41,110152.48,,,,,1,1,0.12 ,0.74 ,0,439,403,60.10 ,50.73 ,15.53 ,0.38 ,0.41 ,0.76 ,1,130.79 ,80.15 
2025-11-02T16:00:00+09:00,110607.00 ,110979.80 ,110369.70 ,110838.10 ,110744.0556,109635.3944,111716.8035,109778.6683,110189.725,,,,,1,1,0.32 ,0.94 ,0,779,422,63.49 ,51.49 ,17.05 ,0.44 ,0.42 ,0.79 ,-1,168.60 ,87.62 
2025-11-02T17:00:00+09:00,110838.10 ,110954.50 ,110660.00 ,110799.90 ,110836.0798,109624.7502,111717.246,109834.4067,110230.415,,,,,1,1,0.29 ,0.91 ,0,376,428,62.54 ,51.36 ,19.15 ,0.38 ,0.43 ,0.81 ,-1,193.25 ,99.11 
2025-11-02T18:00:00+09:00,110799.90 ,110996.40 ,110461.60 ,110653.90 ,110881.1719,109654.2581,111715.437,109880.8467,110267.715,,,,,1,1,0.16 ,0.78 ,0,1005,450,58.93 ,50.84 ,21.39 ,0.41 ,0.45 ,0.83 ,-1,198.72 ,113.33 
2025-11-02T19:00:00+09:00,110653.90 ,110810.70 ,110308.10 ,110441.70 ,110888.2211,109701.6389,111712.795,109923.805,110294.93,,,,,1,1,0.03 ,0.59 ,0,914,470,54.04 ,50.10 ,23.57 ,0.43 ,0.46 ,0.86 ,-1,183.81 ,127.65 
2025-11-02T20:00:00+09:00,110441.70 ,111185.00 ,110431.90 ,111142.80 ,111037.6283,109641.1917,111713.6965,109971.9517,110339.41,,,,,1,1,0.60 ,1.22 ,0,1083,488,64.51 ,52.44 ,25.46 ,0.51 ,0.47 ,0.88 ,-1,225.97 ,147.72 
2025-11-02T21:00:00+09:00,111142.80 ,111198.00 ,110628.00 ,110679.20 ,111065.69,109639.25,111711.3125,109995.7017,110352.47,,,,,1,1,0.18 ,0.80 ,0,1035,502,55.51 ,50.83 ,27.07 ,0.51 ,0.49 ,0.91 ,-1,219.43 ,167.63 
2025-11-02T22:00:00+09:00,110679.20 ,110716.20 ,110123.00 ,110512.90 ,111080.7425,109660.6775,111707.2735,110011.305,110370.71,,,,,1,1,0.03 ,0.65 ,0,1658,566,52.66 ,50.27 ,27.95 ,0.52 ,0.51 ,0.95 ,-1,198.55 ,180.36 
2025-11-02T23:00:00+09:00,110512.90 ,110621.80 ,110141.30 ,110370.20 ,111083.9282,109666.0618,111702.6025,110037.37,110374.995,,,,,1,1,0.10 ,0.52 ,0,859,600,50.29 ,49.78 ,28.03 ,0.49 ,0.52 ,0.98 ,-1,168.54 ,187.52 
2025-11-03T00:00:00+09:00,110370.20 ,110518.70 ,110028.70 ,110070.50 ,111085.6052,109646.9248,111695.7555,110052.2767,110366.265,,,,,1,1,0.37 ,0.25 ,0,1023,645,45.63 ,48.78 ,27.40 ,0.48 ,0.54 ,1.02 ,-1,119.20 ,186.23 
2025-11-03T01:00:00+09:00,110070.50 ,110099.10 ,109689.00 ,110074.90 ,111083.0859,109622.1041,111687.501,110053.0567,110352.595,,,,,1,1,0.37 ,0.26 ,0,1623,713,45.71 ,48.79 ,26.64 ,0.44 ,0.56 ,1.05 ,-1,79.54 ,176.34 
2025-11-03T02:00:00+09:00,110074.90 ,110231.80 ,109982.50 ,110150.20 ,111063.8019,109675.3181,111680.9175,110058.4017,110369.56,111198,,,,1,1,0.95 ,0.32 ,0,335,701,47.13 ,49.06 ,25.84 ,0.37 ,0.57 ,1.06 ,-1,53.56 ,160.81 
2025-11-03T03:00:00+09:00,110150.20 ,110299.70 ,110125.90 ,110299.70 ,111061.6299,109702.5601,111674.8755,110070.5,110382.095,,,,,1,1,0.81 ,0.46 ,0,221,700,49.94 ,49.60 ,24.70 ,0.30 ,0.57 ,1.06 ,-1,44.53 ,143.68 
2025-11-03T04:00:00+09:00,110299.70 ,110299.70 ,109909.80 ,110134.30 ,111058.5947,109713.9553,111667.982,110082.8283,110386.275,,,,,1,1,0.97 ,0.31 ,0,320,708,46.97 ,49.02 ,23.41 ,0.32 ,0.57 ,1.07 ,-1,23.75 ,125.90 
2025-11-03T05:00:00+09:00,110134.30 ,110177.50 ,109843.50 ,110044.30 ,111051.2286,109731.9314,111658.9085,110083.1883,110391.58,,,,,1,1,1.05 ,0.23 ,0,164,705,45.38 ,48.70 ,22.51 ,0.31 ,0.58 ,1.08 ,-1,0.02 ,100.79 
2025-11-03T06:00:00+09:00,110044.30 ,110089.20 ,109923.20 ,109944.10 ,111050.7083,109733.0517,111650.4785,110085.59,110391.88,,109689,,,1,1,1.14 ,0.23 ,0,165,708,43.62 ,48.34 ,21.96 ,0.26 ,0.58 ,1.09 ,-1,-26.57 ,73.46 
2025-11-03T07:00:00+09:00,109944.10 ,109980.00 ,109412.70 ,109865.60 ,111060.9075,109711.5225,111642.087,110087.4167,110386.215,,,,,1,1,1.21 ,0.16 ,0,1025,744,42.23 ,48.06 ,21.98 ,0.35 ,0.59 ,1.10 ,-1,-53.36 ,45.47 
2025-11-03T08:00:00+09:00,109865.60 ,110707.30 ,109865.60 ,110500.00 ,111064.772,109755.908,111637.936,110089.7633,110410.34,,,,,1,1,0.63 ,0.73 ,0,1888,833,54.74 ,50.44 ,21.72 ,0.48 ,0.61 ,1.14 ,1,-23.13 ,24.17 
2025-11-03T09:00:00+09:00,110500.00 ,110715.50 ,109704.20 ,109704.20 ,111079.1518,109649.8482,111629.84,110091.3383,110364.5,,,,,1,1,1.36 ,0.01 ,0,912,838,42.35 ,47.64 ,21.40 ,0.63 ,0.63 ,1.17 ,1,-62.67 ,3.96 
2025-11-03T10:00:00+09:00,109704.20 ,109848.00 ,109321.50 ,109615.70 ,111106 ,109539 ,111621.3005,110083.0833,110322.46,,,,,-1,1,1.44 ,0.07 ,0,1415,862,41.24 ,47.34 ,21.29 ,0.58 ,0.64 ,1.20 ,-1,-99.99 ,-15.98 
2025-11-03T11:00:00+09:00,109615.70 ,109709.20 ,108630.00 ,109008.20 ,111200.5424,109284.4976,111607.9875,110054.35,110242.52,,,,,-1,1,2.01 ,0.62 ,0,2584,969,34.51 ,45.35 ,21.45 ,0.72 ,0.67 ,1.25 ,-1,-176.55 ,-41.55 
2025-11-03T12:00:00+09:00,109008.20 ,109131.50 ,107854.10 ,107905.70 ,111457.1566,108734.6434,111589.5935,110016.645,110095.9,,,,,-1,1,3.05 ,1.65 ,0,3310,1096,26.16 ,42.07 ,22.00 ,0.88 ,0.70 ,1.31 ,-1,-322.47 ,-82.33 
2025-11-03T13:00:00+09:00,107905.70 ,107962.80 ,107444.00 ,107862.80 ,111581.521,108316.569,111571.9375,110000.75,109949.045,,,,,-1,1,3.09 ,1.69 ,0,2201,1187,25.90 ,41.95 ,22.98 ,0.75 ,0.73 ,1.36 ,-1,-436.55 ,-133.48 
2025-11-03T14:00:00+09:00,107862.80 ,108038.20 ,107353.00 ,107560.80 ,111694.57,107894.21,111552.5855,109972.175,109794.39,110715.5,,,,-1,1,2.93 ,1.98 ,-1,1364,1205,24.07 ,41.10 ,24.07 ,0.71 ,0.75 ,1.41 ,-1,-545.04 ,-194.04 
2025-11-03T15:00:00+09:00,107560.80 ,107668.70 ,106960.70 ,107454.20 ,111774.0825,107515.9475,111531.951,109939.4783,109645.015,,,,,-1,1,3.04 ,2.08 ,0,2225,1271,23.44 ,40.81 ,25.90 ,0.69 ,0.77 ,1.44 ,-1,-632.33 ,-261.34 
2025-11-03T16:00:00+09:00,107454.20 ,107783.90 ,107222.50 ,107430.40 ,111679.1565,107239.6335,111511.1225,109900.105,109459.395,,,,,-1,1,3.06 ,2.10 ,0,1374,1285,23.29 ,40.74 ,28.25 ,0.64 ,0.78 ,1.46 ,-1,-695.41 ,-332.68 
2025-11-03T17:00:00+09:00,107430.40 ,107671.30 ,106906.20 ,107558.90 ,111595.7085,107011.0515,111490.5675,109868.725,109303.38,,,111198,,-1,1,2.93 ,1.98 ,0,1680,1317,25.98 ,41.27 ,30.93 ,0.66 ,0.79 ,1.48 ,-1,-726.66 ,-410.85 
2025-11-03T18:00:00+09:00,107558.90 ,107890.20 ,107055.40 ,107176.60 ,111535.6298,106737.5002,111468.48,109829.7,109136.565,,,,,-1,1,3.30 ,2.34 ,0,1508,1310,23.36 ,40.18 ,33.50 ,0.70 ,0.81 ,1.51 ,-1,-773.36 ,-489.82 
2025-11-03T19:00:00+09:00,107176.60 ,107589.00 ,106700.00 ,106934.40 ,111475.3525,106454.1975,111446.1185,109786.385,108964.775,,,,,-1,1,3.54 ,2.58 ,0,2045,1369,21.85 ,39.50 ,35.88 ,0.75 ,0.83 ,1.54 ,-1,-820.46 ,-569.87 
2025-11-03T20:00:00+09:00,106934.40 ,107863.70 ,106932.10 ,107746.70 ,111358.8071,106338.3629,111428.7965,109756.245,108848.585,,,,,-1,1,2.76 ,1.80 ,0,1447,1390,36.61 ,42.80 ,37.82 ,0.78 ,0.85 ,1.59 ,-1,-783.20 ,-637.28 
2025-11-03T21:00:00+09:00,107746.70 ,108209.60 ,107654.70 ,107714.40 ,111220.9416,106240.1784,111410.4625,109723.485,108730.56,,,,,-1,1,2.79 ,1.83 ,0,2079,1413,36.32 ,42.71 ,39.14 ,0.69 ,0.87 ,1.62 ,-1,-747.67 ,-684.52 
2025-11-03T22:00:00+09:00,107714.40 ,108014.50 ,107513.10 ,107853.30 ,111044.724,106186.706,111391.921,109693.0567,108615.715,,,,,-1,1,2.65 ,1.70 ,0,1098,1451,38.60 ,43.26 ,39.88 ,0.62 ,0.89 ,1.65 ,-1,-700.23 ,-713.82 
2025-11-03T23:00:00+09:00,107853.30 ,108273.00 ,107314.00 ,108004.80 ,110815.036,106186.904,111374.075,109664.165,108500.97,,,,,-1,1,2.51 ,1.56 ,0,2083,1544,41.08 ,43.86 ,40.02 ,0.71 ,0.92 ,1.71 ,-1,-643.00 ,-724.70 
2025-11-04T00:00:00+09:00,108004.80 ,108109.10 ,105469.80 ,105711.90 ,110766.1231,105793.5769,111344.2625,109589.6283,108279.85,,,,,-1,1,4.73 ,3.76 ,0,16609,2359,24.77 ,37.69 ,40.01 ,1.31 ,0.99 ,1.85 ,-1,-773.74 ,-740.41 
2025-11-04T01:00:00+09:00,105711.90 ,106762.80 ,105268.40 ,106643.10 ,110554.9906,105664.5894,111318.8815,109529.7133,108109.79,,,,,-1,1,3.82 ,2.86 ,0,4508,2576,35.90 ,41.12 ,40.04 ,1.34 ,1.07 ,1.99 ,-1,-793.07 ,-751.26 
2025-11-04T02:00:00+09:00,106643.10 ,107716.70 ,106493.90 ,107436.40 ,110293.9228,105674.8872,111293.6915,109485.6167,107984.405,,,,,-1,1,3.05 ,2.10 ,0,3041,2720,43.56 ,43.81 ,39.63 ,1.26 ,1.14 ,2.13 ,-1,-735.89 ,-752.29 
2025-11-04T03:00:00+09:00,107436.40 ,107550.00 ,106761.00 ,106908.20 ,110020.6309,105652.4391,111266.048,109434.8467,107836.535,,,,,-1,1,3.56 ,2.60 ,0,1431,2740,40.12 ,42.49 ,39.01 ,1.09 ,1.20 ,2.24 ,-1,-724.84 ,-746.90 
2025-11-04T04:00:00+09:00,106908.20 ,107351.70 ,106401.90 ,107040.60 ,109496.1843,105830.9457,111235.1505,109385.17,107663.565,108273,,,,-1,1,1.15 ,2.47 ,0,1212,2706,41.37 ,42.93 ,38.49 ,1.02 ,1.24 ,2.32 ,-1,-697.37 ,-733.22 
2025-11-04T05:00:00+09:00,107040.60 ,107120.30 ,106262.60 ,106609.90 ,109137.331,105880.369,111200.669,109325.345,107508.85,,,,,-1,1,1.56 ,2.89 ,0,1044,2713,38.56 ,41.87 ,38.04 ,0.95 ,1.26 ,2.36 ,-1,-702.25 ,-724.23 
2025-11-04T06:00:00+09:00,106609.90 ,107054.10 ,106024.60 ,106848.40 ,108702.7186,106038.2514,111166.6715,109273.62,107370.485,,105268.4,,,-1,1,1.33 ,1.48 ,0,1223,2703,40.95 ,42.67 ,37.88 ,0.96 ,1.29 ,2.41 ,1,-679.05 ,-716.60 
2025-11-04T07:00:00+09:00,106848.40 ,106848.40 ,105767.40 ,106442.50 ,108401.8669,106082.5331,111131.327,109212.4,107242.2,,,,,-1,1,1.72 ,1.10 ,0,1463,2647,38.22 ,41.67 ,37.58 ,0.98 ,1.31 ,2.45 ,1,-685.51 ,-714.97 
2025-11-04T08:00:00+09:00,106442.50 ,106710.00 ,105988.60 ,106532.60 ,108330.5382,106016.5518,111095.7575,109153.0567,107173.545,,,,,-1,1,1.63 ,1.19 ,0,616,2513,39.19 ,41.98 ,37.14 ,0.88 ,1.31 ,2.45 ,1,-675.57 ,-718.59 
2025-11-04T09:00:00+09:00,106532.60 ,106769.20 ,105810.00 ,106428.00 ,108256.8807,105946.7293,111060.558,109093.755,107101.805,,,,,-1,1,1.73 ,1.09 ,0,1828,2494,38.44 ,41.72 ,37.01 ,0.89 ,1.32 ,2.47 ,1,-668.43 ,-706.89 
2025-11-04T10:00:00+09:00,106428.00 ,107239.60 ,106222.20 ,106983.60 ,108209.3989,105936.4911,111028.4755,109045.0167,107072.945,,,,,-1,1,1.21 ,1.60 ,0,1507,2501,44.54 ,43.62 ,36.90 ,0.90 ,1.34 ,2.49 ,1,-610.90 ,-686.65 
2025-11-04T11:00:00+09:00,106983.60 ,107180.00 ,106407.30 ,106428.70 ,108177.0704,105866.2696,110992.8885,108987.205,107021.67,,,,,-1,1,1.73 ,1.09 ,0,1054,2443,40.25 ,42.22 ,36.72 ,0.85 ,1.35 ,2.52 ,1,-603.13 ,-671.89 
2025-11-04T12:00:00+09:00,106428.70 ,107180.00 ,106167.20 ,107098.00 ,108145.9262,105864.1738,110960.5805,108934.6183,107005.05,,105767.4,,,-1,1,1.10 ,1.24 ,0,993,2423,46.90 ,44.42 ,36.53 ,0.88 ,1.37 ,2.55 ,1,-536.78 ,-651.00 
2025-11-04T13:00:00+09:00,107098.00 ,107239.00 ,106650.00 ,106696.20 ,108080.7911,105843.0389,110927.721,108872.5883,106961.915,,,,,-1,1,1.48 ,0.87 ,0,566,2368,43.75 ,43.41 ,36.23 ,0.77 ,1.37 ,2.56 ,1,-510.72 ,-630.26 
2025-11-04T14:00:00+09:00,106696.20 ,106696.30 ,104144.80 ,104169.90 ,108458.1925,105164.9675,110881.284,108772.9517,106811.58,,,,,-1,2,3.94 ,1.53 ,0,6389,2612,30.08 ,37.86 ,36.25 ,1.34 ,1.42 ,2.65 ,-1,-686.02 ,-628.46 
2025-11-04T15:00:00+09:00,104169.90 ,105186.20 ,104137.90 ,104703.70 ,108583.4428,104816.6472,110831.589,108679.9383,106700.045,107239.6,,,,-1,2,2.42 ,1.02 ,0,3488,2684,34.72 ,39.53 ,36.58 ,1.22 ,1.46 ,2.72 ,-1,-772.96 ,-638.89 
2025-11-04T16:00:00+09:00,104703.70 ,104886.60 ,104261.20 ,104436.10 ,108594.5098,104474.5202,110781.3085,108583.1217,106534.515,,,,,-1,2,2.68 ,1.27 ,0,2733,2748,33.52 ,38.99 ,37.14 ,1.02 ,1.48 ,2.75 ,-1,-853.62 ,-657.57 
2025-11-04T17:00:00+09:00,104436.10 ,104594.80 ,103697.00 ,104022.40 ,108606.2369,104093.5931,110727.881,108477.69,106349.915,,,,,-1,2,3.09 ,1.68 ,0,3711,2830,31.69 ,38.17 ,38.23 ,0.97 ,1.50 ,2.79 ,-1,-940.08 ,-686.96 
2025-11-04T18:00:00+09:00,104022.40 ,104114.60 ,103605.70 ,103819.90 ,108547.5089,103748.9811,110670.8805,108377.84,106148.245,,,,,-1,2,3.29 ,1.88 ,0,1701,2860,30.81 ,37.78 ,39.83 ,0.81 ,1.51 ,2.82 ,-1,-1013.27 ,-725.28 
2025-11-04T19:00:00+09:00,103819.90 ,104053.50 ,103568.00 ,103785.30 ,108387.9369,103486.6031,110615.7055,108273.445,105937.27,,,,,-1,2,3.33 ,1.91 ,0,1622,2837,30.65 ,37.71 ,41.80 ,0.70 ,1.51 ,2.82 ,-1,-1061.82 ,-775.38 
2025-11-04T20:00:00+09:00,103785.30 ,104658.90 ,103737.60 ,104540.20 ,108403.015,103354.355,110563.8455,108181.6033,105878.685,,,,,-1,2,2.58 ,1.17 ,0,1819,2097,38.08 ,40.11 ,43.79 ,0.75 ,1.47 ,2.74 ,-1,-1027.53 ,-822.53 
2025-11-04T21:00:00+09:00,104540.20 ,104595.80 ,103790.20 ,103913.30 ,108379.126,103105.264,110507.412,108081.1883,105742.195,,,,,-1,2,3.20 ,1.78 ,0,2058,1975,34.75 ,38.84 ,45.32 ,0.76 ,1.43 ,2.66 ,-1,-1038.97 ,-878.33 
2025-11-04T22:00:00+09:00,103913.30 ,104195.00 ,103520.00 ,103870.10 ,108200.7536,102927.0064,110449.2625,107980.055,105563.88,,,,,-1,2,3.24 ,1.83 ,0,1574,1902,34.53 ,38.76 ,46.49 ,0.73 ,1.39 ,2.59 ,-1,-1039.54 ,-937.09 
2025-11-04T23:00:00+09:00,103870.10 ,104650.00 ,102888.00 ,104460.30 ,108044.4292,102838.5408,110391.624,107888.0783,105441.485,,,,,-1,2,2.66 ,1.25 ,0,6878,2174,40.20 ,40.60 ,47.46 ,1.04 ,1.38 ,2.58 ,-1,-981.06 ,-969.87 
2025-11-05T00:00:00+09:00,104460.30 ,104799.90 ,103144.00 ,103159.90 ,107922.2234,102572.6766,110329.8825,107773.785,105247.45,,,,,-1,2,3.95 ,2.53 ,0,4171,2322,33.35 ,38.03 ,48.08 ,1.24 ,1.40 ,2.61 ,-1,-1027.80 ,-998.19 
2025-11-05T01:00:00+09:00,103159.90 ,103467.70 ,102127.70 ,102225.10 ,107929.5569,102126.8631,110266.108,107633.8533,105028.21,,,,,-1,2,4.91 ,3.47 ,0,4850,2512,29.46 ,36.34 ,48.54 ,1.27 ,1.42 ,2.65 ,-1,-1127.27 ,-1028.59 
2025-11-05T02:00:00+09:00,102225.10 ,102231.30 ,100745.10 ,101062.80 ,107989.3698,101488.4902,110195.4165,107477.2917,104738.93,,,,,-1,2,6.11 ,4.66 ,0,7145,2808,25.48 ,34.40 ,48.99 ,1.35 ,1.45 ,2.71 ,-1,-1285.08 ,-1066.93 
2025-11-05T03:00:00+09:00,101062.80 ,101475.60 ,99962.00 ,101329.10 ,107954.4051,101012.1149,110125.0115,107322.66,104483.26,,,,,-1,2,5.83 ,4.38 ,0,6891,3080,27.88 ,35.21 ,49.84 ,1.39 ,1.48 ,2.77 ,-1,-1372.83 ,-1106.88 
2025-11-05T04:00:00+09:00,101329.10 ,101678.90 ,100357.30 ,100498.80 ,107925.8999,100437.2401,110051.023,107150.3383,104181.57,,,,,-1,2,6.71 ,5.24 ,0,1800,3139,25.16 ,33.88 ,50.96 ,1.38 ,1.52 ,2.84 ,-1,-1492.17 ,-1154.70 
2025-11-05T05:00:00+09:00,100498.80 ,101070.50 ,99500.00 ,100709.80 ,107780.8081,100010.5119,109979.5015,106982.17,103895.66,104799.9,,,,-1,2,4.06 ,5.02 ,0,8552,3475,27.11 ,34.52 ,52.33 ,1.43 ,1.56 ,2.91 ,-1,-1551.84 ,-1212.95 
2025-11-05T06:00:00+09:00,100709.80 ,100789.80 ,98888.00 ,100263.60 ,107480.6407,99639 ,109904.706,106808.9983,103559.66,,,,,-1,2,4.52 ,5.49 ,0,6712,3735,25.59 ,33.81 ,53.84 ,1.59 ,1.61 ,3.01 ,-1,-1616.49 ,-1277.12 
2025-11-05T07:00:00+09:00,100263.60 ,101864.10 ,100042.20 ,101250.20 ,107112.0817,99489 ,109837.1165,106655.8067,103300.735,,,,,-1,2,3.51 ,4.46 ,0,3966,3881,34.34 ,36.74 ,55.15 ,1.65 ,1.67 ,3.12 ,-1,-1570.02 ,-1336.06 
2025-11-05T08:00:00+09:00,101250.20 ,101667.10 ,100838.30 ,101424.20 ,106484.7353,99549.35469,109769.59,106493.83,103017.045,,,,,-1,2,3.33 ,4.28 ,0,2303,3946,35.78 ,37.24 ,56.13 ,1.37 ,1.71 ,3.19 ,-1,-1501.84 ,-1393.93 
2025-11-05T09:00:00+09:00,101424.20 ,101691.60 ,100294.20 ,100515.20 ,105899.7716,99516 ,109694.9085,106324.43,102707.995,,,,,-1,2,4.26 ,5.23 ,0,2870,4062,31.86 ,35.73 ,56.73 ,1.39 ,1.76 ,3.28 ,-1,-1503.82 ,-1446.82 
2025-11-05T10:00:00+09:00,100515.20 ,100968.70 ,98913.80 ,100717.20 ,105765.4445,99305.27545,109620.2445,106161.1683,102535.36,,,,,-1,2,4.05 ,5.01 ,0,5082,3996,33.60 ,36.32 ,57.08 ,1.60 ,1.78 ,3.31 ,-1,-1472.12 ,-1485.14 
2025-11-05T11:00:00+09:00,100717.20 ,101888.30 ,100709.90 ,101634.50 ,105474.0217,99289.77834,109552.014,106015.5733,102381.9,,98888,,,-1,2,3.11 ,2.70 ,0,3937,4019,40.97 ,38.89 ,57.01 ,1.44 ,1.79 ,3.35 ,-1,-1357.34 ,-1493.16 
2025-11-05T12:00:00+09:00,101634.50 ,102224.90 ,101409.90 ,102093.00 ,105210.7695,99318.72051,109487.996,105882.615,102264.745,,,,,-1,2,2.65 ,3.14 ,0,1936,3979,44.30 ,40.13 ,56.38 ,1.23 ,1.81 ,3.37 ,-1,-1215.36 ,-1475.67 
2025-11-05T13:00:00+09:00,102093.00 ,102199.70 ,101472.60 ,101947.70 ,104996.1907,99325.82927,109425.699,105747.1617,102161.01,,,,,-1,2,2.80 ,3.00 ,0,1369,3862,43.46 ,39.87 ,55.21 ,1.06 ,1.81 ,3.39 ,-1,-1101.86 ,-1432.30 
2025-11-05T14:00:00+09:00,101947.70 ,102321.00 ,101540.10 ,101766.20 ,104792.7106,99323.93938,109363.2645,105607.4283,102058.325,,,,,-1,2,2.98 ,2.83 ,0,1219,3838,42.39 ,39.54 ,53.93 ,0.96 ,1.83 ,3.41 ,-1,-1014.87 ,-1372.64 
2025-11-05T15:00:00+09:00,101766.20 ,102099.40 ,101426.20 ,102065.10 ,104589.7172,99354.91276,109303.166,105470.185,101972.315,,,,,-1,2,2.68 ,3.11 ,0,1059,3810,44.81 ,40.37 ,52.57 ,0.86 ,1.84 ,3.43 ,-1,-911.29 ,-1294.28 
2025-11-05T16:00:00+09:00,102065.10 ,102096.30 ,101550.00 ,101945.50 ,104180.2727,99504.88734,109242.523,105333.705,101842.58,,,,,-1,2,2.80 ,3.00 ,0,664,3752,44.01 ,40.14 ,51.06 ,0.75 ,1.84 ,3.43 ,-1,-829.31 ,-1211.98 
2025-11-05T17:00:00+09:00,101945.50 ,101946.10 ,101126.00 ,101646.80 ,103865.4962,99593.01381,109181.044,105193.7467,101729.255,,,,,-1,2,3.10 ,2.71 ,0,1878,3743,42.00 ,39.58 ,49.37 ,0.77 ,1.84 ,3.43 ,-1,-779.45 ,-1131.71 
2025-11-05T18:00:00+09:00,101646.80 ,102174.30 ,101557.60 ,101945.90 ,103535.4762,99730.61379,109118.8265,105060.4433,101633.045,,,,,-1,2,2.80 ,3.00 ,0,1255,3727,44.73 ,40.43 ,47.70 ,0.71 ,1.84 ,3.43 ,-1,-707.64 ,-1043.25 
2025-11-05T19:00:00+09:00,101945.90 ,101946.10 ,101233.20 ,101350.10 ,102870 ,100084.7506,109056.1015,104918.5183,101477.535,102321,,,,-1,2,0.96 ,2.43 ,0,861,3426,40.63 ,39.31 ,46.23 ,0.71 ,1.81 ,3.38 ,1,-690.85 ,-956.44 
2025-11-05T20:00:00+09:00,101350.10 ,102059.00 ,101331.70 ,102025.40 ,102612.8412,100228.7788,108996.8785,104777.275,101420.81,,,,,-1,2,0.29 ,3.08 ,0,880,3261,46.60 ,41.20 ,44.89 ,0.71 ,1.77 ,3.31 ,1,-615.94 ,-874.06 
2025-11-05T21:00:00+09:00,102025.40 ,102746.10 ,101867.50 ,102620.70 ,102696.7525,100184.4275,108940.3375,104659.2167,101440.59,,,,,1,1,0.29 ,3.64 ,0,2102,3124,51.25 ,42.80 ,43.42 ,0.76 ,1.73 ,3.24 ,1,-502.75 ,-794.88 
2025-11-05T22:00:00+09:00,102620.70 ,103199.70 ,102238.50 ,102919.80 ,102930.7685,100136.1115,108887.0655,104547.6183,101533.44,,101126,,,1,1,0.58 ,1.74 ,1,1892,2861,53.45 ,43.58 ,41.73 ,0.81 ,1.69 ,3.16 ,1,-384.48 ,-715.18 
2025-11-05T23:00:00+09:00,102919.80 ,103397.60 ,102102.60 ,103127.00 ,103178.8858,100067.7842,108832.3175,104449.5983,101623.335,,,,,1,1,0.78 ,1.94 ,0,2493,2641,54.96 ,44.13 ,39.92 ,0.96 ,1.66 ,3.10 ,1,-270.91 ,-632.51 
2025-11-06T00:00:00+09:00,103127.00 ,103723.80 ,102750.00 ,103655.10 ,103481.9775,100080.3225,108779.9715,104378.755,101781.15,,,,,1,1,1.29 ,2.44 ,0,2250,2664,58.65 ,45.50 ,38.01 ,0.95 ,1.63 ,3.04 ,-1,-136.71 ,-546.45 
2025-11-06T01:00:00+09:00,103655.10 ,103971.40 ,103000.00 ,103859.50 ,103790.1094,100087.1606,108727.4615,104312.0333,101938.635,,,,,1,1,1.48 ,2.63 ,0,1587,2316,60.01 ,46.02 ,36.18 ,0.94 ,1.59 ,2.97 ,-1,-13.71 ,-455.83 
2025-11-06T02:00:00+09:00,103859.50 ,103948.80 ,103330.00 ,103852.60 ,103981.0537,100255.1163,108674.4205,104250.23,102118.085,,,,98888,1,1,1.47 ,2.63 ,0,1138,2037,59.94 ,46.00 ,34.35 ,0.83 ,1.54 ,2.87 ,-1,82.27 ,-360.08 
2025-11-06T03:00:00+09:00,103852.60 ,104380.00 ,103701.70 ,104297.80 ,104314.3241,100226.6059,108623.1985,104197.6233,102270.465,,,,,1,1,1.90 ,3.04 ,0,1036,1891,63.02 ,47.15 ,32.69 ,0.77 ,1.47 ,2.74 ,-1,192.04 ,-260.12 
2025-11-06T04:00:00+09:00,104297.80 ,104485.80 ,103916.90 ,103949.10 ,104526.0149,100267.4051,108571.5235,104139.6017,102396.71,,,,,1,1,1.57 ,2.72 ,0,869,1819,59.18 ,46.36 ,31.52 ,0.70 ,1.42 ,2.65 ,-1,248.04 ,-155.80 
2025-11-06T05:00:00+09:00,103949.10 ,104477.00 ,103560.60 ,103773.90 ,104584.2591,100535.0309,108518.406,104076.5183,102559.645,,,,,1,1,1.40 ,2.55 ,0,1246,1738,57.29 ,45.97 ,30.66 ,0.76 ,1.37 ,2.56 ,-1,275.11 ,-56.79 
2025-11-06T06:00:00+09:00,103773.90 ,103773.90 ,103411.00 ,103608.20 ,104590.0519,100818.3381,108459.1615,104017.045,102704.195,,,,,1,1,1.24 ,2.40 ,0,579,1512,55.49 ,45.59 ,29.94 ,0.62 ,1.30 ,2.42 ,-1,279.96 ,30.18 
2025-11-06T07:00:00+09:00,103608.20 ,103721.70 ,103225.70 ,103649.00 ,104666.5204,100943.3196,108402.3045,103962.2883,102804.92,,,,,1,1,1.28 ,2.43 ,0,662,1349,55.86 ,45.71 ,29.15 ,0.57 ,1.23 ,2.30 ,-1,283.83 ,104.44 
2025-11-06T08:00:00+09:00,103649.00 ,104044.50 ,103600.00 ,103830.10 ,104774.3832,101009.1668,108348.542,103897.0117,102891.775,,,,,1,1,1.45 ,2.60 ,0,637,1284,57.54 ,46.20 ,28.37 ,0.53 ,1.18 ,2.20 ,-1,298.08 ,167.66 
2025-11-06T09:00:00+09:00,103830.10 ,103840.70 ,103260.00 ,103623.40 ,104831.6132,101119.5068,108290.2005,103828.8283,102975.56,104485.8,,,,1,1,0.83 ,2.41 ,0,867,1259,54.97 ,45.71 ,27.41 ,0.54 ,1.14 ,2.13 ,-1,289.35 ,215.00 
2025-11-06T10:00:00+09:00,103623.40 ,103623.50 ,102668.00 ,103301.20 ,104827.1535,101277.4665,108230.527,103752.96,103052.31,,,,,1,1,1.15 ,2.11 ,0,1559,1276,51.13 ,44.96 ,26.32 ,0.67 ,1.12 ,2.09 ,-1,253.51 ,244.69 
2025-11-06T11:00:00+09:00,103301.20 ,103520.00 ,102804.60 ,103267.70 ,104829.9873,101394.8927,108172.0305,103674.0083,103112.44,,,,,1,1,1.18 ,2.07 ,0,583,1252,50.74 ,44.88 ,25.09 ,0.68 ,1.11 ,2.06 ,-1,219.87 ,259.98 
2025-11-06T12:00:00+09:00,103267.70 ,103896.50 ,103267.70 ,103596.20 ,104837.283,101552.667,108121.7675,103638.7467,103194.975,,,,,1,1,0.86 ,2.38 ,0,793,1258,54.46 ,45.83 ,23.73 ,0.65 ,1.10 ,2.05 ,-1,217.22 ,262.77 
2025-11-06T13:00:00+09:00,103596.20 ,104186.20 ,103525.70 ,103981.60 ,104824.0143,101799.4157,108077.897,103594.3883,103311.715,,,,,1,1,0.48 ,2.75 ,0,751,1202,58.44 ,46.93 ,22.43 ,0.64 ,1.09 ,2.03 ,-1,243.41 ,262.26 
2025-11-06T14:00:00+09:00,103981.60 ,103981.60 ,103017.10 ,103094.90 ,104751.25,101987.08,108028.626,103522.03,103369.165,,,,,1,1,1.35 ,1.91 ,0,974,1188,48.05 ,44.80 ,21.29 ,0.75 ,1.09 ,2.04 ,-1,190.42 ,252.85 
2025-11-06T15:00:00+09:00,103094.90 ,103548.20 ,102940.60 ,103265.90 ,104494.6462,102435.2638,107979.0255,103461.325,103464.955,,102668,,,1,1,1.18 ,0.58 ,0,752,1182,49.90 ,45.29 ,20.17 ,0.69 ,1.09 ,2.03 ,1,160.37 ,239.56 
2025-11-06T16:00:00+09:00,103265.90 ,103526.30 ,102862.20 ,103132.80 ,104330.0177,102710.6323,107930.359,103396.195,103520.325,,,,,1,1,1.31 ,0.45 ,0,1609,1219,48.45 ,44.97 ,19.28 ,0.68 ,1.09 ,2.03 ,1,124.39 ,221.85 
2025-11-06T17:00:00+09:00,103132.80 ,103396.80 ,102929.00 ,103153.70 ,104266.5437,102827.4063,107884.1775,103338.5917,103546.975,,,,,1,1,1.29 ,0.47 ,0,903,1159,48.70 ,45.03 ,18.45 ,0.60 ,1.08 ,2.01 ,1,96.44 ,199.44 
2025-11-06T18:00:00+09:00,103153.70 ,103211.10 ,102760.00 ,102760.00 ,104289.1317,102788.8383,107835.774,103270.4517,103538.985,104186.2,,,,1,1,1.39 ,0.09 ,0,640,1096,44.32 ,44.08 ,17.75 ,0.55 ,1.06 ,1.97 ,1,42.04 ,171.96 
2025-11-06T19:00:00+09:00,102760.00 ,103242.30 ,102585.30 ,103079.10 ,104292.2682,102780.9118,107788.119,103214.395,103536.59,,,,,1,1,1.07 ,0.40 ,0,1054,1024,48.38 ,45.04 ,17.43 ,0.58 ,1.03 ,1.92 ,1,24.40 ,146.51 
2025-11-06T20:00:00+09:00,103079.10 ,103269.80 ,102684.10 ,103188.00 ,104281.5851,102744.8849,107741.7335,103158.6517,103513.235,,,,,1,1,0.97 ,0.50 ,0,971,960,49.72 ,45.37 ,17.34 ,0.57 ,1.00 ,1.86 ,1,18.98 ,124.18 
2025-11-06T21:00:00+09:00,103188.00 ,103299.50 ,102343.40 ,102518.60 ,104310.0543,102582.3257,107690.546,103093.495,103446.19,,,,,-1,1,1.63 ,0.15 ,0,1905,976,42.40 ,43.74 ,17.60 ,0.70 ,0.98 ,1.83 ,1,-38.87 ,95.73 
2025-11-06T22:00:00+09:00,102518.60 ,103607.30 ,102518.60 ,103271.20 ,104263.2712,102570.9688,107642.0215,103031.6217,103417.12,,,,,-1,1,0.89 ,0.58 ,0,1853,1012,51.12 ,45.96 ,17.93 ,0.81 ,0.98 ,1.83 ,1,-23.72 ,66.05 
2025-11-06T23:00:00+09:00,103271.20 ,103539.90 ,102000.00 ,102084.10 ,104237.6901,102375.1799,107586.2775,102959.2117,103306.435,,,,,-1,1,2.06 ,0.57 ,0,2942,1107,40.67 ,43.21 ,18.49 ,1.05 ,1.00 ,1.87 ,1,-106.28 ,33.08 
2025-11-07T00:00:00+09:00,102084.10 ,102874.20 ,101580.00 ,101970.10 ,104257.5452,102157.4248,107528.5795,102873.7467,103207.485,,,104485.8,,-1,1,2.17 ,0.68 ,0,4093,1269,39.82 ,42.96 ,19.39 ,1.12 ,1.03 ,1.93 ,1,-178.85 ,-4.61 
2025-11-07T01:00:00+09:00,101970.10 ,102362.10 ,100243.10 ,100827.20 ,104504.0274,101616.2726,107467.6875,102775.93,103060.15,,,,,-1,1,3.33 ,1.83 ,0,4583,1435,32.55 ,40.54 ,20.79 ,1.46 ,1.08 ,2.02 ,-1,-324.83 ,-54.52 
2025-11-07T02:00:00+09:00,100827.20 ,101914.30 ,100723.80 ,101760.20 ,104493.7032,101441.7968,107411.8885,102735.7683,102967.75,,,,,-1,1,2.38 ,0.89 ,0,2020,1507,41.88 ,43.21 ,22.55 ,1.35 ,1.14 ,2.13 ,-1,-361.08 ,-105.36 
2025-11-07T03:00:00+09:00,101760.20 ,102300.00 ,100858.60 ,101666.00 ,104460.8628,101276.3372,107356.1875,102685.14,102868.6,103607.3,,,,-1,1,1.91 ,0.99 ,0,1801,1564,41.26 ,43.01 ,24.42 ,1.38 ,1.20 ,2.24 ,-1,-392.88 ,-153.68 
2025-11-07T04:00:00+09:00,101666.00 ,101954.00 ,101141.80 ,101338.40 ,104404.3225,101083.7075,107297.4685,102633.5117,102744.015,,,,,-1,1,2.24 ,1.31 ,0,1265,1596,39.09 ,42.32 ,26.26 ,1.19 ,1.25 ,2.33 ,-1,-439.45 ,-205.22 
2025-11-07T05:00:00+09:00,101338.40 ,101600.00 ,100569.50 ,100865.10 ,104403.8596,100808.3404,107236.3125,102580.89,102606.1,,,,,-1,1,2.72 ,1.79 ,0,1194,1612,36.13 ,41.34 ,28.41 ,1.14 ,1.29 ,2.42 ,-1,-508.68 ,-263.85 
2025-11-07T06:00:00+09:00,100865.10 ,101181.90 ,100493.20 ,101080.40 ,104379.6128,100611 ,107177.628,102535.2317,102495.06,,100243.1,,,-1,1,2.50 ,0.83 ,0,1210,1595,38.42 ,41.96 ,30.65 ,0.98 ,1.32 ,2.46 ,-1,-539.95 ,-319.53 
2025-11-07T07:00:00+09:00,101080.40 ,101448.20 ,100956.20 ,101362.60 ,104310.9156,100488.6944,107122.156,102494.8533,102399.805,,,,,-1,1,2.21 ,1.10 ,0,923,1612,41.37 ,42.77 ,32.67 ,0.82 ,1.33 ,2.48 ,-1,-535.79 ,-376.42 
2025-11-07T08:00:00+09:00,101362.60 ,101485.10 ,101075.20 ,101301.40 ,104170.4587,100399.6713,107071.354,102440.8733,102285.065,,,,,-1,1,2.28 ,1.04 ,0,688,1607,40.91 ,42.64 ,34.20 ,0.68 ,1.33 ,2.48 ,-1,-531.30 ,-423.65 
2025-11-07T09:00:00+09:00,101301.40 ,101599.10 ,100695.10 ,101429.80 ,103906.8297,100408.1203,107023.103,102399.4817,102157.475,,,,,-1,1,2.15 ,1.17 ,0,1212.5871999999997,1630,42.36 ,43.02 ,35.40 ,0.75 ,1.34 ,2.50 ,-1,-511.49 ,-460.61 
2025-11-07T10:00:00+09:00,101429.80 ,101837.60 ,100850.00 ,101494.40 ,103794.0765,100360.8235,106971.38,102359.8867,102077.45,,,,,-1,1,2.08 ,1.23 ,0,1219,1642,43.11 ,43.21 ,36.36 ,0.82 ,1.34 ,2.51 ,-1,-484.99 ,-478.40 
2025-11-07T11:00:00+09:00,101494.40 ,101891.90 ,101200.10 ,101862.10 ,103636.3371,100378.1829,106927.01,102316.5833,102007.26,,,,,-1,1,1.71 ,1.59 ,0,1076,1658,47.33 ,44.30 ,37.08 ,0.77 ,1.35 ,2.52 ,-1,-429.36 ,-485.99 
2025-11-07T12:00:00+09:00,101862.10 ,102291.70 ,101836.20 ,101990.30 ,103495.298,100404.972,106884.047,102297.09,101950.135,,,,,-1,1,1.59 ,1.71 ,0,983,1627,48.76 ,44.68 ,37.20 ,,,,-1,-370.66 ,-483.52 
